2026-07-24T13:44:43.318+05:30  INFO 17334 --- [ConfigServer] [main] c.a.c.ConfigServerApplication            : Starting ConfigServerApplication using Java 25.0.3 with PID 17334 (/home/ishonpanda/Desktop/CAREER/PROJECTS/ECOMM/Ecomm-microservice/ConfigServer/target/classes started by ishonpanda in /home/ishonpanda/Desktop/CAREER/PROJECTS/ECOMM/Ecomm-microservice)
2026-07-24T13:44:43.320+05:30  INFO 17334 --- [ConfigServer] [main] c.a.c.ConfigServerApplication            : The following 1 profile is active: "native"
2026-07-24T13:44:44.288+05:30  INFO 17334 --- [ConfigServer] [main] faultConfiguringBeanFactoryPostProcessor : No bean named 'errorChannel' has been explicitly defined. Therefore, a default PublishSubscribeChannel will be created.
2026-07-24T13:44:44.292+05:30  INFO 17334 --- [ConfigServer] [main] faultConfiguringBeanFactoryPostProcessor : No bean named 'integrationHeaderChannelRegistry' has been explicitly defined. Therefore, a default DefaultHeaderChannelRegistry will be created.
2026-07-24T13:44:44.332+05:30  INFO 17334 --- [ConfigServer] [main] o.s.cloud.context.scope.GenericScope     : BeanFactory id=be9661ff-f471-3658-beef-1371c569d9e7
2026-07-24T13:44:44.575+05:30  INFO 17334 --- [ConfigServer] [main] o.s.boot.tomcat.TomcatWebServer          : Tomcat initialized with port 8888 (http)
2026-07-24T13:44:44.586+05:30  INFO 17334 --- [ConfigServer] [main] o.apache.catalina.core.StandardService   : Starting service [Tomcat]
2026-07-24T13:44:44.587+05:30  INFO 17334 --- [ConfigServer] [main] o.apache.catalina.core.StandardEngine    : Starting Servlet engine: [Apache Tomcat/11.0.22]
2026-07-24T13:44:44.619+05:30  INFO 17334 --- [ConfigServer] [main] b.w.c.s.WebApplicationContextInitializer : Root WebApplicationContext: initialization completed in 1258 ms
2026-07-24T13:44:45.279+05:30  INFO 17334 --- [ConfigServer] [main] o.s.c.s.m.DirectWithAttributesChannel    : Channel 'ConfigServer.springCloudBusInput' has 1 subscriber(s).
2026-07-24T13:44:45.709+05:30  INFO 17334 --- [ConfigServer] [main] DiscoveryClientOptionalArgsConfiguration : Eureka HTTP Client uses RestClient.
2026-07-24T13:44:45.826+05:30  WARN 17334 --- [ConfigServer] [main] iguration$LoadBalancerCaffeineWarnLogger : Spring Cloud LoadBalancer is currently working with the default cache. While this cache implementation is useful for development and tests, it's recommended to use Caffeine cache in production.You can switch to using Caffeine cache, by adding it and org.springframework.cache.caffeine.CaffeineCacheManager to the classpath.
2026-07-24T13:44:45.839+05:30  INFO 17334 --- [ConfigServer] [main] o.s.b.a.e.web.EndpointLinksResolver      : Exposing 6 endpoints beneath base path '/actuator'
2026-07-24T13:44:45.923+05:30  INFO 17334 --- [ConfigServer] [main] figuration$IntegrationJmxConfiguration$1 : Registering MessageChannel errorChannel
2026-07-24T13:44:45.931+05:30  INFO 17334 --- [ConfigServer] [main] figuration$IntegrationJmxConfiguration$1 : Registering MessageChannel springCloudBusInput
2026-07-24T13:44:45.934+05:30  INFO 17334 --- [ConfigServer] [main] figuration$IntegrationJmxConfiguration$1 : Registering MessageChannel nullChannel
2026-07-24T13:44:45.937+05:30  INFO 17334 --- [ConfigServer] [main] figuration$IntegrationJmxConfiguration$1 : Registering MessageHandler _org.springframework.integration.errorLogger
2026-07-24T13:44:45.945+05:30  INFO 17334 --- [ConfigServer] [main] o.s.i.endpoint.EventDrivenConsumer       : Adding {logging-channel-adapter:_org.springframework.integration.errorLogger} as a subscriber to the 'errorChannel' channel
2026-07-24T13:44:45.945+05:30  INFO 17334 --- [ConfigServer] [main] o.s.i.channel.PublishSubscribeChannel    : Channel 'ConfigServer.errorChannel' has 1 subscriber(s).
2026-07-24T13:44:45.945+05:30  INFO 17334 --- [ConfigServer] [main] o.s.i.endpoint.EventDrivenConsumer       : started bean '_org.springframework.integration.errorLogger'
2026-07-24T13:44:45.959+05:30  INFO 17334 --- [ConfigServer] [main] o.s.c.n.eureka.InstanceInfoFactory       : Setting initial instance status as: STARTING
2026-07-24T13:44:45.977+05:30  INFO 17334 --- [ConfigServer] [main] com.netflix.discovery.DiscoveryClient    : Initializing Eureka in region us-east-1
2026-07-24T13:44:45.979+05:30  INFO 17334 --- [ConfigServer] [main] c.n.d.s.r.aws.ConfigClusterResolver      : Resolving eureka endpoints via configuration
2026-07-24T13:44:45.985+05:30  INFO 17334 --- [ConfigServer] [main] com.netflix.discovery.DiscoveryClient    : Disable delta property : false
2026-07-24T13:44:45.985+05:30  INFO 17334 --- [ConfigServer] [main] com.netflix.discovery.DiscoveryClient    : Single vip registry refresh property : null
2026-07-24T13:44:45.985+05:30  INFO 17334 --- [ConfigServer] [main] com.netflix.discovery.DiscoveryClient    : Force full registry fetch : false
2026-07-24T13:44:45.986+05:30  INFO 17334 --- [ConfigServer] [main] com.netflix.discovery.DiscoveryClient    : Application is null : false
2026-07-24T13:44:45.986+05:30  INFO 17334 --- [ConfigServer] [main] com.netflix.discovery.DiscoveryClient    : Registered Applications size is zero : true
2026-07-24T13:44:45.986+05:30  INFO 17334 --- [ConfigServer] [main] com.netflix.discovery.DiscoveryClient    : Application version is -1: true
2026-07-24T13:44:45.986+05:30  INFO 17334 --- [ConfigServer] [main] com.netflix.discovery.DiscoveryClient    : Getting all instance registry info from the eureka server
2026-07-24T13:44:46.273+05:30  INFO 17334 --- [ConfigServer] [main] com.netflix.discovery.DiscoveryClient    : The response status is 200
2026-07-24T13:44:46.274+05:30  INFO 17334 --- [ConfigServer] [main] com.netflix.discovery.DiscoveryClient    : Starting heartbeat executor: renew interval is: 5
2026-07-24T13:44:46.276+05:30  INFO 17334 --- [ConfigServer] [main] c.n.discovery.InstanceInfoReplicator     : InstanceInfoReplicator onDemand update allowed rate per min is 4
2026-07-24T13:44:46.277+05:30  INFO 17334 --- [ConfigServer] [main] com.netflix.discovery.DiscoveryClient    : Discovery Client initialized at timestamp 1784880886277 with initial instances count: 0
2026-07-24T13:44:46.279+05:30  INFO 17334 --- [ConfigServer] [main] o.s.c.n.e.s.EurekaServiceRegistry        : Registering application CONFIGSERVER with eureka with status UP
2026-07-24T13:44:46.280+05:30  INFO 17334 --- [ConfigServer] [main] com.netflix.discovery.DiscoveryClient    : Saw local status change event StatusChangeEvent [timestamp=1784880886280, current=UP, previous=STARTING]
2026-07-24T13:44:46.286+05:30  INFO 17334 --- [ConfigServer] [DiscoveryClient-InstanceInfoReplicator-%d] com.netflix.discovery.DiscoveryClient    : DiscoveryClient_CONFIGSERVER/fedora:ConfigServer:8888: registering service...
2026-07-24T13:44:46.288+05:30  INFO 17334 --- [ConfigServer] [main] o.s.c.s.binder.DefaultBinderFactory      : Creating binder: rabbit
2026-07-24T13:44:46.288+05:30  INFO 17334 --- [ConfigServer] [main] o.s.c.s.binder.DefaultBinderFactory      : Constructing binder child context for rabbit
2026-07-24T13:44:46.350+05:30  INFO 17334 --- [ConfigServer] [main] o.s.c.s.binder.DefaultBinderFactory      : Caching the binder: rabbit
2026-07-24T13:44:46.359+05:30  INFO 17334 --- [ConfigServer] [main] c.s.b.r.p.RabbitExchangeQueueProvisioner : declaring queue for inbound: springCloudBus.anonymous.-C06AWpNTEWMbMWlEkRKAg, bound to: springCloudBus
2026-07-24T13:44:46.362+05:30  INFO 17334 --- [ConfigServer] [main] o.s.a.r.c.CachingConnectionFactory       : Attempting to connect to: [localhost:5672]
2026-07-24T13:44:46.380+05:30  INFO 17334 --- [ConfigServer] [DiscoveryClient-InstanceInfoReplicator-%d] com.netflix.discovery.DiscoveryClient    : DiscoveryClient_CONFIGSERVER/fedora:ConfigServer:8888 - registration status: 204
2026-07-24T13:44:46.392+05:30  INFO 17334 --- [ConfigServer] [main] o.s.a.r.c.CachingConnectionFactory       : Created new connection: rabbitConnectionFactory#3883b5e9:0/SimpleConnection@3a1e5fa7 [delegate=amqp://guest@127.0.0.1:5672/, localPort=49104]
2026-07-24T13:44:46.448+05:30  INFO 17334 --- [ConfigServer] [main] o.s.c.stream.binder.BinderErrorChannel   : Channel 'rabbit-949557121.springCloudBusInput.errors' has 1 subscriber(s).
2026-07-24T13:44:46.449+05:30  INFO 17334 --- [ConfigServer] [main] o.s.c.stream.binder.BinderErrorChannel   : Channel 'rabbit-949557121.springCloudBusInput.errors' has 2 subscriber(s).
2026-07-24T13:44:46.466+05:30  INFO 17334 --- [ConfigServer] [main] o.s.i.a.i.AmqpInboundChannelAdapter      : started bean 'inbound.springCloudBus.anonymous.-C06AWpNTEWMbMWlEkRKAg'
2026-07-24T13:44:46.475+05:30  INFO 17334 --- [ConfigServer] [main] o.s.boot.tomcat.TomcatWebServer          : Tomcat started on port 8888 (http) with context path '/'
2026-07-24T13:44:46.476+05:30  INFO 17334 --- [ConfigServer] [main] .s.c.n.e.s.EurekaAutoServiceRegistration : Updating port to 8888
2026-07-24T13:44:46.513+05:30  INFO 17334 --- [ConfigServer] [main] figuration$IntegrationJmxConfiguration$1 : Registering MessageChannel rabbit-949557121.springCloudBusInput.errors
2026-07-24T13:44:46.528+05:30  INFO 17334 --- [ConfigServer] [main] c.a.c.ConfigServerApplication            : Started ConfigServerApplication in 3.605 seconds (process running for 4.16)
2026-07-24T13:44:47.074+05:30  INFO 17334 --- [ConfigServer] [RMI TCP Connection(4)-192.168.0.186] o.a.c.c.C.[Tomcat].[localhost].[/]       : Initializing Spring DispatcherServlet 'dispatcherServlet'
2026-07-24T13:44:47.074+05:30  INFO 17334 --- [ConfigServer] [RMI TCP Connection(4)-192.168.0.186] o.s.web.servlet.DispatcherServlet        : Initializing Servlet 'dispatcherServlet'
2026-07-24T13:44:47.078+05:30  INFO 17334 --- [ConfigServer] [RMI TCP Connection(4)-192.168.0.186] o.s.web.servlet.DispatcherServlet        : Completed initialization in 4 ms
2026-07-24T13:44:51.612+05:30  INFO 17334 --- [ConfigServer] [http-nio-8888-exec-2] o.s.c.c.s.e.NativeEnvironmentRepository  : Adding property source: Config resource 'file [/home/ishonpanda/Desktop/CAREER/PROJECTS/ECOMM/Ecomm-microservice/ConfigServer/src/main/resources/config/UserModule-dev.yaml]' via location 'file:///home/ishonpanda/Desktop/CAREER/PROJECTS/ECOMM/Ecomm-microservice/ConfigServer/src/main/resources/config/'
2026-07-24T13:45:16.275+05:30  INFO 17334 --- [ConfigServer] [DiscoveryClient-CacheRefreshExecutor-%d] com.netflix.discovery.DiscoveryClient    : Disable delta property : false
2026-07-24T13:45:16.276+05:30  INFO 17334 --- [ConfigServer] [DiscoveryClient-CacheRefreshExecutor-%d] com.netflix.discovery.DiscoveryClient    : Single vip registry refresh property : null
2026-07-24T13:45:16.276+05:30  INFO 17334 --- [ConfigServer] [DiscoveryClient-CacheRefreshExecutor-%d] com.netflix.discovery.DiscoveryClient    : Force full registry fetch : false
2026-07-24T13:45:16.276+05:30  INFO 17334 --- [ConfigServer] [DiscoveryClient-CacheRefreshExecutor-%d] com.netflix.discovery.DiscoveryClient    : Application is null : false
2026-07-24T13:45:16.276+05:30  INFO 17334 --- [ConfigServer] [DiscoveryClient-CacheRefreshExecutor-%d] com.netflix.discovery.DiscoveryClient    : Registered Applications size is zero : true
2026-07-24T13:45:16.276+05:30  INFO 17334 --- [ConfigServer] [DiscoveryClient-CacheRefreshExecutor-%d] com.netflix.discovery.DiscoveryClient    : Application version is -1: false
2026-07-24T13:45:16.277+05:30  INFO 17334 --- [ConfigServer] [DiscoveryClient-CacheRefreshExecutor-%d] com.netflix.discovery.DiscoveryClient    : Getting all instance registry info from the eureka server
2026-07-24T13:45:16.304+05:30  INFO 17334 --- [ConfigServer] [DiscoveryClient-CacheRefreshExecutor-%d] com.netflix.discovery.DiscoveryClient    : The response status is 200
2026-07-24T13:47:10.335+05:30  INFO 17334 --- [ConfigServer] [http-nio-8888-exec-6] o.s.c.s.m.DirectWithAttributesChannel    : Channel 'ConfigServer.springCloudBusOutput' has 1 subscriber(s).
2026-07-24T13:47:10.351+05:30  INFO 17334 --- [ConfigServer] [http-nio-8888-exec-6] o.s.a.r.c.CachingConnectionFactory       : Attempting to connect to: [localhost:5672]
2026-07-24T13:47:10.354+05:30  INFO 17334 --- [ConfigServer] [http-nio-8888-exec-6] o.s.a.r.c.CachingConnectionFactory       : Created new connection: rabbitConnectionFactory.publisher#449b3fcb:0/SimpleConnection@5a15a2ee [delegate=amqp://guest@127.0.0.1:5672/, localPort=57334]
2026-07-24T13:47:10.357+05:30  INFO 17334 --- [ConfigServer] [http-nio-8888-exec-6] o.s.amqp.rabbit.core.RabbitAdmin         : Auto-declaring a non-durable, auto-delete, or exclusive Queue (springCloudBus.anonymous.-C06AWpNTEWMbMWlEkRKAg) durable:false, auto-delete:true, exclusive:true. It will be redeclared if the broker stops and is restarted while the connection factory is alive, but all messages will be lost.
2026-07-24T13:47:10.367+05:30  INFO 17334 --- [ConfigServer] [http-nio-8888-exec-6] o.s.cloud.bus.event.RefreshListener      : Received remote refresh request.
2026-07-24T13:47:10.429+05:30  INFO 17334 --- [ConfigServer] [http-nio-8888-exec-8] o.s.c.c.s.e.NativeEnvironmentRepository  : Adding property source: Config resource 'file [/home/ishonpanda/Desktop/CAREER/PROJECTS/ECOMM/Ecomm-microservice/ConfigServer/src/main/resources/config/UserModule-dev.yaml]' via location 'file:///home/ishonpanda/Desktop/CAREER/PROJECTS/ECOMM/Ecomm-microservice/ConfigServer/src/main/resources/config/'
2026-07-24T13:47:10.455+05:30  WARN 17334 --- [ConfigServer] [http-nio-8888-exec-6] .s.c.c.p.ConfigurationPropertiesRebinder : Cannot create default instance of org.springframework.cloud.config.server.config.ConfigServerHealthIndicator for reset; skipping property reset

org.springframework.beans.BeanInstantiationException: Failed to instantiate [org.springframework.cloud.config.server.config.ConfigServerHealthIndicator]: No default constructor found
	at org.springframework.beans.BeanUtils.instantiateClass(BeanUtils.java:143) ~[spring-beans-7.0.8.jar:7.0.8]
	at org.springframework.cloud.context.properties.ConfigurationPropertiesRebinder.resetBeanToDefaults(ConfigurationPropertiesRebinder.java:192) ~[spring-cloud-context-5.0.2.jar:5.0.2]
	at org.springframework.cloud.context.properties.ConfigurationPropertiesRebinder.rebind(ConfigurationPropertiesRebinder.java:167) ~[spring-cloud-context-5.0.2.jar:5.0.2]
	at org.springframework.cloud.context.properties.ConfigurationPropertiesRebinder.rebind(ConfigurationPropertiesRebinder.java:111) ~[spring-cloud-context-5.0.2.jar:5.0.2]
	at org.springframework.cloud.context.properties.ConfigurationPropertiesRebinder.rebind(ConfigurationPropertiesRebinder.java:99) ~[spring-cloud-context-5.0.2.jar:5.0.2]
	at org.springframework.cloud.context.properties.ConfigurationPropertiesRebinder.onApplicationEvent(ConfigurationPropertiesRebinder.java:261) ~[spring-cloud-context-5.0.2.jar:5.0.2]
	at org.springframework.cloud.context.properties.ConfigurationPropertiesRebinder.onApplicationEvent(ConfigurationPropertiesRebinder.java:65) ~[spring-cloud-context-5.0.2.jar:5.0.2]
	at org.springframework.context.event.SimpleApplicationEventMulticaster.doInvokeListener(SimpleApplicationEventMulticaster.java:180) ~[spring-context-7.0.8.jar:7.0.8]
	at org.springframework.context.event.SimpleApplicationEventMulticaster.invokeListener(SimpleApplicationEventMulticaster.java:173) ~[spring-context-7.0.8.jar:7.0.8]
	at org.springframework.context.event.SimpleApplicationEventMulticaster.multicastEvent(SimpleApplicationEventMulticaster.java:151) ~[spring-context-7.0.8.jar:7.0.8]
	at org.springframework.context.support.AbstractApplicationContext.publishEvent(AbstractApplicationContext.java:448) ~[spring-context-7.0.8.jar:7.0.8]
	at org.springframework.context.support.AbstractApplicationContext.publishEvent(AbstractApplicationContext.java:381) ~[spring-context-7.0.8.jar:7.0.8]
	at org.springframework.cloud.context.refresh.ContextRefresher.refreshEnvironment(ContextRefresher.java:103) ~[spring-cloud-context-5.0.2.jar:5.0.2]
	at org.springframework.cloud.context.refresh.ContextRefresher.refresh(ContextRefresher.java:94) ~[spring-cloud-context-5.0.2.jar:5.0.2]
	at org.springframework.cloud.bus.event.RefreshListener.onApplicationEvent(RefreshListener.java:49) ~[spring-cloud-bus-5.0.2.jar:5.0.2]
	at org.springframework.cloud.bus.event.RefreshListener.onApplicationEvent(RefreshListener.java:32) ~[spring-cloud-bus-5.0.2.jar:5.0.2]
	at org.springframework.context.event.SimpleApplicationEventMulticaster.doInvokeListener(SimpleApplicationEventMulticaster.java:180) ~[spring-context-7.0.8.jar:7.0.8]
	at org.springframework.context.event.SimpleApplicationEventMulticaster.invokeListener(SimpleApplicationEventMulticaster.java:173) ~[spring-context-7.0.8.jar:7.0.8]
	at org.springframework.context.event.SimpleApplicationEventMulticaster.multicastEvent(SimpleApplicationEventMulticaster.java:151) ~[spring-context-7.0.8.jar:7.0.8]
	at org.springframework.context.support.AbstractApplicationContext.publishEvent(AbstractApplicationContext.java:448) ~[spring-context-7.0.8.jar:7.0.8]
	at org.springframework.context.support.AbstractApplicationContext.publishEvent(AbstractApplicationContext.java:381) ~[spring-context-7.0.8.jar:7.0.8]
	at org.springframework.cloud.bus.endpoint.AbstractBusEndpoint.publish(AbstractBusEndpoint.java:54) ~[spring-cloud-bus-5.0.2.jar:5.0.2]
	at org.springframework.cloud.bus.endpoint.RefreshBusEndpoint.busRefresh(RefreshBusEndpoint.java:46) ~[spring-cloud-bus-5.0.2.jar:5.0.2]
	at java.base/jdk.internal.reflect.DirectMethodHandleAccessor.invoke(DirectMethodHandleAccessor.java:104) ~[na:na]
	at java.base/java.lang.reflect.Method.invoke(Method.java:565) ~[na:na]
	at org.springframework.util.ReflectionUtils.invokeMethod(ReflectionUtils.java:281) ~[spring-core-7.0.8.jar:7.0.8]
	at org.springframework.boot.actuate.endpoint.invoke.reflect.ReflectiveOperationInvoker.invoke(ReflectiveOperationInvoker.java:76) ~[spring-boot-actuator-4.1.0.jar:4.1.0]
	at org.springframework.boot.actuate.endpoint.annotation.AbstractDiscoveredOperation.invoke(AbstractDiscoveredOperation.java:62) ~[spring-boot-actuator-4.1.0.jar:4.1.0]
	at org.springframework.boot.webmvc.actuate.endpoint.web.AbstractWebMvcEndpointHandlerMapping$ServletWebOperationAdapter.handle(AbstractWebMvcEndpointHandlerMapping.java:347) ~[spring-boot-webmvc-4.1.0.jar:4.1.0]
	at org.springframework.boot.webmvc.actuate.endpoint.web.AbstractWebMvcEndpointHandlerMapping$OperationHandler.handle(AbstractWebMvcEndpointHandlerMapping.java:476) ~[spring-boot-webmvc-4.1.0.jar:4.1.0]
	at java.base/jdk.internal.reflect.DirectMethodHandleAccessor.invoke(DirectMethodHandleAccessor.java:104) ~[na:na]
	at java.base/java.lang.reflect.Method.invoke(Method.java:565) ~[na:na]
	at org.springframework.web.method.support.InvocableHandlerMethod.doInvoke(InvocableHandlerMethod.java:252) ~[spring-web-7.0.8.jar:7.0.8]
	at org.springframework.web.method.support.InvocableHandlerMethod.invokeForRequest(InvocableHandlerMethod.java:184) ~[spring-web-7.0.8.jar:7.0.8]
	at org.springframework.web.servlet.mvc.method.annotation.ServletInvocableHandlerMethod.invokeAndHandle(ServletInvocableHandlerMethod.java:117) ~[spring-webmvc-7.0.8.jar:7.0.8]
	at org.springframework.web.servlet.mvc.method.annotation.RequestMappingHandlerAdapter.invokeHandlerMethod(RequestMappingHandlerAdapter.java:934) ~[spring-webmvc-7.0.8.jar:7.0.8]
	at org.springframework.web.servlet.mvc.method.annotation.RequestMappingHandlerAdapter.handleInternal(RequestMappingHandlerAdapter.java:853) ~[spring-webmvc-7.0.8.jar:7.0.8]
	at org.springframework.web.servlet.mvc.method.AbstractHandlerMethodAdapter.handle(AbstractHandlerMethodAdapter.java:86) ~[spring-webmvc-7.0.8.jar:7.0.8]
	at org.springframework.web.servlet.DispatcherServlet.doDispatch(DispatcherServlet.java:963) ~[spring-webmvc-7.0.8.jar:7.0.8]
	at org.springframework.web.servlet.DispatcherServlet.doService(DispatcherServlet.java:866) ~[spring-webmvc-7.0.8.jar:7.0.8]
	at org.springframework.web.servlet.FrameworkServlet.processRequest(FrameworkServlet.java:1000) ~[spring-webmvc-7.0.8.jar:7.0.8]
	at org.springframework.web.servlet.FrameworkServlet.doPost(FrameworkServlet.java:903) ~[spring-webmvc-7.0.8.jar:7.0.8]
	at jakarta.servlet.http.HttpServlet.service(HttpServlet.java:649) ~[tomcat-embed-core-11.0.22.jar:6.1]
	at org.springframework.web.servlet.FrameworkServlet.service(FrameworkServlet.java:874) ~[spring-webmvc-7.0.8.jar:7.0.8]
	at jakarta.servlet.http.HttpServlet.service(HttpServlet.java:710) ~[tomcat-embed-core-11.0.22.jar:6.1]
	at org.apache.catalina.core.ApplicationFilterChain.doFilter(ApplicationFilterChain.java:128) ~[tomcat-embed-core-11.0.22.jar:11.0.22]
	at org.apache.tomcat.websocket.server.WsFilter.doFilter(WsFilter.java:53) ~[tomcat-embed-websocket-11.0.22.jar:11.0.22]
	at org.apache.catalina.core.ApplicationFilterChain.doFilter(ApplicationFilterChain.java:107) ~[tomcat-embed-core-11.0.22.jar:11.0.22]
	at org.springframework.web.filter.RequestContextFilter.doFilterInternal(RequestContextFilter.java:100) ~[spring-web-7.0.8.jar:7.0.8]
	at org.springframework.web.filter.OncePerRequestFilter.doFilter(OncePerRequestFilter.java:116) ~[spring-web-7.0.8.jar:7.0.8]
	at org.apache.catalina.core.ApplicationFilterChain.doFilter(ApplicationFilterChain.java:107) ~[tomcat-embed-core-11.0.22.jar:11.0.22]
	at org.springframework.web.filter.FormContentFilter.doFilterInternal(FormContentFilter.java:93) ~[spring-web-7.0.8.jar:7.0.8]
	at org.springframework.web.filter.OncePerRequestFilter.doFilter(OncePerRequestFilter.java:116) ~[spring-web-7.0.8.jar:7.0.8]
	at org.apache.catalina.core.ApplicationFilterChain.doFilter(ApplicationFilterChain.java:107) ~[tomcat-embed-core-11.0.22.jar:11.0.22]
	at org.springframework.web.filter.ServerHttpObservationFilter.doFilterInternal(ServerHttpObservationFilter.java:110) ~[spring-web-7.0.8.jar:7.0.8]
	at org.springframework.web.filter.OncePerRequestFilter.doFilter(OncePerRequestFilter.java:116) ~[spring-web-7.0.8.jar:7.0.8]
	at org.apache.catalina.core.ApplicationFilterChain.doFilter(ApplicationFilterChain.java:107) ~[tomcat-embed-core-11.0.22.jar:11.0.22]
	at org.springframework.web.filter.CharacterEncodingFilter.doFilterInternal(CharacterEncodingFilter.java:199) ~[spring-web-7.0.8.jar:7.0.8]
	at org.springframework.web.filter.OncePerRequestFilter.doFilter(OncePerRequestFilter.java:116) ~[spring-web-7.0.8.jar:7.0.8]
	at org.apache.catalina.core.ApplicationFilterChain.doFilter(ApplicationFilterChain.java:107) ~[tomcat-embed-core-11.0.22.jar:11.0.22]
	at org.apache.catalina.core.StandardWrapperValve.invoke(StandardWrapperValve.java:165) ~[tomcat-embed-core-11.0.22.jar:11.0.22]
	at org.apache.catalina.core.StandardContextValve.invoke(StandardContextValve.java:77) ~[tomcat-embed-core-11.0.22.jar:11.0.22]
	at org.apache.catalina.authenticator.AuthenticatorBase.invoke(AuthenticatorBase.java:492) ~[tomcat-embed-core-11.0.22.jar:11.0.22]
	at org.apache.catalina.core.StandardHostValve.invoke(StandardHostValve.java:113) ~[tomcat-embed-core-11.0.22.jar:11.0.22]
	at org.apache.catalina.valves.ErrorReportValve.invoke(ErrorReportValve.java:83) ~[tomcat-embed-core-11.0.22.jar:11.0.22]
	at org.apache.catalina.core.StandardEngineValve.invoke(StandardEngineValve.java:72) ~[tomcat-embed-core-11.0.22.jar:11.0.22]
	at org.apache.catalina.connector.CoyoteAdapter.service(CoyoteAdapter.java:341) ~[tomcat-embed-core-11.0.22.jar:11.0.22]
	at org.apache.coyote.http11.Http11Processor.service(Http11Processor.java:397) ~[tomcat-embed-core-11.0.22.jar:11.0.22]
	at org.apache.coyote.AbstractProcessorLight.process(AbstractProcessorLight.java:63) ~[tomcat-embed-core-11.0.22.jar:11.0.22]
	at org.apache.coyote.AbstractProtocol$ConnectionHandler.process(AbstractProtocol.java:1272) ~[tomcat-embed-core-11.0.22.jar:11.0.22]
	at org.apache.tomcat.util.net.NioEndpoint$SocketProcessor.doRun(NioEndpoint.java:1801) ~[tomcat-embed-core-11.0.22.jar:11.0.22]
	at org.apache.tomcat.util.net.SocketProcessorBase.run(SocketProcessorBase.java:52) ~[tomcat-embed-core-11.0.22.jar:11.0.22]
	at org.apache.tomcat.util.threads.ThreadPoolExecutor.runWorker(ThreadPoolExecutor.java:946) ~[tomcat-embed-core-11.0.22.jar:11.0.22]
	at org.apache.tomcat.util.threads.ThreadPoolExecutor$Worker.run(ThreadPoolExecutor.java:480) ~[tomcat-embed-core-11.0.22.jar:11.0.22]
	at org.apache.tomcat.util.threads.TaskThread$WrappingRunnable.run(TaskThread.java:57) ~[tomcat-embed-core-11.0.22.jar:11.0.22]
	at java.base/java.lang.Thread.run(Thread.java:1474) ~[na:na]
Caused by: java.lang.NoSuchMethodException: org.springframework.cloud.config.server.config.ConfigServerHealthIndicator.<init>()
	at java.base/java.lang.Class.getConstructor0(Class.java:3187) ~[na:na]
	at java.base/java.lang.Class.getDeclaredConstructor(Class.java:2491) ~[na:na]
	at org.springframework.beans.BeanUtils.instantiateClass(BeanUtils.java:138) ~[spring-beans-7.0.8.jar:7.0.8]
	... 75 common frames omitted

2026-07-24T13:47:10.495+05:30  INFO 17334 --- [ConfigServer] [http-nio-8888-exec-6] com.netflix.discovery.DiscoveryClient    : Shutting down DiscoveryClient ...
2026-07-24T13:47:13.496+05:30  INFO 17334 --- [ConfigServer] [http-nio-8888-exec-6] com.netflix.discovery.DiscoveryClient    : Unregistering ...
2026-07-24T13:47:13.506+05:30  INFO 17334 --- [ConfigServer] [http-nio-8888-exec-6] com.netflix.discovery.DiscoveryClient    : DiscoveryClient_CONFIGSERVER/fedora:ConfigServer:8888 - deregister  status: 200
2026-07-24T13:47:13.506+05:30  INFO 17334 --- [ConfigServer] [http-nio-8888-exec-6] com.netflix.discovery.DiscoveryClient    : Completed shut down of DiscoveryClient
2026-07-24T13:47:13.507+05:30  WARN 17334 --- [ConfigServer] [http-nio-8888-exec-6] com.netflix.appinfo.InstanceInfo         : Passed in hostname is blank, not setting it
2026-07-24T13:47:13.508+05:30  INFO 17334 --- [ConfigServer] [http-nio-8888-exec-6] o.s.c.n.eureka.InstanceInfoFactory       : Setting initial instance status as: STARTING
2026-07-24T13:47:13.508+05:30  INFO 17334 --- [ConfigServer] [http-nio-8888-exec-6] com.netflix.discovery.DiscoveryClient    : Initializing Eureka in region us-east-1
2026-07-24T13:47:13.508+05:30  INFO 17334 --- [ConfigServer] [http-nio-8888-exec-6] c.n.d.s.r.aws.ConfigClusterResolver      : Resolving eureka endpoints via configuration
2026-07-24T13:47:13.509+05:30  INFO 17334 --- [ConfigServer] [http-nio-8888-exec-6] com.netflix.discovery.DiscoveryClient    : Disable delta property : false
2026-07-24T13:47:13.509+05:30  INFO 17334 --- [ConfigServer] [http-nio-8888-exec-6] com.netflix.discovery.DiscoveryClient    : Single vip registry refresh property : null
2026-07-24T13:47:13.509+05:30  INFO 17334 --- [ConfigServer] [http-nio-8888-exec-6] com.netflix.discovery.DiscoveryClient    : Force full registry fetch : false
2026-07-24T13:47:13.509+05:30  INFO 17334 --- [ConfigServer] [http-nio-8888-exec-6] com.netflix.discovery.DiscoveryClient    : Application is null : false
2026-07-24T13:47:13.509+05:30  INFO 17334 --- [ConfigServer] [http-nio-8888-exec-6] com.netflix.discovery.DiscoveryClient    : Registered Applications size is zero : true
2026-07-24T13:47:13.509+05:30  INFO 17334 --- [ConfigServer] [http-nio-8888-exec-6] com.netflix.discovery.DiscoveryClient    : Application version is -1: true
2026-07-24T13:47:13.509+05:30  INFO 17334 --- [ConfigServer] [http-nio-8888-exec-6] com.netflix.discovery.DiscoveryClient    : Getting all instance registry info from the eureka server
2026-07-24T13:47:13.528+05:30  INFO 17334 --- [ConfigServer] [http-nio-8888-exec-6] com.netflix.discovery.DiscoveryClient    : The response status is 200
2026-07-24T13:47:13.528+05:30 ERROR 17334 --- [ConfigServer] [http-nio-8888-exec-6] com.netflix.discovery.DiscoveryClient    : Fetch registry error at startup: Cannot invoke "Object.hashCode()" because "key" is null
2026-07-24T13:47:13.530+05:30 ERROR 17334 --- [ConfigServer] [http-nio-8888-exec-6] o.a.c.c.C.[.[.[/].[dispatcherServlet]    : Servlet.service() for servlet [dispatcherServlet] in context with path [] threw exception [Request processing failed: org.springframework.beans.factory.BeanCreationException: Error creating bean with name 'scopedTarget.eurekaClient' defined in class path resource [org/springframework/cloud/netflix/eureka/EurekaClientAutoConfiguration$RefreshableEurekaClientConfiguration.class]: Failed to instantiate [com.netflix.discovery.EurekaClient]: Factory method 'eurekaClient' threw exception with message: java.lang.NullPointerException: Cannot invoke "Object.hashCode()" because "key" is null] with root cause

java.lang.NullPointerException: Cannot invoke "Object.hashCode()" because "key" is null
	at java.base/java.util.concurrent.ConcurrentHashMap.get(ConcurrentHashMap.java:948) ~[na:na]
	at com.netflix.discovery.shared.Application.getByInstanceId(Application.java:181) ~[eureka-client-2.0.6.jar:2.0.6]
	at com.netflix.discovery.DiscoveryClient.updateInstanceRemoteStatus(DiscoveryClient.java:1006) ~[eureka-client-2.0.6.jar:2.0.6]
	at com.netflix.discovery.DiscoveryClient.fetchRegistry(DiscoveryClient.java:994) ~[eureka-client-2.0.6.jar:2.0.6]
	at com.netflix.discovery.DiscoveryClient.<init>(DiscoveryClient.java:419) ~[eureka-client-2.0.6.jar:2.0.6]
	at com.netflix.discovery.DiscoveryClient.<init>(DiscoveryClient.java:254) ~[eureka-client-2.0.6.jar:2.0.6]
	at com.netflix.discovery.DiscoveryClient.<init>(DiscoveryClient.java:249) ~[eureka-client-2.0.6.jar:2.0.6]
	at org.springframework.cloud.netflix.eureka.CloudEurekaClient.<init>(CloudEurekaClient.java:68) ~[spring-cloud-netflix-eureka-client-5.0.2.jar:5.0.2]
	at org.springframework.cloud.netflix.eureka.EurekaClientAutoConfiguration$RefreshableEurekaClientConfiguration.eurekaClient(EurekaClientAutoConfiguration.java:324) ~[spring-cloud-netflix-eureka-client-5.0.2.jar:5.0.2]
	at java.base/jdk.internal.reflect.DirectMethodHandleAccessor.invoke(DirectMethodHandleAccessor.java:104) ~[na:na]
	at java.base/java.lang.reflect.Method.invoke(Method.java:565) ~[na:na]
	at org.springframework.beans.factory.support.SimpleInstantiationStrategy.lambda$instantiate$0(SimpleInstantiationStrategy.java:155) ~[spring-beans-7.0.8.jar:7.0.8]
	at org.springframework.beans.factory.support.SimpleInstantiationStrategy.instantiateWithFactoryMethod(SimpleInstantiationStrategy.java:72) ~[spring-beans-7.0.8.jar:7.0.8]
	at org.springframework.beans.factory.support.SimpleInstantiationStrategy.instantiate(SimpleInstantiationStrategy.java:152) ~[spring-beans-7.0.8.jar:7.0.8]
	at org.springframework.beans.factory.support.ConstructorResolver.instantiate(ConstructorResolver.java:653) ~[spring-beans-7.0.8.jar:7.0.8]
	at org.springframework.beans.factory.support.ConstructorResolver.instantiateUsingFactoryMethod(ConstructorResolver.java:645) ~[spring-beans-7.0.8.jar:7.0.8]
	at org.springframework.beans.factory.support.AbstractAutowireCapableBeanFactory.instantiateUsingFactoryMethod(AbstractAutowireCapableBeanFactory.java:1360) ~[spring-beans-7.0.8.jar:7.0.8]
	at org.springframework.beans.factory.support.AbstractAutowireCapableBeanFactory.createBeanInstance(AbstractAutowireCapableBeanFactory.java:1192) ~[spring-beans-7.0.8.jar:7.0.8]
	at org.springframework.beans.factory.support.AbstractAutowireCapableBeanFactory.doCreateBean(AbstractAutowireCapableBeanFactory.java:565) ~[spring-beans-7.0.8.jar:7.0.8]
	at org.springframework.beans.factory.support.AbstractAutowireCapableBeanFactory.createBean(AbstractAutowireCapableBeanFactory.java:525) ~[spring-beans-7.0.8.jar:7.0.8]
	at org.springframework.beans.factory.support.AbstractBeanFactory.lambda$doGetBean$1(AbstractBeanFactory.java:372) ~[spring-beans-7.0.8.jar:7.0.8]
	at org.springframework.cloud.context.scope.GenericScope$BeanLifecycleWrapper.getBean(GenericScope.java:373) ~[spring-cloud-context-5.0.2.jar:5.0.2]
	at org.springframework.cloud.context.scope.GenericScope.get(GenericScope.java:177) ~[spring-cloud-context-5.0.2.jar:5.0.2]
	at org.springframework.beans.factory.support.AbstractBeanFactory.doGetBean(AbstractBeanFactory.java:369) ~[spring-beans-7.0.8.jar:7.0.8]
	at org.springframework.beans.factory.support.AbstractBeanFactory.getBean(AbstractBeanFactory.java:196) ~[spring-beans-7.0.8.jar:7.0.8]
	at org.springframework.aop.target.SimpleBeanTargetSource.getTarget(SimpleBeanTargetSource.java:35) ~[spring-aop-7.0.8.jar:7.0.8]
	at org.springframework.aop.framework.JdkDynamicAopProxy.invoke(JdkDynamicAopProxy.java:202) ~[spring-aop-7.0.8.jar:7.0.8]
	at jdk.proxy2/jdk.proxy2.$Proxy102.getApplications(Unknown Source) ~[na:na]
	at org.springframework.cloud.netflix.eureka.EurekaDiscoveryClientConfiguration$EurekaClientConfigurationRefresher.onApplicationEvent(EurekaDiscoveryClientConfiguration.java:91) ~[spring-cloud-netflix-eureka-client-5.0.2.jar:5.0.2]
	at org.springframework.cloud.netflix.eureka.EurekaDiscoveryClientConfiguration$EurekaClientConfigurationRefresher.onApplicationEvent(EurekaDiscoveryClientConfiguration.java:75) ~[spring-cloud-netflix-eureka-client-5.0.2.jar:5.0.2]
	at org.springframework.context.event.SimpleApplicationEventMulticaster.doInvokeListener(SimpleApplicationEventMulticaster.java:180) ~[spring-context-7.0.8.jar:7.0.8]
	at org.springframework.context.event.SimpleApplicationEventMulticaster.invokeListener(SimpleApplicationEventMulticaster.java:173) ~[spring-context-7.0.8.jar:7.0.8]
	at org.springframework.context.event.SimpleApplicationEventMulticaster.multicastEvent(SimpleApplicationEventMulticaster.java:151) ~[spring-context-7.0.8.jar:7.0.8]
	at org.springframework.context.support.AbstractApplicationContext.publishEvent(AbstractApplicationContext.java:448) ~[spring-context-7.0.8.jar:7.0.8]
	at org.springframework.context.support.AbstractApplicationContext.publishEvent(AbstractApplicationContext.java:381) ~[spring-context-7.0.8.jar:7.0.8]
	at org.springframework.cloud.context.scope.refresh.RefreshScope.refreshAll(RefreshScope.java:169) ~[spring-cloud-context-5.0.2.jar:5.0.2]
	at org.springframework.cloud.context.refresh.ContextRefresher.refresh(ContextRefresher.java:95) ~[spring-cloud-context-5.0.2.jar:5.0.2]
	at org.springframework.cloud.bus.event.RefreshListener.onApplicationEvent(RefreshListener.java:49) ~[spring-cloud-bus-5.0.2.jar:5.0.2]
	at org.springframework.cloud.bus.event.RefreshListener.onApplicationEvent(RefreshListener.java:32) ~[spring-cloud-bus-5.0.2.jar:5.0.2]
	at org.springframework.context.event.SimpleApplicationEventMulticaster.doInvokeListener(SimpleApplicationEventMulticaster.java:180) ~[spring-context-7.0.8.jar:7.0.8]
	at org.springframework.context.event.SimpleApplicationEventMulticaster.invokeListener(SimpleApplicationEventMulticaster.java:173) ~[spring-context-7.0.8.jar:7.0.8]
	at org.springframework.context.event.SimpleApplicationEventMulticaster.multicastEvent(SimpleApplicationEventMulticaster.java:151) ~[spring-context-7.0.8.jar:7.0.8]
	at org.springframework.context.support.AbstractApplicationContext.publishEvent(AbstractApplicationContext.java:448) ~[spring-context-7.0.8.jar:7.0.8]
	at org.springframework.context.support.AbstractApplicationContext.publishEvent(AbstractApplicationContext.java:381) ~[spring-context-7.0.8.jar:7.0.8]
	at org.springframework.cloud.bus.endpoint.AbstractBusEndpoint.publish(AbstractBusEndpoint.java:54) ~[spring-cloud-bus-5.0.2.jar:5.0.2]
	at org.springframework.cloud.bus.endpoint.RefreshBusEndpoint.busRefresh(RefreshBusEndpoint.java:46) ~[spring-cloud-bus-5.0.2.jar:5.0.2]
	at java.base/jdk.internal.reflect.DirectMethodHandleAccessor.invoke(DirectMethodHandleAccessor.java:104) ~[na:na]
	at java.base/java.lang.reflect.Method.invoke(Method.java:565) ~[na:na]
	at org.springframework.util.ReflectionUtils.invokeMethod(ReflectionUtils.java:281) ~[spring-core-7.0.8.jar:7.0.8]
	at org.springframework.boot.actuate.endpoint.invoke.reflect.ReflectiveOperationInvoker.invoke(ReflectiveOperationInvoker.java:76) ~[spring-boot-actuator-4.1.0.jar:4.1.0]
	at org.springframework.boot.actuate.endpoint.annotation.AbstractDiscoveredOperation.invoke(AbstractDiscoveredOperation.java:62) ~[spring-boot-actuator-4.1.0.jar:4.1.0]
	at org.springframework.boot.webmvc.actuate.endpoint.web.AbstractWebMvcEndpointHandlerMapping$ServletWebOperationAdapter.handle(AbstractWebMvcEndpointHandlerMapping.java:347) ~[spring-boot-webmvc-4.1.0.jar:4.1.0]
	at org.springframework.boot.webmvc.actuate.endpoint.web.AbstractWebMvcEndpointHandlerMapping$OperationHandler.handle(AbstractWebMvcEndpointHandlerMapping.java:476) ~[spring-boot-webmvc-4.1.0.jar:4.1.0]
	at java.base/jdk.internal.reflect.DirectMethodHandleAccessor.invoke(DirectMethodHandleAccessor.java:104) ~[na:na]
	at java.base/java.lang.reflect.Method.invoke(Method.java:565) ~[na:na]
	at org.springframework.web.method.support.InvocableHandlerMethod.doInvoke(InvocableHandlerMethod.java:252) ~[spring-web-7.0.8.jar:7.0.8]
	at org.springframework.web.method.support.InvocableHandlerMethod.invokeForRequest(InvocableHandlerMethod.java:184) ~[spring-web-7.0.8.jar:7.0.8]
	at org.springframework.web.servlet.mvc.method.annotation.ServletInvocableHandlerMethod.invokeAndHandle(ServletInvocableHandlerMethod.java:117) ~[spring-webmvc-7.0.8.jar:7.0.8]
	at org.springframework.web.servlet.mvc.method.annotation.RequestMappingHandlerAdapter.invokeHandlerMethod(RequestMappingHandlerAdapter.java:934) ~[spring-webmvc-7.0.8.jar:7.0.8]
	at org.springframework.web.servlet.mvc.method.annotation.RequestMappingHandlerAdapter.handleInternal(RequestMappingHandlerAdapter.java:853) ~[spring-webmvc-7.0.8.jar:7.0.8]
	at org.springframework.web.servlet.mvc.method.AbstractHandlerMethodAdapter.handle(AbstractHandlerMethodAdapter.java:86) ~[spring-webmvc-7.0.8.jar:7.0.8]
	at org.springframework.web.servlet.DispatcherServlet.doDispatch(DispatcherServlet.java:963) ~[spring-webmvc-7.0.8.jar:7.0.8]
	at org.springframework.web.servlet.DispatcherServlet.doService(DispatcherServlet.java:866) ~[spring-webmvc-7.0.8.jar:7.0.8]
	at org.springframework.web.servlet.FrameworkServlet.processRequest(FrameworkServlet.java:1000) ~[spring-webmvc-7.0.8.jar:7.0.8]
	at org.springframework.web.servlet.FrameworkServlet.doPost(FrameworkServlet.java:903) ~[spring-webmvc-7.0.8.jar:7.0.8]
	at jakarta.servlet.http.HttpServlet.service(HttpServlet.java:649) ~[tomcat-embed-core-11.0.22.jar:6.1]
	at org.springframework.web.servlet.FrameworkServlet.service(FrameworkServlet.java:874) ~[spring-webmvc-7.0.8.jar:7.0.8]
	at jakarta.servlet.http.HttpServlet.service(HttpServlet.java:710) ~[tomcat-embed-core-11.0.22.jar:6.1]
	at org.apache.catalina.core.ApplicationFilterChain.doFilter(ApplicationFilterChain.java:128) ~[tomcat-embed-core-11.0.22.jar:11.0.22]
	at org.apache.tomcat.websocket.server.WsFilter.doFilter(WsFilter.java:53) ~[tomcat-embed-websocket-11.0.22.jar:11.0.22]
	at org.apache.catalina.core.ApplicationFilterChain.doFilter(ApplicationFilterChain.java:107) ~[tomcat-embed-core-11.0.22.jar:11.0.22]
	at org.springframework.web.filter.RequestContextFilter.doFilterInternal(RequestContextFilter.java:100) ~[spring-web-7.0.8.jar:7.0.8]
	at org.springframework.web.filter.OncePerRequestFilter.doFilter(OncePerRequestFilter.java:116) ~[spring-web-7.0.8.jar:7.0.8]
	at org.apache.catalina.core.ApplicationFilterChain.doFilter(ApplicationFilterChain.java:107) ~[tomcat-embed-core-11.0.22.jar:11.0.22]
	at org.springframework.web.filter.FormContentFilter.doFilterInternal(FormContentFilter.java:93) ~[spring-web-7.0.8.jar:7.0.8]
	at org.springframework.web.filter.OncePerRequestFilter.doFilter(OncePerRequestFilter.java:116) ~[spring-web-7.0.8.jar:7.0.8]
	at org.apache.catalina.core.ApplicationFilterChain.doFilter(ApplicationFilterChain.java:107) ~[tomcat-embed-core-11.0.22.jar:11.0.22]
	at org.springframework.web.filter.ServerHttpObservationFilter.doFilterInternal(ServerHttpObservationFilter.java:110) ~[spring-web-7.0.8.jar:7.0.8]
	at org.springframework.web.filter.OncePerRequestFilter.doFilter(OncePerRequestFilter.java:116) ~[spring-web-7.0.8.jar:7.0.8]
	at org.apache.catalina.core.ApplicationFilterChain.doFilter(ApplicationFilterChain.java:107) ~[tomcat-embed-core-11.0.22.jar:11.0.22]
	at org.springframework.web.filter.CharacterEncodingFilter.doFilterInternal(CharacterEncodingFilter.java:199) ~[spring-web-7.0.8.jar:7.0.8]
	at org.springframework.web.filter.OncePerRequestFilter.doFilter(OncePerRequestFilter.java:116) ~[spring-web-7.0.8.jar:7.0.8]
	at org.apache.catalina.core.ApplicationFilterChain.doFilter(ApplicationFilterChain.java:107) ~[tomcat-embed-core-11.0.22.jar:11.0.22]
	at org.apache.catalina.core.StandardWrapperValve.invoke(StandardWrapperValve.java:165) ~[tomcat-embed-core-11.0.22.jar:11.0.22]
	at org.apache.catalina.core.StandardContextValve.invoke(StandardContextValve.java:77) ~[tomcat-embed-core-11.0.22.jar:11.0.22]
	at org.apache.catalina.authenticator.AuthenticatorBase.invoke(AuthenticatorBase.java:492) ~[tomcat-embed-core-11.0.22.jar:11.0.22]
	at org.apache.catalina.core.StandardHostValve.invoke(StandardHostValve.java:113) ~[tomcat-embed-core-11.0.22.jar:11.0.22]
	at org.apache.catalina.valves.ErrorReportValve.invoke(ErrorReportValve.java:83) ~[tomcat-embed-core-11.0.22.jar:11.0.22]
	at org.apache.catalina.core.StandardEngineValve.invoke(StandardEngineValve.java:72) ~[tomcat-embed-core-11.0.22.jar:11.0.22]
	at org.apache.catalina.connector.CoyoteAdapter.service(CoyoteAdapter.java:341) ~[tomcat-embed-core-11.0.22.jar:11.0.22]
	at org.apache.coyote.http11.Http11Processor.service(Http11Processor.java:397) ~[tomcat-embed-core-11.0.22.jar:11.0.22]
	at org.apache.coyote.AbstractProcessorLight.process(AbstractProcessorLight.java:63) ~[tomcat-embed-core-11.0.22.jar:11.0.22]
	at org.apache.coyote.AbstractProtocol$ConnectionHandler.process(AbstractProtocol.java:1272) ~[tomcat-embed-core-11.0.22.jar:11.0.22]
	at org.apache.tomcat.util.net.NioEndpoint$SocketProcessor.doRun(NioEndpoint.java:1801) ~[tomcat-embed-core-11.0.22.jar:11.0.22]
	at org.apache.tomcat.util.net.SocketProcessorBase.run(SocketProcessorBase.java:52) ~[tomcat-embed-core-11.0.22.jar:11.0.22]
	at org.apache.tomcat.util.threads.ThreadPoolExecutor.runWorker(ThreadPoolExecutor.java:946) ~[tomcat-embed-core-11.0.22.jar:11.0.22]
	at org.apache.tomcat.util.threads.ThreadPoolExecutor$Worker.run(ThreadPoolExecutor.java:480) ~[tomcat-embed-core-11.0.22.jar:11.0.22]
	at org.apache.tomcat.util.threads.TaskThread$WrappingRunnable.run(TaskThread.java:57) ~[tomcat-embed-core-11.0.22.jar:11.0.22]
	at java.base/java.lang.Thread.run(Thread.java:1474) ~[na:na]

2026-07-24T13:47:14.586+05:30  INFO 17334 --- [ConfigServer] [http-nio-8888-exec-10] o.s.c.c.s.e.NativeEnvironmentRepository  : Adding property source: Config resource 'file [/home/ishonpanda/Desktop/CAREER/PROJECTS/ECOMM/Ecomm-microservice/ConfigServer/src/main/resources/config/UserModule-dev.yaml]' via location 'file:///home/ishonpanda/Desktop/CAREER/PROJECTS/ECOMM/Ecomm-microservice/ConfigServer/src/main/resources/config/'
2026-07-24T13:47:16.679+05:30  INFO 17334 --- [ConfigServer] [http-nio-8888-exec-2] o.s.c.c.s.e.NativeEnvironmentRepository  : Adding property source: Config resource 'file [/home/ishonpanda/Desktop/CAREER/PROJECTS/ECOMM/Ecomm-microservice/ConfigServer/src/main/resources/config/UserModule-dev.yaml]' via location 'file:///home/ishonpanda/Desktop/CAREER/PROJECTS/ECOMM/Ecomm-microservice/ConfigServer/src/main/resources/config/'
2026-07-24T13:48:12.813+05:30  INFO 17334 --- [ConfigServer] [http-nio-8888-exec-3] o.s.c.s.m.DirectWithAttributesChannel    : Channel 'ConfigServer.springCloudBusOutput' has 1 subscriber(s).
2026-07-24T13:48:12.816+05:30  INFO 17334 --- [ConfigServer] [http-nio-8888-exec-3] o.s.cloud.bus.event.RefreshListener      : Received remote refresh request.
2026-07-24T13:48:12.851+05:30  INFO 17334 --- [ConfigServer] [http-nio-8888-exec-5] o.s.c.c.s.e.NativeEnvironmentRepository  : Adding property source: Config resource 'file [/home/ishonpanda/Desktop/CAREER/PROJECTS/ECOMM/Ecomm-microservice/ConfigServer/src/main/resources/config/UserModule-dev.yaml]' via location 'file:///home/ishonpanda/Desktop/CAREER/PROJECTS/ECOMM/Ecomm-microservice/ConfigServer/src/main/resources/config/'
2026-07-24T13:48:12.864+05:30  WARN 17334 --- [ConfigServer] [http-nio-8888-exec-3] .s.c.c.p.ConfigurationPropertiesRebinder : Cannot create default instance of org.springframework.cloud.config.server.config.ConfigServerHealthIndicator for reset; skipping property reset

org.springframework.beans.BeanInstantiationException: Failed to instantiate [org.springframework.cloud.config.server.config.ConfigServerHealthIndicator]: No default constructor found
	at org.springframework.beans.BeanUtils.instantiateClass(BeanUtils.java:143) ~[spring-beans-7.0.8.jar:7.0.8]
	at org.springframework.cloud.context.properties.ConfigurationPropertiesRebinder.resetBeanToDefaults(ConfigurationPropertiesRebinder.java:192) ~[spring-cloud-context-5.0.2.jar:5.0.2]
	at org.springframework.cloud.context.properties.ConfigurationPropertiesRebinder.rebind(ConfigurationPropertiesRebinder.java:167) ~[spring-cloud-context-5.0.2.jar:5.0.2]
	at org.springframework.cloud.context.properties.ConfigurationPropertiesRebinder.rebind(ConfigurationPropertiesRebinder.java:111) ~[spring-cloud-context-5.0.2.jar:5.0.2]
	at org.springframework.cloud.context.properties.ConfigurationPropertiesRebinder.rebind(ConfigurationPropertiesRebinder.java:99) ~[spring-cloud-context-5.0.2.jar:5.0.2]
	at org.springframework.cloud.context.properties.ConfigurationPropertiesRebinder.onApplicationEvent(ConfigurationPropertiesRebinder.java:261) ~[spring-cloud-context-5.0.2.jar:5.0.2]
	at org.springframework.cloud.context.properties.ConfigurationPropertiesRebinder.onApplicationEvent(ConfigurationPropertiesRebinder.java:65) ~[spring-cloud-context-5.0.2.jar:5.0.2]
	at org.springframework.context.event.SimpleApplicationEventMulticaster.doInvokeListener(SimpleApplicationEventMulticaster.java:180) ~[spring-context-7.0.8.jar:7.0.8]
	at org.springframework.context.event.SimpleApplicationEventMulticaster.invokeListener(SimpleApplicationEventMulticaster.java:173) ~[spring-context-7.0.8.jar:7.0.8]
	at org.springframework.context.event.SimpleApplicationEventMulticaster.multicastEvent(SimpleApplicationEventMulticaster.java:151) ~[spring-context-7.0.8.jar:7.0.8]
	at org.springframework.context.support.AbstractApplicationContext.publishEvent(AbstractApplicationContext.java:448) ~[spring-context-7.0.8.jar:7.0.8]
	at org.springframework.context.support.AbstractApplicationContext.publishEvent(AbstractApplicationContext.java:381) ~[spring-context-7.0.8.jar:7.0.8]
	at org.springframework.cloud.context.refresh.ContextRefresher.refreshEnvironment(ContextRefresher.java:103) ~[spring-cloud-context-5.0.2.jar:5.0.2]
	at org.springframework.cloud.context.refresh.ContextRefresher.refresh(ContextRefresher.java:94) ~[spring-cloud-context-5.0.2.jar:5.0.2]
	at org.springframework.cloud.bus.event.RefreshListener.onApplicationEvent(RefreshListener.java:49) ~[spring-cloud-bus-5.0.2.jar:5.0.2]
	at org.springframework.cloud.bus.event.RefreshListener.onApplicationEvent(RefreshListener.java:32) ~[spring-cloud-bus-5.0.2.jar:5.0.2]
	at org.springframework.context.event.SimpleApplicationEventMulticaster.doInvokeListener(SimpleApplicationEventMulticaster.java:180) ~[spring-context-7.0.8.jar:7.0.8]
	at org.springframework.context.event.SimpleApplicationEventMulticaster.invokeListener(SimpleApplicationEventMulticaster.java:173) ~[spring-context-7.0.8.jar:7.0.8]
	at org.springframework.context.event.SimpleApplicationEventMulticaster.multicastEvent(SimpleApplicationEventMulticaster.java:151) ~[spring-context-7.0.8.jar:7.0.8]
	at org.springframework.context.support.AbstractApplicationContext.publishEvent(AbstractApplicationContext.java:448) ~[spring-context-7.0.8.jar:7.0.8]
	at org.springframework.context.support.AbstractApplicationContext.publishEvent(AbstractApplicationContext.java:381) ~[spring-context-7.0.8.jar:7.0.8]
	at org.springframework.cloud.bus.endpoint.AbstractBusEndpoint.publish(AbstractBusEndpoint.java:54) ~[spring-cloud-bus-5.0.2.jar:5.0.2]
	at org.springframework.cloud.bus.endpoint.RefreshBusEndpoint.busRefresh(RefreshBusEndpoint.java:46) ~[spring-cloud-bus-5.0.2.jar:5.0.2]
	at java.base/jdk.internal.reflect.DirectMethodHandleAccessor.invoke(DirectMethodHandleAccessor.java:104) ~[na:na]
	at java.base/java.lang.reflect.Method.invoke(Method.java:565) ~[na:na]
	at org.springframework.util.ReflectionUtils.invokeMethod(ReflectionUtils.java:281) ~[spring-core-7.0.8.jar:7.0.8]
	at org.springframework.boot.actuate.endpoint.invoke.reflect.ReflectiveOperationInvoker.invoke(ReflectiveOperationInvoker.java:76) ~[spring-boot-actuator-4.1.0.jar:4.1.0]
	at org.springframework.boot.actuate.endpoint.annotation.AbstractDiscoveredOperation.invoke(AbstractDiscoveredOperation.java:62) ~[spring-boot-actuator-4.1.0.jar:4.1.0]
	at org.springframework.boot.webmvc.actuate.endpoint.web.AbstractWebMvcEndpointHandlerMapping$ServletWebOperationAdapter.handle(AbstractWebMvcEndpointHandlerMapping.java:347) ~[spring-boot-webmvc-4.1.0.jar:4.1.0]
	at org.springframework.boot.webmvc.actuate.endpoint.web.AbstractWebMvcEndpointHandlerMapping$OperationHandler.handle(AbstractWebMvcEndpointHandlerMapping.java:476) ~[spring-boot-webmvc-4.1.0.jar:4.1.0]
	at java.base/jdk.internal.reflect.DirectMethodHandleAccessor.invoke(DirectMethodHandleAccessor.java:104) ~[na:na]
	at java.base/java.lang.reflect.Method.invoke(Method.java:565) ~[na:na]
	at org.springframework.web.method.support.InvocableHandlerMethod.doInvoke(InvocableHandlerMethod.java:252) ~[spring-web-7.0.8.jar:7.0.8]
	at org.springframework.web.method.support.InvocableHandlerMethod.invokeForRequest(InvocableHandlerMethod.java:184) ~[spring-web-7.0.8.jar:7.0.8]
	at org.springframework.web.servlet.mvc.method.annotation.ServletInvocableHandlerMethod.invokeAndHandle(ServletInvocableHandlerMethod.java:117) ~[spring-webmvc-7.0.8.jar:7.0.8]
	at org.springframework.web.servlet.mvc.method.annotation.RequestMappingHandlerAdapter.invokeHandlerMethod(RequestMappingHandlerAdapter.java:934) ~[spring-webmvc-7.0.8.jar:7.0.8]
	at org.springframework.web.servlet.mvc.method.annotation.RequestMappingHandlerAdapter.handleInternal(RequestMappingHandlerAdapter.java:853) ~[spring-webmvc-7.0.8.jar:7.0.8]
	at org.springframework.web.servlet.mvc.method.AbstractHandlerMethodAdapter.handle(AbstractHandlerMethodAdapter.java:86) ~[spring-webmvc-7.0.8.jar:7.0.8]
	at org.springframework.web.servlet.DispatcherServlet.doDispatch(DispatcherServlet.java:963) ~[spring-webmvc-7.0.8.jar:7.0.8]
	at org.springframework.web.servlet.DispatcherServlet.doService(DispatcherServlet.java:866) ~[spring-webmvc-7.0.8.jar:7.0.8]
	at org.springframework.web.servlet.FrameworkServlet.processRequest(FrameworkServlet.java:1000) ~[spring-webmvc-7.0.8.jar:7.0.8]
	at org.springframework.web.servlet.FrameworkServlet.doPost(FrameworkServlet.java:903) ~[spring-webmvc-7.0.8.jar:7.0.8]
	at jakarta.servlet.http.HttpServlet.service(HttpServlet.java:649) ~[tomcat-embed-core-11.0.22.jar:6.1]
	at org.springframework.web.servlet.FrameworkServlet.service(FrameworkServlet.java:874) ~[spring-webmvc-7.0.8.jar:7.0.8]
	at jakarta.servlet.http.HttpServlet.service(HttpServlet.java:710) ~[tomcat-embed-core-11.0.22.jar:6.1]
	at org.apache.catalina.core.ApplicationFilterChain.doFilter(ApplicationFilterChain.java:128) ~[tomcat-embed-core-11.0.22.jar:11.0.22]
	at org.apache.tomcat.websocket.server.WsFilter.doFilter(WsFilter.java:53) ~[tomcat-embed-websocket-11.0.22.jar:11.0.22]
	at org.apache.catalina.core.ApplicationFilterChain.doFilter(ApplicationFilterChain.java:107) ~[tomcat-embed-core-11.0.22.jar:11.0.22]
	at org.springframework.web.filter.RequestContextFilter.doFilterInternal(RequestContextFilter.java:100) ~[spring-web-7.0.8.jar:7.0.8]
	at org.springframework.web.filter.OncePerRequestFilter.doFilter(OncePerRequestFilter.java:116) ~[spring-web-7.0.8.jar:7.0.8]
	at org.apache.catalina.core.ApplicationFilterChain.doFilter(ApplicationFilterChain.java:107) ~[tomcat-embed-core-11.0.22.jar:11.0.22]
	at org.springframework.web.filter.FormContentFilter.doFilterInternal(FormContentFilter.java:93) ~[spring-web-7.0.8.jar:7.0.8]
	at org.springframework.web.filter.OncePerRequestFilter.doFilter(OncePerRequestFilter.java:116) ~[spring-web-7.0.8.jar:7.0.8]
	at org.apache.catalina.core.ApplicationFilterChain.doFilter(ApplicationFilterChain.java:107) ~[tomcat-embed-core-11.0.22.jar:11.0.22]
	at org.springframework.web.filter.ServerHttpObservationFilter.doFilterInternal(ServerHttpObservationFilter.java:110) ~[spring-web-7.0.8.jar:7.0.8]
	at org.springframework.web.filter.OncePerRequestFilter.doFilter(OncePerRequestFilter.java:116) ~[spring-web-7.0.8.jar:7.0.8]
	at org.apache.catalina.core.ApplicationFilterChain.doFilter(ApplicationFilterChain.java:107) ~[tomcat-embed-core-11.0.22.jar:11.0.22]
	at org.springframework.web.filter.CharacterEncodingFilter.doFilterInternal(CharacterEncodingFilter.java:199) ~[spring-web-7.0.8.jar:7.0.8]
	at org.springframework.web.filter.OncePerRequestFilter.doFilter(OncePerRequestFilter.java:116) ~[spring-web-7.0.8.jar:7.0.8]
	at org.apache.catalina.core.ApplicationFilterChain.doFilter(ApplicationFilterChain.java:107) ~[tomcat-embed-core-11.0.22.jar:11.0.22]
	at org.apache.catalina.core.StandardWrapperValve.invoke(StandardWrapperValve.java:165) ~[tomcat-embed-core-11.0.22.jar:11.0.22]
	at org.apache.catalina.core.StandardContextValve.invoke(StandardContextValve.java:77) ~[tomcat-embed-core-11.0.22.jar:11.0.22]
	at org.apache.catalina.authenticator.AuthenticatorBase.invoke(AuthenticatorBase.java:492) ~[tomcat-embed-core-11.0.22.jar:11.0.22]
	at org.apache.catalina.core.StandardHostValve.invoke(StandardHostValve.java:113) ~[tomcat-embed-core-11.0.22.jar:11.0.22]
	at org.apache.catalina.valves.ErrorReportValve.invoke(ErrorReportValve.java:83) ~[tomcat-embed-core-11.0.22.jar:11.0.22]
	at org.apache.catalina.core.StandardEngineValve.invoke(StandardEngineValve.java:72) ~[tomcat-embed-core-11.0.22.jar:11.0.22]
	at org.apache.catalina.connector.CoyoteAdapter.service(CoyoteAdapter.java:341) ~[tomcat-embed-core-11.0.22.jar:11.0.22]
	at org.apache.coyote.http11.Http11Processor.service(Http11Processor.java:397) ~[tomcat-embed-core-11.0.22.jar:11.0.22]
	at org.apache.coyote.AbstractProcessorLight.process(AbstractProcessorLight.java:63) ~[tomcat-embed-core-11.0.22.jar:11.0.22]
	at org.apache.coyote.AbstractProtocol$ConnectionHandler.process(AbstractProtocol.java:1272) ~[tomcat-embed-core-11.0.22.jar:11.0.22]
	at org.apache.tomcat.util.net.NioEndpoint$SocketProcessor.doRun(NioEndpoint.java:1801) ~[tomcat-embed-core-11.0.22.jar:11.0.22]
	at org.apache.tomcat.util.net.SocketProcessorBase.run(SocketProcessorBase.java:52) ~[tomcat-embed-core-11.0.22.jar:11.0.22]
	at org.apache.tomcat.util.threads.ThreadPoolExecutor.runWorker(ThreadPoolExecutor.java:946) ~[tomcat-embed-core-11.0.22.jar:11.0.22]
	at org.apache.tomcat.util.threads.ThreadPoolExecutor$Worker.run(ThreadPoolExecutor.java:480) ~[tomcat-embed-core-11.0.22.jar:11.0.22]
	at org.apache.tomcat.util.threads.TaskThread$WrappingRunnable.run(TaskThread.java:57) ~[tomcat-embed-core-11.0.22.jar:11.0.22]
	at java.base/java.lang.Thread.run(Thread.java:1474) ~[na:na]
Caused by: java.lang.NoSuchMethodException: org.springframework.cloud.config.server.config.ConfigServerHealthIndicator.<init>()
	at java.base/java.lang.Class.getConstructor0(Class.java:3187) ~[na:na]
	at java.base/java.lang.Class.getDeclaredConstructor(Class.java:2491) ~[na:na]
	at org.springframework.beans.BeanUtils.instantiateClass(BeanUtils.java:138) ~[spring-beans-7.0.8.jar:7.0.8]
	... 75 common frames omitted

2026-07-24T13:48:12.881+05:30  WARN 17334 --- [ConfigServer] [http-nio-8888-exec-3] com.netflix.appinfo.InstanceInfo         : Passed in hostname is blank, not setting it
2026-07-24T13:48:12.882+05:30  INFO 17334 --- [ConfigServer] [http-nio-8888-exec-3] o.s.c.n.eureka.InstanceInfoFactory       : Setting initial instance status as: STARTING
2026-07-24T13:48:12.882+05:30  INFO 17334 --- [ConfigServer] [http-nio-8888-exec-3] com.netflix.discovery.DiscoveryClient    : Initializing Eureka in region us-east-1
2026-07-24T13:48:12.882+05:30  INFO 17334 --- [ConfigServer] [http-nio-8888-exec-3] c.n.d.s.r.aws.ConfigClusterResolver      : Resolving eureka endpoints via configuration
2026-07-24T13:48:12.882+05:30  INFO 17334 --- [ConfigServer] [http-nio-8888-exec-3] com.netflix.discovery.DiscoveryClient    : Disable delta property : false
2026-07-24T13:48:12.882+05:30  INFO 17334 --- [ConfigServer] [http-nio-8888-exec-3] com.netflix.discovery.DiscoveryClient    : Single vip registry refresh property : null
2026-07-24T13:48:12.882+05:30  INFO 17334 --- [ConfigServer] [http-nio-8888-exec-3] com.netflix.discovery.DiscoveryClient    : Force full registry fetch : false
2026-07-24T13:48:12.883+05:30  INFO 17334 --- [ConfigServer] [http-nio-8888-exec-3] com.netflix.discovery.DiscoveryClient    : Application is null : false
2026-07-24T13:48:12.883+05:30  INFO 17334 --- [ConfigServer] [http-nio-8888-exec-3] com.netflix.discovery.DiscoveryClient    : Registered Applications size is zero : true
2026-07-24T13:48:12.883+05:30  INFO 17334 --- [ConfigServer] [http-nio-8888-exec-3] com.netflix.discovery.DiscoveryClient    : Application version is -1: true
2026-07-24T13:48:12.883+05:30  INFO 17334 --- [ConfigServer] [http-nio-8888-exec-3] com.netflix.discovery.DiscoveryClient    : Getting all instance registry info from the eureka server
2026-07-24T13:48:12.895+05:30  INFO 17334 --- [ConfigServer] [http-nio-8888-exec-3] com.netflix.discovery.DiscoveryClient    : The response status is 200
2026-07-24T13:48:12.895+05:30  INFO 17334 --- [ConfigServer] [http-nio-8888-exec-3] com.netflix.discovery.DiscoveryClient    : Starting heartbeat executor: renew interval is: 5
2026-07-24T13:48:12.896+05:30  INFO 17334 --- [ConfigServer] [http-nio-8888-exec-3] c.n.discovery.InstanceInfoReplicator     : InstanceInfoReplicator onDemand update allowed rate per min is 4
2026-07-24T13:48:12.896+05:30  INFO 17334 --- [ConfigServer] [http-nio-8888-exec-3] com.netflix.discovery.DiscoveryClient    : Discovery Client initialized at timestamp 1784881092896 with initial instances count: 0
2026-07-24T13:48:12.896+05:30  INFO 17334 --- [ConfigServer] [http-nio-8888-exec-3] o.s.c.n.e.s.EurekaServiceRegistry        : Unregistering application CONFIGSERVER with eureka with status DOWN
2026-07-24T13:48:12.897+05:30  INFO 17334 --- [ConfigServer] [http-nio-8888-exec-3] com.netflix.discovery.DiscoveryClient    : Saw local status change event StatusChangeEvent [timestamp=1784881092897, current=DOWN, previous=STARTING]
2026-07-24T13:48:12.897+05:30  INFO 17334 --- [ConfigServer] [DiscoveryClient-InstanceInfoReplicator-%d] com.netflix.discovery.DiscoveryClient    : DiscoveryClient_CONFIGSERVER/null: registering service...
2026-07-24T13:48:12.897+05:30  INFO 17334 --- [ConfigServer] [http-nio-8888-exec-3] o.s.c.n.e.s.EurekaServiceRegistry        : Registering application CONFIGSERVER with eureka with status UP
2026-07-24T13:48:12.897+05:30  INFO 17334 --- [ConfigServer] [http-nio-8888-exec-3] com.netflix.discovery.DiscoveryClient    : Saw local status change event StatusChangeEvent [timestamp=1784881092897, current=UP, previous=DOWN]
2026-07-24T13:48:12.897+05:30  INFO 17334 --- [ConfigServer] [http-nio-8888-exec-3] o.s.cloud.bus.event.RefreshListener      : Keys refreshed []
2026-07-24T13:48:12.913+05:30  WARN 17334 --- [ConfigServer] [DiscoveryClient-InstanceInfoReplicator-%d] c.n.d.s.t.d.RetryableEurekaHttpClient    : Request execution failure with status code 400; retrying on another server if available
2026-07-24T13:48:12.913+05:30  WARN 17334 --- [ConfigServer] [DiscoveryClient-InstanceInfoReplicator-%d] com.netflix.discovery.DiscoveryClient    : DiscoveryClient_CONFIGSERVER/null - registration failed Cannot execute request on any known server

com.netflix.discovery.shared.transport.TransportException: Cannot execute request on any known server
	at com.netflix.discovery.shared.transport.decorator.RetryableEurekaHttpClient.execute(RetryableEurekaHttpClient.java:112) ~[eureka-client-2.0.6.jar:2.0.6]
	at com.netflix.discovery.shared.transport.decorator.EurekaHttpClientDecorator.register(EurekaHttpClientDecorator.java:56) ~[eureka-client-2.0.6.jar:2.0.6]
	at com.netflix.discovery.shared.transport.decorator.EurekaHttpClientDecorator$1.execute(EurekaHttpClientDecorator.java:59) ~[eureka-client-2.0.6.jar:2.0.6]
	at com.netflix.discovery.shared.transport.decorator.SessionedEurekaHttpClient.execute(SessionedEurekaHttpClient.java:76) ~[eureka-client-2.0.6.jar:2.0.6]
	at com.netflix.discovery.shared.transport.decorator.EurekaHttpClientDecorator.register(EurekaHttpClientDecorator.java:56) ~[eureka-client-2.0.6.jar:2.0.6]
	at com.netflix.discovery.DiscoveryClient.register(DiscoveryClient.java:843) ~[eureka-client-2.0.6.jar:2.0.6]
	at com.netflix.discovery.InstanceInfoReplicator.run(InstanceInfoReplicator.java:125) ~[eureka-client-2.0.6.jar:2.0.6]
	at com.netflix.discovery.InstanceInfoReplicator$2.run(InstanceInfoReplicator.java:105) ~[eureka-client-2.0.6.jar:2.0.6]
	at java.base/java.util.concurrent.Executors$RunnableAdapter.call(Executors.java:545) ~[na:na]
	at java.base/java.util.concurrent.FutureTask.run(FutureTask.java:328) ~[na:na]
	at java.base/java.util.concurrent.ScheduledThreadPoolExecutor$ScheduledFutureTask.run(ScheduledThreadPoolExecutor.java:309) ~[na:na]
	at java.base/java.util.concurrent.ThreadPoolExecutor.runWorker(ThreadPoolExecutor.java:1090) ~[na:na]
	at java.base/java.util.concurrent.ThreadPoolExecutor$Worker.run(ThreadPoolExecutor.java:614) ~[na:na]
	at java.base/java.lang.Thread.run(Thread.java:1474) ~[na:na]

2026-07-24T13:48:12.914+05:30  WARN 17334 --- [ConfigServer] [DiscoveryClient-InstanceInfoReplicator-%d] c.n.discovery.InstanceInfoReplicator     : There was a problem with the instance info replicator

com.netflix.discovery.shared.transport.TransportException: Cannot execute request on any known server
	at com.netflix.discovery.shared.transport.decorator.RetryableEurekaHttpClient.execute(RetryableEurekaHttpClient.java:112) ~[eureka-client-2.0.6.jar:2.0.6]
	at com.netflix.discovery.shared.transport.decorator.EurekaHttpClientDecorator.register(EurekaHttpClientDecorator.java:56) ~[eureka-client-2.0.6.jar:2.0.6]
	at com.netflix.discovery.shared.transport.decorator.EurekaHttpClientDecorator$1.execute(EurekaHttpClientDecorator.java:59) ~[eureka-client-2.0.6.jar:2.0.6]
	at com.netflix.discovery.shared.transport.decorator.SessionedEurekaHttpClient.execute(SessionedEurekaHttpClient.java:76) ~[eureka-client-2.0.6.jar:2.0.6]
	at com.netflix.discovery.shared.transport.decorator.EurekaHttpClientDecorator.register(EurekaHttpClientDecorator.java:56) ~[eureka-client-2.0.6.jar:2.0.6]
	at com.netflix.discovery.DiscoveryClient.register(DiscoveryClient.java:843) ~[eureka-client-2.0.6.jar:2.0.6]
	at com.netflix.discovery.InstanceInfoReplicator.run(InstanceInfoReplicator.java:125) ~[eureka-client-2.0.6.jar:2.0.6]
	at com.netflix.discovery.InstanceInfoReplicator$2.run(InstanceInfoReplicator.java:105) ~[eureka-client-2.0.6.jar:2.0.6]
	at java.base/java.util.concurrent.Executors$RunnableAdapter.call(Executors.java:545) ~[na:na]
	at java.base/java.util.concurrent.FutureTask.run(FutureTask.java:328) ~[na:na]
	at java.base/java.util.concurrent.ScheduledThreadPoolExecutor$ScheduledFutureTask.run(ScheduledThreadPoolExecutor.java:309) ~[na:na]
	at java.base/java.util.concurrent.ThreadPoolExecutor.runWorker(ThreadPoolExecutor.java:1090) ~[na:na]
	at java.base/java.util.concurrent.ThreadPoolExecutor$Worker.run(ThreadPoolExecutor.java:614) ~[na:na]
	at java.base/java.lang.Thread.run(Thread.java:1474) ~[na:na]

2026-07-24T13:48:12.914+05:30  INFO 17334 --- [ConfigServer] [DiscoveryClient-InstanceInfoReplicator-%d] com.netflix.discovery.DiscoveryClient    : DiscoveryClient_CONFIGSERVER/null: registering service...
2026-07-24T13:48:12.925+05:30  WARN 17334 --- [ConfigServer] [DiscoveryClient-InstanceInfoReplicator-%d] c.n.d.s.t.d.RetryableEurekaHttpClient    : Request execution failure with status code 400; retrying on another server if available
2026-07-24T13:48:12.926+05:30  WARN 17334 --- [ConfigServer] [DiscoveryClient-InstanceInfoReplicator-%d] com.netflix.discovery.DiscoveryClient    : DiscoveryClient_CONFIGSERVER/null - registration failed Cannot execute request on any known server

com.netflix.discovery.shared.transport.TransportException: Cannot execute request on any known server
	at com.netflix.discovery.shared.transport.decorator.RetryableEurekaHttpClient.execute(RetryableEurekaHttpClient.java:112) ~[eureka-client-2.0.6.jar:2.0.6]
	at com.netflix.discovery.shared.transport.decorator.EurekaHttpClientDecorator.register(EurekaHttpClientDecorator.java:56) ~[eureka-client-2.0.6.jar:2.0.6]
	at com.netflix.discovery.shared.transport.decorator.EurekaHttpClientDecorator$1.execute(EurekaHttpClientDecorator.java:59) ~[eureka-client-2.0.6.jar:2.0.6]
	at com.netflix.discovery.shared.transport.decorator.SessionedEurekaHttpClient.execute(SessionedEurekaHttpClient.java:76) ~[eureka-client-2.0.6.jar:2.0.6]
	at com.netflix.discovery.shared.transport.decorator.EurekaHttpClientDecorator.register(EurekaHttpClientDecorator.java:56) ~[eureka-client-2.0.6.jar:2.0.6]
	at com.netflix.discovery.DiscoveryClient.register(DiscoveryClient.java:843) ~[eureka-client-2.0.6.jar:2.0.6]
	at com.netflix.discovery.InstanceInfoReplicator.run(InstanceInfoReplicator.java:125) ~[eureka-client-2.0.6.jar:2.0.6]
	at com.netflix.discovery.InstanceInfoReplicator$2.run(InstanceInfoReplicator.java:105) ~[eureka-client-2.0.6.jar:2.0.6]
	at java.base/java.util.concurrent.Executors$RunnableAdapter.call(Executors.java:545) ~[na:na]
	at java.base/java.util.concurrent.FutureTask.run(FutureTask.java:328) ~[na:na]
	at java.base/java.util.concurrent.ScheduledThreadPoolExecutor$ScheduledFutureTask.run(ScheduledThreadPoolExecutor.java:309) ~[na:na]
	at java.base/java.util.concurrent.ThreadPoolExecutor.runWorker(ThreadPoolExecutor.java:1090) ~[na:na]
	at java.base/java.util.concurrent.ThreadPoolExecutor$Worker.run(ThreadPoolExecutor.java:614) ~[na:na]
	at java.base/java.lang.Thread.run(Thread.java:1474) ~[na:na]

2026-07-24T13:48:12.926+05:30  WARN 17334 --- [ConfigServer] [DiscoveryClient-InstanceInfoReplicator-%d] c.n.discovery.InstanceInfoReplicator     : There was a problem with the instance info replicator

com.netflix.discovery.shared.transport.TransportException: Cannot execute request on any known server
	at com.netflix.discovery.shared.transport.decorator.RetryableEurekaHttpClient.execute(RetryableEurekaHttpClient.java:112) ~[eureka-client-2.0.6.jar:2.0.6]
	at com.netflix.discovery.shared.transport.decorator.EurekaHttpClientDecorator.register(EurekaHttpClientDecorator.java:56) ~[eureka-client-2.0.6.jar:2.0.6]
	at com.netflix.discovery.shared.transport.decorator.EurekaHttpClientDecorator$1.execute(EurekaHttpClientDecorator.java:59) ~[eureka-client-2.0.6.jar:2.0.6]
	at com.netflix.discovery.shared.transport.decorator.SessionedEurekaHttpClient.execute(SessionedEurekaHttpClient.java:76) ~[eureka-client-2.0.6.jar:2.0.6]
	at com.netflix.discovery.shared.transport.decorator.EurekaHttpClientDecorator.register(EurekaHttpClientDecorator.java:56) ~[eureka-client-2.0.6.jar:2.0.6]
	at com.netflix.discovery.DiscoveryClient.register(DiscoveryClient.java:843) ~[eureka-client-2.0.6.jar:2.0.6]
	at com.netflix.discovery.InstanceInfoReplicator.run(InstanceInfoReplicator.java:125) ~[eureka-client-2.0.6.jar:2.0.6]
	at com.netflix.discovery.InstanceInfoReplicator$2.run(InstanceInfoReplicator.java:105) ~[eureka-client-2.0.6.jar:2.0.6]
	at java.base/java.util.concurrent.Executors$RunnableAdapter.call(Executors.java:545) ~[na:na]
	at java.base/java.util.concurrent.FutureTask.run(FutureTask.java:328) ~[na:na]
	at java.base/java.util.concurrent.ScheduledThreadPoolExecutor$ScheduledFutureTask.run(ScheduledThreadPoolExecutor.java:309) ~[na:na]
	at java.base/java.util.concurrent.ThreadPoolExecutor.runWorker(ThreadPoolExecutor.java:1090) ~[na:na]
	at java.base/java.util.concurrent.ThreadPoolExecutor$Worker.run(ThreadPoolExecutor.java:614) ~[na:na]
	at java.base/java.lang.Thread.run(Thread.java:1474) ~[na:na]

2026-07-24T13:48:17.956+05:30  INFO 17334 --- [ConfigServer] [DiscoveryClient-HeartbeatExecutor-%d] c.n.d.s.t.d.RedirectingEurekaHttpClient  : Request execution error. endpoint=DefaultEndpoint{ serviceUrl='http://localhost:8761/eureka/}, exception=Error while extracting response for type [com.netflix.appinfo.InstanceInfo] and content type [application/json]

org.springframework.web.client.RestClientException: Error while extracting response for type [com.netflix.appinfo.InstanceInfo] and content type [application/json]
	at org.springframework.web.client.DefaultRestClient.readWithMessageConverters(DefaultRestClient.java:274) ~[spring-web-7.0.8.jar:7.0.8]
	at org.springframework.web.client.DefaultRestClient$DefaultResponseSpec.readBody(DefaultRestClient.java:931) ~[spring-web-7.0.8.jar:7.0.8]
	at org.springframework.web.client.DefaultRestClient$DefaultResponseSpec.lambda$toEntityInternal$0(DefaultRestClient.java:871) ~[spring-web-7.0.8.jar:7.0.8]
	at org.springframework.web.client.DefaultRestClient$DefaultRequestBodyUriSpec.exchangeInternal(DefaultRestClient.java:617) ~[spring-web-7.0.8.jar:7.0.8]
	at org.springframework.web.client.DefaultRestClient$DefaultRequestBodyUriSpec.exchange(DefaultRestClient.java:572) ~[spring-web-7.0.8.jar:7.0.8]
	at org.springframework.web.client.RestClient$RequestHeadersSpec.exchange(RestClient.java:747) ~[spring-web-7.0.8.jar:7.0.8]
	at org.springframework.web.client.DefaultRestClient$DefaultResponseSpec.executeAndExtract(DefaultRestClient.java:924) ~[spring-web-7.0.8.jar:7.0.8]
	at org.springframework.web.client.DefaultRestClient$DefaultResponseSpec.toEntityInternal(DefaultRestClient.java:870) ~[spring-web-7.0.8.jar:7.0.8]
	at org.springframework.web.client.DefaultRestClient$DefaultResponseSpec.toEntity(DefaultRestClient.java:859) ~[spring-web-7.0.8.jar:7.0.8]
	at org.springframework.cloud.netflix.eureka.http.RestClientEurekaHttpClient.sendHeartBeat(RestClientEurekaHttpClient.java:91) ~[spring-cloud-netflix-eureka-client-5.0.2.jar:5.0.2]
	at com.netflix.discovery.shared.transport.decorator.EurekaHttpClientDecorator$3.execute(EurekaHttpClientDecorator.java:92) ~[eureka-client-2.0.6.jar:2.0.6]
	at com.netflix.discovery.shared.transport.decorator.RedirectingEurekaHttpClient.executeOnNewServer(RedirectingEurekaHttpClient.java:120) ~[eureka-client-2.0.6.jar:2.0.6]
	at com.netflix.discovery.shared.transport.decorator.RedirectingEurekaHttpClient.execute(RedirectingEurekaHttpClient.java:79) ~[eureka-client-2.0.6.jar:2.0.6]
	at com.netflix.discovery.shared.transport.decorator.EurekaHttpClientDecorator.sendHeartBeat(EurekaHttpClientDecorator.java:89) ~[eureka-client-2.0.6.jar:2.0.6]
	at com.netflix.discovery.shared.transport.decorator.EurekaHttpClientDecorator$3.execute(EurekaHttpClientDecorator.java:92) ~[eureka-client-2.0.6.jar:2.0.6]
	at com.netflix.discovery.shared.transport.decorator.RetryableEurekaHttpClient.execute(RetryableEurekaHttpClient.java:120) ~[eureka-client-2.0.6.jar:2.0.6]
	at com.netflix.discovery.shared.transport.decorator.EurekaHttpClientDecorator.sendHeartBeat(EurekaHttpClientDecorator.java:89) ~[eureka-client-2.0.6.jar:2.0.6]
	at com.netflix.discovery.shared.transport.decorator.EurekaHttpClientDecorator$3.execute(EurekaHttpClientDecorator.java:92) ~[eureka-client-2.0.6.jar:2.0.6]
	at com.netflix.discovery.shared.transport.decorator.SessionedEurekaHttpClient.execute(SessionedEurekaHttpClient.java:76) ~[eureka-client-2.0.6.jar:2.0.6]
	at com.netflix.discovery.shared.transport.decorator.EurekaHttpClientDecorator.sendHeartBeat(EurekaHttpClientDecorator.java:89) ~[eureka-client-2.0.6.jar:2.0.6]
	at com.netflix.discovery.DiscoveryClient.renew(DiscoveryClient.java:860) ~[eureka-client-2.0.6.jar:2.0.6]
	at com.netflix.discovery.DiscoveryClient$HeartbeatThread.run(DiscoveryClient.java:1418) ~[eureka-client-2.0.6.jar:2.0.6]
	at java.base/java.util.concurrent.Executors$RunnableAdapter.call(Executors.java:545) ~[na:na]
	at java.base/java.util.concurrent.FutureTask.run(FutureTask.java:328) ~[na:na]
	at java.base/java.util.concurrent.ThreadPoolExecutor.runWorker(ThreadPoolExecutor.java:1090) ~[na:na]
	at java.base/java.util.concurrent.ThreadPoolExecutor$Worker.run(ThreadPoolExecutor.java:614) ~[na:na]
	at java.base/java.lang.Thread.run(Thread.java:1474) ~[na:na]
Caused by: org.springframework.http.converter.HttpMessageNotReadableException: JSON parse error: Root name ('timestamp') does not match expected ('instance') for type `com.netflix.appinfo.InstanceInfo`
	at org.springframework.http.converter.json.AbstractJackson2HttpMessageConverter.readJavaType(AbstractJackson2HttpMessageConverter.java:408) ~[spring-web-7.0.8.jar:7.0.8]
	at org.springframework.http.converter.json.AbstractJackson2HttpMessageConverter.read(AbstractJackson2HttpMessageConverter.java:356) ~[spring-web-7.0.8.jar:7.0.8]
	at org.springframework.web.client.DefaultRestClient.readWithMessageConverters(DefaultRestClient.java:237) ~[spring-web-7.0.8.jar:7.0.8]
	... 26 common frames omitted
Caused by: com.fasterxml.jackson.databind.exc.MismatchedInputException: Root name ('timestamp') does not match expected ('instance') for type `com.netflix.appinfo.InstanceInfo`
 at [Source: REDACTED (`StreamReadFeature.INCLUDE_SOURCE_IN_LOCATION` disabled); line: 1, column: 2] (through reference chain: com.netflix.appinfo.InstanceInfo["timestamp"])
	at com.fasterxml.jackson.databind.exc.MismatchedInputException.from(MismatchedInputException.java:76) ~[jackson-databind-2.21.4.jar:2.21.4]
	at com.fasterxml.jackson.databind.DeserializationContext.reportPropertyInputMismatch(DeserializationContext.java:1849) ~[jackson-databind-2.21.4.jar:2.21.4]
	at com.fasterxml.jackson.databind.DeserializationContext.reportPropertyInputMismatch(DeserializationContext.java:1865) ~[jackson-databind-2.21.4.jar:2.21.4]
	at com.fasterxml.jackson.databind.deser.DefaultDeserializationContext._unwrapAndDeserialize(DefaultDeserializationContext.java:367) ~[jackson-databind-2.21.4.jar:2.21.4]
	at com.fasterxml.jackson.databind.deser.DefaultDeserializationContext.readRootValue(DefaultDeserializationContext.java:339) ~[jackson-databind-2.21.4.jar:2.21.4]
	at com.fasterxml.jackson.databind.ObjectReader._bindAndClose(ObjectReader.java:2148) ~[jackson-databind-2.21.4.jar:2.21.4]
	at com.fasterxml.jackson.databind.ObjectReader.readValue(ObjectReader.java:1504) ~[jackson-databind-2.21.4.jar:2.21.4]
	at org.springframework.http.converter.json.AbstractJackson2HttpMessageConverter.readJavaType(AbstractJackson2HttpMessageConverter.java:397) ~[spring-web-7.0.8.jar:7.0.8]
	... 28 common frames omitted

2026-07-24T13:48:17.957+05:30  WARN 17334 --- [ConfigServer] [DiscoveryClient-HeartbeatExecutor-%d] c.n.d.s.t.d.RetryableEurekaHttpClient    : Request execution failed with message: Error while extracting response for type [com.netflix.appinfo.InstanceInfo] and content type [application/json]
2026-07-24T13:48:17.957+05:30 ERROR 17334 --- [ConfigServer] [DiscoveryClient-HeartbeatExecutor-%d] com.netflix.discovery.DiscoveryClient    : DiscoveryClient_CONFIGSERVER/null - was unable to send heartbeat!

com.netflix.discovery.shared.transport.TransportException: Cannot execute request on any known server
	at com.netflix.discovery.shared.transport.decorator.RetryableEurekaHttpClient.execute(RetryableEurekaHttpClient.java:112) ~[eureka-client-2.0.6.jar:2.0.6]
	at com.netflix.discovery.shared.transport.decorator.EurekaHttpClientDecorator.sendHeartBeat(EurekaHttpClientDecorator.java:89) ~[eureka-client-2.0.6.jar:2.0.6]
	at com.netflix.discovery.shared.transport.decorator.EurekaHttpClientDecorator$3.execute(EurekaHttpClientDecorator.java:92) ~[eureka-client-2.0.6.jar:2.0.6]
	at com.netflix.discovery.shared.transport.decorator.SessionedEurekaHttpClient.execute(SessionedEurekaHttpClient.java:76) ~[eureka-client-2.0.6.jar:2.0.6]
	at com.netflix.discovery.shared.transport.decorator.EurekaHttpClientDecorator.sendHeartBeat(EurekaHttpClientDecorator.java:89) ~[eureka-client-2.0.6.jar:2.0.6]
	at com.netflix.discovery.DiscoveryClient.renew(DiscoveryClient.java:860) ~[eureka-client-2.0.6.jar:2.0.6]
	at com.netflix.discovery.DiscoveryClient$HeartbeatThread.run(DiscoveryClient.java:1418) ~[eureka-client-2.0.6.jar:2.0.6]
	at java.base/java.util.concurrent.Executors$RunnableAdapter.call(Executors.java:545) ~[na:na]
	at java.base/java.util.concurrent.FutureTask.run(FutureTask.java:328) ~[na:na]
	at java.base/java.util.concurrent.ThreadPoolExecutor.runWorker(ThreadPoolExecutor.java:1090) ~[na:na]
	at java.base/java.util.concurrent.ThreadPoolExecutor$Worker.run(ThreadPoolExecutor.java:614) ~[na:na]
	at java.base/java.lang.Thread.run(Thread.java:1474) ~[na:na]

2026-07-24T13:48:22.973+05:30  INFO 17334 --- [ConfigServer] [DiscoveryClient-HeartbeatExecutor-%d] c.n.d.s.t.d.RedirectingEurekaHttpClient  : Request execution error. endpoint=DefaultEndpoint{ serviceUrl='http://localhost:8761/eureka/}, exception=Error while extracting response for type [com.netflix.appinfo.InstanceInfo] and content type [application/json]

org.springframework.web.client.RestClientException: Error while extracting response for type [com.netflix.appinfo.InstanceInfo] and content type [application/json]
	at org.springframework.web.client.DefaultRestClient.readWithMessageConverters(DefaultRestClient.java:274) ~[spring-web-7.0.8.jar:7.0.8]
	at org.springframework.web.client.DefaultRestClient$DefaultResponseSpec.readBody(DefaultRestClient.java:931) ~[spring-web-7.0.8.jar:7.0.8]
	at org.springframework.web.client.DefaultRestClient$DefaultResponseSpec.lambda$toEntityInternal$0(DefaultRestClient.java:871) ~[spring-web-7.0.8.jar:7.0.8]
	at org.springframework.web.client.DefaultRestClient$DefaultRequestBodyUriSpec.exchangeInternal(DefaultRestClient.java:617) ~[spring-web-7.0.8.jar:7.0.8]
	at org.springframework.web.client.DefaultRestClient$DefaultRequestBodyUriSpec.exchange(DefaultRestClient.java:572) ~[spring-web-7.0.8.jar:7.0.8]
	at org.springframework.web.client.RestClient$RequestHeadersSpec.exchange(RestClient.java:747) ~[spring-web-7.0.8.jar:7.0.8]
	at org.springframework.web.client.DefaultRestClient$DefaultResponseSpec.executeAndExtract(DefaultRestClient.java:924) ~[spring-web-7.0.8.jar:7.0.8]
	at org.springframework.web.client.DefaultRestClient$DefaultResponseSpec.toEntityInternal(DefaultRestClient.java:870) ~[spring-web-7.0.8.jar:7.0.8]
	at org.springframework.web.client.DefaultRestClient$DefaultResponseSpec.toEntity(DefaultRestClient.java:859) ~[spring-web-7.0.8.jar:7.0.8]
	at org.springframework.cloud.netflix.eureka.http.RestClientEurekaHttpClient.sendHeartBeat(RestClientEurekaHttpClient.java:91) ~[spring-cloud-netflix-eureka-client-5.0.2.jar:5.0.2]
	at com.netflix.discovery.shared.transport.decorator.EurekaHttpClientDecorator$3.execute(EurekaHttpClientDecorator.java:92) ~[eureka-client-2.0.6.jar:2.0.6]
	at com.netflix.discovery.shared.transport.decorator.RedirectingEurekaHttpClient.executeOnNewServer(RedirectingEurekaHttpClient.java:120) ~[eureka-client-2.0.6.jar:2.0.6]
	at com.netflix.discovery.shared.transport.decorator.RedirectingEurekaHttpClient.execute(RedirectingEurekaHttpClient.java:79) ~[eureka-client-2.0.6.jar:2.0.6]
	at com.netflix.discovery.shared.transport.decorator.EurekaHttpClientDecorator.sendHeartBeat(EurekaHttpClientDecorator.java:89) ~[eureka-client-2.0.6.jar:2.0.6]
	at com.netflix.discovery.shared.transport.decorator.EurekaHttpClientDecorator$3.execute(EurekaHttpClientDecorator.java:92) ~[eureka-client-2.0.6.jar:2.0.6]
	at com.netflix.discovery.shared.transport.decorator.RetryableEurekaHttpClient.execute(RetryableEurekaHttpClient.java:120) ~[eureka-client-2.0.6.jar:2.0.6]
	at com.netflix.discovery.shared.transport.decorator.EurekaHttpClientDecorator.sendHeartBeat(EurekaHttpClientDecorator.java:89) ~[eureka-client-2.0.6.jar:2.0.6]
	at com.netflix.discovery.shared.transport.decorator.EurekaHttpClientDecorator$3.execute(EurekaHttpClientDecorator.java:92) ~[eureka-client-2.0.6.jar:2.0.6]
	at com.netflix.discovery.shared.transport.decorator.SessionedEurekaHttpClient.execute(SessionedEurekaHttpClient.java:76) ~[eureka-client-2.0.6.jar:2.0.6]
	at com.netflix.discovery.shared.transport.decorator.EurekaHttpClientDecorator.sendHeartBeat(EurekaHttpClientDecorator.java:89) ~[eureka-client-2.0.6.jar:2.0.6]
	at com.netflix.discovery.DiscoveryClient.renew(DiscoveryClient.java:860) ~[eureka-client-2.0.6.jar:2.0.6]
	at com.netflix.discovery.DiscoveryClient$HeartbeatThread.run(DiscoveryClient.java:1418) ~[eureka-client-2.0.6.jar:2.0.6]
	at java.base/java.util.concurrent.Executors$RunnableAdapter.call(Executors.java:545) ~[na:na]
	at java.base/java.util.concurrent.FutureTask.run(FutureTask.java:328) ~[na:na]
	at java.base/java.util.concurrent.ThreadPoolExecutor.runWorker(ThreadPoolExecutor.java:1090) ~[na:na]
	at java.base/java.util.concurrent.ThreadPoolExecutor$Worker.run(ThreadPoolExecutor.java:614) ~[na:na]
	at java.base/java.lang.Thread.run(Thread.java:1474) ~[na:na]
Caused by: org.springframework.http.converter.HttpMessageNotReadableException: JSON parse error: Root name ('timestamp') does not match expected ('instance') for type `com.netflix.appinfo.InstanceInfo`
	at org.springframework.http.converter.json.AbstractJackson2HttpMessageConverter.readJavaType(AbstractJackson2HttpMessageConverter.java:408) ~[spring-web-7.0.8.jar:7.0.8]
	at org.springframework.http.converter.json.AbstractJackson2HttpMessageConverter.read(AbstractJackson2HttpMessageConverter.java:356) ~[spring-web-7.0.8.jar:7.0.8]
	at org.springframework.web.client.DefaultRestClient.readWithMessageConverters(DefaultRestClient.java:237) ~[spring-web-7.0.8.jar:7.0.8]
	... 26 common frames omitted
Caused by: com.fasterxml.jackson.databind.exc.MismatchedInputException: Root name ('timestamp') does not match expected ('instance') for type `com.netflix.appinfo.InstanceInfo`
 at [Source: REDACTED (`StreamReadFeature.INCLUDE_SOURCE_IN_LOCATION` disabled); line: 1, column: 2] (through reference chain: com.netflix.appinfo.InstanceInfo["timestamp"])
	at com.fasterxml.jackson.databind.exc.MismatchedInputException.from(MismatchedInputException.java:76) ~[jackson-databind-2.21.4.jar:2.21.4]
	at com.fasterxml.jackson.databind.DeserializationContext.reportPropertyInputMismatch(DeserializationContext.java:1849) ~[jackson-databind-2.21.4.jar:2.21.4]
	at com.fasterxml.jackson.databind.DeserializationContext.reportPropertyInputMismatch(DeserializationContext.java:1865) ~[jackson-databind-2.21.4.jar:2.21.4]
	at com.fasterxml.jackson.databind.deser.DefaultDeserializationContext._unwrapAndDeserialize(DefaultDeserializationContext.java:367) ~[jackson-databind-2.21.4.jar:2.21.4]
	at com.fasterxml.jackson.databind.deser.DefaultDeserializationContext.readRootValue(DefaultDeserializationContext.java:339) ~[jackson-databind-2.21.4.jar:2.21.4]
	at com.fasterxml.jackson.databind.ObjectReader._bindAndClose(ObjectReader.java:2148) ~[jackson-databind-2.21.4.jar:2.21.4]
	at com.fasterxml.jackson.databind.ObjectReader.readValue(ObjectReader.java:1504) ~[jackson-databind-2.21.4.jar:2.21.4]
	at org.springframework.http.converter.json.AbstractJackson2HttpMessageConverter.readJavaType(AbstractJackson2HttpMessageConverter.java:397) ~[spring-web-7.0.8.jar:7.0.8]
	... 28 common frames omitted

2026-07-24T13:48:22.973+05:30  WARN 17334 --- [ConfigServer] [DiscoveryClient-HeartbeatExecutor-%d] c.n.d.s.t.d.RetryableEurekaHttpClient    : Request execution failed with message: Error while extracting response for type [com.netflix.appinfo.InstanceInfo] and content type [application/json]
2026-07-24T13:48:22.974+05:30 ERROR 17334 --- [ConfigServer] [DiscoveryClient-HeartbeatExecutor-%d] com.netflix.discovery.DiscoveryClient    : DiscoveryClient_CONFIGSERVER/null - was unable to send heartbeat!

com.netflix.discovery.shared.transport.TransportException: Cannot execute request on any known server
	at com.netflix.discovery.shared.transport.decorator.RetryableEurekaHttpClient.execute(RetryableEurekaHttpClient.java:112) ~[eureka-client-2.0.6.jar:2.0.6]
	at com.netflix.discovery.shared.transport.decorator.EurekaHttpClientDecorator.sendHeartBeat(EurekaHttpClientDecorator.java:89) ~[eureka-client-2.0.6.jar:2.0.6]
	at com.netflix.discovery.shared.transport.decorator.EurekaHttpClientDecorator$3.execute(EurekaHttpClientDecorator.java:92) ~[eureka-client-2.0.6.jar:2.0.6]
	at com.netflix.discovery.shared.transport.decorator.SessionedEurekaHttpClient.execute(SessionedEurekaHttpClient.java:76) ~[eureka-client-2.0.6.jar:2.0.6]
	at com.netflix.discovery.shared.transport.decorator.EurekaHttpClientDecorator.sendHeartBeat(EurekaHttpClientDecorator.java:89) ~[eureka-client-2.0.6.jar:2.0.6]
	at com.netflix.discovery.DiscoveryClient.renew(DiscoveryClient.java:860) ~[eureka-client-2.0.6.jar:2.0.6]
	at com.netflix.discovery.DiscoveryClient$HeartbeatThread.run(DiscoveryClient.java:1418) ~[eureka-client-2.0.6.jar:2.0.6]
	at java.base/java.util.concurrent.Executors$RunnableAdapter.call(Executors.java:545) ~[na:na]
	at java.base/java.util.concurrent.FutureTask.run(FutureTask.java:328) ~[na:na]
	at java.base/java.util.concurrent.ThreadPoolExecutor.runWorker(ThreadPoolExecutor.java:1090) ~[na:na]
	at java.base/java.util.concurrent.ThreadPoolExecutor$Worker.run(ThreadPoolExecutor.java:614) ~[na:na]
	at java.base/java.lang.Thread.run(Thread.java:1474) ~[na:na]

2026-07-24T13:48:27.990+05:30  INFO 17334 --- [ConfigServer] [DiscoveryClient-HeartbeatExecutor-%d] c.n.d.s.t.d.RedirectingEurekaHttpClient  : Request execution error. endpoint=DefaultEndpoint{ serviceUrl='http://localhost:8761/eureka/}, exception=Error while extracting response for type [com.netflix.appinfo.InstanceInfo] and content type [application/json]

org.springframework.web.client.RestClientException: Error while extracting response for type [com.netflix.appinfo.InstanceInfo] and content type [application/json]
	at org.springframework.web.client.DefaultRestClient.readWithMessageConverters(DefaultRestClient.java:274) ~[spring-web-7.0.8.jar:7.0.8]
	at org.springframework.web.client.DefaultRestClient$DefaultResponseSpec.readBody(DefaultRestClient.java:931) ~[spring-web-7.0.8.jar:7.0.8]
	at org.springframework.web.client.DefaultRestClient$DefaultResponseSpec.lambda$toEntityInternal$0(DefaultRestClient.java:871) ~[spring-web-7.0.8.jar:7.0.8]
	at org.springframework.web.client.DefaultRestClient$DefaultRequestBodyUriSpec.exchangeInternal(DefaultRestClient.java:617) ~[spring-web-7.0.8.jar:7.0.8]
	at org.springframework.web.client.DefaultRestClient$DefaultRequestBodyUriSpec.exchange(DefaultRestClient.java:572) ~[spring-web-7.0.8.jar:7.0.8]
	at org.springframework.web.client.RestClient$RequestHeadersSpec.exchange(RestClient.java:747) ~[spring-web-7.0.8.jar:7.0.8]
	at org.springframework.web.client.DefaultRestClient$DefaultResponseSpec.executeAndExtract(DefaultRestClient.java:924) ~[spring-web-7.0.8.jar:7.0.8]
	at org.springframework.web.client.DefaultRestClient$DefaultResponseSpec.toEntityInternal(DefaultRestClient.java:870) ~[spring-web-7.0.8.jar:7.0.8]
	at org.springframework.web.client.DefaultRestClient$DefaultResponseSpec.toEntity(DefaultRestClient.java:859) ~[spring-web-7.0.8.jar:7.0.8]
	at org.springframework.cloud.netflix.eureka.http.RestClientEurekaHttpClient.sendHeartBeat(RestClientEurekaHttpClient.java:91) ~[spring-cloud-netflix-eureka-client-5.0.2.jar:5.0.2]
	at com.netflix.discovery.shared.transport.decorator.EurekaHttpClientDecorator$3.execute(EurekaHttpClientDecorator.java:92) ~[eureka-client-2.0.6.jar:2.0.6]
	at com.netflix.discovery.shared.transport.decorator.RedirectingEurekaHttpClient.executeOnNewServer(RedirectingEurekaHttpClient.java:120) ~[eureka-client-2.0.6.jar:2.0.6]
	at com.netflix.discovery.shared.transport.decorator.RedirectingEurekaHttpClient.execute(RedirectingEurekaHttpClient.java:79) ~[eureka-client-2.0.6.jar:2.0.6]
	at com.netflix.discovery.shared.transport.decorator.EurekaHttpClientDecorator.sendHeartBeat(EurekaHttpClientDecorator.java:89) ~[eureka-client-2.0.6.jar:2.0.6]
	at com.netflix.discovery.shared.transport.decorator.EurekaHttpClientDecorator$3.execute(EurekaHttpClientDecorator.java:92) ~[eureka-client-2.0.6.jar:2.0.6]
	at com.netflix.discovery.shared.transport.decorator.RetryableEurekaHttpClient.execute(RetryableEurekaHttpClient.java:120) ~[eureka-client-2.0.6.jar:2.0.6]
	at com.netflix.discovery.shared.transport.decorator.EurekaHttpClientDecorator.sendHeartBeat(EurekaHttpClientDecorator.java:89) ~[eureka-client-2.0.6.jar:2.0.6]
	at com.netflix.discovery.shared.transport.decorator.EurekaHttpClientDecorator$3.execute(EurekaHttpClientDecorator.java:92) ~[eureka-client-2.0.6.jar:2.0.6]
	at com.netflix.discovery.shared.transport.decorator.SessionedEurekaHttpClient.execute(SessionedEurekaHttpClient.java:76) ~[eureka-client-2.0.6.jar:2.0.6]
	at com.netflix.discovery.shared.transport.decorator.EurekaHttpClientDecorator.sendHeartBeat(EurekaHttpClientDecorator.java:89) ~[eureka-client-2.0.6.jar:2.0.6]
	at com.netflix.discovery.DiscoveryClient.renew(DiscoveryClient.java:860) ~[eureka-client-2.0.6.jar:2.0.6]
	at com.netflix.discovery.DiscoveryClient$HeartbeatThread.run(DiscoveryClient.java:1418) ~[eureka-client-2.0.6.jar:2.0.6]
	at java.base/java.util.concurrent.Executors$RunnableAdapter.call(Executors.java:545) ~[na:na]
	at java.base/java.util.concurrent.FutureTask.run(FutureTask.java:328) ~[na:na]
	at java.base/java.util.concurrent.ThreadPoolExecutor.runWorker(ThreadPoolExecutor.java:1090) ~[na:na]
	at java.base/java.util.concurrent.ThreadPoolExecutor$Worker.run(ThreadPoolExecutor.java:614) ~[na:na]
	at java.base/java.lang.Thread.run(Thread.java:1474) ~[na:na]
Caused by: org.springframework.http.converter.HttpMessageNotReadableException: JSON parse error: Root name ('timestamp') does not match expected ('instance') for type `com.netflix.appinfo.InstanceInfo`
	at org.springframework.http.converter.json.AbstractJackson2HttpMessageConverter.readJavaType(AbstractJackson2HttpMessageConverter.java:408) ~[spring-web-7.0.8.jar:7.0.8]
	at org.springframework.http.converter.json.AbstractJackson2HttpMessageConverter.read(AbstractJackson2HttpMessageConverter.java:356) ~[spring-web-7.0.8.jar:7.0.8]
	at org.springframework.web.client.DefaultRestClient.readWithMessageConverters(DefaultRestClient.java:237) ~[spring-web-7.0.8.jar:7.0.8]
	... 26 common frames omitted
Caused by: com.fasterxml.jackson.databind.exc.MismatchedInputException: Root name ('timestamp') does not match expected ('instance') for type `com.netflix.appinfo.InstanceInfo`
 at [Source: REDACTED (`StreamReadFeature.INCLUDE_SOURCE_IN_LOCATION` disabled); line: 1, column: 2] (through reference chain: com.netflix.appinfo.InstanceInfo["timestamp"])
	at com.fasterxml.jackson.databind.exc.MismatchedInputException.from(MismatchedInputException.java:76) ~[jackson-databind-2.21.4.jar:2.21.4]
	at com.fasterxml.jackson.databind.DeserializationContext.reportPropertyInputMismatch(DeserializationContext.java:1849) ~[jackson-databind-2.21.4.jar:2.21.4]
	at com.fasterxml.jackson.databind.DeserializationContext.reportPropertyInputMismatch(DeserializationContext.java:1865) ~[jackson-databind-2.21.4.jar:2.21.4]
	at com.fasterxml.jackson.databind.deser.DefaultDeserializationContext._unwrapAndDeserialize(DefaultDeserializationContext.java:367) ~[jackson-databind-2.21.4.jar:2.21.4]
	at com.fasterxml.jackson.databind.deser.DefaultDeserializationContext.readRootValue(DefaultDeserializationContext.java:339) ~[jackson-databind-2.21.4.jar:2.21.4]
	at com.fasterxml.jackson.databind.ObjectReader._bindAndClose(ObjectReader.java:2148) ~[jackson-databind-2.21.4.jar:2.21.4]
	at com.fasterxml.jackson.databind.ObjectReader.readValue(ObjectReader.java:1504) ~[jackson-databind-2.21.4.jar:2.21.4]
	at org.springframework.http.converter.json.AbstractJackson2HttpMessageConverter.readJavaType(AbstractJackson2HttpMessageConverter.java:397) ~[spring-web-7.0.8.jar:7.0.8]
	... 28 common frames omitted

2026-07-24T13:48:27.990+05:30  WARN 17334 --- [ConfigServer] [DiscoveryClient-HeartbeatExecutor-%d] c.n.d.s.t.d.RetryableEurekaHttpClient    : Request execution failed with message: Error while extracting response for type [com.netflix.appinfo.InstanceInfo] and content type [application/json]
2026-07-24T13:48:27.991+05:30 ERROR 17334 --- [ConfigServer] [DiscoveryClient-HeartbeatExecutor-%d] com.netflix.discovery.DiscoveryClient    : DiscoveryClient_CONFIGSERVER/null - was unable to send heartbeat!

com.netflix.discovery.shared.transport.TransportException: Cannot execute request on any known server
	at com.netflix.discovery.shared.transport.decorator.RetryableEurekaHttpClient.execute(RetryableEurekaHttpClient.java:112) ~[eureka-client-2.0.6.jar:2.0.6]
	at com.netflix.discovery.shared.transport.decorator.EurekaHttpClientDecorator.sendHeartBeat(EurekaHttpClientDecorator.java:89) ~[eureka-client-2.0.6.jar:2.0.6]
	at com.netflix.discovery.shared.transport.decorator.EurekaHttpClientDecorator$3.execute(EurekaHttpClientDecorator.java:92) ~[eureka-client-2.0.6.jar:2.0.6]
	at com.netflix.discovery.shared.transport.decorator.SessionedEurekaHttpClient.execute(SessionedEurekaHttpClient.java:76) ~[eureka-client-2.0.6.jar:2.0.6]
	at com.netflix.discovery.shared.transport.decorator.EurekaHttpClientDecorator.sendHeartBeat(EurekaHttpClientDecorator.java:89) ~[eureka-client-2.0.6.jar:2.0.6]
	at com.netflix.discovery.DiscoveryClient.renew(DiscoveryClient.java:860) ~[eureka-client-2.0.6.jar:2.0.6]
	at com.netflix.discovery.DiscoveryClient$HeartbeatThread.run(DiscoveryClient.java:1418) ~[eureka-client-2.0.6.jar:2.0.6]
	at java.base/java.util.concurrent.Executors$RunnableAdapter.call(Executors.java:545) ~[na:na]
	at java.base/java.util.concurrent.FutureTask.run(FutureTask.java:328) ~[na:na]
	at java.base/java.util.concurrent.ThreadPoolExecutor.runWorker(ThreadPoolExecutor.java:1090) ~[na:na]
	at java.base/java.util.concurrent.ThreadPoolExecutor$Worker.run(ThreadPoolExecutor.java:614) ~[na:na]
	at java.base/java.lang.Thread.run(Thread.java:1474) ~[na:na]

2026-07-24T13:48:33.007+05:30  INFO 17334 --- [ConfigServer] [DiscoveryClient-HeartbeatExecutor-%d] c.n.d.s.t.d.RedirectingEurekaHttpClient  : Request execution error. endpoint=DefaultEndpoint{ serviceUrl='http://localhost:8761/eureka/}, exception=Error while extracting response for type [com.netflix.appinfo.InstanceInfo] and content type [application/json]

org.springframework.web.client.RestClientException: Error while extracting response for type [com.netflix.appinfo.InstanceInfo] and content type [application/json]
	at org.springframework.web.client.DefaultRestClient.readWithMessageConverters(DefaultRestClient.java:274) ~[spring-web-7.0.8.jar:7.0.8]
	at org.springframework.web.client.DefaultRestClient$DefaultResponseSpec.readBody(DefaultRestClient.java:931) ~[spring-web-7.0.8.jar:7.0.8]
	at org.springframework.web.client.DefaultRestClient$DefaultResponseSpec.lambda$toEntityInternal$0(DefaultRestClient.java:871) ~[spring-web-7.0.8.jar:7.0.8]
	at org.springframework.web.client.DefaultRestClient$DefaultRequestBodyUriSpec.exchangeInternal(DefaultRestClient.java:617) ~[spring-web-7.0.8.jar:7.0.8]
	at org.springframework.web.client.DefaultRestClient$DefaultRequestBodyUriSpec.exchange(DefaultRestClient.java:572) ~[spring-web-7.0.8.jar:7.0.8]
	at org.springframework.web.client.RestClient$RequestHeadersSpec.exchange(RestClient.java:747) ~[spring-web-7.0.8.jar:7.0.8]
	at org.springframework.web.client.DefaultRestClient$DefaultResponseSpec.executeAndExtract(DefaultRestClient.java:924) ~[spring-web-7.0.8.jar:7.0.8]
	at org.springframework.web.client.DefaultRestClient$DefaultResponseSpec.toEntityInternal(DefaultRestClient.java:870) ~[spring-web-7.0.8.jar:7.0.8]
	at org.springframework.web.client.DefaultRestClient$DefaultResponseSpec.toEntity(DefaultRestClient.java:859) ~[spring-web-7.0.8.jar:7.0.8]
	at org.springframework.cloud.netflix.eureka.http.RestClientEurekaHttpClient.sendHeartBeat(RestClientEurekaHttpClient.java:91) ~[spring-cloud-netflix-eureka-client-5.0.2.jar:5.0.2]
	at com.netflix.discovery.shared.transport.decorator.EurekaHttpClientDecorator$3.execute(EurekaHttpClientDecorator.java:92) ~[eureka-client-2.0.6.jar:2.0.6]
	at com.netflix.discovery.shared.transport.decorator.RedirectingEurekaHttpClient.executeOnNewServer(RedirectingEurekaHttpClient.java:120) ~[eureka-client-2.0.6.jar:2.0.6]
	at com.netflix.discovery.shared.transport.decorator.RedirectingEurekaHttpClient.execute(RedirectingEurekaHttpClient.java:79) ~[eureka-client-2.0.6.jar:2.0.6]
	at com.netflix.discovery.shared.transport.decorator.EurekaHttpClientDecorator.sendHeartBeat(EurekaHttpClientDecorator.java:89) ~[eureka-client-2.0.6.jar:2.0.6]
	at com.netflix.discovery.shared.transport.decorator.EurekaHttpClientDecorator$3.execute(EurekaHttpClientDecorator.java:92) ~[eureka-client-2.0.6.jar:2.0.6]
	at com.netflix.discovery.shared.transport.decorator.RetryableEurekaHttpClient.execute(RetryableEurekaHttpClient.java:120) ~[eureka-client-2.0.6.jar:2.0.6]
	at com.netflix.discovery.shared.transport.decorator.EurekaHttpClientDecorator.sendHeartBeat(EurekaHttpClientDecorator.java:89) ~[eureka-client-2.0.6.jar:2.0.6]
	at com.netflix.discovery.shared.transport.decorator.EurekaHttpClientDecorator$3.execute(EurekaHttpClientDecorator.java:92) ~[eureka-client-2.0.6.jar:2.0.6]
	at com.netflix.discovery.shared.transport.decorator.SessionedEurekaHttpClient.execute(SessionedEurekaHttpClient.java:76) ~[eureka-client-2.0.6.jar:2.0.6]
	at com.netflix.discovery.shared.transport.decorator.EurekaHttpClientDecorator.sendHeartBeat(EurekaHttpClientDecorator.java:89) ~[eureka-client-2.0.6.jar:2.0.6]
	at com.netflix.discovery.DiscoveryClient.renew(DiscoveryClient.java:860) ~[eureka-client-2.0.6.jar:2.0.6]
	at com.netflix.discovery.DiscoveryClient$HeartbeatThread.run(DiscoveryClient.java:1418) ~[eureka-client-2.0.6.jar:2.0.6]
	at java.base/java.util.concurrent.Executors$RunnableAdapter.call(Executors.java:545) ~[na:na]
	at java.base/java.util.concurrent.FutureTask.run(FutureTask.java:328) ~[na:na]
	at java.base/java.util.concurrent.ThreadPoolExecutor.runWorker(ThreadPoolExecutor.java:1090) ~[na:na]
	at java.base/java.util.concurrent.ThreadPoolExecutor$Worker.run(ThreadPoolExecutor.java:614) ~[na:na]
	at java.base/java.lang.Thread.run(Thread.java:1474) ~[na:na]
Caused by: org.springframework.http.converter.HttpMessageNotReadableException: JSON parse error: Root name ('timestamp') does not match expected ('instance') for type `com.netflix.appinfo.InstanceInfo`
	at org.springframework.http.converter.json.AbstractJackson2HttpMessageConverter.readJavaType(AbstractJackson2HttpMessageConverter.java:408) ~[spring-web-7.0.8.jar:7.0.8]
	at org.springframework.http.converter.json.AbstractJackson2HttpMessageConverter.read(AbstractJackson2HttpMessageConverter.java:356) ~[spring-web-7.0.8.jar:7.0.8]
	at org.springframework.web.client.DefaultRestClient.readWithMessageConverters(DefaultRestClient.java:237) ~[spring-web-7.0.8.jar:7.0.8]
	... 26 common frames omitted
Caused by: com.fasterxml.jackson.databind.exc.MismatchedInputException: Root name ('timestamp') does not match expected ('instance') for type `com.netflix.appinfo.InstanceInfo`
 at [Source: REDACTED (`StreamReadFeature.INCLUDE_SOURCE_IN_LOCATION` disabled); line: 1, column: 2] (through reference chain: com.netflix.appinfo.InstanceInfo["timestamp"])
	at com.fasterxml.jackson.databind.exc.MismatchedInputException.from(MismatchedInputException.java:76) ~[jackson-databind-2.21.4.jar:2.21.4]
	at com.fasterxml.jackson.databind.DeserializationContext.reportPropertyInputMismatch(DeserializationContext.java:1849) ~[jackson-databind-2.21.4.jar:2.21.4]
	at com.fasterxml.jackson.databind.DeserializationContext.reportPropertyInputMismatch(DeserializationContext.java:1865) ~[jackson-databind-2.21.4.jar:2.21.4]
	at com.fasterxml.jackson.databind.deser.DefaultDeserializationContext._unwrapAndDeserialize(DefaultDeserializationContext.java:367) ~[jackson-databind-2.21.4.jar:2.21.4]
	at com.fasterxml.jackson.databind.deser.DefaultDeserializationContext.readRootValue(DefaultDeserializationContext.java:339) ~[jackson-databind-2.21.4.jar:2.21.4]
	at com.fasterxml.jackson.databind.ObjectReader._bindAndClose(ObjectReader.java:2148) ~[jackson-databind-2.21.4.jar:2.21.4]
	at com.fasterxml.jackson.databind.ObjectReader.readValue(ObjectReader.java:1504) ~[jackson-databind-2.21.4.jar:2.21.4]
	at org.springframework.http.converter.json.AbstractJackson2HttpMessageConverter.readJavaType(AbstractJackson2HttpMessageConverter.java:397) ~[spring-web-7.0.8.jar:7.0.8]
	... 28 common frames omitted

2026-07-24T13:48:33.007+05:30  WARN 17334 --- [ConfigServer] [DiscoveryClient-HeartbeatExecutor-%d] c.n.d.s.t.d.RetryableEurekaHttpClient    : Request execution failed with message: Error while extracting response for type [com.netflix.appinfo.InstanceInfo] and content type [application/json]
2026-07-24T13:48:33.007+05:30 ERROR 17334 --- [ConfigServer] [DiscoveryClient-HeartbeatExecutor-%d] com.netflix.discovery.DiscoveryClient    : DiscoveryClient_CONFIGSERVER/null - was unable to send heartbeat!

com.netflix.discovery.shared.transport.TransportException: Cannot execute request on any known server
	at com.netflix.discovery.shared.transport.decorator.RetryableEurekaHttpClient.execute(RetryableEurekaHttpClient.java:112) ~[eureka-client-2.0.6.jar:2.0.6]
	at com.netflix.discovery.shared.transport.decorator.EurekaHttpClientDecorator.sendHeartBeat(EurekaHttpClientDecorator.java:89) ~[eureka-client-2.0.6.jar:2.0.6]
	at com.netflix.discovery.shared.transport.decorator.EurekaHttpClientDecorator$3.execute(EurekaHttpClientDecorator.java:92) ~[eureka-client-2.0.6.jar:2.0.6]
	at com.netflix.discovery.shared.transport.decorator.SessionedEurekaHttpClient.execute(SessionedEurekaHttpClient.java:76) ~[eureka-client-2.0.6.jar:2.0.6]
	at com.netflix.discovery.shared.transport.decorator.EurekaHttpClientDecorator.sendHeartBeat(EurekaHttpClientDecorator.java:89) ~[eureka-client-2.0.6.jar:2.0.6]
	at com.netflix.discovery.DiscoveryClient.renew(DiscoveryClient.java:860) ~[eureka-client-2.0.6.jar:2.0.6]
	at com.netflix.discovery.DiscoveryClient$HeartbeatThread.run(DiscoveryClient.java:1418) ~[eureka-client-2.0.6.jar:2.0.6]
	at java.base/java.util.concurrent.Executors$RunnableAdapter.call(Executors.java:545) ~[na:na]
	at java.base/java.util.concurrent.FutureTask.run(FutureTask.java:328) ~[na:na]
	at java.base/java.util.concurrent.ThreadPoolExecutor.runWorker(ThreadPoolExecutor.java:1090) ~[na:na]
	at java.base/java.util.concurrent.ThreadPoolExecutor$Worker.run(ThreadPoolExecutor.java:614) ~[na:na]
	at java.base/java.lang.Thread.run(Thread.java:1474) ~[na:na]

2026-07-24T13:48:38.029+05:30  INFO 17334 --- [ConfigServer] [DiscoveryClient-HeartbeatExecutor-%d] c.n.d.s.t.d.RedirectingEurekaHttpClient  : Request execution error. endpoint=DefaultEndpoint{ serviceUrl='http://localhost:8761/eureka/}, exception=Error while extracting response for type [com.netflix.appinfo.InstanceInfo] and content type [application/json]

org.springframework.web.client.RestClientException: Error while extracting response for type [com.netflix.appinfo.InstanceInfo] and content type [application/json]
	at org.springframework.web.client.DefaultRestClient.readWithMessageConverters(DefaultRestClient.java:274) ~[spring-web-7.0.8.jar:7.0.8]
	at org.springframework.web.client.DefaultRestClient$DefaultResponseSpec.readBody(DefaultRestClient.java:931) ~[spring-web-7.0.8.jar:7.0.8]
	at org.springframework.web.client.DefaultRestClient$DefaultResponseSpec.lambda$toEntityInternal$0(DefaultRestClient.java:871) ~[spring-web-7.0.8.jar:7.0.8]
	at org.springframework.web.client.DefaultRestClient$DefaultRequestBodyUriSpec.exchangeInternal(DefaultRestClient.java:617) ~[spring-web-7.0.8.jar:7.0.8]
	at org.springframework.web.client.DefaultRestClient$DefaultRequestBodyUriSpec.exchange(DefaultRestClient.java:572) ~[spring-web-7.0.8.jar:7.0.8]
	at org.springframework.web.client.RestClient$RequestHeadersSpec.exchange(RestClient.java:747) ~[spring-web-7.0.8.jar:7.0.8]
	at org.springframework.web.client.DefaultRestClient$DefaultResponseSpec.executeAndExtract(DefaultRestClient.java:924) ~[spring-web-7.0.8.jar:7.0.8]
	at org.springframework.web.client.DefaultRestClient$DefaultResponseSpec.toEntityInternal(DefaultRestClient.java:870) ~[spring-web-7.0.8.jar:7.0.8]
	at org.springframework.web.client.DefaultRestClient$DefaultResponseSpec.toEntity(DefaultRestClient.java:859) ~[spring-web-7.0.8.jar:7.0.8]
	at org.springframework.cloud.netflix.eureka.http.RestClientEurekaHttpClient.sendHeartBeat(RestClientEurekaHttpClient.java:91) ~[spring-cloud-netflix-eureka-client-5.0.2.jar:5.0.2]
	at com.netflix.discovery.shared.transport.decorator.EurekaHttpClientDecorator$3.execute(EurekaHttpClientDecorator.java:92) ~[eureka-client-2.0.6.jar:2.0.6]
	at com.netflix.discovery.shared.transport.decorator.RedirectingEurekaHttpClient.executeOnNewServer(RedirectingEurekaHttpClient.java:120) ~[eureka-client-2.0.6.jar:2.0.6]
	at com.netflix.discovery.shared.transport.decorator.RedirectingEurekaHttpClient.execute(RedirectingEurekaHttpClient.java:79) ~[eureka-client-2.0.6.jar:2.0.6]
	at com.netflix.discovery.shared.transport.decorator.EurekaHttpClientDecorator.sendHeartBeat(EurekaHttpClientDecorator.java:89) ~[eureka-client-2.0.6.jar:2.0.6]
	at com.netflix.discovery.shared.transport.decorator.EurekaHttpClientDecorator$3.execute(EurekaHttpClientDecorator.java:92) ~[eureka-client-2.0.6.jar:2.0.6]
	at com.netflix.discovery.shared.transport.decorator.RetryableEurekaHttpClient.execute(RetryableEurekaHttpClient.java:120) ~[eureka-client-2.0.6.jar:2.0.6]
	at com.netflix.discovery.shared.transport.decorator.EurekaHttpClientDecorator.sendHeartBeat(EurekaHttpClientDecorator.java:89) ~[eureka-client-2.0.6.jar:2.0.6]
	at com.netflix.discovery.shared.transport.decorator.EurekaHttpClientDecorator$3.execute(EurekaHttpClientDecorator.java:92) ~[eureka-client-2.0.6.jar:2.0.6]
	at com.netflix.discovery.shared.transport.decorator.SessionedEurekaHttpClient.execute(SessionedEurekaHttpClient.java:76) ~[eureka-client-2.0.6.jar:2.0.6]
	at com.netflix.discovery.shared.transport.decorator.EurekaHttpClientDecorator.sendHeartBeat(EurekaHttpClientDecorator.java:89) ~[eureka-client-2.0.6.jar:2.0.6]
	at com.netflix.discovery.DiscoveryClient.renew(DiscoveryClient.java:860) ~[eureka-client-2.0.6.jar:2.0.6]
	at com.netflix.discovery.DiscoveryClient$HeartbeatThread.run(DiscoveryClient.java:1418) ~[eureka-client-2.0.6.jar:2.0.6]
	at java.base/java.util.concurrent.Executors$RunnableAdapter.call(Executors.java:545) ~[na:na]
	at java.base/java.util.concurrent.FutureTask.run(FutureTask.java:328) ~[na:na]
	at java.base/java.util.concurrent.ThreadPoolExecutor.runWorker(ThreadPoolExecutor.java:1090) ~[na:na]
	at java.base/java.util.concurrent.ThreadPoolExecutor$Worker.run(ThreadPoolExecutor.java:614) ~[na:na]
	at java.base/java.lang.Thread.run(Thread.java:1474) ~[na:na]
Caused by: org.springframework.http.converter.HttpMessageNotReadableException: JSON parse error: Root name ('timestamp') does not match expected ('instance') for type `com.netflix.appinfo.InstanceInfo`
	at org.springframework.http.converter.json.AbstractJackson2HttpMessageConverter.readJavaType(AbstractJackson2HttpMessageConverter.java:408) ~[spring-web-7.0.8.jar:7.0.8]
	at org.springframework.http.converter.json.AbstractJackson2HttpMessageConverter.read(AbstractJackson2HttpMessageConverter.java:356) ~[spring-web-7.0.8.jar:7.0.8]
	at org.springframework.web.client.DefaultRestClient.readWithMessageConverters(DefaultRestClient.java:237) ~[spring-web-7.0.8.jar:7.0.8]
	... 26 common frames omitted
Caused by: com.fasterxml.jackson.databind.exc.MismatchedInputException: Root name ('timestamp') does not match expected ('instance') for type `com.netflix.appinfo.InstanceInfo`
 at [Source: REDACTED (`StreamReadFeature.INCLUDE_SOURCE_IN_LOCATION` disabled); line: 1, column: 2] (through reference chain: com.netflix.appinfo.InstanceInfo["timestamp"])
	at com.fasterxml.jackson.databind.exc.MismatchedInputException.from(MismatchedInputException.java:76) ~[jackson-databind-2.21.4.jar:2.21.4]
	at com.fasterxml.jackson.databind.DeserializationContext.reportPropertyInputMismatch(DeserializationContext.java:1849) ~[jackson-databind-2.21.4.jar:2.21.4]
	at com.fasterxml.jackson.databind.DeserializationContext.reportPropertyInputMismatch(DeserializationContext.java:1865) ~[jackson-databind-2.21.4.jar:2.21.4]
	at com.fasterxml.jackson.databind.deser.DefaultDeserializationContext._unwrapAndDeserialize(DefaultDeserializationContext.java:367) ~[jackson-databind-2.21.4.jar:2.21.4]
	at com.fasterxml.jackson.databind.deser.DefaultDeserializationContext.readRootValue(DefaultDeserializationContext.java:339) ~[jackson-databind-2.21.4.jar:2.21.4]
	at com.fasterxml.jackson.databind.ObjectReader._bindAndClose(ObjectReader.java:2148) ~[jackson-databind-2.21.4.jar:2.21.4]
	at com.fasterxml.jackson.databind.ObjectReader.readValue(ObjectReader.java:1504) ~[jackson-databind-2.21.4.jar:2.21.4]
	at org.springframework.http.converter.json.AbstractJackson2HttpMessageConverter.readJavaType(AbstractJackson2HttpMessageConverter.java:397) ~[spring-web-7.0.8.jar:7.0.8]
	... 28 common frames omitted

2026-07-24T13:48:38.030+05:30  WARN 17334 --- [ConfigServer] [DiscoveryClient-HeartbeatExecutor-%d] c.n.d.s.t.d.RetryableEurekaHttpClient    : Request execution failed with message: Error while extracting response for type [com.netflix.appinfo.InstanceInfo] and content type [application/json]
2026-07-24T13:48:38.030+05:30 ERROR 17334 --- [ConfigServer] [DiscoveryClient-HeartbeatExecutor-%d] com.netflix.discovery.DiscoveryClient    : DiscoveryClient_CONFIGSERVER/null - was unable to send heartbeat!

com.netflix.discovery.shared.transport.TransportException: Cannot execute request on any known server
	at com.netflix.discovery.shared.transport.decorator.RetryableEurekaHttpClient.execute(RetryableEurekaHttpClient.java:112) ~[eureka-client-2.0.6.jar:2.0.6]
	at com.netflix.discovery.shared.transport.decorator.EurekaHttpClientDecorator.sendHeartBeat(EurekaHttpClientDecorator.java:89) ~[eureka-client-2.0.6.jar:2.0.6]
	at com.netflix.discovery.shared.transport.decorator.EurekaHttpClientDecorator$3.execute(EurekaHttpClientDecorator.java:92) ~[eureka-client-2.0.6.jar:2.0.6]
	at com.netflix.discovery.shared.transport.decorator.SessionedEurekaHttpClient.execute(SessionedEurekaHttpClient.java:76) ~[eureka-client-2.0.6.jar:2.0.6]
	at com.netflix.discovery.shared.transport.decorator.EurekaHttpClientDecorator.sendHeartBeat(EurekaHttpClientDecorator.java:89) ~[eureka-client-2.0.6.jar:2.0.6]
	at com.netflix.discovery.DiscoveryClient.renew(DiscoveryClient.java:860) ~[eureka-client-2.0.6.jar:2.0.6]
	at com.netflix.discovery.DiscoveryClient$HeartbeatThread.run(DiscoveryClient.java:1418) ~[eureka-client-2.0.6.jar:2.0.6]
	at java.base/java.util.concurrent.Executors$RunnableAdapter.call(Executors.java:545) ~[na:na]
	at java.base/java.util.concurrent.FutureTask.run(FutureTask.java:328) ~[na:na]
	at java.base/java.util.concurrent.ThreadPoolExecutor.runWorker(ThreadPoolExecutor.java:1090) ~[na:na]
	at java.base/java.util.concurrent.ThreadPoolExecutor$Worker.run(ThreadPoolExecutor.java:614) ~[na:na]
	at java.base/java.lang.Thread.run(Thread.java:1474) ~[na:na]

2026-07-24T13:48:42.896+05:30  INFO 17334 --- [ConfigServer] [DiscoveryClient-CacheRefreshExecutor-%d] com.netflix.discovery.DiscoveryClient    : Disable delta property : false
2026-07-24T13:48:42.897+05:30  INFO 17334 --- [ConfigServer] [DiscoveryClient-CacheRefreshExecutor-%d] com.netflix.discovery.DiscoveryClient    : Single vip registry refresh property : null
2026-07-24T13:48:42.897+05:30  INFO 17334 --- [ConfigServer] [DiscoveryClient-CacheRefreshExecutor-%d] com.netflix.discovery.DiscoveryClient    : Force full registry fetch : false
2026-07-24T13:48:42.897+05:30  INFO 17334 --- [ConfigServer] [DiscoveryClient-CacheRefreshExecutor-%d] com.netflix.discovery.DiscoveryClient    : Application is null : false
2026-07-24T13:48:42.897+05:30  INFO 17334 --- [ConfigServer] [DiscoveryClient-CacheRefreshExecutor-%d] com.netflix.discovery.DiscoveryClient    : Registered Applications size is zero : true
2026-07-24T13:48:42.897+05:30  INFO 17334 --- [ConfigServer] [DiscoveryClient-CacheRefreshExecutor-%d] com.netflix.discovery.DiscoveryClient    : Application version is -1: false
2026-07-24T13:48:42.897+05:30  INFO 17334 --- [ConfigServer] [DiscoveryClient-CacheRefreshExecutor-%d] com.netflix.discovery.DiscoveryClient    : Getting all instance registry info from the eureka server
2026-07-24T13:48:42.904+05:30  INFO 17334 --- [ConfigServer] [DiscoveryClient-CacheRefreshExecutor-%d] com.netflix.discovery.DiscoveryClient    : The response status is 200
2026-07-24T13:48:42.926+05:30  INFO 17334 --- [ConfigServer] [DiscoveryClient-InstanceInfoReplicator-%d] com.netflix.discovery.DiscoveryClient    : DiscoveryClient_CONFIGSERVER/null: registering service...
2026-07-24T13:48:42.945+05:30  WARN 17334 --- [ConfigServer] [DiscoveryClient-InstanceInfoReplicator-%d] c.n.d.s.t.d.RetryableEurekaHttpClient    : Request execution failure with status code 400; retrying on another server if available
2026-07-24T13:48:42.946+05:30  WARN 17334 --- [ConfigServer] [DiscoveryClient-InstanceInfoReplicator-%d] com.netflix.discovery.DiscoveryClient    : DiscoveryClient_CONFIGSERVER/null - registration failed Cannot execute request on any known server

com.netflix.discovery.shared.transport.TransportException: Cannot execute request on any known server
	at com.netflix.discovery.shared.transport.decorator.RetryableEurekaHttpClient.execute(RetryableEurekaHttpClient.java:112) ~[eureka-client-2.0.6.jar:2.0.6]
	at com.netflix.discovery.shared.transport.decorator.EurekaHttpClientDecorator.register(EurekaHttpClientDecorator.java:56) ~[eureka-client-2.0.6.jar:2.0.6]
	at com.netflix.discovery.shared.transport.decorator.EurekaHttpClientDecorator$1.execute(EurekaHttpClientDecorator.java:59) ~[eureka-client-2.0.6.jar:2.0.6]
	at com.netflix.discovery.shared.transport.decorator.SessionedEurekaHttpClient.execute(SessionedEurekaHttpClient.java:76) ~[eureka-client-2.0.6.jar:2.0.6]
	at com.netflix.discovery.shared.transport.decorator.EurekaHttpClientDecorator.register(EurekaHttpClientDecorator.java:56) ~[eureka-client-2.0.6.jar:2.0.6]
	at com.netflix.discovery.DiscoveryClient.register(DiscoveryClient.java:843) ~[eureka-client-2.0.6.jar:2.0.6]
	at com.netflix.discovery.InstanceInfoReplicator.run(InstanceInfoReplicator.java:125) ~[eureka-client-2.0.6.jar:2.0.6]
	at java.base/java.util.concurrent.Executors$RunnableAdapter.call(Executors.java:545) ~[na:na]
	at java.base/java.util.concurrent.FutureTask.run(FutureTask.java:328) ~[na:na]
	at java.base/java.util.concurrent.ScheduledThreadPoolExecutor$ScheduledFutureTask.run(ScheduledThreadPoolExecutor.java:309) ~[na:na]
	at java.base/java.util.concurrent.ThreadPoolExecutor.runWorker(ThreadPoolExecutor.java:1090) ~[na:na]
	at java.base/java.util.concurrent.ThreadPoolExecutor$Worker.run(ThreadPoolExecutor.java:614) ~[na:na]
	at java.base/java.lang.Thread.run(Thread.java:1474) ~[na:na]

2026-07-24T13:48:42.946+05:30  WARN 17334 --- [ConfigServer] [DiscoveryClient-InstanceInfoReplicator-%d] c.n.discovery.InstanceInfoReplicator     : There was a problem with the instance info replicator

com.netflix.discovery.shared.transport.TransportException: Cannot execute request on any known server
	at com.netflix.discovery.shared.transport.decorator.RetryableEurekaHttpClient.execute(RetryableEurekaHttpClient.java:112) ~[eureka-client-2.0.6.jar:2.0.6]
	at com.netflix.discovery.shared.transport.decorator.EurekaHttpClientDecorator.register(EurekaHttpClientDecorator.java:56) ~[eureka-client-2.0.6.jar:2.0.6]
	at com.netflix.discovery.shared.transport.decorator.EurekaHttpClientDecorator$1.execute(EurekaHttpClientDecorator.java:59) ~[eureka-client-2.0.6.jar:2.0.6]
	at com.netflix.discovery.shared.transport.decorator.SessionedEurekaHttpClient.execute(SessionedEurekaHttpClient.java:76) ~[eureka-client-2.0.6.jar:2.0.6]
	at com.netflix.discovery.shared.transport.decorator.EurekaHttpClientDecorator.register(EurekaHttpClientDecorator.java:56) ~[eureka-client-2.0.6.jar:2.0.6]
	at com.netflix.discovery.DiscoveryClient.register(DiscoveryClient.java:843) ~[eureka-client-2.0.6.jar:2.0.6]
	at com.netflix.discovery.InstanceInfoReplicator.run(InstanceInfoReplicator.java:125) ~[eureka-client-2.0.6.jar:2.0.6]
	at java.base/java.util.concurrent.Executors$RunnableAdapter.call(Executors.java:545) ~[na:na]
	at java.base/java.util.concurrent.FutureTask.run(FutureTask.java:328) ~[na:na]
	at java.base/java.util.concurrent.ScheduledThreadPoolExecutor$ScheduledFutureTask.run(ScheduledThreadPoolExecutor.java:309) ~[na:na]
	at java.base/java.util.concurrent.ThreadPoolExecutor.runWorker(ThreadPoolExecutor.java:1090) ~[na:na]
	at java.base/java.util.concurrent.ThreadPoolExecutor$Worker.run(ThreadPoolExecutor.java:614) ~[na:na]
	at java.base/java.lang.Thread.run(Thread.java:1474) ~[na:na]

2026-07-24T13:48:43.048+05:30  INFO 17334 --- [ConfigServer] [DiscoveryClient-HeartbeatExecutor-%d] c.n.d.s.t.d.RedirectingEurekaHttpClient  : Request execution error. endpoint=DefaultEndpoint{ serviceUrl='http://localhost:8761/eureka/}, exception=Error while extracting response for type [com.netflix.appinfo.InstanceInfo] and content type [application/json]

org.springframework.web.client.RestClientException: Error while extracting response for type [com.netflix.appinfo.InstanceInfo] and content type [application/json]
	at org.springframework.web.client.DefaultRestClient.readWithMessageConverters(DefaultRestClient.java:274) ~[spring-web-7.0.8.jar:7.0.8]
	at org.springframework.web.client.DefaultRestClient$DefaultResponseSpec.readBody(DefaultRestClient.java:931) ~[spring-web-7.0.8.jar:7.0.8]
	at org.springframework.web.client.DefaultRestClient$DefaultResponseSpec.lambda$toEntityInternal$0(DefaultRestClient.java:871) ~[spring-web-7.0.8.jar:7.0.8]
	at org.springframework.web.client.DefaultRestClient$DefaultRequestBodyUriSpec.exchangeInternal(DefaultRestClient.java:617) ~[spring-web-7.0.8.jar:7.0.8]
	at org.springframework.web.client.DefaultRestClient$DefaultRequestBodyUriSpec.exchange(DefaultRestClient.java:572) ~[spring-web-7.0.8.jar:7.0.8]
	at org.springframework.web.client.RestClient$RequestHeadersSpec.exchange(RestClient.java:747) ~[spring-web-7.0.8.jar:7.0.8]
	at org.springframework.web.client.DefaultRestClient$DefaultResponseSpec.executeAndExtract(DefaultRestClient.java:924) ~[spring-web-7.0.8.jar:7.0.8]
	at org.springframework.web.client.DefaultRestClient$DefaultResponseSpec.toEntityInternal(DefaultRestClient.java:870) ~[spring-web-7.0.8.jar:7.0.8]
	at org.springframework.web.client.DefaultRestClient$DefaultResponseSpec.toEntity(DefaultRestClient.java:859) ~[spring-web-7.0.8.jar:7.0.8]
	at org.springframework.cloud.netflix.eureka.http.RestClientEurekaHttpClient.sendHeartBeat(RestClientEurekaHttpClient.java:91) ~[spring-cloud-netflix-eureka-client-5.0.2.jar:5.0.2]
	at com.netflix.discovery.shared.transport.decorator.EurekaHttpClientDecorator$3.execute(EurekaHttpClientDecorator.java:92) ~[eureka-client-2.0.6.jar:2.0.6]
	at com.netflix.discovery.shared.transport.decorator.RedirectingEurekaHttpClient.executeOnNewServer(RedirectingEurekaHttpClient.java:120) ~[eureka-client-2.0.6.jar:2.0.6]
	at com.netflix.discovery.shared.transport.decorator.RedirectingEurekaHttpClient.execute(RedirectingEurekaHttpClient.java:79) ~[eureka-client-2.0.6.jar:2.0.6]
	at com.netflix.discovery.shared.transport.decorator.EurekaHttpClientDecorator.sendHeartBeat(EurekaHttpClientDecorator.java:89) ~[eureka-client-2.0.6.jar:2.0.6]
	at com.netflix.discovery.shared.transport.decorator.EurekaHttpClientDecorator$3.execute(EurekaHttpClientDecorator.java:92) ~[eureka-client-2.0.6.jar:2.0.6]
	at com.netflix.discovery.shared.transport.decorator.RetryableEurekaHttpClient.execute(RetryableEurekaHttpClient.java:120) ~[eureka-client-2.0.6.jar:2.0.6]
	at com.netflix.discovery.shared.transport.decorator.EurekaHttpClientDecorator.sendHeartBeat(EurekaHttpClientDecorator.java:89) ~[eureka-client-2.0.6.jar:2.0.6]
	at com.netflix.discovery.shared.transport.decorator.EurekaHttpClientDecorator$3.execute(EurekaHttpClientDecorator.java:92) ~[eureka-client-2.0.6.jar:2.0.6]
	at com.netflix.discovery.shared.transport.decorator.SessionedEurekaHttpClient.execute(SessionedEurekaHttpClient.java:76) ~[eureka-client-2.0.6.jar:2.0.6]
	at com.netflix.discovery.shared.transport.decorator.EurekaHttpClientDecorator.sendHeartBeat(EurekaHttpClientDecorator.java:89) ~[eureka-client-2.0.6.jar:2.0.6]
	at com.netflix.discovery.DiscoveryClient.renew(DiscoveryClient.java:860) ~[eureka-client-2.0.6.jar:2.0.6]
	at com.netflix.discovery.DiscoveryClient$HeartbeatThread.run(DiscoveryClient.java:1418) ~[eureka-client-2.0.6.jar:2.0.6]
	at java.base/java.util.concurrent.Executors$RunnableAdapter.call(Executors.java:545) ~[na:na]
	at java.base/java.util.concurrent.FutureTask.run(FutureTask.java:328) ~[na:na]
	at java.base/java.util.concurrent.ThreadPoolExecutor.runWorker(ThreadPoolExecutor.java:1090) ~[na:na]
	at java.base/java.util.concurrent.ThreadPoolExecutor$Worker.run(ThreadPoolExecutor.java:614) ~[na:na]
	at java.base/java.lang.Thread.run(Thread.java:1474) ~[na:na]
Caused by: org.springframework.http.converter.HttpMessageNotReadableException: JSON parse error: Root name ('timestamp') does not match expected ('instance') for type `com.netflix.appinfo.InstanceInfo`
	at org.springframework.http.converter.json.AbstractJackson2HttpMessageConverter.readJavaType(AbstractJackson2HttpMessageConverter.java:408) ~[spring-web-7.0.8.jar:7.0.8]
	at org.springframework.http.converter.json.AbstractJackson2HttpMessageConverter.read(AbstractJackson2HttpMessageConverter.java:356) ~[spring-web-7.0.8.jar:7.0.8]
	at org.springframework.web.client.DefaultRestClient.readWithMessageConverters(DefaultRestClient.java:237) ~[spring-web-7.0.8.jar:7.0.8]
	... 26 common frames omitted
Caused by: com.fasterxml.jackson.databind.exc.MismatchedInputException: Root name ('timestamp') does not match expected ('instance') for type `com.netflix.appinfo.InstanceInfo`
 at [Source: REDACTED (`StreamReadFeature.INCLUDE_SOURCE_IN_LOCATION` disabled); line: 1, column: 2] (through reference chain: com.netflix.appinfo.InstanceInfo["timestamp"])
	at com.fasterxml.jackson.databind.exc.MismatchedInputException.from(MismatchedInputException.java:76) ~[jackson-databind-2.21.4.jar:2.21.4]
	at com.fasterxml.jackson.databind.DeserializationContext.reportPropertyInputMismatch(DeserializationContext.java:1849) ~[jackson-databind-2.21.4.jar:2.21.4]
	at com.fasterxml.jackson.databind.DeserializationContext.reportPropertyInputMismatch(DeserializationContext.java:1865) ~[jackson-databind-2.21.4.jar:2.21.4]
	at com.fasterxml.jackson.databind.deser.DefaultDeserializationContext._unwrapAndDeserialize(DefaultDeserializationContext.java:367) ~[jackson-databind-2.21.4.jar:2.21.4]
	at com.fasterxml.jackson.databind.deser.DefaultDeserializationContext.readRootValue(DefaultDeserializationContext.java:339) ~[jackson-databind-2.21.4.jar:2.21.4]
	at com.fasterxml.jackson.databind.ObjectReader._bindAndClose(ObjectReader.java:2148) ~[jackson-databind-2.21.4.jar:2.21.4]
	at com.fasterxml.jackson.databind.ObjectReader.readValue(ObjectReader.java:1504) ~[jackson-databind-2.21.4.jar:2.21.4]
	at org.springframework.http.converter.json.AbstractJackson2HttpMessageConverter.readJavaType(AbstractJackson2HttpMessageConverter.java:397) ~[spring-web-7.0.8.jar:7.0.8]
	... 28 common frames omitted

2026-07-24T13:48:43.048+05:30  WARN 17334 --- [ConfigServer] [DiscoveryClient-HeartbeatExecutor-%d] c.n.d.s.t.d.RetryableEurekaHttpClient    : Request execution failed with message: Error while extracting response for type [com.netflix.appinfo.InstanceInfo] and content type [application/json]
2026-07-24T13:48:43.048+05:30 ERROR 17334 --- [ConfigServer] [DiscoveryClient-HeartbeatExecutor-%d] com.netflix.discovery.DiscoveryClient    : DiscoveryClient_CONFIGSERVER/null - was unable to send heartbeat!

com.netflix.discovery.shared.transport.TransportException: Cannot execute request on any known server
	at com.netflix.discovery.shared.transport.decorator.RetryableEurekaHttpClient.execute(RetryableEurekaHttpClient.java:112) ~[eureka-client-2.0.6.jar:2.0.6]
	at com.netflix.discovery.shared.transport.decorator.EurekaHttpClientDecorator.sendHeartBeat(EurekaHttpClientDecorator.java:89) ~[eureka-client-2.0.6.jar:2.0.6]
	at com.netflix.discovery.shared.transport.decorator.EurekaHttpClientDecorator$3.execute(EurekaHttpClientDecorator.java:92) ~[eureka-client-2.0.6.jar:2.0.6]
	at com.netflix.discovery.shared.transport.decorator.SessionedEurekaHttpClient.execute(SessionedEurekaHttpClient.java:76) ~[eureka-client-2.0.6.jar:2.0.6]
	at com.netflix.discovery.shared.transport.decorator.EurekaHttpClientDecorator.sendHeartBeat(EurekaHttpClientDecorator.java:89) ~[eureka-client-2.0.6.jar:2.0.6]
	at com.netflix.discovery.DiscoveryClient.renew(DiscoveryClient.java:860) ~[eureka-client-2.0.6.jar:2.0.6]
	at com.netflix.discovery.DiscoveryClient$HeartbeatThread.run(DiscoveryClient.java:1418) ~[eureka-client-2.0.6.jar:2.0.6]
	at java.base/java.util.concurrent.Executors$RunnableAdapter.call(Executors.java:545) ~[na:na]
	at java.base/java.util.concurrent.FutureTask.run(FutureTask.java:328) ~[na:na]
	at java.base/java.util.concurrent.ThreadPoolExecutor.runWorker(ThreadPoolExecutor.java:1090) ~[na:na]
	at java.base/java.util.concurrent.ThreadPoolExecutor$Worker.run(ThreadPoolExecutor.java:614) ~[na:na]
	at java.base/java.lang.Thread.run(Thread.java:1474) ~[na:na]

2026-07-24T13:48:48.063+05:30  INFO 17334 --- [ConfigServer] [DiscoveryClient-HeartbeatExecutor-%d] c.n.d.s.t.d.RedirectingEurekaHttpClient  : Request execution error. endpoint=DefaultEndpoint{ serviceUrl='http://localhost:8761/eureka/}, exception=Error while extracting response for type [com.netflix.appinfo.InstanceInfo] and content type [application/json]

org.springframework.web.client.RestClientException: Error while extracting response for type [com.netflix.appinfo.InstanceInfo] and content type [application/json]
	at org.springframework.web.client.DefaultRestClient.readWithMessageConverters(DefaultRestClient.java:274) ~[spring-web-7.0.8.jar:7.0.8]
	at org.springframework.web.client.DefaultRestClient$DefaultResponseSpec.readBody(DefaultRestClient.java:931) ~[spring-web-7.0.8.jar:7.0.8]
	at org.springframework.web.client.DefaultRestClient$DefaultResponseSpec.lambda$toEntityInternal$0(DefaultRestClient.java:871) ~[spring-web-7.0.8.jar:7.0.8]
	at org.springframework.web.client.DefaultRestClient$DefaultRequestBodyUriSpec.exchangeInternal(DefaultRestClient.java:617) ~[spring-web-7.0.8.jar:7.0.8]
	at org.springframework.web.client.DefaultRestClient$DefaultRequestBodyUriSpec.exchange(DefaultRestClient.java:572) ~[spring-web-7.0.8.jar:7.0.8]
	at org.springframework.web.client.RestClient$RequestHeadersSpec.exchange(RestClient.java:747) ~[spring-web-7.0.8.jar:7.0.8]
	at org.springframework.web.client.DefaultRestClient$DefaultResponseSpec.executeAndExtract(DefaultRestClient.java:924) ~[spring-web-7.0.8.jar:7.0.8]
	at org.springframework.web.client.DefaultRestClient$DefaultResponseSpec.toEntityInternal(DefaultRestClient.java:870) ~[spring-web-7.0.8.jar:7.0.8]
	at org.springframework.web.client.DefaultRestClient$DefaultResponseSpec.toEntity(DefaultRestClient.java:859) ~[spring-web-7.0.8.jar:7.0.8]
	at org.springframework.cloud.netflix.eureka.http.RestClientEurekaHttpClient.sendHeartBeat(RestClientEurekaHttpClient.java:91) ~[spring-cloud-netflix-eureka-client-5.0.2.jar:5.0.2]
	at com.netflix.discovery.shared.transport.decorator.EurekaHttpClientDecorator$3.execute(EurekaHttpClientDecorator.java:92) ~[eureka-client-2.0.6.jar:2.0.6]
	at com.netflix.discovery.shared.transport.decorator.RedirectingEurekaHttpClient.executeOnNewServer(RedirectingEurekaHttpClient.java:120) ~[eureka-client-2.0.6.jar:2.0.6]
	at com.netflix.discovery.shared.transport.decorator.RedirectingEurekaHttpClient.execute(RedirectingEurekaHttpClient.java:79) ~[eureka-client-2.0.6.jar:2.0.6]
	at com.netflix.discovery.shared.transport.decorator.EurekaHttpClientDecorator.sendHeartBeat(EurekaHttpClientDecorator.java:89) ~[eureka-client-2.0.6.jar:2.0.6]
	at com.netflix.discovery.shared.transport.decorator.EurekaHttpClientDecorator$3.execute(EurekaHttpClientDecorator.java:92) ~[eureka-client-2.0.6.jar:2.0.6]
	at com.netflix.discovery.shared.transport.decorator.RetryableEurekaHttpClient.execute(RetryableEurekaHttpClient.java:120) ~[eureka-client-2.0.6.jar:2.0.6]
	at com.netflix.discovery.shared.transport.decorator.EurekaHttpClientDecorator.sendHeartBeat(EurekaHttpClientDecorator.java:89) ~[eureka-client-2.0.6.jar:2.0.6]
	at com.netflix.discovery.shared.transport.decorator.EurekaHttpClientDecorator$3.execute(EurekaHttpClientDecorator.java:92) ~[eureka-client-2.0.6.jar:2.0.6]
	at com.netflix.discovery.shared.transport.decorator.SessionedEurekaHttpClient.execute(SessionedEurekaHttpClient.java:76) ~[eureka-client-2.0.6.jar:2.0.6]
	at com.netflix.discovery.shared.transport.decorator.EurekaHttpClientDecorator.sendHeartBeat(EurekaHttpClientDecorator.java:89) ~[eureka-client-2.0.6.jar:2.0.6]
	at com.netflix.discovery.DiscoveryClient.renew(DiscoveryClient.java:860) ~[eureka-client-2.0.6.jar:2.0.6]
	at com.netflix.discovery.DiscoveryClient$HeartbeatThread.run(DiscoveryClient.java:1418) ~[eureka-client-2.0.6.jar:2.0.6]
	at java.base/java.util.concurrent.Executors$RunnableAdapter.call(Executors.java:545) ~[na:na]
	at java.base/java.util.concurrent.FutureTask.run(FutureTask.java:328) ~[na:na]
	at java.base/java.util.concurrent.ThreadPoolExecutor.runWorker(ThreadPoolExecutor.java:1090) ~[na:na]
	at java.base/java.util.concurrent.ThreadPoolExecutor$Worker.run(ThreadPoolExecutor.java:614) ~[na:na]
	at java.base/java.lang.Thread.run(Thread.java:1474) ~[na:na]
Caused by: org.springframework.http.converter.HttpMessageNotReadableException: JSON parse error: Root name ('timestamp') does not match expected ('instance') for type `com.netflix.appinfo.InstanceInfo`
	at org.springframework.http.converter.json.AbstractJackson2HttpMessageConverter.readJavaType(AbstractJackson2HttpMessageConverter.java:408) ~[spring-web-7.0.8.jar:7.0.8]
	at org.springframework.http.converter.json.AbstractJackson2HttpMessageConverter.read(AbstractJackson2HttpMessageConverter.java:356) ~[spring-web-7.0.8.jar:7.0.8]
	at org.springframework.web.client.DefaultRestClient.readWithMessageConverters(DefaultRestClient.java:237) ~[spring-web-7.0.8.jar:7.0.8]
	... 26 common frames omitted
Caused by: com.fasterxml.jackson.databind.exc.MismatchedInputException: Root name ('timestamp') does not match expected ('instance') for type `com.netflix.appinfo.InstanceInfo`
 at [Source: REDACTED (`StreamReadFeature.INCLUDE_SOURCE_IN_LOCATION` disabled); line: 1, column: 2] (through reference chain: com.netflix.appinfo.InstanceInfo["timestamp"])
	at com.fasterxml.jackson.databind.exc.MismatchedInputException.from(MismatchedInputException.java:76) ~[jackson-databind-2.21.4.jar:2.21.4]
	at com.fasterxml.jackson.databind.DeserializationContext.reportPropertyInputMismatch(DeserializationContext.java:1849) ~[jackson-databind-2.21.4.jar:2.21.4]
	at com.fasterxml.jackson.databind.DeserializationContext.reportPropertyInputMismatch(DeserializationContext.java:1865) ~[jackson-databind-2.21.4.jar:2.21.4]
	at com.fasterxml.jackson.databind.deser.DefaultDeserializationContext._unwrapAndDeserialize(DefaultDeserializationContext.java:367) ~[jackson-databind-2.21.4.jar:2.21.4]
	at com.fasterxml.jackson.databind.deser.DefaultDeserializationContext.readRootValue(DefaultDeserializationContext.java:339) ~[jackson-databind-2.21.4.jar:2.21.4]
	at com.fasterxml.jackson.databind.ObjectReader._bindAndClose(ObjectReader.java:2148) ~[jackson-databind-2.21.4.jar:2.21.4]
	at com.fasterxml.jackson.databind.ObjectReader.readValue(ObjectReader.java:1504) ~[jackson-databind-2.21.4.jar:2.21.4]
	at org.springframework.http.converter.json.AbstractJackson2HttpMessageConverter.readJavaType(AbstractJackson2HttpMessageConverter.java:397) ~[spring-web-7.0.8.jar:7.0.8]
	... 28 common frames omitted

2026-07-24T13:48:48.064+05:30  WARN 17334 --- [ConfigServer] [DiscoveryClient-HeartbeatExecutor-%d] c.n.d.s.t.d.RetryableEurekaHttpClient    : Request execution failed with message: Error while extracting response for type [com.netflix.appinfo.InstanceInfo] and content type [application/json]
2026-07-24T13:48:48.064+05:30 ERROR 17334 --- [ConfigServer] [DiscoveryClient-HeartbeatExecutor-%d] com.netflix.discovery.DiscoveryClient    : DiscoveryClient_CONFIGSERVER/null - was unable to send heartbeat!

com.netflix.discovery.shared.transport.TransportException: Cannot execute request on any known server
	at com.netflix.discovery.shared.transport.decorator.RetryableEurekaHttpClient.execute(RetryableEurekaHttpClient.java:112) ~[eureka-client-2.0.6.jar:2.0.6]
	at com.netflix.discovery.shared.transport.decorator.EurekaHttpClientDecorator.sendHeartBeat(EurekaHttpClientDecorator.java:89) ~[eureka-client-2.0.6.jar:2.0.6]
	at com.netflix.discovery.shared.transport.decorator.EurekaHttpClientDecorator$3.execute(EurekaHttpClientDecorator.java:92) ~[eureka-client-2.0.6.jar:2.0.6]
	at com.netflix.discovery.shared.transport.decorator.SessionedEurekaHttpClient.execute(SessionedEurekaHttpClient.java:76) ~[eureka-client-2.0.6.jar:2.0.6]
	at com.netflix.discovery.shared.transport.decorator.EurekaHttpClientDecorator.sendHeartBeat(EurekaHttpClientDecorator.java:89) ~[eureka-client-2.0.6.jar:2.0.6]
	at com.netflix.discovery.DiscoveryClient.renew(DiscoveryClient.java:860) ~[eureka-client-2.0.6.jar:2.0.6]
	at com.netflix.discovery.DiscoveryClient$HeartbeatThread.run(DiscoveryClient.java:1418) ~[eureka-client-2.0.6.jar:2.0.6]
	at java.base/java.util.concurrent.Executors$RunnableAdapter.call(Executors.java:545) ~[na:na]
	at java.base/java.util.concurrent.FutureTask.run(FutureTask.java:328) ~[na:na]
	at java.base/java.util.concurrent.ThreadPoolExecutor.runWorker(ThreadPoolExecutor.java:1090) ~[na:na]
	at java.base/java.util.concurrent.ThreadPoolExecutor$Worker.run(ThreadPoolExecutor.java:614) ~[na:na]
	at java.base/java.lang.Thread.run(Thread.java:1474) ~[na:na]

2026-07-24T13:48:53.079+05:30  INFO 17334 --- [ConfigServer] [DiscoveryClient-HeartbeatExecutor-%d] c.n.d.s.t.d.RedirectingEurekaHttpClient  : Request execution error. endpoint=DefaultEndpoint{ serviceUrl='http://localhost:8761/eureka/}, exception=Error while extracting response for type [com.netflix.appinfo.InstanceInfo] and content type [application/json]

org.springframework.web.client.RestClientException: Error while extracting response for type [com.netflix.appinfo.InstanceInfo] and content type [application/json]
	at org.springframework.web.client.DefaultRestClient.readWithMessageConverters(DefaultRestClient.java:274) ~[spring-web-7.0.8.jar:7.0.8]
	at org.springframework.web.client.DefaultRestClient$DefaultResponseSpec.readBody(DefaultRestClient.java:931) ~[spring-web-7.0.8.jar:7.0.8]
	at org.springframework.web.client.DefaultRestClient$DefaultResponseSpec.lambda$toEntityInternal$0(DefaultRestClient.java:871) ~[spring-web-7.0.8.jar:7.0.8]
	at org.springframework.web.client.DefaultRestClient$DefaultRequestBodyUriSpec.exchangeInternal(DefaultRestClient.java:617) ~[spring-web-7.0.8.jar:7.0.8]
	at org.springframework.web.client.DefaultRestClient$DefaultRequestBodyUriSpec.exchange(DefaultRestClient.java:572) ~[spring-web-7.0.8.jar:7.0.8]
	at org.springframework.web.client.RestClient$RequestHeadersSpec.exchange(RestClient.java:747) ~[spring-web-7.0.8.jar:7.0.8]
	at org.springframework.web.client.DefaultRestClient$DefaultResponseSpec.executeAndExtract(DefaultRestClient.java:924) ~[spring-web-7.0.8.jar:7.0.8]
	at org.springframework.web.client.DefaultRestClient$DefaultResponseSpec.toEntityInternal(DefaultRestClient.java:870) ~[spring-web-7.0.8.jar:7.0.8]
	at org.springframework.web.client.DefaultRestClient$DefaultResponseSpec.toEntity(DefaultRestClient.java:859) ~[spring-web-7.0.8.jar:7.0.8]
	at org.springframework.cloud.netflix.eureka.http.RestClientEurekaHttpClient.sendHeartBeat(RestClientEurekaHttpClient.java:91) ~[spring-cloud-netflix-eureka-client-5.0.2.jar:5.0.2]
	at com.netflix.discovery.shared.transport.decorator.EurekaHttpClientDecorator$3.execute(EurekaHttpClientDecorator.java:92) ~[eureka-client-2.0.6.jar:2.0.6]
	at com.netflix.discovery.shared.transport.decorator.RedirectingEurekaHttpClient.executeOnNewServer(RedirectingEurekaHttpClient.java:120) ~[eureka-client-2.0.6.jar:2.0.6]
	at com.netflix.discovery.shared.transport.decorator.RedirectingEurekaHttpClient.execute(RedirectingEurekaHttpClient.java:79) ~[eureka-client-2.0.6.jar:2.0.6]
	at com.netflix.discovery.shared.transport.decorator.EurekaHttpClientDecorator.sendHeartBeat(EurekaHttpClientDecorator.java:89) ~[eureka-client-2.0.6.jar:2.0.6]
	at com.netflix.discovery.shared.transport.decorator.EurekaHttpClientDecorator$3.execute(EurekaHttpClientDecorator.java:92) ~[eureka-client-2.0.6.jar:2.0.6]
	at com.netflix.discovery.shared.transport.decorator.RetryableEurekaHttpClient.execute(RetryableEurekaHttpClient.java:120) ~[eureka-client-2.0.6.jar:2.0.6]
	at com.netflix.discovery.shared.transport.decorator.EurekaHttpClientDecorator.sendHeartBeat(EurekaHttpClientDecorator.java:89) ~[eureka-client-2.0.6.jar:2.0.6]
	at com.netflix.discovery.shared.transport.decorator.EurekaHttpClientDecorator$3.execute(EurekaHttpClientDecorator.java:92) ~[eureka-client-2.0.6.jar:2.0.6]
	at com.netflix.discovery.shared.transport.decorator.SessionedEurekaHttpClient.execute(SessionedEurekaHttpClient.java:76) ~[eureka-client-2.0.6.jar:2.0.6]
	at com.netflix.discovery.shared.transport.decorator.EurekaHttpClientDecorator.sendHeartBeat(EurekaHttpClientDecorator.java:89) ~[eureka-client-2.0.6.jar:2.0.6]
	at com.netflix.discovery.DiscoveryClient.renew(DiscoveryClient.java:860) ~[eureka-client-2.0.6.jar:2.0.6]
	at com.netflix.discovery.DiscoveryClient$HeartbeatThread.run(DiscoveryClient.java:1418) ~[eureka-client-2.0.6.jar:2.0.6]
	at java.base/java.util.concurrent.Executors$RunnableAdapter.call(Executors.java:545) ~[na:na]
	at java.base/java.util.concurrent.FutureTask.run(FutureTask.java:328) ~[na:na]
	at java.base/java.util.concurrent.ThreadPoolExecutor.runWorker(ThreadPoolExecutor.java:1090) ~[na:na]
	at java.base/java.util.concurrent.ThreadPoolExecutor$Worker.run(ThreadPoolExecutor.java:614) ~[na:na]
	at java.base/java.lang.Thread.run(Thread.java:1474) ~[na:na]
Caused by: org.springframework.http.converter.HttpMessageNotReadableException: JSON parse error: Root name ('timestamp') does not match expected ('instance') for type `com.netflix.appinfo.InstanceInfo`
	at org.springframework.http.converter.json.AbstractJackson2HttpMessageConverter.readJavaType(AbstractJackson2HttpMessageConverter.java:408) ~[spring-web-7.0.8.jar:7.0.8]
	at org.springframework.http.converter.json.AbstractJackson2HttpMessageConverter.read(AbstractJackson2HttpMessageConverter.java:356) ~[spring-web-7.0.8.jar:7.0.8]
	at org.springframework.web.client.DefaultRestClient.readWithMessageConverters(DefaultRestClient.java:237) ~[spring-web-7.0.8.jar:7.0.8]
	... 26 common frames omitted
Caused by: com.fasterxml.jackson.databind.exc.MismatchedInputException: Root name ('timestamp') does not match expected ('instance') for type `com.netflix.appinfo.InstanceInfo`
 at [Source: REDACTED (`StreamReadFeature.INCLUDE_SOURCE_IN_LOCATION` disabled); line: 1, column: 2] (through reference chain: com.netflix.appinfo.InstanceInfo["timestamp"])
	at com.fasterxml.jackson.databind.exc.MismatchedInputException.from(MismatchedInputException.java:76) ~[jackson-databind-2.21.4.jar:2.21.4]
	at com.fasterxml.jackson.databind.DeserializationContext.reportPropertyInputMismatch(DeserializationContext.java:1849) ~[jackson-databind-2.21.4.jar:2.21.4]
	at com.fasterxml.jackson.databind.DeserializationContext.reportPropertyInputMismatch(DeserializationContext.java:1865) ~[jackson-databind-2.21.4.jar:2.21.4]
	at com.fasterxml.jackson.databind.deser.DefaultDeserializationContext._unwrapAndDeserialize(DefaultDeserializationContext.java:367) ~[jackson-databind-2.21.4.jar:2.21.4]
	at com.fasterxml.jackson.databind.deser.DefaultDeserializationContext.readRootValue(DefaultDeserializationContext.java:339) ~[jackson-databind-2.21.4.jar:2.21.4]
	at com.fasterxml.jackson.databind.ObjectReader._bindAndClose(ObjectReader.java:2148) ~[jackson-databind-2.21.4.jar:2.21.4]
	at com.fasterxml.jackson.databind.ObjectReader.readValue(ObjectReader.java:1504) ~[jackson-databind-2.21.4.jar:2.21.4]
	at org.springframework.http.converter.json.AbstractJackson2HttpMessageConverter.readJavaType(AbstractJackson2HttpMessageConverter.java:397) ~[spring-web-7.0.8.jar:7.0.8]
	... 28 common frames omitted

2026-07-24T13:48:53.080+05:30  WARN 17334 --- [ConfigServer] [DiscoveryClient-HeartbeatExecutor-%d] c.n.d.s.t.d.RetryableEurekaHttpClient    : Request execution failed with message: Error while extracting response for type [com.netflix.appinfo.InstanceInfo] and content type [application/json]
2026-07-24T13:48:53.080+05:30 ERROR 17334 --- [ConfigServer] [DiscoveryClient-HeartbeatExecutor-%d] com.netflix.discovery.DiscoveryClient    : DiscoveryClient_CONFIGSERVER/null - was unable to send heartbeat!

com.netflix.discovery.shared.transport.TransportException: Cannot execute request on any known server
	at com.netflix.discovery.shared.transport.decorator.RetryableEurekaHttpClient.execute(RetryableEurekaHttpClient.java:112) ~[eureka-client-2.0.6.jar:2.0.6]
	at com.netflix.discovery.shared.transport.decorator.EurekaHttpClientDecorator.sendHeartBeat(EurekaHttpClientDecorator.java:89) ~[eureka-client-2.0.6.jar:2.0.6]
	at com.netflix.discovery.shared.transport.decorator.EurekaHttpClientDecorator$3.execute(EurekaHttpClientDecorator.java:92) ~[eureka-client-2.0.6.jar:2.0.6]
	at com.netflix.discovery.shared.transport.decorator.SessionedEurekaHttpClient.execute(SessionedEurekaHttpClient.java:76) ~[eureka-client-2.0.6.jar:2.0.6]
	at com.netflix.discovery.shared.transport.decorator.EurekaHttpClientDecorator.sendHeartBeat(EurekaHttpClientDecorator.java:89) ~[eureka-client-2.0.6.jar:2.0.6]
	at com.netflix.discovery.DiscoveryClient.renew(DiscoveryClient.java:860) ~[eureka-client-2.0.6.jar:2.0.6]
	at com.netflix.discovery.DiscoveryClient$HeartbeatThread.run(DiscoveryClient.java:1418) ~[eureka-client-2.0.6.jar:2.0.6]
	at java.base/java.util.concurrent.Executors$RunnableAdapter.call(Executors.java:545) ~[na:na]
	at java.base/java.util.concurrent.FutureTask.run(FutureTask.java:328) ~[na:na]
	at java.base/java.util.concurrent.ThreadPoolExecutor.runWorker(ThreadPoolExecutor.java:1090) ~[na:na]
	at java.base/java.util.concurrent.ThreadPoolExecutor$Worker.run(ThreadPoolExecutor.java:614) ~[na:na]
	at java.base/java.lang.Thread.run(Thread.java:1474) ~[na:na]

2026-07-24T13:48:58.094+05:30  INFO 17334 --- [ConfigServer] [DiscoveryClient-HeartbeatExecutor-%d] c.n.d.s.t.d.RedirectingEurekaHttpClient  : Request execution error. endpoint=DefaultEndpoint{ serviceUrl='http://localhost:8761/eureka/}, exception=Error while extracting response for type [com.netflix.appinfo.InstanceInfo] and content type [application/json]

org.springframework.web.client.RestClientException: Error while extracting response for type [com.netflix.appinfo.InstanceInfo] and content type [application/json]
	at org.springframework.web.client.DefaultRestClient.readWithMessageConverters(DefaultRestClient.java:274) ~[spring-web-7.0.8.jar:7.0.8]
	at org.springframework.web.client.DefaultRestClient$DefaultResponseSpec.readBody(DefaultRestClient.java:931) ~[spring-web-7.0.8.jar:7.0.8]
	at org.springframework.web.client.DefaultRestClient$DefaultResponseSpec.lambda$toEntityInternal$0(DefaultRestClient.java:871) ~[spring-web-7.0.8.jar:7.0.8]
	at org.springframework.web.client.DefaultRestClient$DefaultRequestBodyUriSpec.exchangeInternal(DefaultRestClient.java:617) ~[spring-web-7.0.8.jar:7.0.8]
	at org.springframework.web.client.DefaultRestClient$DefaultRequestBodyUriSpec.exchange(DefaultRestClient.java:572) ~[spring-web-7.0.8.jar:7.0.8]
	at org.springframework.web.client.RestClient$RequestHeadersSpec.exchange(RestClient.java:747) ~[spring-web-7.0.8.jar:7.0.8]
	at org.springframework.web.client.DefaultRestClient$DefaultResponseSpec.executeAndExtract(DefaultRestClient.java:924) ~[spring-web-7.0.8.jar:7.0.8]
	at org.springframework.web.client.DefaultRestClient$DefaultResponseSpec.toEntityInternal(DefaultRestClient.java:870) ~[spring-web-7.0.8.jar:7.0.8]
	at org.springframework.web.client.DefaultRestClient$DefaultResponseSpec.toEntity(DefaultRestClient.java:859) ~[spring-web-7.0.8.jar:7.0.8]
	at org.springframework.cloud.netflix.eureka.http.RestClientEurekaHttpClient.sendHeartBeat(RestClientEurekaHttpClient.java:91) ~[spring-cloud-netflix-eureka-client-5.0.2.jar:5.0.2]
	at com.netflix.discovery.shared.transport.decorator.EurekaHttpClientDecorator$3.execute(EurekaHttpClientDecorator.java:92) ~[eureka-client-2.0.6.jar:2.0.6]
	at com.netflix.discovery.shared.transport.decorator.RedirectingEurekaHttpClient.executeOnNewServer(RedirectingEurekaHttpClient.java:120) ~[eureka-client-2.0.6.jar:2.0.6]
	at com.netflix.discovery.shared.transport.decorator.RedirectingEurekaHttpClient.execute(RedirectingEurekaHttpClient.java:79) ~[eureka-client-2.0.6.jar:2.0.6]
	at com.netflix.discovery.shared.transport.decorator.EurekaHttpClientDecorator.sendHeartBeat(EurekaHttpClientDecorator.java:89) ~[eureka-client-2.0.6.jar:2.0.6]
	at com.netflix.discovery.shared.transport.decorator.EurekaHttpClientDecorator$3.execute(EurekaHttpClientDecorator.java:92) ~[eureka-client-2.0.6.jar:2.0.6]
	at com.netflix.discovery.shared.transport.decorator.RetryableEurekaHttpClient.execute(RetryableEurekaHttpClient.java:120) ~[eureka-client-2.0.6.jar:2.0.6]
	at com.netflix.discovery.shared.transport.decorator.EurekaHttpClientDecorator.sendHeartBeat(EurekaHttpClientDecorator.java:89) ~[eureka-client-2.0.6.jar:2.0.6]
	at com.netflix.discovery.shared.transport.decorator.EurekaHttpClientDecorator$3.execute(EurekaHttpClientDecorator.java:92) ~[eureka-client-2.0.6.jar:2.0.6]
	at com.netflix.discovery.shared.transport.decorator.SessionedEurekaHttpClient.execute(SessionedEurekaHttpClient.java:76) ~[eureka-client-2.0.6.jar:2.0.6]
	at com.netflix.discovery.shared.transport.decorator.EurekaHttpClientDecorator.sendHeartBeat(EurekaHttpClientDecorator.java:89) ~[eureka-client-2.0.6.jar:2.0.6]
	at com.netflix.discovery.DiscoveryClient.renew(DiscoveryClient.java:860) ~[eureka-client-2.0.6.jar:2.0.6]
	at com.netflix.discovery.DiscoveryClient$HeartbeatThread.run(DiscoveryClient.java:1418) ~[eureka-client-2.0.6.jar:2.0.6]
	at java.base/java.util.concurrent.Executors$RunnableAdapter.call(Executors.java:545) ~[na:na]
	at java.base/java.util.concurrent.FutureTask.run(FutureTask.java:328) ~[na:na]
	at java.base/java.util.concurrent.ThreadPoolExecutor.runWorker(ThreadPoolExecutor.java:1090) ~[na:na]
	at java.base/java.util.concurrent.ThreadPoolExecutor$Worker.run(ThreadPoolExecutor.java:614) ~[na:na]
	at java.base/java.lang.Thread.run(Thread.java:1474) ~[na:na]
Caused by: org.springframework.http.converter.HttpMessageNotReadableException: JSON parse error: Root name ('timestamp') does not match expected ('instance') for type `com.netflix.appinfo.InstanceInfo`
	at org.springframework.http.converter.json.AbstractJackson2HttpMessageConverter.readJavaType(AbstractJackson2HttpMessageConverter.java:408) ~[spring-web-7.0.8.jar:7.0.8]
	at org.springframework.http.converter.json.AbstractJackson2HttpMessageConverter.read(AbstractJackson2HttpMessageConverter.java:356) ~[spring-web-7.0.8.jar:7.0.8]
	at org.springframework.web.client.DefaultRestClient.readWithMessageConverters(DefaultRestClient.java:237) ~[spring-web-7.0.8.jar:7.0.8]
	... 26 common frames omitted
Caused by: com.fasterxml.jackson.databind.exc.MismatchedInputException: Root name ('timestamp') does not match expected ('instance') for type `com.netflix.appinfo.InstanceInfo`
 at [Source: REDACTED (`StreamReadFeature.INCLUDE_SOURCE_IN_LOCATION` disabled); line: 1, column: 2] (through reference chain: com.netflix.appinfo.InstanceInfo["timestamp"])
	at com.fasterxml.jackson.databind.exc.MismatchedInputException.from(MismatchedInputException.java:76) ~[jackson-databind-2.21.4.jar:2.21.4]
	at com.fasterxml.jackson.databind.DeserializationContext.reportPropertyInputMismatch(DeserializationContext.java:1849) ~[jackson-databind-2.21.4.jar:2.21.4]
	at com.fasterxml.jackson.databind.DeserializationContext.reportPropertyInputMismatch(DeserializationContext.java:1865) ~[jackson-databind-2.21.4.jar:2.21.4]
	at com.fasterxml.jackson.databind.deser.DefaultDeserializationContext._unwrapAndDeserialize(DefaultDeserializationContext.java:367) ~[jackson-databind-2.21.4.jar:2.21.4]
	at com.fasterxml.jackson.databind.deser.DefaultDeserializationContext.readRootValue(DefaultDeserializationContext.java:339) ~[jackson-databind-2.21.4.jar:2.21.4]
	at com.fasterxml.jackson.databind.ObjectReader._bindAndClose(ObjectReader.java:2148) ~[jackson-databind-2.21.4.jar:2.21.4]
	at com.fasterxml.jackson.databind.ObjectReader.readValue(ObjectReader.java:1504) ~[jackson-databind-2.21.4.jar:2.21.4]
	at org.springframework.http.converter.json.AbstractJackson2HttpMessageConverter.readJavaType(AbstractJackson2HttpMessageConverter.java:397) ~[spring-web-7.0.8.jar:7.0.8]
	... 28 common frames omitted

2026-07-24T13:48:58.095+05:30  WARN 17334 --- [ConfigServer] [DiscoveryClient-HeartbeatExecutor-%d] c.n.d.s.t.d.RetryableEurekaHttpClient    : Request execution failed with message: Error while extracting response for type [com.netflix.appinfo.InstanceInfo] and content type [application/json]
2026-07-24T13:48:58.095+05:30 ERROR 17334 --- [ConfigServer] [DiscoveryClient-HeartbeatExecutor-%d] com.netflix.discovery.DiscoveryClient    : DiscoveryClient_CONFIGSERVER/null - was unable to send heartbeat!

com.netflix.discovery.shared.transport.TransportException: Cannot execute request on any known server
	at com.netflix.discovery.shared.transport.decorator.RetryableEurekaHttpClient.execute(RetryableEurekaHttpClient.java:112) ~[eureka-client-2.0.6.jar:2.0.6]
	at com.netflix.discovery.shared.transport.decorator.EurekaHttpClientDecorator.sendHeartBeat(EurekaHttpClientDecorator.java:89) ~[eureka-client-2.0.6.jar:2.0.6]
	at com.netflix.discovery.shared.transport.decorator.EurekaHttpClientDecorator$3.execute(EurekaHttpClientDecorator.java:92) ~[eureka-client-2.0.6.jar:2.0.6]
	at com.netflix.discovery.shared.transport.decorator.SessionedEurekaHttpClient.execute(SessionedEurekaHttpClient.java:76) ~[eureka-client-2.0.6.jar:2.0.6]
	at com.netflix.discovery.shared.transport.decorator.EurekaHttpClientDecorator.sendHeartBeat(EurekaHttpClientDecorator.java:89) ~[eureka-client-2.0.6.jar:2.0.6]
	at com.netflix.discovery.DiscoveryClient.renew(DiscoveryClient.java:860) ~[eureka-client-2.0.6.jar:2.0.6]
	at com.netflix.discovery.DiscoveryClient$HeartbeatThread.run(DiscoveryClient.java:1418) ~[eureka-client-2.0.6.jar:2.0.6]
	at java.base/java.util.concurrent.Executors$RunnableAdapter.call(Executors.java:545) ~[na:na]
	at java.base/java.util.concurrent.FutureTask.run(FutureTask.java:328) ~[na:na]
	at java.base/java.util.concurrent.ThreadPoolExecutor.runWorker(ThreadPoolExecutor.java:1090) ~[na:na]
	at java.base/java.util.concurrent.ThreadPoolExecutor$Worker.run(ThreadPoolExecutor.java:614) ~[na:na]
	at java.base/java.lang.Thread.run(Thread.java:1474) ~[na:na]

2026-07-24T13:49:03.106+05:30  INFO 17334 --- [ConfigServer] [DiscoveryClient-HeartbeatExecutor-%d] c.n.d.s.t.d.RedirectingEurekaHttpClient  : Request execution error. endpoint=DefaultEndpoint{ serviceUrl='http://localhost:8761/eureka/}, exception=Error while extracting response for type [com.netflix.appinfo.InstanceInfo] and content type [application/json]

org.springframework.web.client.RestClientException: Error while extracting response for type [com.netflix.appinfo.InstanceInfo] and content type [application/json]
	at org.springframework.web.client.DefaultRestClient.readWithMessageConverters(DefaultRestClient.java:274) ~[spring-web-7.0.8.jar:7.0.8]
	at org.springframework.web.client.DefaultRestClient$DefaultResponseSpec.readBody(DefaultRestClient.java:931) ~[spring-web-7.0.8.jar:7.0.8]
	at org.springframework.web.client.DefaultRestClient$DefaultResponseSpec.lambda$toEntityInternal$0(DefaultRestClient.java:871) ~[spring-web-7.0.8.jar:7.0.8]
	at org.springframework.web.client.DefaultRestClient$DefaultRequestBodyUriSpec.exchangeInternal(DefaultRestClient.java:617) ~[spring-web-7.0.8.jar:7.0.8]
	at org.springframework.web.client.DefaultRestClient$DefaultRequestBodyUriSpec.exchange(DefaultRestClient.java:572) ~[spring-web-7.0.8.jar:7.0.8]
	at org.springframework.web.client.RestClient$RequestHeadersSpec.exchange(RestClient.java:747) ~[spring-web-7.0.8.jar:7.0.8]
	at org.springframework.web.client.DefaultRestClient$DefaultResponseSpec.executeAndExtract(DefaultRestClient.java:924) ~[spring-web-7.0.8.jar:7.0.8]
	at org.springframework.web.client.DefaultRestClient$DefaultResponseSpec.toEntityInternal(DefaultRestClient.java:870) ~[spring-web-7.0.8.jar:7.0.8]
	at org.springframework.web.client.DefaultRestClient$DefaultResponseSpec.toEntity(DefaultRestClient.java:859) ~[spring-web-7.0.8.jar:7.0.8]
	at org.springframework.cloud.netflix.eureka.http.RestClientEurekaHttpClient.sendHeartBeat(RestClientEurekaHttpClient.java:91) ~[spring-cloud-netflix-eureka-client-5.0.2.jar:5.0.2]
	at com.netflix.discovery.shared.transport.decorator.EurekaHttpClientDecorator$3.execute(EurekaHttpClientDecorator.java:92) ~[eureka-client-2.0.6.jar:2.0.6]
	at com.netflix.discovery.shared.transport.decorator.RedirectingEurekaHttpClient.executeOnNewServer(RedirectingEurekaHttpClient.java:120) ~[eureka-client-2.0.6.jar:2.0.6]
	at com.netflix.discovery.shared.transport.decorator.RedirectingEurekaHttpClient.execute(RedirectingEurekaHttpClient.java:79) ~[eureka-client-2.0.6.jar:2.0.6]
	at com.netflix.discovery.shared.transport.decorator.EurekaHttpClientDecorator.sendHeartBeat(EurekaHttpClientDecorator.java:89) ~[eureka-client-2.0.6.jar:2.0.6]
	at com.netflix.discovery.shared.transport.decorator.EurekaHttpClientDecorator$3.execute(EurekaHttpClientDecorator.java:92) ~[eureka-client-2.0.6.jar:2.0.6]
	at com.netflix.discovery.shared.transport.decorator.RetryableEurekaHttpClient.execute(RetryableEurekaHttpClient.java:120) ~[eureka-client-2.0.6.jar:2.0.6]
	at com.netflix.discovery.shared.transport.decorator.EurekaHttpClientDecorator.sendHeartBeat(EurekaHttpClientDecorator.java:89) ~[eureka-client-2.0.6.jar:2.0.6]
	at com.netflix.discovery.shared.transport.decorator.EurekaHttpClientDecorator$3.execute(EurekaHttpClientDecorator.java:92) ~[eureka-client-2.0.6.jar:2.0.6]
	at com.netflix.discovery.shared.transport.decorator.SessionedEurekaHttpClient.execute(SessionedEurekaHttpClient.java:76) ~[eureka-client-2.0.6.jar:2.0.6]
	at com.netflix.discovery.shared.transport.decorator.EurekaHttpClientDecorator.sendHeartBeat(EurekaHttpClientDecorator.java:89) ~[eureka-client-2.0.6.jar:2.0.6]
	at com.netflix.discovery.DiscoveryClient.renew(DiscoveryClient.java:860) ~[eureka-client-2.0.6.jar:2.0.6]
	at com.netflix.discovery.DiscoveryClient$HeartbeatThread.run(DiscoveryClient.java:1418) ~[eureka-client-2.0.6.jar:2.0.6]
	at java.base/java.util.concurrent.Executors$RunnableAdapter.call(Executors.java:545) ~[na:na]
	at java.base/java.util.concurrent.FutureTask.run(FutureTask.java:328) ~[na:na]
	at java.base/java.util.concurrent.ThreadPoolExecutor.runWorker(ThreadPoolExecutor.java:1090) ~[na:na]
	at java.base/java.util.concurrent.ThreadPoolExecutor$Worker.run(ThreadPoolExecutor.java:614) ~[na:na]
	at java.base/java.lang.Thread.run(Thread.java:1474) ~[na:na]
Caused by: org.springframework.http.converter.HttpMessageNotReadableException: JSON parse error: Root name ('timestamp') does not match expected ('instance') for type `com.netflix.appinfo.InstanceInfo`
	at org.springframework.http.converter.json.AbstractJackson2HttpMessageConverter.readJavaType(AbstractJackson2HttpMessageConverter.java:408) ~[spring-web-7.0.8.jar:7.0.8]
	at org.springframework.http.converter.json.AbstractJackson2HttpMessageConverter.read(AbstractJackson2HttpMessageConverter.java:356) ~[spring-web-7.0.8.jar:7.0.8]
	at org.springframework.web.client.DefaultRestClient.readWithMessageConverters(DefaultRestClient.java:237) ~[spring-web-7.0.8.jar:7.0.8]
	... 26 common frames omitted
Caused by: com.fasterxml.jackson.databind.exc.MismatchedInputException: Root name ('timestamp') does not match expected ('instance') for type `com.netflix.appinfo.InstanceInfo`
 at [Source: REDACTED (`StreamReadFeature.INCLUDE_SOURCE_IN_LOCATION` disabled); line: 1, column: 2] (through reference chain: com.netflix.appinfo.InstanceInfo["timestamp"])
	at com.fasterxml.jackson.databind.exc.MismatchedInputException.from(MismatchedInputException.java:76) ~[jackson-databind-2.21.4.jar:2.21.4]
	at com.fasterxml.jackson.databind.DeserializationContext.reportPropertyInputMismatch(DeserializationContext.java:1849) ~[jackson-databind-2.21.4.jar:2.21.4]
	at com.fasterxml.jackson.databind.DeserializationContext.reportPropertyInputMismatch(DeserializationContext.java:1865) ~[jackson-databind-2.21.4.jar:2.21.4]
	at com.fasterxml.jackson.databind.deser.DefaultDeserializationContext._unwrapAndDeserialize(DefaultDeserializationContext.java:367) ~[jackson-databind-2.21.4.jar:2.21.4]
	at com.fasterxml.jackson.databind.deser.DefaultDeserializationContext.readRootValue(DefaultDeserializationContext.java:339) ~[jackson-databind-2.21.4.jar:2.21.4]
	at com.fasterxml.jackson.databind.ObjectReader._bindAndClose(ObjectReader.java:2148) ~[jackson-databind-2.21.4.jar:2.21.4]
	at com.fasterxml.jackson.databind.ObjectReader.readValue(ObjectReader.java:1504) ~[jackson-databind-2.21.4.jar:2.21.4]
	at org.springframework.http.converter.json.AbstractJackson2HttpMessageConverter.readJavaType(AbstractJackson2HttpMessageConverter.java:397) ~[spring-web-7.0.8.jar:7.0.8]
	... 28 common frames omitted

2026-07-24T13:49:03.107+05:30  WARN 17334 --- [ConfigServer] [DiscoveryClient-HeartbeatExecutor-%d] c.n.d.s.t.d.RetryableEurekaHttpClient    : Request execution failed with message: Error while extracting response for type [com.netflix.appinfo.InstanceInfo] and content type [application/json]
2026-07-24T13:49:03.107+05:30 ERROR 17334 --- [ConfigServer] [DiscoveryClient-HeartbeatExecutor-%d] com.netflix.discovery.DiscoveryClient    : DiscoveryClient_CONFIGSERVER/null - was unable to send heartbeat!

com.netflix.discovery.shared.transport.TransportException: Cannot execute request on any known server
	at com.netflix.discovery.shared.transport.decorator.RetryableEurekaHttpClient.execute(RetryableEurekaHttpClient.java:112) ~[eureka-client-2.0.6.jar:2.0.6]
	at com.netflix.discovery.shared.transport.decorator.EurekaHttpClientDecorator.sendHeartBeat(EurekaHttpClientDecorator.java:89) ~[eureka-client-2.0.6.jar:2.0.6]
	at com.netflix.discovery.shared.transport.decorator.EurekaHttpClientDecorator$3.execute(EurekaHttpClientDecorator.java:92) ~[eureka-client-2.0.6.jar:2.0.6]
	at com.netflix.discovery.shared.transport.decorator.SessionedEurekaHttpClient.execute(SessionedEurekaHttpClient.java:76) ~[eureka-client-2.0.6.jar:2.0.6]
	at com.netflix.discovery.shared.transport.decorator.EurekaHttpClientDecorator.sendHeartBeat(EurekaHttpClientDecorator.java:89) ~[eureka-client-2.0.6.jar:2.0.6]
	at com.netflix.discovery.DiscoveryClient.renew(DiscoveryClient.java:860) ~[eureka-client-2.0.6.jar:2.0.6]
	at com.netflix.discovery.DiscoveryClient$HeartbeatThread.run(DiscoveryClient.java:1418) ~[eureka-client-2.0.6.jar:2.0.6]
	at java.base/java.util.concurrent.Executors$RunnableAdapter.call(Executors.java:545) ~[na:na]
	at java.base/java.util.concurrent.FutureTask.run(FutureTask.java:328) ~[na:na]
	at java.base/java.util.concurrent.ThreadPoolExecutor.runWorker(ThreadPoolExecutor.java:1090) ~[na:na]
	at java.base/java.util.concurrent.ThreadPoolExecutor$Worker.run(ThreadPoolExecutor.java:614) ~[na:na]
	at java.base/java.lang.Thread.run(Thread.java:1474) ~[na:na]

2026-07-24T13:49:08.119+05:30  INFO 17334 --- [ConfigServer] [DiscoveryClient-HeartbeatExecutor-%d] c.n.d.s.t.d.RedirectingEurekaHttpClient  : Request execution error. endpoint=DefaultEndpoint{ serviceUrl='http://localhost:8761/eureka/}, exception=Error while extracting response for type [com.netflix.appinfo.InstanceInfo] and content type [application/json]

org.springframework.web.client.RestClientException: Error while extracting response for type [com.netflix.appinfo.InstanceInfo] and content type [application/json]
	at org.springframework.web.client.DefaultRestClient.readWithMessageConverters(DefaultRestClient.java:274) ~[spring-web-7.0.8.jar:7.0.8]
	at org.springframework.web.client.DefaultRestClient$DefaultResponseSpec.readBody(DefaultRestClient.java:931) ~[spring-web-7.0.8.jar:7.0.8]
	at org.springframework.web.client.DefaultRestClient$DefaultResponseSpec.lambda$toEntityInternal$0(DefaultRestClient.java:871) ~[spring-web-7.0.8.jar:7.0.8]
	at org.springframework.web.client.DefaultRestClient$DefaultRequestBodyUriSpec.exchangeInternal(DefaultRestClient.java:617) ~[spring-web-7.0.8.jar:7.0.8]
	at org.springframework.web.client.DefaultRestClient$DefaultRequestBodyUriSpec.exchange(DefaultRestClient.java:572) ~[spring-web-7.0.8.jar:7.0.8]
	at org.springframework.web.client.RestClient$RequestHeadersSpec.exchange(RestClient.java:747) ~[spring-web-7.0.8.jar:7.0.8]
	at org.springframework.web.client.DefaultRestClient$DefaultResponseSpec.executeAndExtract(DefaultRestClient.java:924) ~[spring-web-7.0.8.jar:7.0.8]
	at org.springframework.web.client.DefaultRestClient$DefaultResponseSpec.toEntityInternal(DefaultRestClient.java:870) ~[spring-web-7.0.8.jar:7.0.8]
	at org.springframework.web.client.DefaultRestClient$DefaultResponseSpec.toEntity(DefaultRestClient.java:859) ~[spring-web-7.0.8.jar:7.0.8]
	at org.springframework.cloud.netflix.eureka.http.RestClientEurekaHttpClient.sendHeartBeat(RestClientEurekaHttpClient.java:91) ~[spring-cloud-netflix-eureka-client-5.0.2.jar:5.0.2]
	at com.netflix.discovery.shared.transport.decorator.EurekaHttpClientDecorator$3.execute(EurekaHttpClientDecorator.java:92) ~[eureka-client-2.0.6.jar:2.0.6]
	at com.netflix.discovery.shared.transport.decorator.RedirectingEurekaHttpClient.executeOnNewServer(RedirectingEurekaHttpClient.java:120) ~[eureka-client-2.0.6.jar:2.0.6]
	at com.netflix.discovery.shared.transport.decorator.RedirectingEurekaHttpClient.execute(RedirectingEurekaHttpClient.java:79) ~[eureka-client-2.0.6.jar:2.0.6]
	at com.netflix.discovery.shared.transport.decorator.EurekaHttpClientDecorator.sendHeartBeat(EurekaHttpClientDecorator.java:89) ~[eureka-client-2.0.6.jar:2.0.6]
	at com.netflix.discovery.shared.transport.decorator.EurekaHttpClientDecorator$3.execute(EurekaHttpClientDecorator.java:92) ~[eureka-client-2.0.6.jar:2.0.6]
	at com.netflix.discovery.shared.transport.decorator.RetryableEurekaHttpClient.execute(RetryableEurekaHttpClient.java:120) ~[eureka-client-2.0.6.jar:2.0.6]
	at com.netflix.discovery.shared.transport.decorator.EurekaHttpClientDecorator.sendHeartBeat(EurekaHttpClientDecorator.java:89) ~[eureka-client-2.0.6.jar:2.0.6]
	at com.netflix.discovery.shared.transport.decorator.EurekaHttpClientDecorator$3.execute(EurekaHttpClientDecorator.java:92) ~[eureka-client-2.0.6.jar:2.0.6]
	at com.netflix.discovery.shared.transport.decorator.SessionedEurekaHttpClient.execute(SessionedEurekaHttpClient.java:76) ~[eureka-client-2.0.6.jar:2.0.6]
	at com.netflix.discovery.shared.transport.decorator.EurekaHttpClientDecorator.sendHeartBeat(EurekaHttpClientDecorator.java:89) ~[eureka-client-2.0.6.jar:2.0.6]
	at com.netflix.discovery.DiscoveryClient.renew(DiscoveryClient.java:860) ~[eureka-client-2.0.6.jar:2.0.6]
	at com.netflix.discovery.DiscoveryClient$HeartbeatThread.run(DiscoveryClient.java:1418) ~[eureka-client-2.0.6.jar:2.0.6]
	at java.base/java.util.concurrent.Executors$RunnableAdapter.call(Executors.java:545) ~[na:na]
	at java.base/java.util.concurrent.FutureTask.run(FutureTask.java:328) ~[na:na]
	at java.base/java.util.concurrent.ThreadPoolExecutor.runWorker(ThreadPoolExecutor.java:1090) ~[na:na]
	at java.base/java.util.concurrent.ThreadPoolExecutor$Worker.run(ThreadPoolExecutor.java:614) ~[na:na]
	at java.base/java.lang.Thread.run(Thread.java:1474) ~[na:na]
Caused by: org.springframework.http.converter.HttpMessageNotReadableException: JSON parse error: Root name ('timestamp') does not match expected ('instance') for type `com.netflix.appinfo.InstanceInfo`
	at org.springframework.http.converter.json.AbstractJackson2HttpMessageConverter.readJavaType(AbstractJackson2HttpMessageConverter.java:408) ~[spring-web-7.0.8.jar:7.0.8]
	at org.springframework.http.converter.json.AbstractJackson2HttpMessageConverter.read(AbstractJackson2HttpMessageConverter.java:356) ~[spring-web-7.0.8.jar:7.0.8]
	at org.springframework.web.client.DefaultRestClient.readWithMessageConverters(DefaultRestClient.java:237) ~[spring-web-7.0.8.jar:7.0.8]
	... 26 common frames omitted
Caused by: com.fasterxml.jackson.databind.exc.MismatchedInputException: Root name ('timestamp') does not match expected ('instance') for type `com.netflix.appinfo.InstanceInfo`
 at [Source: REDACTED (`StreamReadFeature.INCLUDE_SOURCE_IN_LOCATION` disabled); line: 1, column: 2] (through reference chain: com.netflix.appinfo.InstanceInfo["timestamp"])
	at com.fasterxml.jackson.databind.exc.MismatchedInputException.from(MismatchedInputException.java:76) ~[jackson-databind-2.21.4.jar:2.21.4]
	at com.fasterxml.jackson.databind.DeserializationContext.reportPropertyInputMismatch(DeserializationContext.java:1849) ~[jackson-databind-2.21.4.jar:2.21.4]
	at com.fasterxml.jackson.databind.DeserializationContext.reportPropertyInputMismatch(DeserializationContext.java:1865) ~[jackson-databind-2.21.4.jar:2.21.4]
	at com.fasterxml.jackson.databind.deser.DefaultDeserializationContext._unwrapAndDeserialize(DefaultDeserializationContext.java:367) ~[jackson-databind-2.21.4.jar:2.21.4]
	at com.fasterxml.jackson.databind.deser.DefaultDeserializationContext.readRootValue(DefaultDeserializationContext.java:339) ~[jackson-databind-2.21.4.jar:2.21.4]
	at com.fasterxml.jackson.databind.ObjectReader._bindAndClose(ObjectReader.java:2148) ~[jackson-databind-2.21.4.jar:2.21.4]
	at com.fasterxml.jackson.databind.ObjectReader.readValue(ObjectReader.java:1504) ~[jackson-databind-2.21.4.jar:2.21.4]
	at org.springframework.http.converter.json.AbstractJackson2HttpMessageConverter.readJavaType(AbstractJackson2HttpMessageConverter.java:397) ~[spring-web-7.0.8.jar:7.0.8]
	... 28 common frames omitted

2026-07-24T13:49:08.119+05:30  WARN 17334 --- [ConfigServer] [DiscoveryClient-HeartbeatExecutor-%d] c.n.d.s.t.d.RetryableEurekaHttpClient    : Request execution failed with message: Error while extracting response for type [com.netflix.appinfo.InstanceInfo] and content type [application/json]
2026-07-24T13:49:08.119+05:30 ERROR 17334 --- [ConfigServer] [DiscoveryClient-HeartbeatExecutor-%d] com.netflix.discovery.DiscoveryClient    : DiscoveryClient_CONFIGSERVER/null - was unable to send heartbeat!

com.netflix.discovery.shared.transport.TransportException: Cannot execute request on any known server
	at com.netflix.discovery.shared.transport.decorator.RetryableEurekaHttpClient.execute(RetryableEurekaHttpClient.java:112) ~[eureka-client-2.0.6.jar:2.0.6]
	at com.netflix.discovery.shared.transport.decorator.EurekaHttpClientDecorator.sendHeartBeat(EurekaHttpClientDecorator.java:89) ~[eureka-client-2.0.6.jar:2.0.6]
	at com.netflix.discovery.shared.transport.decorator.EurekaHttpClientDecorator$3.execute(EurekaHttpClientDecorator.java:92) ~[eureka-client-2.0.6.jar:2.0.6]
	at com.netflix.discovery.shared.transport.decorator.SessionedEurekaHttpClient.execute(SessionedEurekaHttpClient.java:76) ~[eureka-client-2.0.6.jar:2.0.6]
	at com.netflix.discovery.shared.transport.decorator.EurekaHttpClientDecorator.sendHeartBeat(EurekaHttpClientDecorator.java:89) ~[eureka-client-2.0.6.jar:2.0.6]
	at com.netflix.discovery.DiscoveryClient.renew(DiscoveryClient.java:860) ~[eureka-client-2.0.6.jar:2.0.6]
	at com.netflix.discovery.DiscoveryClient$HeartbeatThread.run(DiscoveryClient.java:1418) ~[eureka-client-2.0.6.jar:2.0.6]
	at java.base/java.util.concurrent.Executors$RunnableAdapter.call(Executors.java:545) ~[na:na]
	at java.base/java.util.concurrent.FutureTask.run(FutureTask.java:328) ~[na:na]
	at java.base/java.util.concurrent.ThreadPoolExecutor.runWorker(ThreadPoolExecutor.java:1090) ~[na:na]
	at java.base/java.util.concurrent.ThreadPoolExecutor$Worker.run(ThreadPoolExecutor.java:614) ~[na:na]
	at java.base/java.lang.Thread.run(Thread.java:1474) ~[na:na]

2026-07-24T13:49:12.905+05:30  INFO 17334 --- [ConfigServer] [DiscoveryClient-CacheRefreshExecutor-%d] com.netflix.discovery.DiscoveryClient    : Disable delta property : false
2026-07-24T13:49:12.906+05:30  INFO 17334 --- [ConfigServer] [DiscoveryClient-CacheRefreshExecutor-%d] com.netflix.discovery.DiscoveryClient    : Single vip registry refresh property : null
2026-07-24T13:49:12.906+05:30  INFO 17334 --- [ConfigServer] [DiscoveryClient-CacheRefreshExecutor-%d] com.netflix.discovery.DiscoveryClient    : Force full registry fetch : false
2026-07-24T13:49:12.906+05:30  INFO 17334 --- [ConfigServer] [DiscoveryClient-CacheRefreshExecutor-%d] com.netflix.discovery.DiscoveryClient    : Application is null : false
2026-07-24T13:49:12.906+05:30  INFO 17334 --- [ConfigServer] [DiscoveryClient-CacheRefreshExecutor-%d] com.netflix.discovery.DiscoveryClient    : Registered Applications size is zero : true
2026-07-24T13:49:12.906+05:30  INFO 17334 --- [ConfigServer] [DiscoveryClient-CacheRefreshExecutor-%d] com.netflix.discovery.DiscoveryClient    : Application version is -1: false
2026-07-24T13:49:12.907+05:30  INFO 17334 --- [ConfigServer] [DiscoveryClient-CacheRefreshExecutor-%d] com.netflix.discovery.DiscoveryClient    : Getting all instance registry info from the eureka server
2026-07-24T13:49:12.915+05:30  INFO 17334 --- [ConfigServer] [DiscoveryClient-CacheRefreshExecutor-%d] com.netflix.discovery.DiscoveryClient    : The response status is 200
2026-07-24T13:49:12.947+05:30  INFO 17334 --- [ConfigServer] [DiscoveryClient-InstanceInfoReplicator-%d] com.netflix.discovery.DiscoveryClient    : DiscoveryClient_CONFIGSERVER/null: registering service...
2026-07-24T13:49:12.966+05:30  WARN 17334 --- [ConfigServer] [DiscoveryClient-InstanceInfoReplicator-%d] c.n.d.s.t.d.RetryableEurekaHttpClient    : Request execution failure with status code 400; retrying on another server if available
2026-07-24T13:49:12.966+05:30  WARN 17334 --- [ConfigServer] [DiscoveryClient-InstanceInfoReplicator-%d] com.netflix.discovery.DiscoveryClient    : DiscoveryClient_CONFIGSERVER/null - registration failed Cannot execute request on any known server

com.netflix.discovery.shared.transport.TransportException: Cannot execute request on any known server
	at com.netflix.discovery.shared.transport.decorator.RetryableEurekaHttpClient.execute(RetryableEurekaHttpClient.java:112) ~[eureka-client-2.0.6.jar:2.0.6]
	at com.netflix.discovery.shared.transport.decorator.EurekaHttpClientDecorator.register(EurekaHttpClientDecorator.java:56) ~[eureka-client-2.0.6.jar:2.0.6]
	at com.netflix.discovery.shared.transport.decorator.EurekaHttpClientDecorator$1.execute(EurekaHttpClientDecorator.java:59) ~[eureka-client-2.0.6.jar:2.0.6]
	at com.netflix.discovery.shared.transport.decorator.SessionedEurekaHttpClient.execute(SessionedEurekaHttpClient.java:76) ~[eureka-client-2.0.6.jar:2.0.6]
	at com.netflix.discovery.shared.transport.decorator.EurekaHttpClientDecorator.register(EurekaHttpClientDecorator.java:56) ~[eureka-client-2.0.6.jar:2.0.6]
	at com.netflix.discovery.DiscoveryClient.register(DiscoveryClient.java:843) ~[eureka-client-2.0.6.jar:2.0.6]
	at com.netflix.discovery.InstanceInfoReplicator.run(InstanceInfoReplicator.java:125) ~[eureka-client-2.0.6.jar:2.0.6]
	at java.base/java.util.concurrent.Executors$RunnableAdapter.call(Executors.java:545) ~[na:na]
	at java.base/java.util.concurrent.FutureTask.run(FutureTask.java:328) ~[na:na]
	at java.base/java.util.concurrent.ScheduledThreadPoolExecutor$ScheduledFutureTask.run(ScheduledThreadPoolExecutor.java:309) ~[na:na]
	at java.base/java.util.concurrent.ThreadPoolExecutor.runWorker(ThreadPoolExecutor.java:1090) ~[na:na]
	at java.base/java.util.concurrent.ThreadPoolExecutor$Worker.run(ThreadPoolExecutor.java:614) ~[na:na]
	at java.base/java.lang.Thread.run(Thread.java:1474) ~[na:na]

2026-07-24T13:49:12.966+05:30  WARN 17334 --- [ConfigServer] [DiscoveryClient-InstanceInfoReplicator-%d] c.n.discovery.InstanceInfoReplicator     : There was a problem with the instance info replicator

com.netflix.discovery.shared.transport.TransportException: Cannot execute request on any known server
	at com.netflix.discovery.shared.transport.decorator.RetryableEurekaHttpClient.execute(RetryableEurekaHttpClient.java:112) ~[eureka-client-2.0.6.jar:2.0.6]
	at com.netflix.discovery.shared.transport.decorator.EurekaHttpClientDecorator.register(EurekaHttpClientDecorator.java:56) ~[eureka-client-2.0.6.jar:2.0.6]
	at com.netflix.discovery.shared.transport.decorator.EurekaHttpClientDecorator$1.execute(EurekaHttpClientDecorator.java:59) ~[eureka-client-2.0.6.jar:2.0.6]
	at com.netflix.discovery.shared.transport.decorator.SessionedEurekaHttpClient.execute(SessionedEurekaHttpClient.java:76) ~[eureka-client-2.0.6.jar:2.0.6]
	at com.netflix.discovery.shared.transport.decorator.EurekaHttpClientDecorator.register(EurekaHttpClientDecorator.java:56) ~[eureka-client-2.0.6.jar:2.0.6]
	at com.netflix.discovery.DiscoveryClient.register(DiscoveryClient.java:843) ~[eureka-client-2.0.6.jar:2.0.6]
	at com.netflix.discovery.InstanceInfoReplicator.run(InstanceInfoReplicator.java:125) ~[eureka-client-2.0.6.jar:2.0.6]
	at java.base/java.util.concurrent.Executors$RunnableAdapter.call(Executors.java:545) ~[na:na]
	at java.base/java.util.concurrent.FutureTask.run(FutureTask.java:328) ~[na:na]
	at java.base/java.util.concurrent.ScheduledThreadPoolExecutor$ScheduledFutureTask.run(ScheduledThreadPoolExecutor.java:309) ~[na:na]
	at java.base/java.util.concurrent.ThreadPoolExecutor.runWorker(ThreadPoolExecutor.java:1090) ~[na:na]
	at java.base/java.util.concurrent.ThreadPoolExecutor$Worker.run(ThreadPoolExecutor.java:614) ~[na:na]
	at java.base/java.lang.Thread.run(Thread.java:1474) ~[na:na]

2026-07-24T13:49:13.133+05:30  INFO 17334 --- [ConfigServer] [DiscoveryClient-HeartbeatExecutor-%d] c.n.d.s.t.d.RedirectingEurekaHttpClient  : Request execution error. endpoint=DefaultEndpoint{ serviceUrl='http://localhost:8761/eureka/}, exception=Error while extracting response for type [com.netflix.appinfo.InstanceInfo] and content type [application/json]

org.springframework.web.client.RestClientException: Error while extracting response for type [com.netflix.appinfo.InstanceInfo] and content type [application/json]
	at org.springframework.web.client.DefaultRestClient.readWithMessageConverters(DefaultRestClient.java:274) ~[spring-web-7.0.8.jar:7.0.8]
	at org.springframework.web.client.DefaultRestClient$DefaultResponseSpec.readBody(DefaultRestClient.java:931) ~[spring-web-7.0.8.jar:7.0.8]
	at org.springframework.web.client.DefaultRestClient$DefaultResponseSpec.lambda$toEntityInternal$0(DefaultRestClient.java:871) ~[spring-web-7.0.8.jar:7.0.8]
	at org.springframework.web.client.DefaultRestClient$DefaultRequestBodyUriSpec.exchangeInternal(DefaultRestClient.java:617) ~[spring-web-7.0.8.jar:7.0.8]
	at org.springframework.web.client.DefaultRestClient$DefaultRequestBodyUriSpec.exchange(DefaultRestClient.java:572) ~[spring-web-7.0.8.jar:7.0.8]
	at org.springframework.web.client.RestClient$RequestHeadersSpec.exchange(RestClient.java:747) ~[spring-web-7.0.8.jar:7.0.8]
	at org.springframework.web.client.DefaultRestClient$DefaultResponseSpec.executeAndExtract(DefaultRestClient.java:924) ~[spring-web-7.0.8.jar:7.0.8]
	at org.springframework.web.client.DefaultRestClient$DefaultResponseSpec.toEntityInternal(DefaultRestClient.java:870) ~[spring-web-7.0.8.jar:7.0.8]
	at org.springframework.web.client.DefaultRestClient$DefaultResponseSpec.toEntity(DefaultRestClient.java:859) ~[spring-web-7.0.8.jar:7.0.8]
	at org.springframework.cloud.netflix.eureka.http.RestClientEurekaHttpClient.sendHeartBeat(RestClientEurekaHttpClient.java:91) ~[spring-cloud-netflix-eureka-client-5.0.2.jar:5.0.2]
	at com.netflix.discovery.shared.transport.decorator.EurekaHttpClientDecorator$3.execute(EurekaHttpClientDecorator.java:92) ~[eureka-client-2.0.6.jar:2.0.6]
	at com.netflix.discovery.shared.transport.decorator.RedirectingEurekaHttpClient.executeOnNewServer(RedirectingEurekaHttpClient.java:120) ~[eureka-client-2.0.6.jar:2.0.6]
	at com.netflix.discovery.shared.transport.decorator.RedirectingEurekaHttpClient.execute(RedirectingEurekaHttpClient.java:79) ~[eureka-client-2.0.6.jar:2.0.6]
	at com.netflix.discovery.shared.transport.decorator.EurekaHttpClientDecorator.sendHeartBeat(EurekaHttpClientDecorator.java:89) ~[eureka-client-2.0.6.jar:2.0.6]
	at com.netflix.discovery.shared.transport.decorator.EurekaHttpClientDecorator$3.execute(EurekaHttpClientDecorator.java:92) ~[eureka-client-2.0.6.jar:2.0.6]
	at com.netflix.discovery.shared.transport.decorator.RetryableEurekaHttpClient.execute(RetryableEurekaHttpClient.java:120) ~[eureka-client-2.0.6.jar:2.0.6]
	at com.netflix.discovery.shared.transport.decorator.EurekaHttpClientDecorator.sendHeartBeat(EurekaHttpClientDecorator.java:89) ~[eureka-client-2.0.6.jar:2.0.6]
	at com.netflix.discovery.shared.transport.decorator.EurekaHttpClientDecorator$3.execute(EurekaHttpClientDecorator.java:92) ~[eureka-client-2.0.6.jar:2.0.6]
	at com.netflix.discovery.shared.transport.decorator.SessionedEurekaHttpClient.execute(SessionedEurekaHttpClient.java:76) ~[eureka-client-2.0.6.jar:2.0.6]
	at com.netflix.discovery.shared.transport.decorator.EurekaHttpClientDecorator.sendHeartBeat(EurekaHttpClientDecorator.java:89) ~[eureka-client-2.0.6.jar:2.0.6]
	at com.netflix.discovery.DiscoveryClient.renew(DiscoveryClient.java:860) ~[eureka-client-2.0.6.jar:2.0.6]
	at com.netflix.discovery.DiscoveryClient$HeartbeatThread.run(DiscoveryClient.java:1418) ~[eureka-client-2.0.6.jar:2.0.6]
	at java.base/java.util.concurrent.Executors$RunnableAdapter.call(Executors.java:545) ~[na:na]
	at java.base/java.util.concurrent.FutureTask.run(FutureTask.java:328) ~[na:na]
	at java.base/java.util.concurrent.ThreadPoolExecutor.runWorker(ThreadPoolExecutor.java:1090) ~[na:na]
	at java.base/java.util.concurrent.ThreadPoolExecutor$Worker.run(ThreadPoolExecutor.java:614) ~[na:na]
	at java.base/java.lang.Thread.run(Thread.java:1474) ~[na:na]
Caused by: org.springframework.http.converter.HttpMessageNotReadableException: JSON parse error: Root name ('timestamp') does not match expected ('instance') for type `com.netflix.appinfo.InstanceInfo`
	at org.springframework.http.converter.json.AbstractJackson2HttpMessageConverter.readJavaType(AbstractJackson2HttpMessageConverter.java:408) ~[spring-web-7.0.8.jar:7.0.8]
	at org.springframework.http.converter.json.AbstractJackson2HttpMessageConverter.read(AbstractJackson2HttpMessageConverter.java:356) ~[spring-web-7.0.8.jar:7.0.8]
	at org.springframework.web.client.DefaultRestClient.readWithMessageConverters(DefaultRestClient.java:237) ~[spring-web-7.0.8.jar:7.0.8]
	... 26 common frames omitted
Caused by: com.fasterxml.jackson.databind.exc.MismatchedInputException: Root name ('timestamp') does not match expected ('instance') for type `com.netflix.appinfo.InstanceInfo`
 at [Source: REDACTED (`StreamReadFeature.INCLUDE_SOURCE_IN_LOCATION` disabled); line: 1, column: 2] (through reference chain: com.netflix.appinfo.InstanceInfo["timestamp"])
	at com.fasterxml.jackson.databind.exc.MismatchedInputException.from(MismatchedInputException.java:76) ~[jackson-databind-2.21.4.jar:2.21.4]
	at com.fasterxml.jackson.databind.DeserializationContext.reportPropertyInputMismatch(DeserializationContext.java:1849) ~[jackson-databind-2.21.4.jar:2.21.4]
	at com.fasterxml.jackson.databind.DeserializationContext.reportPropertyInputMismatch(DeserializationContext.java:1865) ~[jackson-databind-2.21.4.jar:2.21.4]
	at com.fasterxml.jackson.databind.deser.DefaultDeserializationContext._unwrapAndDeserialize(DefaultDeserializationContext.java:367) ~[jackson-databind-2.21.4.jar:2.21.4]
	at com.fasterxml.jackson.databind.deser.DefaultDeserializationContext.readRootValue(DefaultDeserializationContext.java:339) ~[jackson-databind-2.21.4.jar:2.21.4]
	at com.fasterxml.jackson.databind.ObjectReader._bindAndClose(ObjectReader.java:2148) ~[jackson-databind-2.21.4.jar:2.21.4]
	at com.fasterxml.jackson.databind.ObjectReader.readValue(ObjectReader.java:1504) ~[jackson-databind-2.21.4.jar:2.21.4]
	at org.springframework.http.converter.json.AbstractJackson2HttpMessageConverter.readJavaType(AbstractJackson2HttpMessageConverter.java:397) ~[spring-web-7.0.8.jar:7.0.8]
	... 28 common frames omitted

2026-07-24T13:49:13.134+05:30  WARN 17334 --- [ConfigServer] [DiscoveryClient-HeartbeatExecutor-%d] c.n.d.s.t.d.RetryableEurekaHttpClient    : Request execution failed with message: Error while extracting response for type [com.netflix.appinfo.InstanceInfo] and content type [application/json]
2026-07-24T13:49:13.134+05:30 ERROR 17334 --- [ConfigServer] [DiscoveryClient-HeartbeatExecutor-%d] com.netflix.discovery.DiscoveryClient    : DiscoveryClient_CONFIGSERVER/null - was unable to send heartbeat!

com.netflix.discovery.shared.transport.TransportException: Cannot execute request on any known server
	at com.netflix.discovery.shared.transport.decorator.RetryableEurekaHttpClient.execute(RetryableEurekaHttpClient.java:112) ~[eureka-client-2.0.6.jar:2.0.6]
	at com.netflix.discovery.shared.transport.decorator.EurekaHttpClientDecorator.sendHeartBeat(EurekaHttpClientDecorator.java:89) ~[eureka-client-2.0.6.jar:2.0.6]
	at com.netflix.discovery.shared.transport.decorator.EurekaHttpClientDecorator$3.execute(EurekaHttpClientDecorator.java:92) ~[eureka-client-2.0.6.jar:2.0.6]
	at com.netflix.discovery.shared.transport.decorator.SessionedEurekaHttpClient.execute(SessionedEurekaHttpClient.java:76) ~[eureka-client-2.0.6.jar:2.0.6]
	at com.netflix.discovery.shared.transport.decorator.EurekaHttpClientDecorator.sendHeartBeat(EurekaHttpClientDecorator.java:89) ~[eureka-client-2.0.6.jar:2.0.6]
	at com.netflix.discovery.DiscoveryClient.renew(DiscoveryClient.java:860) ~[eureka-client-2.0.6.jar:2.0.6]
	at com.netflix.discovery.DiscoveryClient$HeartbeatThread.run(DiscoveryClient.java:1418) ~[eureka-client-2.0.6.jar:2.0.6]
	at java.base/java.util.concurrent.Executors$RunnableAdapter.call(Executors.java:545) ~[na:na]
	at java.base/java.util.concurrent.FutureTask.run(FutureTask.java:328) ~[na:na]
	at java.base/java.util.concurrent.ThreadPoolExecutor.runWorker(ThreadPoolExecutor.java:1090) ~[na:na]
	at java.base/java.util.concurrent.ThreadPoolExecutor$Worker.run(ThreadPoolExecutor.java:614) ~[na:na]
	at java.base/java.lang.Thread.run(Thread.java:1474) ~[na:na]

2026-07-24T13:49:18.149+05:30  INFO 17334 --- [ConfigServer] [DiscoveryClient-HeartbeatExecutor-%d] c.n.d.s.t.d.RedirectingEurekaHttpClient  : Request execution error. endpoint=DefaultEndpoint{ serviceUrl='http://localhost:8761/eureka/}, exception=Error while extracting response for type [com.netflix.appinfo.InstanceInfo] and content type [application/json]

org.springframework.web.client.RestClientException: Error while extracting response for type [com.netflix.appinfo.InstanceInfo] and content type [application/json]
	at org.springframework.web.client.DefaultRestClient.readWithMessageConverters(DefaultRestClient.java:274) ~[spring-web-7.0.8.jar:7.0.8]
	at org.springframework.web.client.DefaultRestClient$DefaultResponseSpec.readBody(DefaultRestClient.java:931) ~[spring-web-7.0.8.jar:7.0.8]
	at org.springframework.web.client.DefaultRestClient$DefaultResponseSpec.lambda$toEntityInternal$0(DefaultRestClient.java:871) ~[spring-web-7.0.8.jar:7.0.8]
	at org.springframework.web.client.DefaultRestClient$DefaultRequestBodyUriSpec.exchangeInternal(DefaultRestClient.java:617) ~[spring-web-7.0.8.jar:7.0.8]
	at org.springframework.web.client.DefaultRestClient$DefaultRequestBodyUriSpec.exchange(DefaultRestClient.java:572) ~[spring-web-7.0.8.jar:7.0.8]
	at org.springframework.web.client.RestClient$RequestHeadersSpec.exchange(RestClient.java:747) ~[spring-web-7.0.8.jar:7.0.8]
	at org.springframework.web.client.DefaultRestClient$DefaultResponseSpec.executeAndExtract(DefaultRestClient.java:924) ~[spring-web-7.0.8.jar:7.0.8]
	at org.springframework.web.client.DefaultRestClient$DefaultResponseSpec.toEntityInternal(DefaultRestClient.java:870) ~[spring-web-7.0.8.jar:7.0.8]
	at org.springframework.web.client.DefaultRestClient$DefaultResponseSpec.toEntity(DefaultRestClient.java:859) ~[spring-web-7.0.8.jar:7.0.8]
	at org.springframework.cloud.netflix.eureka.http.RestClientEurekaHttpClient.sendHeartBeat(RestClientEurekaHttpClient.java:91) ~[spring-cloud-netflix-eureka-client-5.0.2.jar:5.0.2]
	at com.netflix.discovery.shared.transport.decorator.EurekaHttpClientDecorator$3.execute(EurekaHttpClientDecorator.java:92) ~[eureka-client-2.0.6.jar:2.0.6]
	at com.netflix.discovery.shared.transport.decorator.RedirectingEurekaHttpClient.executeOnNewServer(RedirectingEurekaHttpClient.java:120) ~[eureka-client-2.0.6.jar:2.0.6]
	at com.netflix.discovery.shared.transport.decorator.RedirectingEurekaHttpClient.execute(RedirectingEurekaHttpClient.java:79) ~[eureka-client-2.0.6.jar:2.0.6]
	at com.netflix.discovery.shared.transport.decorator.EurekaHttpClientDecorator.sendHeartBeat(EurekaHttpClientDecorator.java:89) ~[eureka-client-2.0.6.jar:2.0.6]
	at com.netflix.discovery.shared.transport.decorator.EurekaHttpClientDecorator$3.execute(EurekaHttpClientDecorator.java:92) ~[eureka-client-2.0.6.jar:2.0.6]
	at com.netflix.discovery.shared.transport.decorator.RetryableEurekaHttpClient.execute(RetryableEurekaHttpClient.java:120) ~[eureka-client-2.0.6.jar:2.0.6]
	at com.netflix.discovery.shared.transport.decorator.EurekaHttpClientDecorator.sendHeartBeat(EurekaHttpClientDecorator.java:89) ~[eureka-client-2.0.6.jar:2.0.6]
	at com.netflix.discovery.shared.transport.decorator.EurekaHttpClientDecorator$3.execute(EurekaHttpClientDecorator.java:92) ~[eureka-client-2.0.6.jar:2.0.6]
	at com.netflix.discovery.shared.transport.decorator.SessionedEurekaHttpClient.execute(SessionedEurekaHttpClient.java:76) ~[eureka-client-2.0.6.jar:2.0.6]
	at com.netflix.discovery.shared.transport.decorator.EurekaHttpClientDecorator.sendHeartBeat(EurekaHttpClientDecorator.java:89) ~[eureka-client-2.0.6.jar:2.0.6]
	at com.netflix.discovery.DiscoveryClient.renew(DiscoveryClient.java:860) ~[eureka-client-2.0.6.jar:2.0.6]
	at com.netflix.discovery.DiscoveryClient$HeartbeatThread.run(DiscoveryClient.java:1418) ~[eureka-client-2.0.6.jar:2.0.6]
	at java.base/java.util.concurrent.Executors$RunnableAdapter.call(Executors.java:545) ~[na:na]
	at java.base/java.util.concurrent.FutureTask.run(FutureTask.java:328) ~[na:na]
	at java.base/java.util.concurrent.ThreadPoolExecutor.runWorker(ThreadPoolExecutor.java:1090) ~[na:na]
	at java.base/java.util.concurrent.ThreadPoolExecutor$Worker.run(ThreadPoolExecutor.java:614) ~[na:na]
	at java.base/java.lang.Thread.run(Thread.java:1474) ~[na:na]
Caused by: org.springframework.http.converter.HttpMessageNotReadableException: JSON parse error: Root name ('timestamp') does not match expected ('instance') for type `com.netflix.appinfo.InstanceInfo`
	at org.springframework.http.converter.json.AbstractJackson2HttpMessageConverter.readJavaType(AbstractJackson2HttpMessageConverter.java:408) ~[spring-web-7.0.8.jar:7.0.8]
	at org.springframework.http.converter.json.AbstractJackson2HttpMessageConverter.read(AbstractJackson2HttpMessageConverter.java:356) ~[spring-web-7.0.8.jar:7.0.8]
	at org.springframework.web.client.DefaultRestClient.readWithMessageConverters(DefaultRestClient.java:237) ~[spring-web-7.0.8.jar:7.0.8]
	... 26 common frames omitted
Caused by: com.fasterxml.jackson.databind.exc.MismatchedInputException: Root name ('timestamp') does not match expected ('instance') for type `com.netflix.appinfo.InstanceInfo`
 at [Source: REDACTED (`StreamReadFeature.INCLUDE_SOURCE_IN_LOCATION` disabled); line: 1, column: 2] (through reference chain: com.netflix.appinfo.InstanceInfo["timestamp"])
	at com.fasterxml.jackson.databind.exc.MismatchedInputException.from(MismatchedInputException.java:76) ~[jackson-databind-2.21.4.jar:2.21.4]
	at com.fasterxml.jackson.databind.DeserializationContext.reportPropertyInputMismatch(DeserializationContext.java:1849) ~[jackson-databind-2.21.4.jar:2.21.4]
	at com.fasterxml.jackson.databind.DeserializationContext.reportPropertyInputMismatch(DeserializationContext.java:1865) ~[jackson-databind-2.21.4.jar:2.21.4]
	at com.fasterxml.jackson.databind.deser.DefaultDeserializationContext._unwrapAndDeserialize(DefaultDeserializationContext.java:367) ~[jackson-databind-2.21.4.jar:2.21.4]
	at com.fasterxml.jackson.databind.deser.DefaultDeserializationContext.readRootValue(DefaultDeserializationContext.java:339) ~[jackson-databind-2.21.4.jar:2.21.4]
	at com.fasterxml.jackson.databind.ObjectReader._bindAndClose(ObjectReader.java:2148) ~[jackson-databind-2.21.4.jar:2.21.4]
	at com.fasterxml.jackson.databind.ObjectReader.readValue(ObjectReader.java:1504) ~[jackson-databind-2.21.4.jar:2.21.4]
	at org.springframework.http.converter.json.AbstractJackson2HttpMessageConverter.readJavaType(AbstractJackson2HttpMessageConverter.java:397) ~[spring-web-7.0.8.jar:7.0.8]
	... 28 common frames omitted

2026-07-24T13:49:18.150+05:30  WARN 17334 --- [ConfigServer] [DiscoveryClient-HeartbeatExecutor-%d] c.n.d.s.t.d.RetryableEurekaHttpClient    : Request execution failed with message: Error while extracting response for type [com.netflix.appinfo.InstanceInfo] and content type [application/json]
2026-07-24T13:49:18.150+05:30 ERROR 17334 --- [ConfigServer] [DiscoveryClient-HeartbeatExecutor-%d] com.netflix.discovery.DiscoveryClient    : DiscoveryClient_CONFIGSERVER/null - was unable to send heartbeat!

com.netflix.discovery.shared.transport.TransportException: Cannot execute request on any known server
	at com.netflix.discovery.shared.transport.decorator.RetryableEurekaHttpClient.execute(RetryableEurekaHttpClient.java:112) ~[eureka-client-2.0.6.jar:2.0.6]
	at com.netflix.discovery.shared.transport.decorator.EurekaHttpClientDecorator.sendHeartBeat(EurekaHttpClientDecorator.java:89) ~[eureka-client-2.0.6.jar:2.0.6]
	at com.netflix.discovery.shared.transport.decorator.EurekaHttpClientDecorator$3.execute(EurekaHttpClientDecorator.java:92) ~[eureka-client-2.0.6.jar:2.0.6]
	at com.netflix.discovery.shared.transport.decorator.SessionedEurekaHttpClient.execute(SessionedEurekaHttpClient.java:76) ~[eureka-client-2.0.6.jar:2.0.6]
	at com.netflix.discovery.shared.transport.decorator.EurekaHttpClientDecorator.sendHeartBeat(EurekaHttpClientDecorator.java:89) ~[eureka-client-2.0.6.jar:2.0.6]
	at com.netflix.discovery.DiscoveryClient.renew(DiscoveryClient.java:860) ~[eureka-client-2.0.6.jar:2.0.6]
	at com.netflix.discovery.DiscoveryClient$HeartbeatThread.run(DiscoveryClient.java:1418) ~[eureka-client-2.0.6.jar:2.0.6]
	at java.base/java.util.concurrent.Executors$RunnableAdapter.call(Executors.java:545) ~[na:na]
	at java.base/java.util.concurrent.FutureTask.run(FutureTask.java:328) ~[na:na]
	at java.base/java.util.concurrent.ThreadPoolExecutor.runWorker(ThreadPoolExecutor.java:1090) ~[na:na]
	at java.base/java.util.concurrent.ThreadPoolExecutor$Worker.run(ThreadPoolExecutor.java:614) ~[na:na]
	at java.base/java.lang.Thread.run(Thread.java:1474) ~[na:na]

2026-07-24T13:49:23.167+05:30  INFO 17334 --- [ConfigServer] [DiscoveryClient-HeartbeatExecutor-%d] c.n.d.s.t.d.RedirectingEurekaHttpClient  : Request execution error. endpoint=DefaultEndpoint{ serviceUrl='http://localhost:8761/eureka/}, exception=Error while extracting response for type [com.netflix.appinfo.InstanceInfo] and content type [application/json]

org.springframework.web.client.RestClientException: Error while extracting response for type [com.netflix.appinfo.InstanceInfo] and content type [application/json]
	at org.springframework.web.client.DefaultRestClient.readWithMessageConverters(DefaultRestClient.java:274) ~[spring-web-7.0.8.jar:7.0.8]
	at org.springframework.web.client.DefaultRestClient$DefaultResponseSpec.readBody(DefaultRestClient.java:931) ~[spring-web-7.0.8.jar:7.0.8]
	at org.springframework.web.client.DefaultRestClient$DefaultResponseSpec.lambda$toEntityInternal$0(DefaultRestClient.java:871) ~[spring-web-7.0.8.jar:7.0.8]
	at org.springframework.web.client.DefaultRestClient$DefaultRequestBodyUriSpec.exchangeInternal(DefaultRestClient.java:617) ~[spring-web-7.0.8.jar:7.0.8]
	at org.springframework.web.client.DefaultRestClient$DefaultRequestBodyUriSpec.exchange(DefaultRestClient.java:572) ~[spring-web-7.0.8.jar:7.0.8]
	at org.springframework.web.client.RestClient$RequestHeadersSpec.exchange(RestClient.java:747) ~[spring-web-7.0.8.jar:7.0.8]
	at org.springframework.web.client.DefaultRestClient$DefaultResponseSpec.executeAndExtract(DefaultRestClient.java:924) ~[spring-web-7.0.8.jar:7.0.8]
	at org.springframework.web.client.DefaultRestClient$DefaultResponseSpec.toEntityInternal(DefaultRestClient.java:870) ~[spring-web-7.0.8.jar:7.0.8]
	at org.springframework.web.client.DefaultRestClient$DefaultResponseSpec.toEntity(DefaultRestClient.java:859) ~[spring-web-7.0.8.jar:7.0.8]
	at org.springframework.cloud.netflix.eureka.http.RestClientEurekaHttpClient.sendHeartBeat(RestClientEurekaHttpClient.java:91) ~[spring-cloud-netflix-eureka-client-5.0.2.jar:5.0.2]
	at com.netflix.discovery.shared.transport.decorator.EurekaHttpClientDecorator$3.execute(EurekaHttpClientDecorator.java:92) ~[eureka-client-2.0.6.jar:2.0.6]
	at com.netflix.discovery.shared.transport.decorator.RedirectingEurekaHttpClient.executeOnNewServer(RedirectingEurekaHttpClient.java:120) ~[eureka-client-2.0.6.jar:2.0.6]
	at com.netflix.discovery.shared.transport.decorator.RedirectingEurekaHttpClient.execute(RedirectingEurekaHttpClient.java:79) ~[eureka-client-2.0.6.jar:2.0.6]
	at com.netflix.discovery.shared.transport.decorator.EurekaHttpClientDecorator.sendHeartBeat(EurekaHttpClientDecorator.java:89) ~[eureka-client-2.0.6.jar:2.0.6]
	at com.netflix.discovery.shared.transport.decorator.EurekaHttpClientDecorator$3.execute(EurekaHttpClientDecorator.java:92) ~[eureka-client-2.0.6.jar:2.0.6]
	at com.netflix.discovery.shared.transport.decorator.RetryableEurekaHttpClient.execute(RetryableEurekaHttpClient.java:120) ~[eureka-client-2.0.6.jar:2.0.6]
	at com.netflix.discovery.shared.transport.decorator.EurekaHttpClientDecorator.sendHeartBeat(EurekaHttpClientDecorator.java:89) ~[eureka-client-2.0.6.jar:2.0.6]
	at com.netflix.discovery.shared.transport.decorator.EurekaHttpClientDecorator$3.execute(EurekaHttpClientDecorator.java:92) ~[eureka-client-2.0.6.jar:2.0.6]
	at com.netflix.discovery.shared.transport.decorator.SessionedEurekaHttpClient.execute(SessionedEurekaHttpClient.java:76) ~[eureka-client-2.0.6.jar:2.0.6]
	at com.netflix.discovery.shared.transport.decorator.EurekaHttpClientDecorator.sendHeartBeat(EurekaHttpClientDecorator.java:89) ~[eureka-client-2.0.6.jar:2.0.6]
	at com.netflix.discovery.DiscoveryClient.renew(DiscoveryClient.java:860) ~[eureka-client-2.0.6.jar:2.0.6]
	at com.netflix.discovery.DiscoveryClient$HeartbeatThread.run(DiscoveryClient.java:1418) ~[eureka-client-2.0.6.jar:2.0.6]
	at java.base/java.util.concurrent.Executors$RunnableAdapter.call(Executors.java:545) ~[na:na]
	at java.base/java.util.concurrent.FutureTask.run(FutureTask.java:328) ~[na:na]
	at java.base/java.util.concurrent.ThreadPoolExecutor.runWorker(ThreadPoolExecutor.java:1090) ~[na:na]
	at java.base/java.util.concurrent.ThreadPoolExecutor$Worker.run(ThreadPoolExecutor.java:614) ~[na:na]
	at java.base/java.lang.Thread.run(Thread.java:1474) ~[na:na]
Caused by: org.springframework.http.converter.HttpMessageNotReadableException: JSON parse error: Root name ('timestamp') does not match expected ('instance') for type `com.netflix.appinfo.InstanceInfo`
	at org.springframework.http.converter.json.AbstractJackson2HttpMessageConverter.readJavaType(AbstractJackson2HttpMessageConverter.java:408) ~[spring-web-7.0.8.jar:7.0.8]
	at org.springframework.http.converter.json.AbstractJackson2HttpMessageConverter.read(AbstractJackson2HttpMessageConverter.java:356) ~[spring-web-7.0.8.jar:7.0.8]
	at org.springframework.web.client.DefaultRestClient.readWithMessageConverters(DefaultRestClient.java:237) ~[spring-web-7.0.8.jar:7.0.8]
	... 26 common frames omitted
Caused by: com.fasterxml.jackson.databind.exc.MismatchedInputException: Root name ('timestamp') does not match expected ('instance') for type `com.netflix.appinfo.InstanceInfo`
 at [Source: REDACTED (`StreamReadFeature.INCLUDE_SOURCE_IN_LOCATION` disabled); line: 1, column: 2] (through reference chain: com.netflix.appinfo.InstanceInfo["timestamp"])
	at com.fasterxml.jackson.databind.exc.MismatchedInputException.from(MismatchedInputException.java:76) ~[jackson-databind-2.21.4.jar:2.21.4]
	at com.fasterxml.jackson.databind.DeserializationContext.reportPropertyInputMismatch(DeserializationContext.java:1849) ~[jackson-databind-2.21.4.jar:2.21.4]
	at com.fasterxml.jackson.databind.DeserializationContext.reportPropertyInputMismatch(DeserializationContext.java:1865) ~[jackson-databind-2.21.4.jar:2.21.4]
	at com.fasterxml.jackson.databind.deser.DefaultDeserializationContext._unwrapAndDeserialize(DefaultDeserializationContext.java:367) ~[jackson-databind-2.21.4.jar:2.21.4]
	at com.fasterxml.jackson.databind.deser.DefaultDeserializationContext.readRootValue(DefaultDeserializationContext.java:339) ~[jackson-databind-2.21.4.jar:2.21.4]
	at com.fasterxml.jackson.databind.ObjectReader._bindAndClose(ObjectReader.java:2148) ~[jackson-databind-2.21.4.jar:2.21.4]
	at com.fasterxml.jackson.databind.ObjectReader.readValue(ObjectReader.java:1504) ~[jackson-databind-2.21.4.jar:2.21.4]
	at org.springframework.http.converter.json.AbstractJackson2HttpMessageConverter.readJavaType(AbstractJackson2HttpMessageConverter.java:397) ~[spring-web-7.0.8.jar:7.0.8]
	... 28 common frames omitted

2026-07-24T13:49:23.168+05:30  WARN 17334 --- [ConfigServer] [DiscoveryClient-HeartbeatExecutor-%d] c.n.d.s.t.d.RetryableEurekaHttpClient    : Request execution failed with message: Error while extracting response for type [com.netflix.appinfo.InstanceInfo] and content type [application/json]
2026-07-24T13:49:23.169+05:30 ERROR 17334 --- [ConfigServer] [DiscoveryClient-HeartbeatExecutor-%d] com.netflix.discovery.DiscoveryClient    : DiscoveryClient_CONFIGSERVER/null - was unable to send heartbeat!

com.netflix.discovery.shared.transport.TransportException: Cannot execute request on any known server
	at com.netflix.discovery.shared.transport.decorator.RetryableEurekaHttpClient.execute(RetryableEurekaHttpClient.java:112) ~[eureka-client-2.0.6.jar:2.0.6]
	at com.netflix.discovery.shared.transport.decorator.EurekaHttpClientDecorator.sendHeartBeat(EurekaHttpClientDecorator.java:89) ~[eureka-client-2.0.6.jar:2.0.6]
	at com.netflix.discovery.shared.transport.decorator.EurekaHttpClientDecorator$3.execute(EurekaHttpClientDecorator.java:92) ~[eureka-client-2.0.6.jar:2.0.6]
	at com.netflix.discovery.shared.transport.decorator.SessionedEurekaHttpClient.execute(SessionedEurekaHttpClient.java:76) ~[eureka-client-2.0.6.jar:2.0.6]
	at com.netflix.discovery.shared.transport.decorator.EurekaHttpClientDecorator.sendHeartBeat(EurekaHttpClientDecorator.java:89) ~[eureka-client-2.0.6.jar:2.0.6]
	at com.netflix.discovery.DiscoveryClient.renew(DiscoveryClient.java:860) ~[eureka-client-2.0.6.jar:2.0.6]
	at com.netflix.discovery.DiscoveryClient$HeartbeatThread.run(DiscoveryClient.java:1418) ~[eureka-client-2.0.6.jar:2.0.6]
	at java.base/java.util.concurrent.Executors$RunnableAdapter.call(Executors.java:545) ~[na:na]
	at java.base/java.util.concurrent.FutureTask.run(FutureTask.java:328) ~[na:na]
	at java.base/java.util.concurrent.ThreadPoolExecutor.runWorker(ThreadPoolExecutor.java:1090) ~[na:na]
	at java.base/java.util.concurrent.ThreadPoolExecutor$Worker.run(ThreadPoolExecutor.java:614) ~[na:na]
	at java.base/java.lang.Thread.run(Thread.java:1474) ~[na:na]

2026-07-24T13:49:28.183+05:30  INFO 17334 --- [ConfigServer] [DiscoveryClient-HeartbeatExecutor-%d] c.n.d.s.t.d.RedirectingEurekaHttpClient  : Request execution error. endpoint=DefaultEndpoint{ serviceUrl='http://localhost:8761/eureka/}, exception=Error while extracting response for type [com.netflix.appinfo.InstanceInfo] and content type [application/json]

org.springframework.web.client.RestClientException: Error while extracting response for type [com.netflix.appinfo.InstanceInfo] and content type [application/json]
	at org.springframework.web.client.DefaultRestClient.readWithMessageConverters(DefaultRestClient.java:274) ~[spring-web-7.0.8.jar:7.0.8]
	at org.springframework.web.client.DefaultRestClient$DefaultResponseSpec.readBody(DefaultRestClient.java:931) ~[spring-web-7.0.8.jar:7.0.8]
	at org.springframework.web.client.DefaultRestClient$DefaultResponseSpec.lambda$toEntityInternal$0(DefaultRestClient.java:871) ~[spring-web-7.0.8.jar:7.0.8]
	at org.springframework.web.client.DefaultRestClient$DefaultRequestBodyUriSpec.exchangeInternal(DefaultRestClient.java:617) ~[spring-web-7.0.8.jar:7.0.8]
	at org.springframework.web.client.DefaultRestClient$DefaultRequestBodyUriSpec.exchange(DefaultRestClient.java:572) ~[spring-web-7.0.8.jar:7.0.8]
	at org.springframework.web.client.RestClient$RequestHeadersSpec.exchange(RestClient.java:747) ~[spring-web-7.0.8.jar:7.0.8]
	at org.springframework.web.client.DefaultRestClient$DefaultResponseSpec.executeAndExtract(DefaultRestClient.java:924) ~[spring-web-7.0.8.jar:7.0.8]
	at org.springframework.web.client.DefaultRestClient$DefaultResponseSpec.toEntityInternal(DefaultRestClient.java:870) ~[spring-web-7.0.8.jar:7.0.8]
	at org.springframework.web.client.DefaultRestClient$DefaultResponseSpec.toEntity(DefaultRestClient.java:859) ~[spring-web-7.0.8.jar:7.0.8]
	at org.springframework.cloud.netflix.eureka.http.RestClientEurekaHttpClient.sendHeartBeat(RestClientEurekaHttpClient.java:91) ~[spring-cloud-netflix-eureka-client-5.0.2.jar:5.0.2]
	at com.netflix.discovery.shared.transport.decorator.EurekaHttpClientDecorator$3.execute(EurekaHttpClientDecorator.java:92) ~[eureka-client-2.0.6.jar:2.0.6]
	at com.netflix.discovery.shared.transport.decorator.RedirectingEurekaHttpClient.executeOnNewServer(RedirectingEurekaHttpClient.java:120) ~[eureka-client-2.0.6.jar:2.0.6]
	at com.netflix.discovery.shared.transport.decorator.RedirectingEurekaHttpClient.execute(RedirectingEurekaHttpClient.java:79) ~[eureka-client-2.0.6.jar:2.0.6]
	at com.netflix.discovery.shared.transport.decorator.EurekaHttpClientDecorator.sendHeartBeat(EurekaHttpClientDecorator.java:89) ~[eureka-client-2.0.6.jar:2.0.6]
	at com.netflix.discovery.shared.transport.decorator.EurekaHttpClientDecorator$3.execute(EurekaHttpClientDecorator.java:92) ~[eureka-client-2.0.6.jar:2.0.6]
	at com.netflix.discovery.shared.transport.decorator.RetryableEurekaHttpClient.execute(RetryableEurekaHttpClient.java:120) ~[eureka-client-2.0.6.jar:2.0.6]
	at com.netflix.discovery.shared.transport.decorator.EurekaHttpClientDecorator.sendHeartBeat(EurekaHttpClientDecorator.java:89) ~[eureka-client-2.0.6.jar:2.0.6]
	at com.netflix.discovery.shared.transport.decorator.EurekaHttpClientDecorator$3.execute(EurekaHttpClientDecorator.java:92) ~[eureka-client-2.0.6.jar:2.0.6]
	at com.netflix.discovery.shared.transport.decorator.SessionedEurekaHttpClient.execute(SessionedEurekaHttpClient.java:76) ~[eureka-client-2.0.6.jar:2.0.6]
	at com.netflix.discovery.shared.transport.decorator.EurekaHttpClientDecorator.sendHeartBeat(EurekaHttpClientDecorator.java:89) ~[eureka-client-2.0.6.jar:2.0.6]
	at com.netflix.discovery.DiscoveryClient.renew(DiscoveryClient.java:860) ~[eureka-client-2.0.6.jar:2.0.6]
	at com.netflix.discovery.DiscoveryClient$HeartbeatThread.run(DiscoveryClient.java:1418) ~[eureka-client-2.0.6.jar:2.0.6]
	at java.base/java.util.concurrent.Executors$RunnableAdapter.call(Executors.java:545) ~[na:na]
	at java.base/java.util.concurrent.FutureTask.run(FutureTask.java:328) ~[na:na]
	at java.base/java.util.concurrent.ThreadPoolExecutor.runWorker(ThreadPoolExecutor.java:1090) ~[na:na]
	at java.base/java.util.concurrent.ThreadPoolExecutor$Worker.run(ThreadPoolExecutor.java:614) ~[na:na]
	at java.base/java.lang.Thread.run(Thread.java:1474) ~[na:na]
Caused by: org.springframework.http.converter.HttpMessageNotReadableException: JSON parse error: Root name ('timestamp') does not match expected ('instance') for type `com.netflix.appinfo.InstanceInfo`
	at org.springframework.http.converter.json.AbstractJackson2HttpMessageConverter.readJavaType(AbstractJackson2HttpMessageConverter.java:408) ~[spring-web-7.0.8.jar:7.0.8]
	at org.springframework.http.converter.json.AbstractJackson2HttpMessageConverter.read(AbstractJackson2HttpMessageConverter.java:356) ~[spring-web-7.0.8.jar:7.0.8]
	at org.springframework.web.client.DefaultRestClient.readWithMessageConverters(DefaultRestClient.java:237) ~[spring-web-7.0.8.jar:7.0.8]
	... 26 common frames omitted
Caused by: com.fasterxml.jackson.databind.exc.MismatchedInputException: Root name ('timestamp') does not match expected ('instance') for type `com.netflix.appinfo.InstanceInfo`
 at [Source: REDACTED (`StreamReadFeature.INCLUDE_SOURCE_IN_LOCATION` disabled); line: 1, column: 2] (through reference chain: com.netflix.appinfo.InstanceInfo["timestamp"])
	at com.fasterxml.jackson.databind.exc.MismatchedInputException.from(MismatchedInputException.java:76) ~[jackson-databind-2.21.4.jar:2.21.4]
	at com.fasterxml.jackson.databind.DeserializationContext.reportPropertyInputMismatch(DeserializationContext.java:1849) ~[jackson-databind-2.21.4.jar:2.21.4]
	at com.fasterxml.jackson.databind.DeserializationContext.reportPropertyInputMismatch(DeserializationContext.java:1865) ~[jackson-databind-2.21.4.jar:2.21.4]
	at com.fasterxml.jackson.databind.deser.DefaultDeserializationContext._unwrapAndDeserialize(DefaultDeserializationContext.java:367) ~[jackson-databind-2.21.4.jar:2.21.4]
	at com.fasterxml.jackson.databind.deser.DefaultDeserializationContext.readRootValue(DefaultDeserializationContext.java:339) ~[jackson-databind-2.21.4.jar:2.21.4]
	at com.fasterxml.jackson.databind.ObjectReader._bindAndClose(ObjectReader.java:2148) ~[jackson-databind-2.21.4.jar:2.21.4]
	at com.fasterxml.jackson.databind.ObjectReader.readValue(ObjectReader.java:1504) ~[jackson-databind-2.21.4.jar:2.21.4]
	at org.springframework.http.converter.json.AbstractJackson2HttpMessageConverter.readJavaType(AbstractJackson2HttpMessageConverter.java:397) ~[spring-web-7.0.8.jar:7.0.8]
	... 28 common frames omitted

2026-07-24T13:49:28.183+05:30  WARN 17334 --- [ConfigServer] [DiscoveryClient-HeartbeatExecutor-%d] c.n.d.s.t.d.RetryableEurekaHttpClient    : Request execution failed with message: Error while extracting response for type [com.netflix.appinfo.InstanceInfo] and content type [application/json]
2026-07-24T13:49:28.183+05:30 ERROR 17334 --- [ConfigServer] [DiscoveryClient-HeartbeatExecutor-%d] com.netflix.discovery.DiscoveryClient    : DiscoveryClient_CONFIGSERVER/null - was unable to send heartbeat!

com.netflix.discovery.shared.transport.TransportException: Cannot execute request on any known server
	at com.netflix.discovery.shared.transport.decorator.RetryableEurekaHttpClient.execute(RetryableEurekaHttpClient.java:112) ~[eureka-client-2.0.6.jar:2.0.6]
	at com.netflix.discovery.shared.transport.decorator.EurekaHttpClientDecorator.sendHeartBeat(EurekaHttpClientDecorator.java:89) ~[eureka-client-2.0.6.jar:2.0.6]
	at com.netflix.discovery.shared.transport.decorator.EurekaHttpClientDecorator$3.execute(EurekaHttpClientDecorator.java:92) ~[eureka-client-2.0.6.jar:2.0.6]
	at com.netflix.discovery.shared.transport.decorator.SessionedEurekaHttpClient.execute(SessionedEurekaHttpClient.java:76) ~[eureka-client-2.0.6.jar:2.0.6]
	at com.netflix.discovery.shared.transport.decorator.EurekaHttpClientDecorator.sendHeartBeat(EurekaHttpClientDecorator.java:89) ~[eureka-client-2.0.6.jar:2.0.6]
	at com.netflix.discovery.DiscoveryClient.renew(DiscoveryClient.java:860) ~[eureka-client-2.0.6.jar:2.0.6]
	at com.netflix.discovery.DiscoveryClient$HeartbeatThread.run(DiscoveryClient.java:1418) ~[eureka-client-2.0.6.jar:2.0.6]
	at java.base/java.util.concurrent.Executors$RunnableAdapter.call(Executors.java:545) ~[na:na]
	at java.base/java.util.concurrent.FutureTask.run(FutureTask.java:328) ~[na:na]
	at java.base/java.util.concurrent.ThreadPoolExecutor.runWorker(ThreadPoolExecutor.java:1090) ~[na:na]
	at java.base/java.util.concurrent.ThreadPoolExecutor$Worker.run(ThreadPoolExecutor.java:614) ~[na:na]
	at java.base/java.lang.Thread.run(Thread.java:1474) ~[na:na]

2026-07-24T13:49:33.195+05:30  INFO 17334 --- [ConfigServer] [DiscoveryClient-HeartbeatExecutor-%d] c.n.d.s.t.d.RedirectingEurekaHttpClient  : Request execution error. endpoint=DefaultEndpoint{ serviceUrl='http://localhost:8761/eureka/}, exception=Error while extracting response for type [com.netflix.appinfo.InstanceInfo] and content type [application/json]

org.springframework.web.client.RestClientException: Error while extracting response for type [com.netflix.appinfo.InstanceInfo] and content type [application/json]
	at org.springframework.web.client.DefaultRestClient.readWithMessageConverters(DefaultRestClient.java:274) ~[spring-web-7.0.8.jar:7.0.8]
	at org.springframework.web.client.DefaultRestClient$DefaultResponseSpec.readBody(DefaultRestClient.java:931) ~[spring-web-7.0.8.jar:7.0.8]
	at org.springframework.web.client.DefaultRestClient$DefaultResponseSpec.lambda$toEntityInternal$0(DefaultRestClient.java:871) ~[spring-web-7.0.8.jar:7.0.8]
	at org.springframework.web.client.DefaultRestClient$DefaultRequestBodyUriSpec.exchangeInternal(DefaultRestClient.java:617) ~[spring-web-7.0.8.jar:7.0.8]
	at org.springframework.web.client.DefaultRestClient$DefaultRequestBodyUriSpec.exchange(DefaultRestClient.java:572) ~[spring-web-7.0.8.jar:7.0.8]
	at org.springframework.web.client.RestClient$RequestHeadersSpec.exchange(RestClient.java:747) ~[spring-web-7.0.8.jar:7.0.8]
	at org.springframework.web.client.DefaultRestClient$DefaultResponseSpec.executeAndExtract(DefaultRestClient.java:924) ~[spring-web-7.0.8.jar:7.0.8]
	at org.springframework.web.client.DefaultRestClient$DefaultResponseSpec.toEntityInternal(DefaultRestClient.java:870) ~[spring-web-7.0.8.jar:7.0.8]
	at org.springframework.web.client.DefaultRestClient$DefaultResponseSpec.toEntity(DefaultRestClient.java:859) ~[spring-web-7.0.8.jar:7.0.8]
	at org.springframework.cloud.netflix.eureka.http.RestClientEurekaHttpClient.sendHeartBeat(RestClientEurekaHttpClient.java:91) ~[spring-cloud-netflix-eureka-client-5.0.2.jar:5.0.2]
	at com.netflix.discovery.shared.transport.decorator.EurekaHttpClientDecorator$3.execute(EurekaHttpClientDecorator.java:92) ~[eureka-client-2.0.6.jar:2.0.6]
	at com.netflix.discovery.shared.transport.decorator.RedirectingEurekaHttpClient.executeOnNewServer(RedirectingEurekaHttpClient.java:120) ~[eureka-client-2.0.6.jar:2.0.6]
	at com.netflix.discovery.shared.transport.decorator.RedirectingEurekaHttpClient.execute(RedirectingEurekaHttpClient.java:79) ~[eureka-client-2.0.6.jar:2.0.6]
	at com.netflix.discovery.shared.transport.decorator.EurekaHttpClientDecorator.sendHeartBeat(EurekaHttpClientDecorator.java:89) ~[eureka-client-2.0.6.jar:2.0.6]
	at com.netflix.discovery.shared.transport.decorator.EurekaHttpClientDecorator$3.execute(EurekaHttpClientDecorator.java:92) ~[eureka-client-2.0.6.jar:2.0.6]
	at com.netflix.discovery.shared.transport.decorator.RetryableEurekaHttpClient.execute(RetryableEurekaHttpClient.java:120) ~[eureka-client-2.0.6.jar:2.0.6]
	at com.netflix.discovery.shared.transport.decorator.EurekaHttpClientDecorator.sendHeartBeat(EurekaHttpClientDecorator.java:89) ~[eureka-client-2.0.6.jar:2.0.6]
	at com.netflix.discovery.shared.transport.decorator.EurekaHttpClientDecorator$3.execute(EurekaHttpClientDecorator.java:92) ~[eureka-client-2.0.6.jar:2.0.6]
	at com.netflix.discovery.shared.transport.decorator.SessionedEurekaHttpClient.execute(SessionedEurekaHttpClient.java:76) ~[eureka-client-2.0.6.jar:2.0.6]
	at com.netflix.discovery.shared.transport.decorator.EurekaHttpClientDecorator.sendHeartBeat(EurekaHttpClientDecorator.java:89) ~[eureka-client-2.0.6.jar:2.0.6]
	at com.netflix.discovery.DiscoveryClient.renew(DiscoveryClient.java:860) ~[eureka-client-2.0.6.jar:2.0.6]
	at com.netflix.discovery.DiscoveryClient$HeartbeatThread.run(DiscoveryClient.java:1418) ~[eureka-client-2.0.6.jar:2.0.6]
	at java.base/java.util.concurrent.Executors$RunnableAdapter.call(Executors.java:545) ~[na:na]
	at java.base/java.util.concurrent.FutureTask.run(FutureTask.java:328) ~[na:na]
	at java.base/java.util.concurrent.ThreadPoolExecutor.runWorker(ThreadPoolExecutor.java:1090) ~[na:na]
	at java.base/java.util.concurrent.ThreadPoolExecutor$Worker.run(ThreadPoolExecutor.java:614) ~[na:na]
	at java.base/java.lang.Thread.run(Thread.java:1474) ~[na:na]
Caused by: org.springframework.http.converter.HttpMessageNotReadableException: JSON parse error: Root name ('timestamp') does not match expected ('instance') for type `com.netflix.appinfo.InstanceInfo`
	at org.springframework.http.converter.json.AbstractJackson2HttpMessageConverter.readJavaType(AbstractJackson2HttpMessageConverter.java:408) ~[spring-web-7.0.8.jar:7.0.8]
	at org.springframework.http.converter.json.AbstractJackson2HttpMessageConverter.read(AbstractJackson2HttpMessageConverter.java:356) ~[spring-web-7.0.8.jar:7.0.8]
	at org.springframework.web.client.DefaultRestClient.readWithMessageConverters(DefaultRestClient.java:237) ~[spring-web-7.0.8.jar:7.0.8]
	... 26 common frames omitted
Caused by: com.fasterxml.jackson.databind.exc.MismatchedInputException: Root name ('timestamp') does not match expected ('instance') for type `com.netflix.appinfo.InstanceInfo`
 at [Source: REDACTED (`StreamReadFeature.INCLUDE_SOURCE_IN_LOCATION` disabled); line: 1, column: 2] (through reference chain: com.netflix.appinfo.InstanceInfo["timestamp"])
	at com.fasterxml.jackson.databind.exc.MismatchedInputException.from(MismatchedInputException.java:76) ~[jackson-databind-2.21.4.jar:2.21.4]
	at com.fasterxml.jackson.databind.DeserializationContext.reportPropertyInputMismatch(DeserializationContext.java:1849) ~[jackson-databind-2.21.4.jar:2.21.4]
	at com.fasterxml.jackson.databind.DeserializationContext.reportPropertyInputMismatch(DeserializationContext.java:1865) ~[jackson-databind-2.21.4.jar:2.21.4]
	at com.fasterxml.jackson.databind.deser.DefaultDeserializationContext._unwrapAndDeserialize(DefaultDeserializationContext.java:367) ~[jackson-databind-2.21.4.jar:2.21.4]
	at com.fasterxml.jackson.databind.deser.DefaultDeserializationContext.readRootValue(DefaultDeserializationContext.java:339) ~[jackson-databind-2.21.4.jar:2.21.4]
	at com.fasterxml.jackson.databind.ObjectReader._bindAndClose(ObjectReader.java:2148) ~[jackson-databind-2.21.4.jar:2.21.4]
	at com.fasterxml.jackson.databind.ObjectReader.readValue(ObjectReader.java:1504) ~[jackson-databind-2.21.4.jar:2.21.4]
	at org.springframework.http.converter.json.AbstractJackson2HttpMessageConverter.readJavaType(AbstractJackson2HttpMessageConverter.java:397) ~[spring-web-7.0.8.jar:7.0.8]
	... 28 common frames omitted

2026-07-24T13:49:33.196+05:30  WARN 17334 --- [ConfigServer] [DiscoveryClient-HeartbeatExecutor-%d] c.n.d.s.t.d.RetryableEurekaHttpClient    : Request execution failed with message: Error while extracting response for type [com.netflix.appinfo.InstanceInfo] and content type [application/json]
2026-07-24T13:49:33.196+05:30 ERROR 17334 --- [ConfigServer] [DiscoveryClient-HeartbeatExecutor-%d] com.netflix.discovery.DiscoveryClient    : DiscoveryClient_CONFIGSERVER/null - was unable to send heartbeat!

com.netflix.discovery.shared.transport.TransportException: Cannot execute request on any known server
	at com.netflix.discovery.shared.transport.decorator.RetryableEurekaHttpClient.execute(RetryableEurekaHttpClient.java:112) ~[eureka-client-2.0.6.jar:2.0.6]
	at com.netflix.discovery.shared.transport.decorator.EurekaHttpClientDecorator.sendHeartBeat(EurekaHttpClientDecorator.java:89) ~[eureka-client-2.0.6.jar:2.0.6]
	at com.netflix.discovery.shared.transport.decorator.EurekaHttpClientDecorator$3.execute(EurekaHttpClientDecorator.java:92) ~[eureka-client-2.0.6.jar:2.0.6]
	at com.netflix.discovery.shared.transport.decorator.SessionedEurekaHttpClient.execute(SessionedEurekaHttpClient.java:76) ~[eureka-client-2.0.6.jar:2.0.6]
	at com.netflix.discovery.shared.transport.decorator.EurekaHttpClientDecorator.sendHeartBeat(EurekaHttpClientDecorator.java:89) ~[eureka-client-2.0.6.jar:2.0.6]
	at com.netflix.discovery.DiscoveryClient.renew(DiscoveryClient.java:860) ~[eureka-client-2.0.6.jar:2.0.6]
	at com.netflix.discovery.DiscoveryClient$HeartbeatThread.run(DiscoveryClient.java:1418) ~[eureka-client-2.0.6.jar:2.0.6]
	at java.base/java.util.concurrent.Executors$RunnableAdapter.call(Executors.java:545) ~[na:na]
	at java.base/java.util.concurrent.FutureTask.run(FutureTask.java:328) ~[na:na]
	at java.base/java.util.concurrent.ThreadPoolExecutor.runWorker(ThreadPoolExecutor.java:1090) ~[na:na]
	at java.base/java.util.concurrent.ThreadPoolExecutor$Worker.run(ThreadPoolExecutor.java:614) ~[na:na]
	at java.base/java.lang.Thread.run(Thread.java:1474) ~[na:na]

2026-07-24T13:49:38.215+05:30  INFO 17334 --- [ConfigServer] [DiscoveryClient-HeartbeatExecutor-%d] c.n.d.s.t.d.RedirectingEurekaHttpClient  : Request execution error. endpoint=DefaultEndpoint{ serviceUrl='http://localhost:8761/eureka/}, exception=Error while extracting response for type [com.netflix.appinfo.InstanceInfo] and content type [application/json]

org.springframework.web.client.RestClientException: Error while extracting response for type [com.netflix.appinfo.InstanceInfo] and content type [application/json]
	at org.springframework.web.client.DefaultRestClient.readWithMessageConverters(DefaultRestClient.java:274) ~[spring-web-7.0.8.jar:7.0.8]
	at org.springframework.web.client.DefaultRestClient$DefaultResponseSpec.readBody(DefaultRestClient.java:931) ~[spring-web-7.0.8.jar:7.0.8]
	at org.springframework.web.client.DefaultRestClient$DefaultResponseSpec.lambda$toEntityInternal$0(DefaultRestClient.java:871) ~[spring-web-7.0.8.jar:7.0.8]
	at org.springframework.web.client.DefaultRestClient$DefaultRequestBodyUriSpec.exchangeInternal(DefaultRestClient.java:617) ~[spring-web-7.0.8.jar:7.0.8]
	at org.springframework.web.client.DefaultRestClient$DefaultRequestBodyUriSpec.exchange(DefaultRestClient.java:572) ~[spring-web-7.0.8.jar:7.0.8]
	at org.springframework.web.client.RestClient$RequestHeadersSpec.exchange(RestClient.java:747) ~[spring-web-7.0.8.jar:7.0.8]
	at org.springframework.web.client.DefaultRestClient$DefaultResponseSpec.executeAndExtract(DefaultRestClient.java:924) ~[spring-web-7.0.8.jar:7.0.8]
	at org.springframework.web.client.DefaultRestClient$DefaultResponseSpec.toEntityInternal(DefaultRestClient.java:870) ~[spring-web-7.0.8.jar:7.0.8]
	at org.springframework.web.client.DefaultRestClient$DefaultResponseSpec.toEntity(DefaultRestClient.java:859) ~[spring-web-7.0.8.jar:7.0.8]
	at org.springframework.cloud.netflix.eureka.http.RestClientEurekaHttpClient.sendHeartBeat(RestClientEurekaHttpClient.java:91) ~[spring-cloud-netflix-eureka-client-5.0.2.jar:5.0.2]
	at com.netflix.discovery.shared.transport.decorator.EurekaHttpClientDecorator$3.execute(EurekaHttpClientDecorator.java:92) ~[eureka-client-2.0.6.jar:2.0.6]
	at com.netflix.discovery.shared.transport.decorator.RedirectingEurekaHttpClient.executeOnNewServer(RedirectingEurekaHttpClient.java:120) ~[eureka-client-2.0.6.jar:2.0.6]
	at com.netflix.discovery.shared.transport.decorator.RedirectingEurekaHttpClient.execute(RedirectingEurekaHttpClient.java:79) ~[eureka-client-2.0.6.jar:2.0.6]
	at com.netflix.discovery.shared.transport.decorator.EurekaHttpClientDecorator.sendHeartBeat(EurekaHttpClientDecorator.java:89) ~[eureka-client-2.0.6.jar:2.0.6]
	at com.netflix.discovery.shared.transport.decorator.EurekaHttpClientDecorator$3.execute(EurekaHttpClientDecorator.java:92) ~[eureka-client-2.0.6.jar:2.0.6]
	at com.netflix.discovery.shared.transport.decorator.RetryableEurekaHttpClient.execute(RetryableEurekaHttpClient.java:120) ~[eureka-client-2.0.6.jar:2.0.6]
	at com.netflix.discovery.shared.transport.decorator.EurekaHttpClientDecorator.sendHeartBeat(EurekaHttpClientDecorator.java:89) ~[eureka-client-2.0.6.jar:2.0.6]
	at com.netflix.discovery.shared.transport.decorator.EurekaHttpClientDecorator$3.execute(EurekaHttpClientDecorator.java:92) ~[eureka-client-2.0.6.jar:2.0.6]
	at com.netflix.discovery.shared.transport.decorator.SessionedEurekaHttpClient.execute(SessionedEurekaHttpClient.java:76) ~[eureka-client-2.0.6.jar:2.0.6]
	at com.netflix.discovery.shared.transport.decorator.EurekaHttpClientDecorator.sendHeartBeat(EurekaHttpClientDecorator.java:89) ~[eureka-client-2.0.6.jar:2.0.6]
	at com.netflix.discovery.DiscoveryClient.renew(DiscoveryClient.java:860) ~[eureka-client-2.0.6.jar:2.0.6]
	at com.netflix.discovery.DiscoveryClient$HeartbeatThread.run(DiscoveryClient.java:1418) ~[eureka-client-2.0.6.jar:2.0.6]
	at java.base/java.util.concurrent.Executors$RunnableAdapter.call(Executors.java:545) ~[na:na]
	at java.base/java.util.concurrent.FutureTask.run(FutureTask.java:328) ~[na:na]
	at java.base/java.util.concurrent.ThreadPoolExecutor.runWorker(ThreadPoolExecutor.java:1090) ~[na:na]
	at java.base/java.util.concurrent.ThreadPoolExecutor$Worker.run(ThreadPoolExecutor.java:614) ~[na:na]
	at java.base/java.lang.Thread.run(Thread.java:1474) ~[na:na]
Caused by: org.springframework.http.converter.HttpMessageNotReadableException: JSON parse error: Root name ('timestamp') does not match expected ('instance') for type `com.netflix.appinfo.InstanceInfo`
	at org.springframework.http.converter.json.AbstractJackson2HttpMessageConverter.readJavaType(AbstractJackson2HttpMessageConverter.java:408) ~[spring-web-7.0.8.jar:7.0.8]
	at org.springframework.http.converter.json.AbstractJackson2HttpMessageConverter.read(AbstractJackson2HttpMessageConverter.java:356) ~[spring-web-7.0.8.jar:7.0.8]
	at org.springframework.web.client.DefaultRestClient.readWithMessageConverters(DefaultRestClient.java:237) ~[spring-web-7.0.8.jar:7.0.8]
	... 26 common frames omitted
Caused by: com.fasterxml.jackson.databind.exc.MismatchedInputException: Root name ('timestamp') does not match expected ('instance') for type `com.netflix.appinfo.InstanceInfo`
 at [Source: REDACTED (`StreamReadFeature.INCLUDE_SOURCE_IN_LOCATION` disabled); line: 1, column: 2] (through reference chain: com.netflix.appinfo.InstanceInfo["timestamp"])
	at com.fasterxml.jackson.databind.exc.MismatchedInputException.from(MismatchedInputException.java:76) ~[jackson-databind-2.21.4.jar:2.21.4]
	at com.fasterxml.jackson.databind.DeserializationContext.reportPropertyInputMismatch(DeserializationContext.java:1849) ~[jackson-databind-2.21.4.jar:2.21.4]
	at com.fasterxml.jackson.databind.DeserializationContext.reportPropertyInputMismatch(DeserializationContext.java:1865) ~[jackson-databind-2.21.4.jar:2.21.4]
	at com.fasterxml.jackson.databind.deser.DefaultDeserializationContext._unwrapAndDeserialize(DefaultDeserializationContext.java:367) ~[jackson-databind-2.21.4.jar:2.21.4]
	at com.fasterxml.jackson.databind.deser.DefaultDeserializationContext.readRootValue(DefaultDeserializationContext.java:339) ~[jackson-databind-2.21.4.jar:2.21.4]
	at com.fasterxml.jackson.databind.ObjectReader._bindAndClose(ObjectReader.java:2148) ~[jackson-databind-2.21.4.jar:2.21.4]
	at com.fasterxml.jackson.databind.ObjectReader.readValue(ObjectReader.java:1504) ~[jackson-databind-2.21.4.jar:2.21.4]
	at org.springframework.http.converter.json.AbstractJackson2HttpMessageConverter.readJavaType(AbstractJackson2HttpMessageConverter.java:397) ~[spring-web-7.0.8.jar:7.0.8]
	... 28 common frames omitted

2026-07-24T13:49:38.216+05:30  WARN 17334 --- [ConfigServer] [DiscoveryClient-HeartbeatExecutor-%d] c.n.d.s.t.d.RetryableEurekaHttpClient    : Request execution failed with message: Error while extracting response for type [com.netflix.appinfo.InstanceInfo] and content type [application/json]
2026-07-24T13:49:38.217+05:30 ERROR 17334 --- [ConfigServer] [DiscoveryClient-HeartbeatExecutor-%d] com.netflix.discovery.DiscoveryClient    : DiscoveryClient_CONFIGSERVER/null - was unable to send heartbeat!

com.netflix.discovery.shared.transport.TransportException: Cannot execute request on any known server
	at com.netflix.discovery.shared.transport.decorator.RetryableEurekaHttpClient.execute(RetryableEurekaHttpClient.java:112) ~[eureka-client-2.0.6.jar:2.0.6]
	at com.netflix.discovery.shared.transport.decorator.EurekaHttpClientDecorator.sendHeartBeat(EurekaHttpClientDecorator.java:89) ~[eureka-client-2.0.6.jar:2.0.6]
	at com.netflix.discovery.shared.transport.decorator.EurekaHttpClientDecorator$3.execute(EurekaHttpClientDecorator.java:92) ~[eureka-client-2.0.6.jar:2.0.6]
	at com.netflix.discovery.shared.transport.decorator.SessionedEurekaHttpClient.execute(SessionedEurekaHttpClient.java:76) ~[eureka-client-2.0.6.jar:2.0.6]
	at com.netflix.discovery.shared.transport.decorator.EurekaHttpClientDecorator.sendHeartBeat(EurekaHttpClientDecorator.java:89) ~[eureka-client-2.0.6.jar:2.0.6]
	at com.netflix.discovery.DiscoveryClient.renew(DiscoveryClient.java:860) ~[eureka-client-2.0.6.jar:2.0.6]
	at com.netflix.discovery.DiscoveryClient$HeartbeatThread.run(DiscoveryClient.java:1418) ~[eureka-client-2.0.6.jar:2.0.6]
	at java.base/java.util.concurrent.Executors$RunnableAdapter.call(Executors.java:545) ~[na:na]
	at java.base/java.util.concurrent.FutureTask.run(FutureTask.java:328) ~[na:na]
	at java.base/java.util.concurrent.ThreadPoolExecutor.runWorker(ThreadPoolExecutor.java:1090) ~[na:na]
	at java.base/java.util.concurrent.ThreadPoolExecutor$Worker.run(ThreadPoolExecutor.java:614) ~[na:na]
	at java.base/java.lang.Thread.run(Thread.java:1474) ~[na:na]

2026-07-24T13:49:42.916+05:30  INFO 17334 --- [ConfigServer] [DiscoveryClient-CacheRefreshExecutor-%d] com.netflix.discovery.DiscoveryClient    : Disable delta property : false
2026-07-24T13:49:42.916+05:30  INFO 17334 --- [ConfigServer] [DiscoveryClient-CacheRefreshExecutor-%d] com.netflix.discovery.DiscoveryClient    : Single vip registry refresh property : null
2026-07-24T13:49:42.916+05:30  INFO 17334 --- [ConfigServer] [DiscoveryClient-CacheRefreshExecutor-%d] com.netflix.discovery.DiscoveryClient    : Force full registry fetch : false
2026-07-24T13:49:42.916+05:30  INFO 17334 --- [ConfigServer] [DiscoveryClient-CacheRefreshExecutor-%d] com.netflix.discovery.DiscoveryClient    : Application is null : false
2026-07-24T13:49:42.917+05:30  INFO 17334 --- [ConfigServer] [DiscoveryClient-CacheRefreshExecutor-%d] com.netflix.discovery.DiscoveryClient    : Registered Applications size is zero : true
2026-07-24T13:49:42.917+05:30  INFO 17334 --- [ConfigServer] [DiscoveryClient-CacheRefreshExecutor-%d] com.netflix.discovery.DiscoveryClient    : Application version is -1: false
2026-07-24T13:49:42.917+05:30  INFO 17334 --- [ConfigServer] [DiscoveryClient-CacheRefreshExecutor-%d] com.netflix.discovery.DiscoveryClient    : Getting all instance registry info from the eureka server
2026-07-24T13:49:42.923+05:30  INFO 17334 --- [ConfigServer] [DiscoveryClient-CacheRefreshExecutor-%d] com.netflix.discovery.DiscoveryClient    : The response status is 200
2026-07-24T13:49:42.966+05:30  INFO 17334 --- [ConfigServer] [DiscoveryClient-InstanceInfoReplicator-%d] com.netflix.discovery.DiscoveryClient    : DiscoveryClient_CONFIGSERVER/null: registering service...
2026-07-24T13:49:42.982+05:30  WARN 17334 --- [ConfigServer] [DiscoveryClient-InstanceInfoReplicator-%d] c.n.d.s.t.d.RetryableEurekaHttpClient    : Request execution failure with status code 400; retrying on another server if available
2026-07-24T13:49:42.982+05:30  WARN 17334 --- [ConfigServer] [DiscoveryClient-InstanceInfoReplicator-%d] com.netflix.discovery.DiscoveryClient    : DiscoveryClient_CONFIGSERVER/null - registration failed Cannot execute request on any known server

com.netflix.discovery.shared.transport.TransportException: Cannot execute request on any known server
	at com.netflix.discovery.shared.transport.decorator.RetryableEurekaHttpClient.execute(RetryableEurekaHttpClient.java:112) ~[eureka-client-2.0.6.jar:2.0.6]
	at com.netflix.discovery.shared.transport.decorator.EurekaHttpClientDecorator.register(EurekaHttpClientDecorator.java:56) ~[eureka-client-2.0.6.jar:2.0.6]
	at com.netflix.discovery.shared.transport.decorator.EurekaHttpClientDecorator$1.execute(EurekaHttpClientDecorator.java:59) ~[eureka-client-2.0.6.jar:2.0.6]
	at com.netflix.discovery.shared.transport.decorator.SessionedEurekaHttpClient.execute(SessionedEurekaHttpClient.java:76) ~[eureka-client-2.0.6.jar:2.0.6]
	at com.netflix.discovery.shared.transport.decorator.EurekaHttpClientDecorator.register(EurekaHttpClientDecorator.java:56) ~[eureka-client-2.0.6.jar:2.0.6]
	at com.netflix.discovery.DiscoveryClient.register(DiscoveryClient.java:843) ~[eureka-client-2.0.6.jar:2.0.6]
	at com.netflix.discovery.InstanceInfoReplicator.run(InstanceInfoReplicator.java:125) ~[eureka-client-2.0.6.jar:2.0.6]
	at java.base/java.util.concurrent.Executors$RunnableAdapter.call(Executors.java:545) ~[na:na]
	at java.base/java.util.concurrent.FutureTask.run(FutureTask.java:328) ~[na:na]
	at java.base/java.util.concurrent.ScheduledThreadPoolExecutor$ScheduledFutureTask.run(ScheduledThreadPoolExecutor.java:309) ~[na:na]
	at java.base/java.util.concurrent.ThreadPoolExecutor.runWorker(ThreadPoolExecutor.java:1090) ~[na:na]
	at java.base/java.util.concurrent.ThreadPoolExecutor$Worker.run(ThreadPoolExecutor.java:614) ~[na:na]
	at java.base/java.lang.Thread.run(Thread.java:1474) ~[na:na]

2026-07-24T13:49:42.983+05:30  WARN 17334 --- [ConfigServer] [DiscoveryClient-InstanceInfoReplicator-%d] c.n.discovery.InstanceInfoReplicator     : There was a problem with the instance info replicator

com.netflix.discovery.shared.transport.TransportException: Cannot execute request on any known server
	at com.netflix.discovery.shared.transport.decorator.RetryableEurekaHttpClient.execute(RetryableEurekaHttpClient.java:112) ~[eureka-client-2.0.6.jar:2.0.6]
	at com.netflix.discovery.shared.transport.decorator.EurekaHttpClientDecorator.register(EurekaHttpClientDecorator.java:56) ~[eureka-client-2.0.6.jar:2.0.6]
	at com.netflix.discovery.shared.transport.decorator.EurekaHttpClientDecorator$1.execute(EurekaHttpClientDecorator.java:59) ~[eureka-client-2.0.6.jar:2.0.6]
	at com.netflix.discovery.shared.transport.decorator.SessionedEurekaHttpClient.execute(SessionedEurekaHttpClient.java:76) ~[eureka-client-2.0.6.jar:2.0.6]
	at com.netflix.discovery.shared.transport.decorator.EurekaHttpClientDecorator.register(EurekaHttpClientDecorator.java:56) ~[eureka-client-2.0.6.jar:2.0.6]
	at com.netflix.discovery.DiscoveryClient.register(DiscoveryClient.java:843) ~[eureka-client-2.0.6.jar:2.0.6]
	at com.netflix.discovery.InstanceInfoReplicator.run(InstanceInfoReplicator.java:125) ~[eureka-client-2.0.6.jar:2.0.6]
	at java.base/java.util.concurrent.Executors$RunnableAdapter.call(Executors.java:545) ~[na:na]
	at java.base/java.util.concurrent.FutureTask.run(FutureTask.java:328) ~[na:na]
	at java.base/java.util.concurrent.ScheduledThreadPoolExecutor$ScheduledFutureTask.run(ScheduledThreadPoolExecutor.java:309) ~[na:na]
	at java.base/java.util.concurrent.ThreadPoolExecutor.runWorker(ThreadPoolExecutor.java:1090) ~[na:na]
	at java.base/java.util.concurrent.ThreadPoolExecutor$Worker.run(ThreadPoolExecutor.java:614) ~[na:na]
	at java.base/java.lang.Thread.run(Thread.java:1474) ~[na:na]

2026-07-24T13:49:43.230+05:30  INFO 17334 --- [ConfigServer] [DiscoveryClient-HeartbeatExecutor-%d] c.n.d.s.t.d.RedirectingEurekaHttpClient  : Request execution error. endpoint=DefaultEndpoint{ serviceUrl='http://localhost:8761/eureka/}, exception=Error while extracting response for type [com.netflix.appinfo.InstanceInfo] and content type [application/json]

org.springframework.web.client.RestClientException: Error while extracting response for type [com.netflix.appinfo.InstanceInfo] and content type [application/json]
	at org.springframework.web.client.DefaultRestClient.readWithMessageConverters(DefaultRestClient.java:274) ~[spring-web-7.0.8.jar:7.0.8]
	at org.springframework.web.client.DefaultRestClient$DefaultResponseSpec.readBody(DefaultRestClient.java:931) ~[spring-web-7.0.8.jar:7.0.8]
	at org.springframework.web.client.DefaultRestClient$DefaultResponseSpec.lambda$toEntityInternal$0(DefaultRestClient.java:871) ~[spring-web-7.0.8.jar:7.0.8]
	at org.springframework.web.client.DefaultRestClient$DefaultRequestBodyUriSpec.exchangeInternal(DefaultRestClient.java:617) ~[spring-web-7.0.8.jar:7.0.8]
	at org.springframework.web.client.DefaultRestClient$DefaultRequestBodyUriSpec.exchange(DefaultRestClient.java:572) ~[spring-web-7.0.8.jar:7.0.8]
	at org.springframework.web.client.RestClient$RequestHeadersSpec.exchange(RestClient.java:747) ~[spring-web-7.0.8.jar:7.0.8]
	at org.springframework.web.client.DefaultRestClient$DefaultResponseSpec.executeAndExtract(DefaultRestClient.java:924) ~[spring-web-7.0.8.jar:7.0.8]
	at org.springframework.web.client.DefaultRestClient$DefaultResponseSpec.toEntityInternal(DefaultRestClient.java:870) ~[spring-web-7.0.8.jar:7.0.8]
	at org.springframework.web.client.DefaultRestClient$DefaultResponseSpec.toEntity(DefaultRestClient.java:859) ~[spring-web-7.0.8.jar:7.0.8]
	at org.springframework.cloud.netflix.eureka.http.RestClientEurekaHttpClient.sendHeartBeat(RestClientEurekaHttpClient.java:91) ~[spring-cloud-netflix-eureka-client-5.0.2.jar:5.0.2]
	at com.netflix.discovery.shared.transport.decorator.EurekaHttpClientDecorator$3.execute(EurekaHttpClientDecorator.java:92) ~[eureka-client-2.0.6.jar:2.0.6]
	at com.netflix.discovery.shared.transport.decorator.RedirectingEurekaHttpClient.executeOnNewServer(RedirectingEurekaHttpClient.java:120) ~[eureka-client-2.0.6.jar:2.0.6]
	at com.netflix.discovery.shared.transport.decorator.RedirectingEurekaHttpClient.execute(RedirectingEurekaHttpClient.java:79) ~[eureka-client-2.0.6.jar:2.0.6]
	at com.netflix.discovery.shared.transport.decorator.EurekaHttpClientDecorator.sendHeartBeat(EurekaHttpClientDecorator.java:89) ~[eureka-client-2.0.6.jar:2.0.6]
	at com.netflix.discovery.shared.transport.decorator.EurekaHttpClientDecorator$3.execute(EurekaHttpClientDecorator.java:92) ~[eureka-client-2.0.6.jar:2.0.6]
	at com.netflix.discovery.shared.transport.decorator.RetryableEurekaHttpClient.execute(RetryableEurekaHttpClient.java:120) ~[eureka-client-2.0.6.jar:2.0.6]
	at com.netflix.discovery.shared.transport.decorator.EurekaHttpClientDecorator.sendHeartBeat(EurekaHttpClientDecorator.java:89) ~[eureka-client-2.0.6.jar:2.0.6]
	at com.netflix.discovery.shared.transport.decorator.EurekaHttpClientDecorator$3.execute(EurekaHttpClientDecorator.java:92) ~[eureka-client-2.0.6.jar:2.0.6]
	at com.netflix.discovery.shared.transport.decorator.SessionedEurekaHttpClient.execute(SessionedEurekaHttpClient.java:76) ~[eureka-client-2.0.6.jar:2.0.6]
	at com.netflix.discovery.shared.transport.decorator.EurekaHttpClientDecorator.sendHeartBeat(EurekaHttpClientDecorator.java:89) ~[eureka-client-2.0.6.jar:2.0.6]
	at com.netflix.discovery.DiscoveryClient.renew(DiscoveryClient.java:860) ~[eureka-client-2.0.6.jar:2.0.6]
	at com.netflix.discovery.DiscoveryClient$HeartbeatThread.run(DiscoveryClient.java:1418) ~[eureka-client-2.0.6.jar:2.0.6]
	at java.base/java.util.concurrent.Executors$RunnableAdapter.call(Executors.java:545) ~[na:na]
	at java.base/java.util.concurrent.FutureTask.run(FutureTask.java:328) ~[na:na]
	at java.base/java.util.concurrent.ThreadPoolExecutor.runWorker(ThreadPoolExecutor.java:1090) ~[na:na]
	at java.base/java.util.concurrent.ThreadPoolExecutor$Worker.run(ThreadPoolExecutor.java:614) ~[na:na]
	at java.base/java.lang.Thread.run(Thread.java:1474) ~[na:na]
Caused by: org.springframework.http.converter.HttpMessageNotReadableException: JSON parse error: Root name ('timestamp') does not match expected ('instance') for type `com.netflix.appinfo.InstanceInfo`
	at org.springframework.http.converter.json.AbstractJackson2HttpMessageConverter.readJavaType(AbstractJackson2HttpMessageConverter.java:408) ~[spring-web-7.0.8.jar:7.0.8]
	at org.springframework.http.converter.json.AbstractJackson2HttpMessageConverter.read(AbstractJackson2HttpMessageConverter.java:356) ~[spring-web-7.0.8.jar:7.0.8]
	at org.springframework.web.client.DefaultRestClient.readWithMessageConverters(DefaultRestClient.java:237) ~[spring-web-7.0.8.jar:7.0.8]
	... 26 common frames omitted
Caused by: com.fasterxml.jackson.databind.exc.MismatchedInputException: Root name ('timestamp') does not match expected ('instance') for type `com.netflix.appinfo.InstanceInfo`
 at [Source: REDACTED (`StreamReadFeature.INCLUDE_SOURCE_IN_LOCATION` disabled); line: 1, column: 2] (through reference chain: com.netflix.appinfo.InstanceInfo["timestamp"])
	at com.fasterxml.jackson.databind.exc.MismatchedInputException.from(MismatchedInputException.java:76) ~[jackson-databind-2.21.4.jar:2.21.4]
	at com.fasterxml.jackson.databind.DeserializationContext.reportPropertyInputMismatch(DeserializationContext.java:1849) ~[jackson-databind-2.21.4.jar:2.21.4]
	at com.fasterxml.jackson.databind.DeserializationContext.reportPropertyInputMismatch(DeserializationContext.java:1865) ~[jackson-databind-2.21.4.jar:2.21.4]
	at com.fasterxml.jackson.databind.deser.DefaultDeserializationContext._unwrapAndDeserialize(DefaultDeserializationContext.java:367) ~[jackson-databind-2.21.4.jar:2.21.4]
	at com.fasterxml.jackson.databind.deser.DefaultDeserializationContext.readRootValue(DefaultDeserializationContext.java:339) ~[jackson-databind-2.21.4.jar:2.21.4]
	at com.fasterxml.jackson.databind.ObjectReader._bindAndClose(ObjectReader.java:2148) ~[jackson-databind-2.21.4.jar:2.21.4]
	at com.fasterxml.jackson.databind.ObjectReader.readValue(ObjectReader.java:1504) ~[jackson-databind-2.21.4.jar:2.21.4]
	at org.springframework.http.converter.json.AbstractJackson2HttpMessageConverter.readJavaType(AbstractJackson2HttpMessageConverter.java:397) ~[spring-web-7.0.8.jar:7.0.8]
	... 28 common frames omitted

2026-07-24T13:49:43.231+05:30  WARN 17334 --- [ConfigServer] [DiscoveryClient-HeartbeatExecutor-%d] c.n.d.s.t.d.RetryableEurekaHttpClient    : Request execution failed with message: Error while extracting response for type [com.netflix.appinfo.InstanceInfo] and content type [application/json]
2026-07-24T13:49:43.231+05:30 ERROR 17334 --- [ConfigServer] [DiscoveryClient-HeartbeatExecutor-%d] com.netflix.discovery.DiscoveryClient    : DiscoveryClient_CONFIGSERVER/null - was unable to send heartbeat!

com.netflix.discovery.shared.transport.TransportException: Cannot execute request on any known server
	at com.netflix.discovery.shared.transport.decorator.RetryableEurekaHttpClient.execute(RetryableEurekaHttpClient.java:112) ~[eureka-client-2.0.6.jar:2.0.6]
	at com.netflix.discovery.shared.transport.decorator.EurekaHttpClientDecorator.sendHeartBeat(EurekaHttpClientDecorator.java:89) ~[eureka-client-2.0.6.jar:2.0.6]
	at com.netflix.discovery.shared.transport.decorator.EurekaHttpClientDecorator$3.execute(EurekaHttpClientDecorator.java:92) ~[eureka-client-2.0.6.jar:2.0.6]
	at com.netflix.discovery.shared.transport.decorator.SessionedEurekaHttpClient.execute(SessionedEurekaHttpClient.java:76) ~[eureka-client-2.0.6.jar:2.0.6]
	at com.netflix.discovery.shared.transport.decorator.EurekaHttpClientDecorator.sendHeartBeat(EurekaHttpClientDecorator.java:89) ~[eureka-client-2.0.6.jar:2.0.6]
	at com.netflix.discovery.DiscoveryClient.renew(DiscoveryClient.java:860) ~[eureka-client-2.0.6.jar:2.0.6]
	at com.netflix.discovery.DiscoveryClient$HeartbeatThread.run(DiscoveryClient.java:1418) ~[eureka-client-2.0.6.jar:2.0.6]
	at java.base/java.util.concurrent.Executors$RunnableAdapter.call(Executors.java:545) ~[na:na]
	at java.base/java.util.concurrent.FutureTask.run(FutureTask.java:328) ~[na:na]
	at java.base/java.util.concurrent.ThreadPoolExecutor.runWorker(ThreadPoolExecutor.java:1090) ~[na:na]
	at java.base/java.util.concurrent.ThreadPoolExecutor$Worker.run(ThreadPoolExecutor.java:614) ~[na:na]
	at java.base/java.lang.Thread.run(Thread.java:1474) ~[na:na]

2026-07-24T13:49:48.248+05:30  INFO 17334 --- [ConfigServer] [DiscoveryClient-HeartbeatExecutor-%d] c.n.d.s.t.d.RedirectingEurekaHttpClient  : Request execution error. endpoint=DefaultEndpoint{ serviceUrl='http://localhost:8761/eureka/}, exception=Error while extracting response for type [com.netflix.appinfo.InstanceInfo] and content type [application/json]

org.springframework.web.client.RestClientException: Error while extracting response for type [com.netflix.appinfo.InstanceInfo] and content type [application/json]
	at org.springframework.web.client.DefaultRestClient.readWithMessageConverters(DefaultRestClient.java:274) ~[spring-web-7.0.8.jar:7.0.8]
	at org.springframework.web.client.DefaultRestClient$DefaultResponseSpec.readBody(DefaultRestClient.java:931) ~[spring-web-7.0.8.jar:7.0.8]
	at org.springframework.web.client.DefaultRestClient$DefaultResponseSpec.lambda$toEntityInternal$0(DefaultRestClient.java:871) ~[spring-web-7.0.8.jar:7.0.8]
	at org.springframework.web.client.DefaultRestClient$DefaultRequestBodyUriSpec.exchangeInternal(DefaultRestClient.java:617) ~[spring-web-7.0.8.jar:7.0.8]
	at org.springframework.web.client.DefaultRestClient$DefaultRequestBodyUriSpec.exchange(DefaultRestClient.java:572) ~[spring-web-7.0.8.jar:7.0.8]
	at org.springframework.web.client.RestClient$RequestHeadersSpec.exchange(RestClient.java:747) ~[spring-web-7.0.8.jar:7.0.8]
	at org.springframework.web.client.DefaultRestClient$DefaultResponseSpec.executeAndExtract(DefaultRestClient.java:924) ~[spring-web-7.0.8.jar:7.0.8]
	at org.springframework.web.client.DefaultRestClient$DefaultResponseSpec.toEntityInternal(DefaultRestClient.java:870) ~[spring-web-7.0.8.jar:7.0.8]
	at org.springframework.web.client.DefaultRestClient$DefaultResponseSpec.toEntity(DefaultRestClient.java:859) ~[spring-web-7.0.8.jar:7.0.8]
	at org.springframework.cloud.netflix.eureka.http.RestClientEurekaHttpClient.sendHeartBeat(RestClientEurekaHttpClient.java:91) ~[spring-cloud-netflix-eureka-client-5.0.2.jar:5.0.2]
	at com.netflix.discovery.shared.transport.decorator.EurekaHttpClientDecorator$3.execute(EurekaHttpClientDecorator.java:92) ~[eureka-client-2.0.6.jar:2.0.6]
	at com.netflix.discovery.shared.transport.decorator.RedirectingEurekaHttpClient.executeOnNewServer(RedirectingEurekaHttpClient.java:120) ~[eureka-client-2.0.6.jar:2.0.6]
	at com.netflix.discovery.shared.transport.decorator.RedirectingEurekaHttpClient.execute(RedirectingEurekaHttpClient.java:79) ~[eureka-client-2.0.6.jar:2.0.6]
	at com.netflix.discovery.shared.transport.decorator.EurekaHttpClientDecorator.sendHeartBeat(EurekaHttpClientDecorator.java:89) ~[eureka-client-2.0.6.jar:2.0.6]
	at com.netflix.discovery.shared.transport.decorator.EurekaHttpClientDecorator$3.execute(EurekaHttpClientDecorator.java:92) ~[eureka-client-2.0.6.jar:2.0.6]
	at com.netflix.discovery.shared.transport.decorator.RetryableEurekaHttpClient.execute(RetryableEurekaHttpClient.java:120) ~[eureka-client-2.0.6.jar:2.0.6]
	at com.netflix.discovery.shared.transport.decorator.EurekaHttpClientDecorator.sendHeartBeat(EurekaHttpClientDecorator.java:89) ~[eureka-client-2.0.6.jar:2.0.6]
	at com.netflix.discovery.shared.transport.decorator.EurekaHttpClientDecorator$3.execute(EurekaHttpClientDecorator.java:92) ~[eureka-client-2.0.6.jar:2.0.6]
	at com.netflix.discovery.shared.transport.decorator.SessionedEurekaHttpClient.execute(SessionedEurekaHttpClient.java:76) ~[eureka-client-2.0.6.jar:2.0.6]
	at com.netflix.discovery.shared.transport.decorator.EurekaHttpClientDecorator.sendHeartBeat(EurekaHttpClientDecorator.java:89) ~[eureka-client-2.0.6.jar:2.0.6]
	at com.netflix.discovery.DiscoveryClient.renew(DiscoveryClient.java:860) ~[eureka-client-2.0.6.jar:2.0.6]
	at com.netflix.discovery.DiscoveryClient$HeartbeatThread.run(DiscoveryClient.java:1418) ~[eureka-client-2.0.6.jar:2.0.6]
	at java.base/java.util.concurrent.Executors$RunnableAdapter.call(Executors.java:545) ~[na:na]
	at java.base/java.util.concurrent.FutureTask.run(FutureTask.java:328) ~[na:na]
	at java.base/java.util.concurrent.ThreadPoolExecutor.runWorker(ThreadPoolExecutor.java:1090) ~[na:na]
	at java.base/java.util.concurrent.ThreadPoolExecutor$Worker.run(ThreadPoolExecutor.java:614) ~[na:na]
	at java.base/java.lang.Thread.run(Thread.java:1474) ~[na:na]
Caused by: org.springframework.http.converter.HttpMessageNotReadableException: JSON parse error: Root name ('timestamp') does not match expected ('instance') for type `com.netflix.appinfo.InstanceInfo`
	at org.springframework.http.converter.json.AbstractJackson2HttpMessageConverter.readJavaType(AbstractJackson2HttpMessageConverter.java:408) ~[spring-web-7.0.8.jar:7.0.8]
	at org.springframework.http.converter.json.AbstractJackson2HttpMessageConverter.read(AbstractJackson2HttpMessageConverter.java:356) ~[spring-web-7.0.8.jar:7.0.8]
	at org.springframework.web.client.DefaultRestClient.readWithMessageConverters(DefaultRestClient.java:237) ~[spring-web-7.0.8.jar:7.0.8]
	... 26 common frames omitted
Caused by: com.fasterxml.jackson.databind.exc.MismatchedInputException: Root name ('timestamp') does not match expected ('instance') for type `com.netflix.appinfo.InstanceInfo`
 at [Source: REDACTED (`StreamReadFeature.INCLUDE_SOURCE_IN_LOCATION` disabled); line: 1, column: 2] (through reference chain: com.netflix.appinfo.InstanceInfo["timestamp"])
	at com.fasterxml.jackson.databind.exc.MismatchedInputException.from(MismatchedInputException.java:76) ~[jackson-databind-2.21.4.jar:2.21.4]
	at com.fasterxml.jackson.databind.DeserializationContext.reportPropertyInputMismatch(DeserializationContext.java:1849) ~[jackson-databind-2.21.4.jar:2.21.4]
	at com.fasterxml.jackson.databind.DeserializationContext.reportPropertyInputMismatch(DeserializationContext.java:1865) ~[jackson-databind-2.21.4.jar:2.21.4]
	at com.fasterxml.jackson.databind.deser.DefaultDeserializationContext._unwrapAndDeserialize(DefaultDeserializationContext.java:367) ~[jackson-databind-2.21.4.jar:2.21.4]
	at com.fasterxml.jackson.databind.deser.DefaultDeserializationContext.readRootValue(DefaultDeserializationContext.java:339) ~[jackson-databind-2.21.4.jar:2.21.4]
	at com.fasterxml.jackson.databind.ObjectReader._bindAndClose(ObjectReader.java:2148) ~[jackson-databind-2.21.4.jar:2.21.4]
	at com.fasterxml.jackson.databind.ObjectReader.readValue(ObjectReader.java:1504) ~[jackson-databind-2.21.4.jar:2.21.4]
	at org.springframework.http.converter.json.AbstractJackson2HttpMessageConverter.readJavaType(AbstractJackson2HttpMessageConverter.java:397) ~[spring-web-7.0.8.jar:7.0.8]
	... 28 common frames omitted

2026-07-24T13:49:48.249+05:30  WARN 17334 --- [ConfigServer] [DiscoveryClient-HeartbeatExecutor-%d] c.n.d.s.t.d.RetryableEurekaHttpClient    : Request execution failed with message: Error while extracting response for type [com.netflix.appinfo.InstanceInfo] and content type [application/json]
2026-07-24T13:49:48.249+05:30 ERROR 17334 --- [ConfigServer] [DiscoveryClient-HeartbeatExecutor-%d] com.netflix.discovery.DiscoveryClient    : DiscoveryClient_CONFIGSERVER/null - was unable to send heartbeat!

com.netflix.discovery.shared.transport.TransportException: Cannot execute request on any known server
	at com.netflix.discovery.shared.transport.decorator.RetryableEurekaHttpClient.execute(RetryableEurekaHttpClient.java:112) ~[eureka-client-2.0.6.jar:2.0.6]
	at com.netflix.discovery.shared.transport.decorator.EurekaHttpClientDecorator.sendHeartBeat(EurekaHttpClientDecorator.java:89) ~[eureka-client-2.0.6.jar:2.0.6]
	at com.netflix.discovery.shared.transport.decorator.EurekaHttpClientDecorator$3.execute(EurekaHttpClientDecorator.java:92) ~[eureka-client-2.0.6.jar:2.0.6]
	at com.netflix.discovery.shared.transport.decorator.SessionedEurekaHttpClient.execute(SessionedEurekaHttpClient.java:76) ~[eureka-client-2.0.6.jar:2.0.6]
	at com.netflix.discovery.shared.transport.decorator.EurekaHttpClientDecorator.sendHeartBeat(EurekaHttpClientDecorator.java:89) ~[eureka-client-2.0.6.jar:2.0.6]
	at com.netflix.discovery.DiscoveryClient.renew(DiscoveryClient.java:860) ~[eureka-client-2.0.6.jar:2.0.6]
	at com.netflix.discovery.DiscoveryClient$HeartbeatThread.run(DiscoveryClient.java:1418) ~[eureka-client-2.0.6.jar:2.0.6]
	at java.base/java.util.concurrent.Executors$RunnableAdapter.call(Executors.java:545) ~[na:na]
	at java.base/java.util.concurrent.FutureTask.run(FutureTask.java:328) ~[na:na]
	at java.base/java.util.concurrent.ThreadPoolExecutor.runWorker(ThreadPoolExecutor.java:1090) ~[na:na]
	at java.base/java.util.concurrent.ThreadPoolExecutor$Worker.run(ThreadPoolExecutor.java:614) ~[na:na]
	at java.base/java.lang.Thread.run(Thread.java:1474) ~[na:na]

2026-07-24T13:49:53.268+05:30  INFO 17334 --- [ConfigServer] [DiscoveryClient-HeartbeatExecutor-%d] c.n.d.s.t.d.RedirectingEurekaHttpClient  : Request execution error. endpoint=DefaultEndpoint{ serviceUrl='http://localhost:8761/eureka/}, exception=Error while extracting response for type [com.netflix.appinfo.InstanceInfo] and content type [application/json]

org.springframework.web.client.RestClientException: Error while extracting response for type [com.netflix.appinfo.InstanceInfo] and content type [application/json]
	at org.springframework.web.client.DefaultRestClient.readWithMessageConverters(DefaultRestClient.java:274) ~[spring-web-7.0.8.jar:7.0.8]
	at org.springframework.web.client.DefaultRestClient$DefaultResponseSpec.readBody(DefaultRestClient.java:931) ~[spring-web-7.0.8.jar:7.0.8]
	at org.springframework.web.client.DefaultRestClient$DefaultResponseSpec.lambda$toEntityInternal$0(DefaultRestClient.java:871) ~[spring-web-7.0.8.jar:7.0.8]
	at org.springframework.web.client.DefaultRestClient$DefaultRequestBodyUriSpec.exchangeInternal(DefaultRestClient.java:617) ~[spring-web-7.0.8.jar:7.0.8]
	at org.springframework.web.client.DefaultRestClient$DefaultRequestBodyUriSpec.exchange(DefaultRestClient.java:572) ~[spring-web-7.0.8.jar:7.0.8]
	at org.springframework.web.client.RestClient$RequestHeadersSpec.exchange(RestClient.java:747) ~[spring-web-7.0.8.jar:7.0.8]
	at org.springframework.web.client.DefaultRestClient$DefaultResponseSpec.executeAndExtract(DefaultRestClient.java:924) ~[spring-web-7.0.8.jar:7.0.8]
	at org.springframework.web.client.DefaultRestClient$DefaultResponseSpec.toEntityInternal(DefaultRestClient.java:870) ~[spring-web-7.0.8.jar:7.0.8]
	at org.springframework.web.client.DefaultRestClient$DefaultResponseSpec.toEntity(DefaultRestClient.java:859) ~[spring-web-7.0.8.jar:7.0.8]
	at org.springframework.cloud.netflix.eureka.http.RestClientEurekaHttpClient.sendHeartBeat(RestClientEurekaHttpClient.java:91) ~[spring-cloud-netflix-eureka-client-5.0.2.jar:5.0.2]
	at com.netflix.discovery.shared.transport.decorator.EurekaHttpClientDecorator$3.execute(EurekaHttpClientDecorator.java:92) ~[eureka-client-2.0.6.jar:2.0.6]
	at com.netflix.discovery.shared.transport.decorator.RedirectingEurekaHttpClient.executeOnNewServer(RedirectingEurekaHttpClient.java:120) ~[eureka-client-2.0.6.jar:2.0.6]
	at com.netflix.discovery.shared.transport.decorator.RedirectingEurekaHttpClient.execute(RedirectingEurekaHttpClient.java:79) ~[eureka-client-2.0.6.jar:2.0.6]
	at com.netflix.discovery.shared.transport.decorator.EurekaHttpClientDecorator.sendHeartBeat(EurekaHttpClientDecorator.java:89) ~[eureka-client-2.0.6.jar:2.0.6]
	at com.netflix.discovery.shared.transport.decorator.EurekaHttpClientDecorator$3.execute(EurekaHttpClientDecorator.java:92) ~[eureka-client-2.0.6.jar:2.0.6]
	at com.netflix.discovery.shared.transport.decorator.RetryableEurekaHttpClient.execute(RetryableEurekaHttpClient.java:120) ~[eureka-client-2.0.6.jar:2.0.6]
	at com.netflix.discovery.shared.transport.decorator.EurekaHttpClientDecorator.sendHeartBeat(EurekaHttpClientDecorator.java:89) ~[eureka-client-2.0.6.jar:2.0.6]
	at com.netflix.discovery.shared.transport.decorator.EurekaHttpClientDecorator$3.execute(EurekaHttpClientDecorator.java:92) ~[eureka-client-2.0.6.jar:2.0.6]
	at com.netflix.discovery.shared.transport.decorator.SessionedEurekaHttpClient.execute(SessionedEurekaHttpClient.java:76) ~[eureka-client-2.0.6.jar:2.0.6]
	at com.netflix.discovery.shared.transport.decorator.EurekaHttpClientDecorator.sendHeartBeat(EurekaHttpClientDecorator.java:89) ~[eureka-client-2.0.6.jar:2.0.6]
	at com.netflix.discovery.DiscoveryClient.renew(DiscoveryClient.java:860) ~[eureka-client-2.0.6.jar:2.0.6]
	at com.netflix.discovery.DiscoveryClient$HeartbeatThread.run(DiscoveryClient.java:1418) ~[eureka-client-2.0.6.jar:2.0.6]
	at java.base/java.util.concurrent.Executors$RunnableAdapter.call(Executors.java:545) ~[na:na]
	at java.base/java.util.concurrent.FutureTask.run(FutureTask.java:328) ~[na:na]
	at java.base/java.util.concurrent.ThreadPoolExecutor.runWorker(ThreadPoolExecutor.java:1090) ~[na:na]
	at java.base/java.util.concurrent.ThreadPoolExecutor$Worker.run(ThreadPoolExecutor.java:614) ~[na:na]
	at java.base/java.lang.Thread.run(Thread.java:1474) ~[na:na]
Caused by: org.springframework.http.converter.HttpMessageNotReadableException: JSON parse error: Root name ('timestamp') does not match expected ('instance') for type `com.netflix.appinfo.InstanceInfo`
	at org.springframework.http.converter.json.AbstractJackson2HttpMessageConverter.readJavaType(AbstractJackson2HttpMessageConverter.java:408) ~[spring-web-7.0.8.jar:7.0.8]
	at org.springframework.http.converter.json.AbstractJackson2HttpMessageConverter.read(AbstractJackson2HttpMessageConverter.java:356) ~[spring-web-7.0.8.jar:7.0.8]
	at org.springframework.web.client.DefaultRestClient.readWithMessageConverters(DefaultRestClient.java:237) ~[spring-web-7.0.8.jar:7.0.8]
	... 26 common frames omitted
Caused by: com.fasterxml.jackson.databind.exc.MismatchedInputException: Root name ('timestamp') does not match expected ('instance') for type `com.netflix.appinfo.InstanceInfo`
 at [Source: REDACTED (`StreamReadFeature.INCLUDE_SOURCE_IN_LOCATION` disabled); line: 1, column: 2] (through reference chain: com.netflix.appinfo.InstanceInfo["timestamp"])
	at com.fasterxml.jackson.databind.exc.MismatchedInputException.from(MismatchedInputException.java:76) ~[jackson-databind-2.21.4.jar:2.21.4]
	at com.fasterxml.jackson.databind.DeserializationContext.reportPropertyInputMismatch(DeserializationContext.java:1849) ~[jackson-databind-2.21.4.jar:2.21.4]
	at com.fasterxml.jackson.databind.DeserializationContext.reportPropertyInputMismatch(DeserializationContext.java:1865) ~[jackson-databind-2.21.4.jar:2.21.4]
	at com.fasterxml.jackson.databind.deser.DefaultDeserializationContext._unwrapAndDeserialize(DefaultDeserializationContext.java:367) ~[jackson-databind-2.21.4.jar:2.21.4]
	at com.fasterxml.jackson.databind.deser.DefaultDeserializationContext.readRootValue(DefaultDeserializationContext.java:339) ~[jackson-databind-2.21.4.jar:2.21.4]
	at com.fasterxml.jackson.databind.ObjectReader._bindAndClose(ObjectReader.java:2148) ~[jackson-databind-2.21.4.jar:2.21.4]
	at com.fasterxml.jackson.databind.ObjectReader.readValue(ObjectReader.java:1504) ~[jackson-databind-2.21.4.jar:2.21.4]
	at org.springframework.http.converter.json.AbstractJackson2HttpMessageConverter.readJavaType(AbstractJackson2HttpMessageConverter.java:397) ~[spring-web-7.0.8.jar:7.0.8]
	... 28 common frames omitted

2026-07-24T13:49:53.269+05:30  WARN 17334 --- [ConfigServer] [DiscoveryClient-HeartbeatExecutor-%d] c.n.d.s.t.d.RetryableEurekaHttpClient    : Request execution failed with message: Error while extracting response for type [com.netflix.appinfo.InstanceInfo] and content type [application/json]
2026-07-24T13:49:53.269+05:30 ERROR 17334 --- [ConfigServer] [DiscoveryClient-HeartbeatExecutor-%d] com.netflix.discovery.DiscoveryClient    : DiscoveryClient_CONFIGSERVER/null - was unable to send heartbeat!

com.netflix.discovery.shared.transport.TransportException: Cannot execute request on any known server
	at com.netflix.discovery.shared.transport.decorator.RetryableEurekaHttpClient.execute(RetryableEurekaHttpClient.java:112) ~[eureka-client-2.0.6.jar:2.0.6]
	at com.netflix.discovery.shared.transport.decorator.EurekaHttpClientDecorator.sendHeartBeat(EurekaHttpClientDecorator.java:89) ~[eureka-client-2.0.6.jar:2.0.6]
	at com.netflix.discovery.shared.transport.decorator.EurekaHttpClientDecorator$3.execute(EurekaHttpClientDecorator.java:92) ~[eureka-client-2.0.6.jar:2.0.6]
	at com.netflix.discovery.shared.transport.decorator.SessionedEurekaHttpClient.execute(SessionedEurekaHttpClient.java:76) ~[eureka-client-2.0.6.jar:2.0.6]
	at com.netflix.discovery.shared.transport.decorator.EurekaHttpClientDecorator.sendHeartBeat(EurekaHttpClientDecorator.java:89) ~[eureka-client-2.0.6.jar:2.0.6]
	at com.netflix.discovery.DiscoveryClient.renew(DiscoveryClient.java:860) ~[eureka-client-2.0.6.jar:2.0.6]
	at com.netflix.discovery.DiscoveryClient$HeartbeatThread.run(DiscoveryClient.java:1418) ~[eureka-client-2.0.6.jar:2.0.6]
	at java.base/java.util.concurrent.Executors$RunnableAdapter.call(Executors.java:545) ~[na:na]
	at java.base/java.util.concurrent.FutureTask.run(FutureTask.java:328) ~[na:na]
	at java.base/java.util.concurrent.ThreadPoolExecutor.runWorker(ThreadPoolExecutor.java:1090) ~[na:na]
	at java.base/java.util.concurrent.ThreadPoolExecutor$Worker.run(ThreadPoolExecutor.java:614) ~[na:na]
	at java.base/java.lang.Thread.run(Thread.java:1474) ~[na:na]

2026-07-24T13:49:58.286+05:30  INFO 17334 --- [ConfigServer] [DiscoveryClient-HeartbeatExecutor-%d] c.n.d.s.t.d.RedirectingEurekaHttpClient  : Request execution error. endpoint=DefaultEndpoint{ serviceUrl='http://localhost:8761/eureka/}, exception=Error while extracting response for type [com.netflix.appinfo.InstanceInfo] and content type [application/json]

org.springframework.web.client.RestClientException: Error while extracting response for type [com.netflix.appinfo.InstanceInfo] and content type [application/json]
	at org.springframework.web.client.DefaultRestClient.readWithMessageConverters(DefaultRestClient.java:274) ~[spring-web-7.0.8.jar:7.0.8]
	at org.springframework.web.client.DefaultRestClient$DefaultResponseSpec.readBody(DefaultRestClient.java:931) ~[spring-web-7.0.8.jar:7.0.8]
	at org.springframework.web.client.DefaultRestClient$DefaultResponseSpec.lambda$toEntityInternal$0(DefaultRestClient.java:871) ~[spring-web-7.0.8.jar:7.0.8]
	at org.springframework.web.client.DefaultRestClient$DefaultRequestBodyUriSpec.exchangeInternal(DefaultRestClient.java:617) ~[spring-web-7.0.8.jar:7.0.8]
	at org.springframework.web.client.DefaultRestClient$DefaultRequestBodyUriSpec.exchange(DefaultRestClient.java:572) ~[spring-web-7.0.8.jar:7.0.8]
	at org.springframework.web.client.RestClient$RequestHeadersSpec.exchange(RestClient.java:747) ~[spring-web-7.0.8.jar:7.0.8]
	at org.springframework.web.client.DefaultRestClient$DefaultResponseSpec.executeAndExtract(DefaultRestClient.java:924) ~[spring-web-7.0.8.jar:7.0.8]
	at org.springframework.web.client.DefaultRestClient$DefaultResponseSpec.toEntityInternal(DefaultRestClient.java:870) ~[spring-web-7.0.8.jar:7.0.8]
	at org.springframework.web.client.DefaultRestClient$DefaultResponseSpec.toEntity(DefaultRestClient.java:859) ~[spring-web-7.0.8.jar:7.0.8]
	at org.springframework.cloud.netflix.eureka.http.RestClientEurekaHttpClient.sendHeartBeat(RestClientEurekaHttpClient.java:91) ~[spring-cloud-netflix-eureka-client-5.0.2.jar:5.0.2]
	at com.netflix.discovery.shared.transport.decorator.EurekaHttpClientDecorator$3.execute(EurekaHttpClientDecorator.java:92) ~[eureka-client-2.0.6.jar:2.0.6]
	at com.netflix.discovery.shared.transport.decorator.RedirectingEurekaHttpClient.executeOnNewServer(RedirectingEurekaHttpClient.java:120) ~[eureka-client-2.0.6.jar:2.0.6]
	at com.netflix.discovery.shared.transport.decorator.RedirectingEurekaHttpClient.execute(RedirectingEurekaHttpClient.java:79) ~[eureka-client-2.0.6.jar:2.0.6]
	at com.netflix.discovery.shared.transport.decorator.EurekaHttpClientDecorator.sendHeartBeat(EurekaHttpClientDecorator.java:89) ~[eureka-client-2.0.6.jar:2.0.6]
	at com.netflix.discovery.shared.transport.decorator.EurekaHttpClientDecorator$3.execute(EurekaHttpClientDecorator.java:92) ~[eureka-client-2.0.6.jar:2.0.6]
	at com.netflix.discovery.shared.transport.decorator.RetryableEurekaHttpClient.execute(RetryableEurekaHttpClient.java:120) ~[eureka-client-2.0.6.jar:2.0.6]
	at com.netflix.discovery.shared.transport.decorator.EurekaHttpClientDecorator.sendHeartBeat(EurekaHttpClientDecorator.java:89) ~[eureka-client-2.0.6.jar:2.0.6]
	at com.netflix.discovery.shared.transport.decorator.EurekaHttpClientDecorator$3.execute(EurekaHttpClientDecorator.java:92) ~[eureka-client-2.0.6.jar:2.0.6]
	at com.netflix.discovery.shared.transport.decorator.SessionedEurekaHttpClient.execute(SessionedEurekaHttpClient.java:76) ~[eureka-client-2.0.6.jar:2.0.6]
	at com.netflix.discovery.shared.transport.decorator.EurekaHttpClientDecorator.sendHeartBeat(EurekaHttpClientDecorator.java:89) ~[eureka-client-2.0.6.jar:2.0.6]
	at com.netflix.discovery.DiscoveryClient.renew(DiscoveryClient.java:860) ~[eureka-client-2.0.6.jar:2.0.6]
	at com.netflix.discovery.DiscoveryClient$HeartbeatThread.run(DiscoveryClient.java:1418) ~[eureka-client-2.0.6.jar:2.0.6]
	at java.base/java.util.concurrent.Executors$RunnableAdapter.call(Executors.java:545) ~[na:na]
	at java.base/java.util.concurrent.FutureTask.run(FutureTask.java:328) ~[na:na]
	at java.base/java.util.concurrent.ThreadPoolExecutor.runWorker(ThreadPoolExecutor.java:1090) ~[na:na]
	at java.base/java.util.concurrent.ThreadPoolExecutor$Worker.run(ThreadPoolExecutor.java:614) ~[na:na]
	at java.base/java.lang.Thread.run(Thread.java:1474) ~[na:na]
Caused by: org.springframework.http.converter.HttpMessageNotReadableException: JSON parse error: Root name ('timestamp') does not match expected ('instance') for type `com.netflix.appinfo.InstanceInfo`
	at org.springframework.http.converter.json.AbstractJackson2HttpMessageConverter.readJavaType(AbstractJackson2HttpMessageConverter.java:408) ~[spring-web-7.0.8.jar:7.0.8]
	at org.springframework.http.converter.json.AbstractJackson2HttpMessageConverter.read(AbstractJackson2HttpMessageConverter.java:356) ~[spring-web-7.0.8.jar:7.0.8]
	at org.springframework.web.client.DefaultRestClient.readWithMessageConverters(DefaultRestClient.java:237) ~[spring-web-7.0.8.jar:7.0.8]
	... 26 common frames omitted
Caused by: com.fasterxml.jackson.databind.exc.MismatchedInputException: Root name ('timestamp') does not match expected ('instance') for type `com.netflix.appinfo.InstanceInfo`
 at [Source: REDACTED (`StreamReadFeature.INCLUDE_SOURCE_IN_LOCATION` disabled); line: 1, column: 2] (through reference chain: com.netflix.appinfo.InstanceInfo["timestamp"])
	at com.fasterxml.jackson.databind.exc.MismatchedInputException.from(MismatchedInputException.java:76) ~[jackson-databind-2.21.4.jar:2.21.4]
	at com.fasterxml.jackson.databind.DeserializationContext.reportPropertyInputMismatch(DeserializationContext.java:1849) ~[jackson-databind-2.21.4.jar:2.21.4]
	at com.fasterxml.jackson.databind.DeserializationContext.reportPropertyInputMismatch(DeserializationContext.java:1865) ~[jackson-databind-2.21.4.jar:2.21.4]
	at com.fasterxml.jackson.databind.deser.DefaultDeserializationContext._unwrapAndDeserialize(DefaultDeserializationContext.java:367) ~[jackson-databind-2.21.4.jar:2.21.4]
	at com.fasterxml.jackson.databind.deser.DefaultDeserializationContext.readRootValue(DefaultDeserializationContext.java:339) ~[jackson-databind-2.21.4.jar:2.21.4]
	at com.fasterxml.jackson.databind.ObjectReader._bindAndClose(ObjectReader.java:2148) ~[jackson-databind-2.21.4.jar:2.21.4]
	at com.fasterxml.jackson.databind.ObjectReader.readValue(ObjectReader.java:1504) ~[jackson-databind-2.21.4.jar:2.21.4]
	at org.springframework.http.converter.json.AbstractJackson2HttpMessageConverter.readJavaType(AbstractJackson2HttpMessageConverter.java:397) ~[spring-web-7.0.8.jar:7.0.8]
	... 28 common frames omitted

2026-07-24T13:49:58.287+05:30  WARN 17334 --- [ConfigServer] [DiscoveryClient-HeartbeatExecutor-%d] c.n.d.s.t.d.RetryableEurekaHttpClient    : Request execution failed with message: Error while extracting response for type [com.netflix.appinfo.InstanceInfo] and content type [application/json]
2026-07-24T13:49:58.287+05:30 ERROR 17334 --- [ConfigServer] [DiscoveryClient-HeartbeatExecutor-%d] com.netflix.discovery.DiscoveryClient    : DiscoveryClient_CONFIGSERVER/null - was unable to send heartbeat!

com.netflix.discovery.shared.transport.TransportException: Cannot execute request on any known server
	at com.netflix.discovery.shared.transport.decorator.RetryableEurekaHttpClient.execute(RetryableEurekaHttpClient.java:112) ~[eureka-client-2.0.6.jar:2.0.6]
	at com.netflix.discovery.shared.transport.decorator.EurekaHttpClientDecorator.sendHeartBeat(EurekaHttpClientDecorator.java:89) ~[eureka-client-2.0.6.jar:2.0.6]
	at com.netflix.discovery.shared.transport.decorator.EurekaHttpClientDecorator$3.execute(EurekaHttpClientDecorator.java:92) ~[eureka-client-2.0.6.jar:2.0.6]
	at com.netflix.discovery.shared.transport.decorator.SessionedEurekaHttpClient.execute(SessionedEurekaHttpClient.java:76) ~[eureka-client-2.0.6.jar:2.0.6]
	at com.netflix.discovery.shared.transport.decorator.EurekaHttpClientDecorator.sendHeartBeat(EurekaHttpClientDecorator.java:89) ~[eureka-client-2.0.6.jar:2.0.6]
	at com.netflix.discovery.DiscoveryClient.renew(DiscoveryClient.java:860) ~[eureka-client-2.0.6.jar:2.0.6]
	at com.netflix.discovery.DiscoveryClient$HeartbeatThread.run(DiscoveryClient.java:1418) ~[eureka-client-2.0.6.jar:2.0.6]
	at java.base/java.util.concurrent.Executors$RunnableAdapter.call(Executors.java:545) ~[na:na]
	at java.base/java.util.concurrent.FutureTask.run(FutureTask.java:328) ~[na:na]
	at java.base/java.util.concurrent.ThreadPoolExecutor.runWorker(ThreadPoolExecutor.java:1090) ~[na:na]
	at java.base/java.util.concurrent.ThreadPoolExecutor$Worker.run(ThreadPoolExecutor.java:614) ~[na:na]
	at java.base/java.lang.Thread.run(Thread.java:1474) ~[na:na]

2026-07-24T13:50:03.304+05:30  INFO 17334 --- [ConfigServer] [DiscoveryClient-HeartbeatExecutor-%d] c.n.d.s.t.d.RedirectingEurekaHttpClient  : Request execution error. endpoint=DefaultEndpoint{ serviceUrl='http://localhost:8761/eureka/}, exception=Error while extracting response for type [com.netflix.appinfo.InstanceInfo] and content type [application/json]

org.springframework.web.client.RestClientException: Error while extracting response for type [com.netflix.appinfo.InstanceInfo] and content type [application/json]
	at org.springframework.web.client.DefaultRestClient.readWithMessageConverters(DefaultRestClient.java:274) ~[spring-web-7.0.8.jar:7.0.8]
	at org.springframework.web.client.DefaultRestClient$DefaultResponseSpec.readBody(DefaultRestClient.java:931) ~[spring-web-7.0.8.jar:7.0.8]
	at org.springframework.web.client.DefaultRestClient$DefaultResponseSpec.lambda$toEntityInternal$0(DefaultRestClient.java:871) ~[spring-web-7.0.8.jar:7.0.8]
	at org.springframework.web.client.DefaultRestClient$DefaultRequestBodyUriSpec.exchangeInternal(DefaultRestClient.java:617) ~[spring-web-7.0.8.jar:7.0.8]
	at org.springframework.web.client.DefaultRestClient$DefaultRequestBodyUriSpec.exchange(DefaultRestClient.java:572) ~[spring-web-7.0.8.jar:7.0.8]
	at org.springframework.web.client.RestClient$RequestHeadersSpec.exchange(RestClient.java:747) ~[spring-web-7.0.8.jar:7.0.8]
	at org.springframework.web.client.DefaultRestClient$DefaultResponseSpec.executeAndExtract(DefaultRestClient.java:924) ~[spring-web-7.0.8.jar:7.0.8]
	at org.springframework.web.client.DefaultRestClient$DefaultResponseSpec.toEntityInternal(DefaultRestClient.java:870) ~[spring-web-7.0.8.jar:7.0.8]
	at org.springframework.web.client.DefaultRestClient$DefaultResponseSpec.toEntity(DefaultRestClient.java:859) ~[spring-web-7.0.8.jar:7.0.8]
	at org.springframework.cloud.netflix.eureka.http.RestClientEurekaHttpClient.sendHeartBeat(RestClientEurekaHttpClient.java:91) ~[spring-cloud-netflix-eureka-client-5.0.2.jar:5.0.2]
	at com.netflix.discovery.shared.transport.decorator.EurekaHttpClientDecorator$3.execute(EurekaHttpClientDecorator.java:92) ~[eureka-client-2.0.6.jar:2.0.6]
	at com.netflix.discovery.shared.transport.decorator.RedirectingEurekaHttpClient.executeOnNewServer(RedirectingEurekaHttpClient.java:120) ~[eureka-client-2.0.6.jar:2.0.6]
	at com.netflix.discovery.shared.transport.decorator.RedirectingEurekaHttpClient.execute(RedirectingEurekaHttpClient.java:79) ~[eureka-client-2.0.6.jar:2.0.6]
	at com.netflix.discovery.shared.transport.decorator.EurekaHttpClientDecorator.sendHeartBeat(EurekaHttpClientDecorator.java:89) ~[eureka-client-2.0.6.jar:2.0.6]
	at com.netflix.discovery.shared.transport.decorator.EurekaHttpClientDecorator$3.execute(EurekaHttpClientDecorator.java:92) ~[eureka-client-2.0.6.jar:2.0.6]
	at com.netflix.discovery.shared.transport.decorator.RetryableEurekaHttpClient.execute(RetryableEurekaHttpClient.java:120) ~[eureka-client-2.0.6.jar:2.0.6]
	at com.netflix.discovery.shared.transport.decorator.EurekaHttpClientDecorator.sendHeartBeat(EurekaHttpClientDecorator.java:89) ~[eureka-client-2.0.6.jar:2.0.6]
	at com.netflix.discovery.shared.transport.decorator.EurekaHttpClientDecorator$3.execute(EurekaHttpClientDecorator.java:92) ~[eureka-client-2.0.6.jar:2.0.6]
	at com.netflix.discovery.shared.transport.decorator.SessionedEurekaHttpClient.execute(SessionedEurekaHttpClient.java:76) ~[eureka-client-2.0.6.jar:2.0.6]
	at com.netflix.discovery.shared.transport.decorator.EurekaHttpClientDecorator.sendHeartBeat(EurekaHttpClientDecorator.java:89) ~[eureka-client-2.0.6.jar:2.0.6]
	at com.netflix.discovery.DiscoveryClient.renew(DiscoveryClient.java:860) ~[eureka-client-2.0.6.jar:2.0.6]
	at com.netflix.discovery.DiscoveryClient$HeartbeatThread.run(DiscoveryClient.java:1418) ~[eureka-client-2.0.6.jar:2.0.6]
	at java.base/java.util.concurrent.Executors$RunnableAdapter.call(Executors.java:545) ~[na:na]
	at java.base/java.util.concurrent.FutureTask.run(FutureTask.java:328) ~[na:na]
	at java.base/java.util.concurrent.ThreadPoolExecutor.runWorker(ThreadPoolExecutor.java:1090) ~[na:na]
	at java.base/java.util.concurrent.ThreadPoolExecutor$Worker.run(ThreadPoolExecutor.java:614) ~[na:na]
	at java.base/java.lang.Thread.run(Thread.java:1474) ~[na:na]
Caused by: org.springframework.http.converter.HttpMessageNotReadableException: JSON parse error: Root name ('timestamp') does not match expected ('instance') for type `com.netflix.appinfo.InstanceInfo`
	at org.springframework.http.converter.json.AbstractJackson2HttpMessageConverter.readJavaType(AbstractJackson2HttpMessageConverter.java:408) ~[spring-web-7.0.8.jar:7.0.8]
	at org.springframework.http.converter.json.AbstractJackson2HttpMessageConverter.read(AbstractJackson2HttpMessageConverter.java:356) ~[spring-web-7.0.8.jar:7.0.8]
	at org.springframework.web.client.DefaultRestClient.readWithMessageConverters(DefaultRestClient.java:237) ~[spring-web-7.0.8.jar:7.0.8]
	... 26 common frames omitted
Caused by: com.fasterxml.jackson.databind.exc.MismatchedInputException: Root name ('timestamp') does not match expected ('instance') for type `com.netflix.appinfo.InstanceInfo`
 at [Source: REDACTED (`StreamReadFeature.INCLUDE_SOURCE_IN_LOCATION` disabled); line: 1, column: 2] (through reference chain: com.netflix.appinfo.InstanceInfo["timestamp"])
	at com.fasterxml.jackson.databind.exc.MismatchedInputException.from(MismatchedInputException.java:76) ~[jackson-databind-2.21.4.jar:2.21.4]
	at com.fasterxml.jackson.databind.DeserializationContext.reportPropertyInputMismatch(DeserializationContext.java:1849) ~[jackson-databind-2.21.4.jar:2.21.4]
	at com.fasterxml.jackson.databind.DeserializationContext.reportPropertyInputMismatch(DeserializationContext.java:1865) ~[jackson-databind-2.21.4.jar:2.21.4]
	at com.fasterxml.jackson.databind.deser.DefaultDeserializationContext._unwrapAndDeserialize(DefaultDeserializationContext.java:367) ~[jackson-databind-2.21.4.jar:2.21.4]
	at com.fasterxml.jackson.databind.deser.DefaultDeserializationContext.readRootValue(DefaultDeserializationContext.java:339) ~[jackson-databind-2.21.4.jar:2.21.4]
	at com.fasterxml.jackson.databind.ObjectReader._bindAndClose(ObjectReader.java:2148) ~[jackson-databind-2.21.4.jar:2.21.4]
	at com.fasterxml.jackson.databind.ObjectReader.readValue(ObjectReader.java:1504) ~[jackson-databind-2.21.4.jar:2.21.4]
	at org.springframework.http.converter.json.AbstractJackson2HttpMessageConverter.readJavaType(AbstractJackson2HttpMessageConverter.java:397) ~[spring-web-7.0.8.jar:7.0.8]
	... 28 common frames omitted

2026-07-24T13:50:03.305+05:30  WARN 17334 --- [ConfigServer] [DiscoveryClient-HeartbeatExecutor-%d] c.n.d.s.t.d.RetryableEurekaHttpClient    : Request execution failed with message: Error while extracting response for type [com.netflix.appinfo.InstanceInfo] and content type [application/json]
2026-07-24T13:50:03.305+05:30 ERROR 17334 --- [ConfigServer] [DiscoveryClient-HeartbeatExecutor-%d] com.netflix.discovery.DiscoveryClient    : DiscoveryClient_CONFIGSERVER/null - was unable to send heartbeat!

com.netflix.discovery.shared.transport.TransportException: Cannot execute request on any known server
	at com.netflix.discovery.shared.transport.decorator.RetryableEurekaHttpClient.execute(RetryableEurekaHttpClient.java:112) ~[eureka-client-2.0.6.jar:2.0.6]
	at com.netflix.discovery.shared.transport.decorator.EurekaHttpClientDecorator.sendHeartBeat(EurekaHttpClientDecorator.java:89) ~[eureka-client-2.0.6.jar:2.0.6]
	at com.netflix.discovery.shared.transport.decorator.EurekaHttpClientDecorator$3.execute(EurekaHttpClientDecorator.java:92) ~[eureka-client-2.0.6.jar:2.0.6]
	at com.netflix.discovery.shared.transport.decorator.SessionedEurekaHttpClient.execute(SessionedEurekaHttpClient.java:76) ~[eureka-client-2.0.6.jar:2.0.6]
	at com.netflix.discovery.shared.transport.decorator.EurekaHttpClientDecorator.sendHeartBeat(EurekaHttpClientDecorator.java:89) ~[eureka-client-2.0.6.jar:2.0.6]
	at com.netflix.discovery.DiscoveryClient.renew(DiscoveryClient.java:860) ~[eureka-client-2.0.6.jar:2.0.6]
	at com.netflix.discovery.DiscoveryClient$HeartbeatThread.run(DiscoveryClient.java:1418) ~[eureka-client-2.0.6.jar:2.0.6]
	at java.base/java.util.concurrent.Executors$RunnableAdapter.call(Executors.java:545) ~[na:na]
	at java.base/java.util.concurrent.FutureTask.run(FutureTask.java:328) ~[na:na]
	at java.base/java.util.concurrent.ThreadPoolExecutor.runWorker(ThreadPoolExecutor.java:1090) ~[na:na]
	at java.base/java.util.concurrent.ThreadPoolExecutor$Worker.run(ThreadPoolExecutor.java:614) ~[na:na]
	at java.base/java.lang.Thread.run(Thread.java:1474) ~[na:na]

2026-07-24T13:50:08.318+05:30  INFO 17334 --- [ConfigServer] [DiscoveryClient-HeartbeatExecutor-%d] c.n.d.s.t.d.RedirectingEurekaHttpClient  : Request execution error. endpoint=DefaultEndpoint{ serviceUrl='http://localhost:8761/eureka/}, exception=Error while extracting response for type [com.netflix.appinfo.InstanceInfo] and content type [application/json]

org.springframework.web.client.RestClientException: Error while extracting response for type [com.netflix.appinfo.InstanceInfo] and content type [application/json]
	at org.springframework.web.client.DefaultRestClient.readWithMessageConverters(DefaultRestClient.java:274) ~[spring-web-7.0.8.jar:7.0.8]
	at org.springframework.web.client.DefaultRestClient$DefaultResponseSpec.readBody(DefaultRestClient.java:931) ~[spring-web-7.0.8.jar:7.0.8]
	at org.springframework.web.client.DefaultRestClient$DefaultResponseSpec.lambda$toEntityInternal$0(DefaultRestClient.java:871) ~[spring-web-7.0.8.jar:7.0.8]
	at org.springframework.web.client.DefaultRestClient$DefaultRequestBodyUriSpec.exchangeInternal(DefaultRestClient.java:617) ~[spring-web-7.0.8.jar:7.0.8]
	at org.springframework.web.client.DefaultRestClient$DefaultRequestBodyUriSpec.exchange(DefaultRestClient.java:572) ~[spring-web-7.0.8.jar:7.0.8]
	at org.springframework.web.client.RestClient$RequestHeadersSpec.exchange(RestClient.java:747) ~[spring-web-7.0.8.jar:7.0.8]
	at org.springframework.web.client.DefaultRestClient$DefaultResponseSpec.executeAndExtract(DefaultRestClient.java:924) ~[spring-web-7.0.8.jar:7.0.8]
	at org.springframework.web.client.DefaultRestClient$DefaultResponseSpec.toEntityInternal(DefaultRestClient.java:870) ~[spring-web-7.0.8.jar:7.0.8]
	at org.springframework.web.client.DefaultRestClient$DefaultResponseSpec.toEntity(DefaultRestClient.java:859) ~[spring-web-7.0.8.jar:7.0.8]
	at org.springframework.cloud.netflix.eureka.http.RestClientEurekaHttpClient.sendHeartBeat(RestClientEurekaHttpClient.java:91) ~[spring-cloud-netflix-eureka-client-5.0.2.jar:5.0.2]
	at com.netflix.discovery.shared.transport.decorator.EurekaHttpClientDecorator$3.execute(EurekaHttpClientDecorator.java:92) ~[eureka-client-2.0.6.jar:2.0.6]
	at com.netflix.discovery.shared.transport.decorator.RedirectingEurekaHttpClient.executeOnNewServer(RedirectingEurekaHttpClient.java:120) ~[eureka-client-2.0.6.jar:2.0.6]
	at com.netflix.discovery.shared.transport.decorator.RedirectingEurekaHttpClient.execute(RedirectingEurekaHttpClient.java:79) ~[eureka-client-2.0.6.jar:2.0.6]
	at com.netflix.discovery.shared.transport.decorator.EurekaHttpClientDecorator.sendHeartBeat(EurekaHttpClientDecorator.java:89) ~[eureka-client-2.0.6.jar:2.0.6]
	at com.netflix.discovery.shared.transport.decorator.EurekaHttpClientDecorator$3.execute(EurekaHttpClientDecorator.java:92) ~[eureka-client-2.0.6.jar:2.0.6]
	at com.netflix.discovery.shared.transport.decorator.RetryableEurekaHttpClient.execute(RetryableEurekaHttpClient.java:120) ~[eureka-client-2.0.6.jar:2.0.6]
	at com.netflix.discovery.shared.transport.decorator.EurekaHttpClientDecorator.sendHeartBeat(EurekaHttpClientDecorator.java:89) ~[eureka-client-2.0.6.jar:2.0.6]
	at com.netflix.discovery.shared.transport.decorator.EurekaHttpClientDecorator$3.execute(EurekaHttpClientDecorator.java:92) ~[eureka-client-2.0.6.jar:2.0.6]
	at com.netflix.discovery.shared.transport.decorator.SessionedEurekaHttpClient.execute(SessionedEurekaHttpClient.java:76) ~[eureka-client-2.0.6.jar:2.0.6]
	at com.netflix.discovery.shared.transport.decorator.EurekaHttpClientDecorator.sendHeartBeat(EurekaHttpClientDecorator.java:89) ~[eureka-client-2.0.6.jar:2.0.6]
	at com.netflix.discovery.DiscoveryClient.renew(DiscoveryClient.java:860) ~[eureka-client-2.0.6.jar:2.0.6]
	at com.netflix.discovery.DiscoveryClient$HeartbeatThread.run(DiscoveryClient.java:1418) ~[eureka-client-2.0.6.jar:2.0.6]
	at java.base/java.util.concurrent.Executors$RunnableAdapter.call(Executors.java:545) ~[na:na]
	at java.base/java.util.concurrent.FutureTask.run(FutureTask.java:328) ~[na:na]
	at java.base/java.util.concurrent.ThreadPoolExecutor.runWorker(ThreadPoolExecutor.java:1090) ~[na:na]
	at java.base/java.util.concurrent.ThreadPoolExecutor$Worker.run(ThreadPoolExecutor.java:614) ~[na:na]
	at java.base/java.lang.Thread.run(Thread.java:1474) ~[na:na]
Caused by: org.springframework.http.converter.HttpMessageNotReadableException: JSON parse error: Root name ('timestamp') does not match expected ('instance') for type `com.netflix.appinfo.InstanceInfo`
	at org.springframework.http.converter.json.AbstractJackson2HttpMessageConverter.readJavaType(AbstractJackson2HttpMessageConverter.java:408) ~[spring-web-7.0.8.jar:7.0.8]
	at org.springframework.http.converter.json.AbstractJackson2HttpMessageConverter.read(AbstractJackson2HttpMessageConverter.java:356) ~[spring-web-7.0.8.jar:7.0.8]
	at org.springframework.web.client.DefaultRestClient.readWithMessageConverters(DefaultRestClient.java:237) ~[spring-web-7.0.8.jar:7.0.8]
	... 26 common frames omitted
Caused by: com.fasterxml.jackson.databind.exc.MismatchedInputException: Root name ('timestamp') does not match expected ('instance') for type `com.netflix.appinfo.InstanceInfo`
 at [Source: REDACTED (`StreamReadFeature.INCLUDE_SOURCE_IN_LOCATION` disabled); line: 1, column: 2] (through reference chain: com.netflix.appinfo.InstanceInfo["timestamp"])
	at com.fasterxml.jackson.databind.exc.MismatchedInputException.from(MismatchedInputException.java:76) ~[jackson-databind-2.21.4.jar:2.21.4]
	at com.fasterxml.jackson.databind.DeserializationContext.reportPropertyInputMismatch(DeserializationContext.java:1849) ~[jackson-databind-2.21.4.jar:2.21.4]
	at com.fasterxml.jackson.databind.DeserializationContext.reportPropertyInputMismatch(DeserializationContext.java:1865) ~[jackson-databind-2.21.4.jar:2.21.4]
	at com.fasterxml.jackson.databind.deser.DefaultDeserializationContext._unwrapAndDeserialize(DefaultDeserializationContext.java:367) ~[jackson-databind-2.21.4.jar:2.21.4]
	at com.fasterxml.jackson.databind.deser.DefaultDeserializationContext.readRootValue(DefaultDeserializationContext.java:339) ~[jackson-databind-2.21.4.jar:2.21.4]
	at com.fasterxml.jackson.databind.ObjectReader._bindAndClose(ObjectReader.java:2148) ~[jackson-databind-2.21.4.jar:2.21.4]
	at com.fasterxml.jackson.databind.ObjectReader.readValue(ObjectReader.java:1504) ~[jackson-databind-2.21.4.jar:2.21.4]
	at org.springframework.http.converter.json.AbstractJackson2HttpMessageConverter.readJavaType(AbstractJackson2HttpMessageConverter.java:397) ~[spring-web-7.0.8.jar:7.0.8]
	... 28 common frames omitted

2026-07-24T13:50:08.319+05:30  WARN 17334 --- [ConfigServer] [DiscoveryClient-HeartbeatExecutor-%d] c.n.d.s.t.d.RetryableEurekaHttpClient    : Request execution failed with message: Error while extracting response for type [com.netflix.appinfo.InstanceInfo] and content type [application/json]
2026-07-24T13:50:08.319+05:30 ERROR 17334 --- [ConfigServer] [DiscoveryClient-HeartbeatExecutor-%d] com.netflix.discovery.DiscoveryClient    : DiscoveryClient_CONFIGSERVER/null - was unable to send heartbeat!

com.netflix.discovery.shared.transport.TransportException: Cannot execute request on any known server
	at com.netflix.discovery.shared.transport.decorator.RetryableEurekaHttpClient.execute(RetryableEurekaHttpClient.java:112) ~[eureka-client-2.0.6.jar:2.0.6]
	at com.netflix.discovery.shared.transport.decorator.EurekaHttpClientDecorator.sendHeartBeat(EurekaHttpClientDecorator.java:89) ~[eureka-client-2.0.6.jar:2.0.6]
	at com.netflix.discovery.shared.transport.decorator.EurekaHttpClientDecorator$3.execute(EurekaHttpClientDecorator.java:92) ~[eureka-client-2.0.6.jar:2.0.6]
	at com.netflix.discovery.shared.transport.decorator.SessionedEurekaHttpClient.execute(SessionedEurekaHttpClient.java:76) ~[eureka-client-2.0.6.jar:2.0.6]
	at com.netflix.discovery.shared.transport.decorator.EurekaHttpClientDecorator.sendHeartBeat(EurekaHttpClientDecorator.java:89) ~[eureka-client-2.0.6.jar:2.0.6]
	at com.netflix.discovery.DiscoveryClient.renew(DiscoveryClient.java:860) ~[eureka-client-2.0.6.jar:2.0.6]
	at com.netflix.discovery.DiscoveryClient$HeartbeatThread.run(DiscoveryClient.java:1418) ~[eureka-client-2.0.6.jar:2.0.6]
	at java.base/java.util.concurrent.Executors$RunnableAdapter.call(Executors.java:545) ~[na:na]
	at java.base/java.util.concurrent.FutureTask.run(FutureTask.java:328) ~[na:na]
	at java.base/java.util.concurrent.ThreadPoolExecutor.runWorker(ThreadPoolExecutor.java:1090) ~[na:na]
	at java.base/java.util.concurrent.ThreadPoolExecutor$Worker.run(ThreadPoolExecutor.java:614) ~[na:na]
	at java.base/java.lang.Thread.run(Thread.java:1474) ~[na:na]

2026-07-24T13:50:12.924+05:30  INFO 17334 --- [ConfigServer] [DiscoveryClient-CacheRefreshExecutor-%d] com.netflix.discovery.DiscoveryClient    : Disable delta property : false
2026-07-24T13:50:12.924+05:30  INFO 17334 --- [ConfigServer] [DiscoveryClient-CacheRefreshExecutor-%d] com.netflix.discovery.DiscoveryClient    : Single vip registry refresh property : null
2026-07-24T13:50:12.924+05:30  INFO 17334 --- [ConfigServer] [DiscoveryClient-CacheRefreshExecutor-%d] com.netflix.discovery.DiscoveryClient    : Force full registry fetch : false
2026-07-24T13:50:12.925+05:30  INFO 17334 --- [ConfigServer] [DiscoveryClient-CacheRefreshExecutor-%d] com.netflix.discovery.DiscoveryClient    : Application is null : false
2026-07-24T13:50:12.925+05:30  INFO 17334 --- [ConfigServer] [DiscoveryClient-CacheRefreshExecutor-%d] com.netflix.discovery.DiscoveryClient    : Registered Applications size is zero : true
2026-07-24T13:50:12.925+05:30  INFO 17334 --- [ConfigServer] [DiscoveryClient-CacheRefreshExecutor-%d] com.netflix.discovery.DiscoveryClient    : Application version is -1: false
2026-07-24T13:50:12.925+05:30  INFO 17334 --- [ConfigServer] [DiscoveryClient-CacheRefreshExecutor-%d] com.netflix.discovery.DiscoveryClient    : Getting all instance registry info from the eureka server
2026-07-24T13:50:12.931+05:30  INFO 17334 --- [ConfigServer] [DiscoveryClient-CacheRefreshExecutor-%d] com.netflix.discovery.DiscoveryClient    : The response status is 200
2026-07-24T13:50:12.983+05:30  INFO 17334 --- [ConfigServer] [DiscoveryClient-InstanceInfoReplicator-%d] com.netflix.discovery.DiscoveryClient    : DiscoveryClient_CONFIGSERVER/null: registering service...
2026-07-24T13:50:13.003+05:30  WARN 17334 --- [ConfigServer] [DiscoveryClient-InstanceInfoReplicator-%d] c.n.d.s.t.d.RetryableEurekaHttpClient    : Request execution failure with status code 400; retrying on another server if available
2026-07-24T13:50:13.004+05:30  WARN 17334 --- [ConfigServer] [DiscoveryClient-InstanceInfoReplicator-%d] com.netflix.discovery.DiscoveryClient    : DiscoveryClient_CONFIGSERVER/null - registration failed Cannot execute request on any known server

com.netflix.discovery.shared.transport.TransportException: Cannot execute request on any known server
	at com.netflix.discovery.shared.transport.decorator.RetryableEurekaHttpClient.execute(RetryableEurekaHttpClient.java:112) ~[eureka-client-2.0.6.jar:2.0.6]
	at com.netflix.discovery.shared.transport.decorator.EurekaHttpClientDecorator.register(EurekaHttpClientDecorator.java:56) ~[eureka-client-2.0.6.jar:2.0.6]
	at com.netflix.discovery.shared.transport.decorator.EurekaHttpClientDecorator$1.execute(EurekaHttpClientDecorator.java:59) ~[eureka-client-2.0.6.jar:2.0.6]
	at com.netflix.discovery.shared.transport.decorator.SessionedEurekaHttpClient.execute(SessionedEurekaHttpClient.java:76) ~[eureka-client-2.0.6.jar:2.0.6]
	at com.netflix.discovery.shared.transport.decorator.EurekaHttpClientDecorator.register(EurekaHttpClientDecorator.java:56) ~[eureka-client-2.0.6.jar:2.0.6]
	at com.netflix.discovery.DiscoveryClient.register(DiscoveryClient.java:843) ~[eureka-client-2.0.6.jar:2.0.6]
	at com.netflix.discovery.InstanceInfoReplicator.run(InstanceInfoReplicator.java:125) ~[eureka-client-2.0.6.jar:2.0.6]
	at java.base/java.util.concurrent.Executors$RunnableAdapter.call(Executors.java:545) ~[na:na]
	at java.base/java.util.concurrent.FutureTask.run(FutureTask.java:328) ~[na:na]
	at java.base/java.util.concurrent.ScheduledThreadPoolExecutor$ScheduledFutureTask.run(ScheduledThreadPoolExecutor.java:309) ~[na:na]
	at java.base/java.util.concurrent.ThreadPoolExecutor.runWorker(ThreadPoolExecutor.java:1090) ~[na:na]
	at java.base/java.util.concurrent.ThreadPoolExecutor$Worker.run(ThreadPoolExecutor.java:614) ~[na:na]
	at java.base/java.lang.Thread.run(Thread.java:1474) ~[na:na]

2026-07-24T13:50:13.004+05:30  WARN 17334 --- [ConfigServer] [DiscoveryClient-InstanceInfoReplicator-%d] c.n.discovery.InstanceInfoReplicator     : There was a problem with the instance info replicator

com.netflix.discovery.shared.transport.TransportException: Cannot execute request on any known server
	at com.netflix.discovery.shared.transport.decorator.RetryableEurekaHttpClient.execute(RetryableEurekaHttpClient.java:112) ~[eureka-client-2.0.6.jar:2.0.6]
	at com.netflix.discovery.shared.transport.decorator.EurekaHttpClientDecorator.register(EurekaHttpClientDecorator.java:56) ~[eureka-client-2.0.6.jar:2.0.6]
	at com.netflix.discovery.shared.transport.decorator.EurekaHttpClientDecorator$1.execute(EurekaHttpClientDecorator.java:59) ~[eureka-client-2.0.6.jar:2.0.6]
	at com.netflix.discovery.shared.transport.decorator.SessionedEurekaHttpClient.execute(SessionedEurekaHttpClient.java:76) ~[eureka-client-2.0.6.jar:2.0.6]
	at com.netflix.discovery.shared.transport.decorator.EurekaHttpClientDecorator.register(EurekaHttpClientDecorator.java:56) ~[eureka-client-2.0.6.jar:2.0.6]
	at com.netflix.discovery.DiscoveryClient.register(DiscoveryClient.java:843) ~[eureka-client-2.0.6.jar:2.0.6]
	at com.netflix.discovery.InstanceInfoReplicator.run(InstanceInfoReplicator.java:125) ~[eureka-client-2.0.6.jar:2.0.6]
	at java.base/java.util.concurrent.Executors$RunnableAdapter.call(Executors.java:545) ~[na:na]
	at java.base/java.util.concurrent.FutureTask.run(FutureTask.java:328) ~[na:na]
	at java.base/java.util.concurrent.ScheduledThreadPoolExecutor$ScheduledFutureTask.run(ScheduledThreadPoolExecutor.java:309) ~[na:na]
	at java.base/java.util.concurrent.ThreadPoolExecutor.runWorker(ThreadPoolExecutor.java:1090) ~[na:na]
	at java.base/java.util.concurrent.ThreadPoolExecutor$Worker.run(ThreadPoolExecutor.java:614) ~[na:na]
	at java.base/java.lang.Thread.run(Thread.java:1474) ~[na:na]

2026-07-24T13:50:13.333+05:30  INFO 17334 --- [ConfigServer] [DiscoveryClient-HeartbeatExecutor-%d] c.n.d.s.t.d.RedirectingEurekaHttpClient  : Request execution error. endpoint=DefaultEndpoint{ serviceUrl='http://localhost:8761/eureka/}, exception=Error while extracting response for type [com.netflix.appinfo.InstanceInfo] and content type [application/json]

org.springframework.web.client.RestClientException: Error while extracting response for type [com.netflix.appinfo.InstanceInfo] and content type [application/json]
	at org.springframework.web.client.DefaultRestClient.readWithMessageConverters(DefaultRestClient.java:274) ~[spring-web-7.0.8.jar:7.0.8]
	at org.springframework.web.client.DefaultRestClient$DefaultResponseSpec.readBody(DefaultRestClient.java:931) ~[spring-web-7.0.8.jar:7.0.8]
	at org.springframework.web.client.DefaultRestClient$DefaultResponseSpec.lambda$toEntityInternal$0(DefaultRestClient.java:871) ~[spring-web-7.0.8.jar:7.0.8]
	at org.springframework.web.client.DefaultRestClient$DefaultRequestBodyUriSpec.exchangeInternal(DefaultRestClient.java:617) ~[spring-web-7.0.8.jar:7.0.8]
	at org.springframework.web.client.DefaultRestClient$DefaultRequestBodyUriSpec.exchange(DefaultRestClient.java:572) ~[spring-web-7.0.8.jar:7.0.8]
	at org.springframework.web.client.RestClient$RequestHeadersSpec.exchange(RestClient.java:747) ~[spring-web-7.0.8.jar:7.0.8]
	at org.springframework.web.client.DefaultRestClient$DefaultResponseSpec.executeAndExtract(DefaultRestClient.java:924) ~[spring-web-7.0.8.jar:7.0.8]
	at org.springframework.web.client.DefaultRestClient$DefaultResponseSpec.toEntityInternal(DefaultRestClient.java:870) ~[spring-web-7.0.8.jar:7.0.8]
	at org.springframework.web.client.DefaultRestClient$DefaultResponseSpec.toEntity(DefaultRestClient.java:859) ~[spring-web-7.0.8.jar:7.0.8]
	at org.springframework.cloud.netflix.eureka.http.RestClientEurekaHttpClient.sendHeartBeat(RestClientEurekaHttpClient.java:91) ~[spring-cloud-netflix-eureka-client-5.0.2.jar:5.0.2]
	at com.netflix.discovery.shared.transport.decorator.EurekaHttpClientDecorator$3.execute(EurekaHttpClientDecorator.java:92) ~[eureka-client-2.0.6.jar:2.0.6]
	at com.netflix.discovery.shared.transport.decorator.RedirectingEurekaHttpClient.executeOnNewServer(RedirectingEurekaHttpClient.java:120) ~[eureka-client-2.0.6.jar:2.0.6]
	at com.netflix.discovery.shared.transport.decorator.RedirectingEurekaHttpClient.execute(RedirectingEurekaHttpClient.java:79) ~[eureka-client-2.0.6.jar:2.0.6]
	at com.netflix.discovery.shared.transport.decorator.EurekaHttpClientDecorator.sendHeartBeat(EurekaHttpClientDecorator.java:89) ~[eureka-client-2.0.6.jar:2.0.6]
	at com.netflix.discovery.shared.transport.decorator.EurekaHttpClientDecorator$3.execute(EurekaHttpClientDecorator.java:92) ~[eureka-client-2.0.6.jar:2.0.6]
	at com.netflix.discovery.shared.transport.decorator.RetryableEurekaHttpClient.execute(RetryableEurekaHttpClient.java:120) ~[eureka-client-2.0.6.jar:2.0.6]
	at com.netflix.discovery.shared.transport.decorator.EurekaHttpClientDecorator.sendHeartBeat(EurekaHttpClientDecorator.java:89) ~[eureka-client-2.0.6.jar:2.0.6]
	at com.netflix.discovery.shared.transport.decorator.EurekaHttpClientDecorator$3.execute(EurekaHttpClientDecorator.java:92) ~[eureka-client-2.0.6.jar:2.0.6]
	at com.netflix.discovery.shared.transport.decorator.SessionedEurekaHttpClient.execute(SessionedEurekaHttpClient.java:76) ~[eureka-client-2.0.6.jar:2.0.6]
	at com.netflix.discovery.shared.transport.decorator.EurekaHttpClientDecorator.sendHeartBeat(EurekaHttpClientDecorator.java:89) ~[eureka-client-2.0.6.jar:2.0.6]
	at com.netflix.discovery.DiscoveryClient.renew(DiscoveryClient.java:860) ~[eureka-client-2.0.6.jar:2.0.6]
	at com.netflix.discovery.DiscoveryClient$HeartbeatThread.run(DiscoveryClient.java:1418) ~[eureka-client-2.0.6.jar:2.0.6]
	at java.base/java.util.concurrent.Executors$RunnableAdapter.call(Executors.java:545) ~[na:na]
	at java.base/java.util.concurrent.FutureTask.run(FutureTask.java:328) ~[na:na]
	at java.base/java.util.concurrent.ThreadPoolExecutor.runWorker(ThreadPoolExecutor.java:1090) ~[na:na]
	at java.base/java.util.concurrent.ThreadPoolExecutor$Worker.run(ThreadPoolExecutor.java:614) ~[na:na]
	at java.base/java.lang.Thread.run(Thread.java:1474) ~[na:na]
Caused by: org.springframework.http.converter.HttpMessageNotReadableException: JSON parse error: Root name ('timestamp') does not match expected ('instance') for type `com.netflix.appinfo.InstanceInfo`
	at org.springframework.http.converter.json.AbstractJackson2HttpMessageConverter.readJavaType(AbstractJackson2HttpMessageConverter.java:408) ~[spring-web-7.0.8.jar:7.0.8]
	at org.springframework.http.converter.json.AbstractJackson2HttpMessageConverter.read(AbstractJackson2HttpMessageConverter.java:356) ~[spring-web-7.0.8.jar:7.0.8]
	at org.springframework.web.client.DefaultRestClient.readWithMessageConverters(DefaultRestClient.java:237) ~[spring-web-7.0.8.jar:7.0.8]
	... 26 common frames omitted
Caused by: com.fasterxml.jackson.databind.exc.MismatchedInputException: Root name ('timestamp') does not match expected ('instance') for type `com.netflix.appinfo.InstanceInfo`
 at [Source: REDACTED (`StreamReadFeature.INCLUDE_SOURCE_IN_LOCATION` disabled); line: 1, column: 2] (through reference chain: com.netflix.appinfo.InstanceInfo["timestamp"])
	at com.fasterxml.jackson.databind.exc.MismatchedInputException.from(MismatchedInputException.java:76) ~[jackson-databind-2.21.4.jar:2.21.4]
	at com.fasterxml.jackson.databind.DeserializationContext.reportPropertyInputMismatch(DeserializationContext.java:1849) ~[jackson-databind-2.21.4.jar:2.21.4]
	at com.fasterxml.jackson.databind.DeserializationContext.reportPropertyInputMismatch(DeserializationContext.java:1865) ~[jackson-databind-2.21.4.jar:2.21.4]
	at com.fasterxml.jackson.databind.deser.DefaultDeserializationContext._unwrapAndDeserialize(DefaultDeserializationContext.java:367) ~[jackson-databind-2.21.4.jar:2.21.4]
	at com.fasterxml.jackson.databind.deser.DefaultDeserializationContext.readRootValue(DefaultDeserializationContext.java:339) ~[jackson-databind-2.21.4.jar:2.21.4]
	at com.fasterxml.jackson.databind.ObjectReader._bindAndClose(ObjectReader.java:2148) ~[jackson-databind-2.21.4.jar:2.21.4]
	at com.fasterxml.jackson.databind.ObjectReader.readValue(ObjectReader.java:1504) ~[jackson-databind-2.21.4.jar:2.21.4]
	at org.springframework.http.converter.json.AbstractJackson2HttpMessageConverter.readJavaType(AbstractJackson2HttpMessageConverter.java:397) ~[spring-web-7.0.8.jar:7.0.8]
	... 28 common frames omitted

2026-07-24T13:50:13.334+05:30  WARN 17334 --- [ConfigServer] [DiscoveryClient-HeartbeatExecutor-%d] c.n.d.s.t.d.RetryableEurekaHttpClient    : Request execution failed with message: Error while extracting response for type [com.netflix.appinfo.InstanceInfo] and content type [application/json]
2026-07-24T13:50:13.334+05:30 ERROR 17334 --- [ConfigServer] [DiscoveryClient-HeartbeatExecutor-%d] com.netflix.discovery.DiscoveryClient    : DiscoveryClient_CONFIGSERVER/null - was unable to send heartbeat!

com.netflix.discovery.shared.transport.TransportException: Cannot execute request on any known server
	at com.netflix.discovery.shared.transport.decorator.RetryableEurekaHttpClient.execute(RetryableEurekaHttpClient.java:112) ~[eureka-client-2.0.6.jar:2.0.6]
	at com.netflix.discovery.shared.transport.decorator.EurekaHttpClientDecorator.sendHeartBeat(EurekaHttpClientDecorator.java:89) ~[eureka-client-2.0.6.jar:2.0.6]
	at com.netflix.discovery.shared.transport.decorator.EurekaHttpClientDecorator$3.execute(EurekaHttpClientDecorator.java:92) ~[eureka-client-2.0.6.jar:2.0.6]
	at com.netflix.discovery.shared.transport.decorator.SessionedEurekaHttpClient.execute(SessionedEurekaHttpClient.java:76) ~[eureka-client-2.0.6.jar:2.0.6]
	at com.netflix.discovery.shared.transport.decorator.EurekaHttpClientDecorator.sendHeartBeat(EurekaHttpClientDecorator.java:89) ~[eureka-client-2.0.6.jar:2.0.6]
	at com.netflix.discovery.DiscoveryClient.renew(DiscoveryClient.java:860) ~[eureka-client-2.0.6.jar:2.0.6]
	at com.netflix.discovery.DiscoveryClient$HeartbeatThread.run(DiscoveryClient.java:1418) ~[eureka-client-2.0.6.jar:2.0.6]
	at java.base/java.util.concurrent.Executors$RunnableAdapter.call(Executors.java:545) ~[na:na]
	at java.base/java.util.concurrent.FutureTask.run(FutureTask.java:328) ~[na:na]
	at java.base/java.util.concurrent.ThreadPoolExecutor.runWorker(ThreadPoolExecutor.java:1090) ~[na:na]
	at java.base/java.util.concurrent.ThreadPoolExecutor$Worker.run(ThreadPoolExecutor.java:614) ~[na:na]
	at java.base/java.lang.Thread.run(Thread.java:1474) ~[na:na]

2026-07-24T13:50:18.349+05:30  INFO 17334 --- [ConfigServer] [DiscoveryClient-HeartbeatExecutor-%d] c.n.d.s.t.d.RedirectingEurekaHttpClient  : Request execution error. endpoint=DefaultEndpoint{ serviceUrl='http://localhost:8761/eureka/}, exception=Error while extracting response for type [com.netflix.appinfo.InstanceInfo] and content type [application/json]

org.springframework.web.client.RestClientException: Error while extracting response for type [com.netflix.appinfo.InstanceInfo] and content type [application/json]
	at org.springframework.web.client.DefaultRestClient.readWithMessageConverters(DefaultRestClient.java:274) ~[spring-web-7.0.8.jar:7.0.8]
	at org.springframework.web.client.DefaultRestClient$DefaultResponseSpec.readBody(DefaultRestClient.java:931) ~[spring-web-7.0.8.jar:7.0.8]
	at org.springframework.web.client.DefaultRestClient$DefaultResponseSpec.lambda$toEntityInternal$0(DefaultRestClient.java:871) ~[spring-web-7.0.8.jar:7.0.8]
	at org.springframework.web.client.DefaultRestClient$DefaultRequestBodyUriSpec.exchangeInternal(DefaultRestClient.java:617) ~[spring-web-7.0.8.jar:7.0.8]
	at org.springframework.web.client.DefaultRestClient$DefaultRequestBodyUriSpec.exchange(DefaultRestClient.java:572) ~[spring-web-7.0.8.jar:7.0.8]
	at org.springframework.web.client.RestClient$RequestHeadersSpec.exchange(RestClient.java:747) ~[spring-web-7.0.8.jar:7.0.8]
	at org.springframework.web.client.DefaultRestClient$DefaultResponseSpec.executeAndExtract(DefaultRestClient.java:924) ~[spring-web-7.0.8.jar:7.0.8]
	at org.springframework.web.client.DefaultRestClient$DefaultResponseSpec.toEntityInternal(DefaultRestClient.java:870) ~[spring-web-7.0.8.jar:7.0.8]
	at org.springframework.web.client.DefaultRestClient$DefaultResponseSpec.toEntity(DefaultRestClient.java:859) ~[spring-web-7.0.8.jar:7.0.8]
	at org.springframework.cloud.netflix.eureka.http.RestClientEurekaHttpClient.sendHeartBeat(RestClientEurekaHttpClient.java:91) ~[spring-cloud-netflix-eureka-client-5.0.2.jar:5.0.2]
	at com.netflix.discovery.shared.transport.decorator.EurekaHttpClientDecorator$3.execute(EurekaHttpClientDecorator.java:92) ~[eureka-client-2.0.6.jar:2.0.6]
	at com.netflix.discovery.shared.transport.decorator.RedirectingEurekaHttpClient.executeOnNewServer(RedirectingEurekaHttpClient.java:120) ~[eureka-client-2.0.6.jar:2.0.6]
	at com.netflix.discovery.shared.transport.decorator.RedirectingEurekaHttpClient.execute(RedirectingEurekaHttpClient.java:79) ~[eureka-client-2.0.6.jar:2.0.6]
	at com.netflix.discovery.shared.transport.decorator.EurekaHttpClientDecorator.sendHeartBeat(EurekaHttpClientDecorator.java:89) ~[eureka-client-2.0.6.jar:2.0.6]
	at com.netflix.discovery.shared.transport.decorator.EurekaHttpClientDecorator$3.execute(EurekaHttpClientDecorator.java:92) ~[eureka-client-2.0.6.jar:2.0.6]
	at com.netflix.discovery.shared.transport.decorator.RetryableEurekaHttpClient.execute(RetryableEurekaHttpClient.java:120) ~[eureka-client-2.0.6.jar:2.0.6]
	at com.netflix.discovery.shared.transport.decorator.EurekaHttpClientDecorator.sendHeartBeat(EurekaHttpClientDecorator.java:89) ~[eureka-client-2.0.6.jar:2.0.6]
	at com.netflix.discovery.shared.transport.decorator.EurekaHttpClientDecorator$3.execute(EurekaHttpClientDecorator.java:92) ~[eureka-client-2.0.6.jar:2.0.6]
	at com.netflix.discovery.shared.transport.decorator.SessionedEurekaHttpClient.execute(SessionedEurekaHttpClient.java:76) ~[eureka-client-2.0.6.jar:2.0.6]
	at com.netflix.discovery.shared.transport.decorator.EurekaHttpClientDecorator.sendHeartBeat(EurekaHttpClientDecorator.java:89) ~[eureka-client-2.0.6.jar:2.0.6]
	at com.netflix.discovery.DiscoveryClient.renew(DiscoveryClient.java:860) ~[eureka-client-2.0.6.jar:2.0.6]
	at com.netflix.discovery.DiscoveryClient$HeartbeatThread.run(DiscoveryClient.java:1418) ~[eureka-client-2.0.6.jar:2.0.6]
	at java.base/java.util.concurrent.Executors$RunnableAdapter.call(Executors.java:545) ~[na:na]
	at java.base/java.util.concurrent.FutureTask.run(FutureTask.java:328) ~[na:na]
	at java.base/java.util.concurrent.ThreadPoolExecutor.runWorker(ThreadPoolExecutor.java:1090) ~[na:na]
	at java.base/java.util.concurrent.ThreadPoolExecutor$Worker.run(ThreadPoolExecutor.java:614) ~[na:na]
	at java.base/java.lang.Thread.run(Thread.java:1474) ~[na:na]
Caused by: org.springframework.http.converter.HttpMessageNotReadableException: JSON parse error: Root name ('timestamp') does not match expected ('instance') for type `com.netflix.appinfo.InstanceInfo`
	at org.springframework.http.converter.json.AbstractJackson2HttpMessageConverter.readJavaType(AbstractJackson2HttpMessageConverter.java:408) ~[spring-web-7.0.8.jar:7.0.8]
	at org.springframework.http.converter.json.AbstractJackson2HttpMessageConverter.read(AbstractJackson2HttpMessageConverter.java:356) ~[spring-web-7.0.8.jar:7.0.8]
	at org.springframework.web.client.DefaultRestClient.readWithMessageConverters(DefaultRestClient.java:237) ~[spring-web-7.0.8.jar:7.0.8]
	... 26 common frames omitted
Caused by: com.fasterxml.jackson.databind.exc.MismatchedInputException: Root name ('timestamp') does not match expected ('instance') for type `com.netflix.appinfo.InstanceInfo`
 at [Source: REDACTED (`StreamReadFeature.INCLUDE_SOURCE_IN_LOCATION` disabled); line: 1, column: 2] (through reference chain: com.netflix.appinfo.InstanceInfo["timestamp"])
	at com.fasterxml.jackson.databind.exc.MismatchedInputException.from(MismatchedInputException.java:76) ~[jackson-databind-2.21.4.jar:2.21.4]
	at com.fasterxml.jackson.databind.DeserializationContext.reportPropertyInputMismatch(DeserializationContext.java:1849) ~[jackson-databind-2.21.4.jar:2.21.4]
	at com.fasterxml.jackson.databind.DeserializationContext.reportPropertyInputMismatch(DeserializationContext.java:1865) ~[jackson-databind-2.21.4.jar:2.21.4]
	at com.fasterxml.jackson.databind.deser.DefaultDeserializationContext._unwrapAndDeserialize(DefaultDeserializationContext.java:367) ~[jackson-databind-2.21.4.jar:2.21.4]
	at com.fasterxml.jackson.databind.deser.DefaultDeserializationContext.readRootValue(DefaultDeserializationContext.java:339) ~[jackson-databind-2.21.4.jar:2.21.4]
	at com.fasterxml.jackson.databind.ObjectReader._bindAndClose(ObjectReader.java:2148) ~[jackson-databind-2.21.4.jar:2.21.4]
	at com.fasterxml.jackson.databind.ObjectReader.readValue(ObjectReader.java:1504) ~[jackson-databind-2.21.4.jar:2.21.4]
	at org.springframework.http.converter.json.AbstractJackson2HttpMessageConverter.readJavaType(AbstractJackson2HttpMessageConverter.java:397) ~[spring-web-7.0.8.jar:7.0.8]
	... 28 common frames omitted

2026-07-24T13:50:18.350+05:30  WARN 17334 --- [ConfigServer] [DiscoveryClient-HeartbeatExecutor-%d] c.n.d.s.t.d.RetryableEurekaHttpClient    : Request execution failed with message: Error while extracting response for type [com.netflix.appinfo.InstanceInfo] and content type [application/json]
2026-07-24T13:50:18.350+05:30 ERROR 17334 --- [ConfigServer] [DiscoveryClient-HeartbeatExecutor-%d] com.netflix.discovery.DiscoveryClient    : DiscoveryClient_CONFIGSERVER/null - was unable to send heartbeat!

com.netflix.discovery.shared.transport.TransportException: Cannot execute request on any known server
	at com.netflix.discovery.shared.transport.decorator.RetryableEurekaHttpClient.execute(RetryableEurekaHttpClient.java:112) ~[eureka-client-2.0.6.jar:2.0.6]
	at com.netflix.discovery.shared.transport.decorator.EurekaHttpClientDecorator.sendHeartBeat(EurekaHttpClientDecorator.java:89) ~[eureka-client-2.0.6.jar:2.0.6]
	at com.netflix.discovery.shared.transport.decorator.EurekaHttpClientDecorator$3.execute(EurekaHttpClientDecorator.java:92) ~[eureka-client-2.0.6.jar:2.0.6]
	at com.netflix.discovery.shared.transport.decorator.SessionedEurekaHttpClient.execute(SessionedEurekaHttpClient.java:76) ~[eureka-client-2.0.6.jar:2.0.6]
	at com.netflix.discovery.shared.transport.decorator.EurekaHttpClientDecorator.sendHeartBeat(EurekaHttpClientDecorator.java:89) ~[eureka-client-2.0.6.jar:2.0.6]
	at com.netflix.discovery.DiscoveryClient.renew(DiscoveryClient.java:860) ~[eureka-client-2.0.6.jar:2.0.6]
	at com.netflix.discovery.DiscoveryClient$HeartbeatThread.run(DiscoveryClient.java:1418) ~[eureka-client-2.0.6.jar:2.0.6]
	at java.base/java.util.concurrent.Executors$RunnableAdapter.call(Executors.java:545) ~[na:na]
	at java.base/java.util.concurrent.FutureTask.run(FutureTask.java:328) ~[na:na]
	at java.base/java.util.concurrent.ThreadPoolExecutor.runWorker(ThreadPoolExecutor.java:1090) ~[na:na]
	at java.base/java.util.concurrent.ThreadPoolExecutor$Worker.run(ThreadPoolExecutor.java:614) ~[na:na]
	at java.base/java.lang.Thread.run(Thread.java:1474) ~[na:na]

2026-07-24T13:50:23.362+05:30  INFO 17334 --- [ConfigServer] [DiscoveryClient-HeartbeatExecutor-%d] c.n.d.s.t.d.RedirectingEurekaHttpClient  : Request execution error. endpoint=DefaultEndpoint{ serviceUrl='http://localhost:8761/eureka/}, exception=Error while extracting response for type [com.netflix.appinfo.InstanceInfo] and content type [application/json]

org.springframework.web.client.RestClientException: Error while extracting response for type [com.netflix.appinfo.InstanceInfo] and content type [application/json]
	at org.springframework.web.client.DefaultRestClient.readWithMessageConverters(DefaultRestClient.java:274) ~[spring-web-7.0.8.jar:7.0.8]
	at org.springframework.web.client.DefaultRestClient$DefaultResponseSpec.readBody(DefaultRestClient.java:931) ~[spring-web-7.0.8.jar:7.0.8]
	at org.springframework.web.client.DefaultRestClient$DefaultResponseSpec.lambda$toEntityInternal$0(DefaultRestClient.java:871) ~[spring-web-7.0.8.jar:7.0.8]
	at org.springframework.web.client.DefaultRestClient$DefaultRequestBodyUriSpec.exchangeInternal(DefaultRestClient.java:617) ~[spring-web-7.0.8.jar:7.0.8]
	at org.springframework.web.client.DefaultRestClient$DefaultRequestBodyUriSpec.exchange(DefaultRestClient.java:572) ~[spring-web-7.0.8.jar:7.0.8]
	at org.springframework.web.client.RestClient$RequestHeadersSpec.exchange(RestClient.java:747) ~[spring-web-7.0.8.jar:7.0.8]
	at org.springframework.web.client.DefaultRestClient$DefaultResponseSpec.executeAndExtract(DefaultRestClient.java:924) ~[spring-web-7.0.8.jar:7.0.8]
	at org.springframework.web.client.DefaultRestClient$DefaultResponseSpec.toEntityInternal(DefaultRestClient.java:870) ~[spring-web-7.0.8.jar:7.0.8]
	at org.springframework.web.client.DefaultRestClient$DefaultResponseSpec.toEntity(DefaultRestClient.java:859) ~[spring-web-7.0.8.jar:7.0.8]
	at org.springframework.cloud.netflix.eureka.http.RestClientEurekaHttpClient.sendHeartBeat(RestClientEurekaHttpClient.java:91) ~[spring-cloud-netflix-eureka-client-5.0.2.jar:5.0.2]
	at com.netflix.discovery.shared.transport.decorator.EurekaHttpClientDecorator$3.execute(EurekaHttpClientDecorator.java:92) ~[eureka-client-2.0.6.jar:2.0.6]
	at com.netflix.discovery.shared.transport.decorator.RedirectingEurekaHttpClient.executeOnNewServer(RedirectingEurekaHttpClient.java:120) ~[eureka-client-2.0.6.jar:2.0.6]
	at com.netflix.discovery.shared.transport.decorator.RedirectingEurekaHttpClient.execute(RedirectingEurekaHttpClient.java:79) ~[eureka-client-2.0.6.jar:2.0.6]
	at com.netflix.discovery.shared.transport.decorator.EurekaHttpClientDecorator.sendHeartBeat(EurekaHttpClientDecorator.java:89) ~[eureka-client-2.0.6.jar:2.0.6]
	at com.netflix.discovery.shared.transport.decorator.EurekaHttpClientDecorator$3.execute(EurekaHttpClientDecorator.java:92) ~[eureka-client-2.0.6.jar:2.0.6]
	at com.netflix.discovery.shared.transport.decorator.RetryableEurekaHttpClient.execute(RetryableEurekaHttpClient.java:120) ~[eureka-client-2.0.6.jar:2.0.6]
	at com.netflix.discovery.shared.transport.decorator.EurekaHttpClientDecorator.sendHeartBeat(EurekaHttpClientDecorator.java:89) ~[eureka-client-2.0.6.jar:2.0.6]
	at com.netflix.discovery.shared.transport.decorator.EurekaHttpClientDecorator$3.execute(EurekaHttpClientDecorator.java:92) ~[eureka-client-2.0.6.jar:2.0.6]
	at com.netflix.discovery.shared.transport.decorator.SessionedEurekaHttpClient.execute(SessionedEurekaHttpClient.java:76) ~[eureka-client-2.0.6.jar:2.0.6]
	at com.netflix.discovery.shared.transport.decorator.EurekaHttpClientDecorator.sendHeartBeat(EurekaHttpClientDecorator.java:89) ~[eureka-client-2.0.6.jar:2.0.6]
	at com.netflix.discovery.DiscoveryClient.renew(DiscoveryClient.java:860) ~[eureka-client-2.0.6.jar:2.0.6]
	at com.netflix.discovery.DiscoveryClient$HeartbeatThread.run(DiscoveryClient.java:1418) ~[eureka-client-2.0.6.jar:2.0.6]
	at java.base/java.util.concurrent.Executors$RunnableAdapter.call(Executors.java:545) ~[na:na]
	at java.base/java.util.concurrent.FutureTask.run(FutureTask.java:328) ~[na:na]
	at java.base/java.util.concurrent.ThreadPoolExecutor.runWorker(ThreadPoolExecutor.java:1090) ~[na:na]
	at java.base/java.util.concurrent.ThreadPoolExecutor$Worker.run(ThreadPoolExecutor.java:614) ~[na:na]
	at java.base/java.lang.Thread.run(Thread.java:1474) ~[na:na]
Caused by: org.springframework.http.converter.HttpMessageNotReadableException: JSON parse error: Root name ('timestamp') does not match expected ('instance') for type `com.netflix.appinfo.InstanceInfo`
	at org.springframework.http.converter.json.AbstractJackson2HttpMessageConverter.readJavaType(AbstractJackson2HttpMessageConverter.java:408) ~[spring-web-7.0.8.jar:7.0.8]
	at org.springframework.http.converter.json.AbstractJackson2HttpMessageConverter.read(AbstractJackson2HttpMessageConverter.java:356) ~[spring-web-7.0.8.jar:7.0.8]
	at org.springframework.web.client.DefaultRestClient.readWithMessageConverters(DefaultRestClient.java:237) ~[spring-web-7.0.8.jar:7.0.8]
	... 26 common frames omitted
Caused by: com.fasterxml.jackson.databind.exc.MismatchedInputException: Root name ('timestamp') does not match expected ('instance') for type `com.netflix.appinfo.InstanceInfo`
 at [Source: REDACTED (`StreamReadFeature.INCLUDE_SOURCE_IN_LOCATION` disabled); line: 1, column: 2] (through reference chain: com.netflix.appinfo.InstanceInfo["timestamp"])
	at com.fasterxml.jackson.databind.exc.MismatchedInputException.from(MismatchedInputException.java:76) ~[jackson-databind-2.21.4.jar:2.21.4]
	at com.fasterxml.jackson.databind.DeserializationContext.reportPropertyInputMismatch(DeserializationContext.java:1849) ~[jackson-databind-2.21.4.jar:2.21.4]
	at com.fasterxml.jackson.databind.DeserializationContext.reportPropertyInputMismatch(DeserializationContext.java:1865) ~[jackson-databind-2.21.4.jar:2.21.4]
	at com.fasterxml.jackson.databind.deser.DefaultDeserializationContext._unwrapAndDeserialize(DefaultDeserializationContext.java:367) ~[jackson-databind-2.21.4.jar:2.21.4]
	at com.fasterxml.jackson.databind.deser.DefaultDeserializationContext.readRootValue(DefaultDeserializationContext.java:339) ~[jackson-databind-2.21.4.jar:2.21.4]
	at com.fasterxml.jackson.databind.ObjectReader._bindAndClose(ObjectReader.java:2148) ~[jackson-databind-2.21.4.jar:2.21.4]
	at com.fasterxml.jackson.databind.ObjectReader.readValue(ObjectReader.java:1504) ~[jackson-databind-2.21.4.jar:2.21.4]
	at org.springframework.http.converter.json.AbstractJackson2HttpMessageConverter.readJavaType(AbstractJackson2HttpMessageConverter.java:397) ~[spring-web-7.0.8.jar:7.0.8]
	... 28 common frames omitted

2026-07-24T13:50:23.363+05:30  WARN 17334 --- [ConfigServer] [DiscoveryClient-HeartbeatExecutor-%d] c.n.d.s.t.d.RetryableEurekaHttpClient    : Request execution failed with message: Error while extracting response for type [com.netflix.appinfo.InstanceInfo] and content type [application/json]
2026-07-24T13:50:23.363+05:30 ERROR 17334 --- [ConfigServer] [DiscoveryClient-HeartbeatExecutor-%d] com.netflix.discovery.DiscoveryClient    : DiscoveryClient_CONFIGSERVER/null - was unable to send heartbeat!

com.netflix.discovery.shared.transport.TransportException: Cannot execute request on any known server
	at com.netflix.discovery.shared.transport.decorator.RetryableEurekaHttpClient.execute(RetryableEurekaHttpClient.java:112) ~[eureka-client-2.0.6.jar:2.0.6]
	at com.netflix.discovery.shared.transport.decorator.EurekaHttpClientDecorator.sendHeartBeat(EurekaHttpClientDecorator.java:89) ~[eureka-client-2.0.6.jar:2.0.6]
	at com.netflix.discovery.shared.transport.decorator.EurekaHttpClientDecorator$3.execute(EurekaHttpClientDecorator.java:92) ~[eureka-client-2.0.6.jar:2.0.6]
	at com.netflix.discovery.shared.transport.decorator.SessionedEurekaHttpClient.execute(SessionedEurekaHttpClient.java:76) ~[eureka-client-2.0.6.jar:2.0.6]
	at com.netflix.discovery.shared.transport.decorator.EurekaHttpClientDecorator.sendHeartBeat(EurekaHttpClientDecorator.java:89) ~[eureka-client-2.0.6.jar:2.0.6]
	at com.netflix.discovery.DiscoveryClient.renew(DiscoveryClient.java:860) ~[eureka-client-2.0.6.jar:2.0.6]
	at com.netflix.discovery.DiscoveryClient$HeartbeatThread.run(DiscoveryClient.java:1418) ~[eureka-client-2.0.6.jar:2.0.6]
	at java.base/java.util.concurrent.Executors$RunnableAdapter.call(Executors.java:545) ~[na:na]
	at java.base/java.util.concurrent.FutureTask.run(FutureTask.java:328) ~[na:na]
	at java.base/java.util.concurrent.ThreadPoolExecutor.runWorker(ThreadPoolExecutor.java:1090) ~[na:na]
	at java.base/java.util.concurrent.ThreadPoolExecutor$Worker.run(ThreadPoolExecutor.java:614) ~[na:na]
	at java.base/java.lang.Thread.run(Thread.java:1474) ~[na:na]

2026-07-24T13:50:28.375+05:30  INFO 17334 --- [ConfigServer] [DiscoveryClient-HeartbeatExecutor-%d] c.n.d.s.t.d.RedirectingEurekaHttpClient  : Request execution error. endpoint=DefaultEndpoint{ serviceUrl='http://localhost:8761/eureka/}, exception=Error while extracting response for type [com.netflix.appinfo.InstanceInfo] and content type [application/json]

org.springframework.web.client.RestClientException: Error while extracting response for type [com.netflix.appinfo.InstanceInfo] and content type [application/json]
	at org.springframework.web.client.DefaultRestClient.readWithMessageConverters(DefaultRestClient.java:274) ~[spring-web-7.0.8.jar:7.0.8]
	at org.springframework.web.client.DefaultRestClient$DefaultResponseSpec.readBody(DefaultRestClient.java:931) ~[spring-web-7.0.8.jar:7.0.8]
	at org.springframework.web.client.DefaultRestClient$DefaultResponseSpec.lambda$toEntityInternal$0(DefaultRestClient.java:871) ~[spring-web-7.0.8.jar:7.0.8]
	at org.springframework.web.client.DefaultRestClient$DefaultRequestBodyUriSpec.exchangeInternal(DefaultRestClient.java:617) ~[spring-web-7.0.8.jar:7.0.8]
	at org.springframework.web.client.DefaultRestClient$DefaultRequestBodyUriSpec.exchange(DefaultRestClient.java:572) ~[spring-web-7.0.8.jar:7.0.8]
	at org.springframework.web.client.RestClient$RequestHeadersSpec.exchange(RestClient.java:747) ~[spring-web-7.0.8.jar:7.0.8]
	at org.springframework.web.client.DefaultRestClient$DefaultResponseSpec.executeAndExtract(DefaultRestClient.java:924) ~[spring-web-7.0.8.jar:7.0.8]
	at org.springframework.web.client.DefaultRestClient$DefaultResponseSpec.toEntityInternal(DefaultRestClient.java:870) ~[spring-web-7.0.8.jar:7.0.8]
	at org.springframework.web.client.DefaultRestClient$DefaultResponseSpec.toEntity(DefaultRestClient.java:859) ~[spring-web-7.0.8.jar:7.0.8]
	at org.springframework.cloud.netflix.eureka.http.RestClientEurekaHttpClient.sendHeartBeat(RestClientEurekaHttpClient.java:91) ~[spring-cloud-netflix-eureka-client-5.0.2.jar:5.0.2]
	at com.netflix.discovery.shared.transport.decorator.EurekaHttpClientDecorator$3.execute(EurekaHttpClientDecorator.java:92) ~[eureka-client-2.0.6.jar:2.0.6]
	at com.netflix.discovery.shared.transport.decorator.RedirectingEurekaHttpClient.executeOnNewServer(RedirectingEurekaHttpClient.java:120) ~[eureka-client-2.0.6.jar:2.0.6]
	at com.netflix.discovery.shared.transport.decorator.RedirectingEurekaHttpClient.execute(RedirectingEurekaHttpClient.java:79) ~[eureka-client-2.0.6.jar:2.0.6]
	at com.netflix.discovery.shared.transport.decorator.EurekaHttpClientDecorator.sendHeartBeat(EurekaHttpClientDecorator.java:89) ~[eureka-client-2.0.6.jar:2.0.6]
	at com.netflix.discovery.shared.transport.decorator.EurekaHttpClientDecorator$3.execute(EurekaHttpClientDecorator.java:92) ~[eureka-client-2.0.6.jar:2.0.6]
	at com.netflix.discovery.shared.transport.decorator.RetryableEurekaHttpClient.execute(RetryableEurekaHttpClient.java:120) ~[eureka-client-2.0.6.jar:2.0.6]
	at com.netflix.discovery.shared.transport.decorator.EurekaHttpClientDecorator.sendHeartBeat(EurekaHttpClientDecorator.java:89) ~[eureka-client-2.0.6.jar:2.0.6]
	at com.netflix.discovery.shared.transport.decorator.EurekaHttpClientDecorator$3.execute(EurekaHttpClientDecorator.java:92) ~[eureka-client-2.0.6.jar:2.0.6]
	at com.netflix.discovery.shared.transport.decorator.SessionedEurekaHttpClient.execute(SessionedEurekaHttpClient.java:76) ~[eureka-client-2.0.6.jar:2.0.6]
	at com.netflix.discovery.shared.transport.decorator.EurekaHttpClientDecorator.sendHeartBeat(EurekaHttpClientDecorator.java:89) ~[eureka-client-2.0.6.jar:2.0.6]
	at com.netflix.discovery.DiscoveryClient.renew(DiscoveryClient.java:860) ~[eureka-client-2.0.6.jar:2.0.6]
	at com.netflix.discovery.DiscoveryClient$HeartbeatThread.run(DiscoveryClient.java:1418) ~[eureka-client-2.0.6.jar:2.0.6]
	at java.base/java.util.concurrent.Executors$RunnableAdapter.call(Executors.java:545) ~[na:na]
	at java.base/java.util.concurrent.FutureTask.run(FutureTask.java:328) ~[na:na]
	at java.base/java.util.concurrent.ThreadPoolExecutor.runWorker(ThreadPoolExecutor.java:1090) ~[na:na]
	at java.base/java.util.concurrent.ThreadPoolExecutor$Worker.run(ThreadPoolExecutor.java:614) ~[na:na]
	at java.base/java.lang.Thread.run(Thread.java:1474) ~[na:na]
Caused by: org.springframework.http.converter.HttpMessageNotReadableException: JSON parse error: Root name ('timestamp') does not match expected ('instance') for type `com.netflix.appinfo.InstanceInfo`
	at org.springframework.http.converter.json.AbstractJackson2HttpMessageConverter.readJavaType(AbstractJackson2HttpMessageConverter.java:408) ~[spring-web-7.0.8.jar:7.0.8]
	at org.springframework.http.converter.json.AbstractJackson2HttpMessageConverter.read(AbstractJackson2HttpMessageConverter.java:356) ~[spring-web-7.0.8.jar:7.0.8]
	at org.springframework.web.client.DefaultRestClient.readWithMessageConverters(DefaultRestClient.java:237) ~[spring-web-7.0.8.jar:7.0.8]
	... 26 common frames omitted
Caused by: com.fasterxml.jackson.databind.exc.MismatchedInputException: Root name ('timestamp') does not match expected ('instance') for type `com.netflix.appinfo.InstanceInfo`
 at [Source: REDACTED (`StreamReadFeature.INCLUDE_SOURCE_IN_LOCATION` disabled); line: 1, column: 2] (through reference chain: com.netflix.appinfo.InstanceInfo["timestamp"])
	at com.fasterxml.jackson.databind.exc.MismatchedInputException.from(MismatchedInputException.java:76) ~[jackson-databind-2.21.4.jar:2.21.4]
	at com.fasterxml.jackson.databind.DeserializationContext.reportPropertyInputMismatch(DeserializationContext.java:1849) ~[jackson-databind-2.21.4.jar:2.21.4]
	at com.fasterxml.jackson.databind.DeserializationContext.reportPropertyInputMismatch(DeserializationContext.java:1865) ~[jackson-databind-2.21.4.jar:2.21.4]
	at com.fasterxml.jackson.databind.deser.DefaultDeserializationContext._unwrapAndDeserialize(DefaultDeserializationContext.java:367) ~[jackson-databind-2.21.4.jar:2.21.4]
	at com.fasterxml.jackson.databind.deser.DefaultDeserializationContext.readRootValue(DefaultDeserializationContext.java:339) ~[jackson-databind-2.21.4.jar:2.21.4]
	at com.fasterxml.jackson.databind.ObjectReader._bindAndClose(ObjectReader.java:2148) ~[jackson-databind-2.21.4.jar:2.21.4]
	at com.fasterxml.jackson.databind.ObjectReader.readValue(ObjectReader.java:1504) ~[jackson-databind-2.21.4.jar:2.21.4]
	at org.springframework.http.converter.json.AbstractJackson2HttpMessageConverter.readJavaType(AbstractJackson2HttpMessageConverter.java:397) ~[spring-web-7.0.8.jar:7.0.8]
	... 28 common frames omitted

2026-07-24T13:50:28.376+05:30  WARN 17334 --- [ConfigServer] [DiscoveryClient-HeartbeatExecutor-%d] c.n.d.s.t.d.RetryableEurekaHttpClient    : Request execution failed with message: Error while extracting response for type [com.netflix.appinfo.InstanceInfo] and content type [application/json]
2026-07-24T13:50:28.376+05:30 ERROR 17334 --- [ConfigServer] [DiscoveryClient-HeartbeatExecutor-%d] com.netflix.discovery.DiscoveryClient    : DiscoveryClient_CONFIGSERVER/null - was unable to send heartbeat!

com.netflix.discovery.shared.transport.TransportException: Cannot execute request on any known server
	at com.netflix.discovery.shared.transport.decorator.RetryableEurekaHttpClient.execute(RetryableEurekaHttpClient.java:112) ~[eureka-client-2.0.6.jar:2.0.6]
	at com.netflix.discovery.shared.transport.decorator.EurekaHttpClientDecorator.sendHeartBeat(EurekaHttpClientDecorator.java:89) ~[eureka-client-2.0.6.jar:2.0.6]
	at com.netflix.discovery.shared.transport.decorator.EurekaHttpClientDecorator$3.execute(EurekaHttpClientDecorator.java:92) ~[eureka-client-2.0.6.jar:2.0.6]
	at com.netflix.discovery.shared.transport.decorator.SessionedEurekaHttpClient.execute(SessionedEurekaHttpClient.java:76) ~[eureka-client-2.0.6.jar:2.0.6]
	at com.netflix.discovery.shared.transport.decorator.EurekaHttpClientDecorator.sendHeartBeat(EurekaHttpClientDecorator.java:89) ~[eureka-client-2.0.6.jar:2.0.6]
	at com.netflix.discovery.DiscoveryClient.renew(DiscoveryClient.java:860) ~[eureka-client-2.0.6.jar:2.0.6]
	at com.netflix.discovery.DiscoveryClient$HeartbeatThread.run(DiscoveryClient.java:1418) ~[eureka-client-2.0.6.jar:2.0.6]
	at java.base/java.util.concurrent.Executors$RunnableAdapter.call(Executors.java:545) ~[na:na]
	at java.base/java.util.concurrent.FutureTask.run(FutureTask.java:328) ~[na:na]
	at java.base/java.util.concurrent.ThreadPoolExecutor.runWorker(ThreadPoolExecutor.java:1090) ~[na:na]
	at java.base/java.util.concurrent.ThreadPoolExecutor$Worker.run(ThreadPoolExecutor.java:614) ~[na:na]
	at java.base/java.lang.Thread.run(Thread.java:1474) ~[na:na]

2026-07-24T13:50:33.386+05:30  INFO 17334 --- [ConfigServer] [DiscoveryClient-HeartbeatExecutor-%d] c.n.d.s.t.d.RedirectingEurekaHttpClient  : Request execution error. endpoint=DefaultEndpoint{ serviceUrl='http://localhost:8761/eureka/}, exception=Error while extracting response for type [com.netflix.appinfo.InstanceInfo] and content type [application/json]

org.springframework.web.client.RestClientException: Error while extracting response for type [com.netflix.appinfo.InstanceInfo] and content type [application/json]
	at org.springframework.web.client.DefaultRestClient.readWithMessageConverters(DefaultRestClient.java:274) ~[spring-web-7.0.8.jar:7.0.8]
	at org.springframework.web.client.DefaultRestClient$DefaultResponseSpec.readBody(DefaultRestClient.java:931) ~[spring-web-7.0.8.jar:7.0.8]
	at org.springframework.web.client.DefaultRestClient$DefaultResponseSpec.lambda$toEntityInternal$0(DefaultRestClient.java:871) ~[spring-web-7.0.8.jar:7.0.8]
	at org.springframework.web.client.DefaultRestClient$DefaultRequestBodyUriSpec.exchangeInternal(DefaultRestClient.java:617) ~[spring-web-7.0.8.jar:7.0.8]
	at org.springframework.web.client.DefaultRestClient$DefaultRequestBodyUriSpec.exchange(DefaultRestClient.java:572) ~[spring-web-7.0.8.jar:7.0.8]
	at org.springframework.web.client.RestClient$RequestHeadersSpec.exchange(RestClient.java:747) ~[spring-web-7.0.8.jar:7.0.8]
	at org.springframework.web.client.DefaultRestClient$DefaultResponseSpec.executeAndExtract(DefaultRestClient.java:924) ~[spring-web-7.0.8.jar:7.0.8]
	at org.springframework.web.client.DefaultRestClient$DefaultResponseSpec.toEntityInternal(DefaultRestClient.java:870) ~[spring-web-7.0.8.jar:7.0.8]
	at org.springframework.web.client.DefaultRestClient$DefaultResponseSpec.toEntity(DefaultRestClient.java:859) ~[spring-web-7.0.8.jar:7.0.8]
	at org.springframework.cloud.netflix.eureka.http.RestClientEurekaHttpClient.sendHeartBeat(RestClientEurekaHttpClient.java:91) ~[spring-cloud-netflix-eureka-client-5.0.2.jar:5.0.2]
	at com.netflix.discovery.shared.transport.decorator.EurekaHttpClientDecorator$3.execute(EurekaHttpClientDecorator.java:92) ~[eureka-client-2.0.6.jar:2.0.6]
	at com.netflix.discovery.shared.transport.decorator.RedirectingEurekaHttpClient.executeOnNewServer(RedirectingEurekaHttpClient.java:120) ~[eureka-client-2.0.6.jar:2.0.6]
	at com.netflix.discovery.shared.transport.decorator.RedirectingEurekaHttpClient.execute(RedirectingEurekaHttpClient.java:79) ~[eureka-client-2.0.6.jar:2.0.6]
	at com.netflix.discovery.shared.transport.decorator.EurekaHttpClientDecorator.sendHeartBeat(EurekaHttpClientDecorator.java:89) ~[eureka-client-2.0.6.jar:2.0.6]
	at com.netflix.discovery.shared.transport.decorator.EurekaHttpClientDecorator$3.execute(EurekaHttpClientDecorator.java:92) ~[eureka-client-2.0.6.jar:2.0.6]
	at com.netflix.discovery.shared.transport.decorator.RetryableEurekaHttpClient.execute(RetryableEurekaHttpClient.java:120) ~[eureka-client-2.0.6.jar:2.0.6]
	at com.netflix.discovery.shared.transport.decorator.EurekaHttpClientDecorator.sendHeartBeat(EurekaHttpClientDecorator.java:89) ~[eureka-client-2.0.6.jar:2.0.6]
	at com.netflix.discovery.shared.transport.decorator.EurekaHttpClientDecorator$3.execute(EurekaHttpClientDecorator.java:92) ~[eureka-client-2.0.6.jar:2.0.6]
	at com.netflix.discovery.shared.transport.decorator.SessionedEurekaHttpClient.execute(SessionedEurekaHttpClient.java:76) ~[eureka-client-2.0.6.jar:2.0.6]
	at com.netflix.discovery.shared.transport.decorator.EurekaHttpClientDecorator.sendHeartBeat(EurekaHttpClientDecorator.java:89) ~[eureka-client-2.0.6.jar:2.0.6]
	at com.netflix.discovery.DiscoveryClient.renew(DiscoveryClient.java:860) ~[eureka-client-2.0.6.jar:2.0.6]
	at com.netflix.discovery.DiscoveryClient$HeartbeatThread.run(DiscoveryClient.java:1418) ~[eureka-client-2.0.6.jar:2.0.6]
	at java.base/java.util.concurrent.Executors$RunnableAdapter.call(Executors.java:545) ~[na:na]
	at java.base/java.util.concurrent.FutureTask.run(FutureTask.java:328) ~[na:na]
	at java.base/java.util.concurrent.ThreadPoolExecutor.runWorker(ThreadPoolExecutor.java:1090) ~[na:na]
	at java.base/java.util.concurrent.ThreadPoolExecutor$Worker.run(ThreadPoolExecutor.java:614) ~[na:na]
	at java.base/java.lang.Thread.run(Thread.java:1474) ~[na:na]
Caused by: org.springframework.http.converter.HttpMessageNotReadableException: JSON parse error: Root name ('timestamp') does not match expected ('instance') for type `com.netflix.appinfo.InstanceInfo`
	at org.springframework.http.converter.json.AbstractJackson2HttpMessageConverter.readJavaType(AbstractJackson2HttpMessageConverter.java:408) ~[spring-web-7.0.8.jar:7.0.8]
	at org.springframework.http.converter.json.AbstractJackson2HttpMessageConverter.read(AbstractJackson2HttpMessageConverter.java:356) ~[spring-web-7.0.8.jar:7.0.8]
	at org.springframework.web.client.DefaultRestClient.readWithMessageConverters(DefaultRestClient.java:237) ~[spring-web-7.0.8.jar:7.0.8]
	... 26 common frames omitted
Caused by: com.fasterxml.jackson.databind.exc.MismatchedInputException: Root name ('timestamp') does not match expected ('instance') for type `com.netflix.appinfo.InstanceInfo`
 at [Source: REDACTED (`StreamReadFeature.INCLUDE_SOURCE_IN_LOCATION` disabled); line: 1, column: 2] (through reference chain: com.netflix.appinfo.InstanceInfo["timestamp"])
	at com.fasterxml.jackson.databind.exc.MismatchedInputException.from(MismatchedInputException.java:76) ~[jackson-databind-2.21.4.jar:2.21.4]
	at com.fasterxml.jackson.databind.DeserializationContext.reportPropertyInputMismatch(DeserializationContext.java:1849) ~[jackson-databind-2.21.4.jar:2.21.4]
	at com.fasterxml.jackson.databind.DeserializationContext.reportPropertyInputMismatch(DeserializationContext.java:1865) ~[jackson-databind-2.21.4.jar:2.21.4]
	at com.fasterxml.jackson.databind.deser.DefaultDeserializationContext._unwrapAndDeserialize(DefaultDeserializationContext.java:367) ~[jackson-databind-2.21.4.jar:2.21.4]
	at com.fasterxml.jackson.databind.deser.DefaultDeserializationContext.readRootValue(DefaultDeserializationContext.java:339) ~[jackson-databind-2.21.4.jar:2.21.4]
	at com.fasterxml.jackson.databind.ObjectReader._bindAndClose(ObjectReader.java:2148) ~[jackson-databind-2.21.4.jar:2.21.4]
	at com.fasterxml.jackson.databind.ObjectReader.readValue(ObjectReader.java:1504) ~[jackson-databind-2.21.4.jar:2.21.4]
	at org.springframework.http.converter.json.AbstractJackson2HttpMessageConverter.readJavaType(AbstractJackson2HttpMessageConverter.java:397) ~[spring-web-7.0.8.jar:7.0.8]
	... 28 common frames omitted

2026-07-24T13:50:33.387+05:30  WARN 17334 --- [ConfigServer] [DiscoveryClient-HeartbeatExecutor-%d] c.n.d.s.t.d.RetryableEurekaHttpClient    : Request execution failed with message: Error while extracting response for type [com.netflix.appinfo.InstanceInfo] and content type [application/json]
2026-07-24T13:50:33.387+05:30 ERROR 17334 --- [ConfigServer] [DiscoveryClient-HeartbeatExecutor-%d] com.netflix.discovery.DiscoveryClient    : DiscoveryClient_CONFIGSERVER/null - was unable to send heartbeat!

com.netflix.discovery.shared.transport.TransportException: Cannot execute request on any known server
	at com.netflix.discovery.shared.transport.decorator.RetryableEurekaHttpClient.execute(RetryableEurekaHttpClient.java:112) ~[eureka-client-2.0.6.jar:2.0.6]
	at com.netflix.discovery.shared.transport.decorator.EurekaHttpClientDecorator.sendHeartBeat(EurekaHttpClientDecorator.java:89) ~[eureka-client-2.0.6.jar:2.0.6]
	at com.netflix.discovery.shared.transport.decorator.EurekaHttpClientDecorator$3.execute(EurekaHttpClientDecorator.java:92) ~[eureka-client-2.0.6.jar:2.0.6]
	at com.netflix.discovery.shared.transport.decorator.SessionedEurekaHttpClient.execute(SessionedEurekaHttpClient.java:76) ~[eureka-client-2.0.6.jar:2.0.6]
	at com.netflix.discovery.shared.transport.decorator.EurekaHttpClientDecorator.sendHeartBeat(EurekaHttpClientDecorator.java:89) ~[eureka-client-2.0.6.jar:2.0.6]
	at com.netflix.discovery.DiscoveryClient.renew(DiscoveryClient.java:860) ~[eureka-client-2.0.6.jar:2.0.6]
	at com.netflix.discovery.DiscoveryClient$HeartbeatThread.run(DiscoveryClient.java:1418) ~[eureka-client-2.0.6.jar:2.0.6]
	at java.base/java.util.concurrent.Executors$RunnableAdapter.call(Executors.java:545) ~[na:na]
	at java.base/java.util.concurrent.FutureTask.run(FutureTask.java:328) ~[na:na]
	at java.base/java.util.concurrent.ThreadPoolExecutor.runWorker(ThreadPoolExecutor.java:1090) ~[na:na]
	at java.base/java.util.concurrent.ThreadPoolExecutor$Worker.run(ThreadPoolExecutor.java:614) ~[na:na]
	at java.base/java.lang.Thread.run(Thread.java:1474) ~[na:na]

2026-07-24T13:50:38.401+05:30  INFO 17334 --- [ConfigServer] [DiscoveryClient-HeartbeatExecutor-%d] c.n.d.s.t.d.RedirectingEurekaHttpClient  : Request execution error. endpoint=DefaultEndpoint{ serviceUrl='http://localhost:8761/eureka/}, exception=Error while extracting response for type [com.netflix.appinfo.InstanceInfo] and content type [application/json]

org.springframework.web.client.RestClientException: Error while extracting response for type [com.netflix.appinfo.InstanceInfo] and content type [application/json]
	at org.springframework.web.client.DefaultRestClient.readWithMessageConverters(DefaultRestClient.java:274) ~[spring-web-7.0.8.jar:7.0.8]
	at org.springframework.web.client.DefaultRestClient$DefaultResponseSpec.readBody(DefaultRestClient.java:931) ~[spring-web-7.0.8.jar:7.0.8]
	at org.springframework.web.client.DefaultRestClient$DefaultResponseSpec.lambda$toEntityInternal$0(DefaultRestClient.java:871) ~[spring-web-7.0.8.jar:7.0.8]
	at org.springframework.web.client.DefaultRestClient$DefaultRequestBodyUriSpec.exchangeInternal(DefaultRestClient.java:617) ~[spring-web-7.0.8.jar:7.0.8]
	at org.springframework.web.client.DefaultRestClient$DefaultRequestBodyUriSpec.exchange(DefaultRestClient.java:572) ~[spring-web-7.0.8.jar:7.0.8]
	at org.springframework.web.client.RestClient$RequestHeadersSpec.exchange(RestClient.java:747) ~[spring-web-7.0.8.jar:7.0.8]
	at org.springframework.web.client.DefaultRestClient$DefaultResponseSpec.executeAndExtract(DefaultRestClient.java:924) ~[spring-web-7.0.8.jar:7.0.8]
	at org.springframework.web.client.DefaultRestClient$DefaultResponseSpec.toEntityInternal(DefaultRestClient.java:870) ~[spring-web-7.0.8.jar:7.0.8]
	at org.springframework.web.client.DefaultRestClient$DefaultResponseSpec.toEntity(DefaultRestClient.java:859) ~[spring-web-7.0.8.jar:7.0.8]
	at org.springframework.cloud.netflix.eureka.http.RestClientEurekaHttpClient.sendHeartBeat(RestClientEurekaHttpClient.java:91) ~[spring-cloud-netflix-eureka-client-5.0.2.jar:5.0.2]
	at com.netflix.discovery.shared.transport.decorator.EurekaHttpClientDecorator$3.execute(EurekaHttpClientDecorator.java:92) ~[eureka-client-2.0.6.jar:2.0.6]
	at com.netflix.discovery.shared.transport.decorator.RedirectingEurekaHttpClient.executeOnNewServer(RedirectingEurekaHttpClient.java:120) ~[eureka-client-2.0.6.jar:2.0.6]
	at com.netflix.discovery.shared.transport.decorator.RedirectingEurekaHttpClient.execute(RedirectingEurekaHttpClient.java:79) ~[eureka-client-2.0.6.jar:2.0.6]
	at com.netflix.discovery.shared.transport.decorator.EurekaHttpClientDecorator.sendHeartBeat(EurekaHttpClientDecorator.java:89) ~[eureka-client-2.0.6.jar:2.0.6]
	at com.netflix.discovery.shared.transport.decorator.EurekaHttpClientDecorator$3.execute(EurekaHttpClientDecorator.java:92) ~[eureka-client-2.0.6.jar:2.0.6]
	at com.netflix.discovery.shared.transport.decorator.RetryableEurekaHttpClient.execute(RetryableEurekaHttpClient.java:120) ~[eureka-client-2.0.6.jar:2.0.6]
	at com.netflix.discovery.shared.transport.decorator.EurekaHttpClientDecorator.sendHeartBeat(EurekaHttpClientDecorator.java:89) ~[eureka-client-2.0.6.jar:2.0.6]
	at com.netflix.discovery.shared.transport.decorator.EurekaHttpClientDecorator$3.execute(EurekaHttpClientDecorator.java:92) ~[eureka-client-2.0.6.jar:2.0.6]
	at com.netflix.discovery.shared.transport.decorator.SessionedEurekaHttpClient.execute(SessionedEurekaHttpClient.java:76) ~[eureka-client-2.0.6.jar:2.0.6]
	at com.netflix.discovery.shared.transport.decorator.EurekaHttpClientDecorator.sendHeartBeat(EurekaHttpClientDecorator.java:89) ~[eureka-client-2.0.6.jar:2.0.6]
	at com.netflix.discovery.DiscoveryClient.renew(DiscoveryClient.java:860) ~[eureka-client-2.0.6.jar:2.0.6]
	at com.netflix.discovery.DiscoveryClient$HeartbeatThread.run(DiscoveryClient.java:1418) ~[eureka-client-2.0.6.jar:2.0.6]
	at java.base/java.util.concurrent.Executors$RunnableAdapter.call(Executors.java:545) ~[na:na]
	at java.base/java.util.concurrent.FutureTask.run(FutureTask.java:328) ~[na:na]
	at java.base/java.util.concurrent.ThreadPoolExecutor.runWorker(ThreadPoolExecutor.java:1090) ~[na:na]
	at java.base/java.util.concurrent.ThreadPoolExecutor$Worker.run(ThreadPoolExecutor.java:614) ~[na:na]
	at java.base/java.lang.Thread.run(Thread.java:1474) ~[na:na]
Caused by: org.springframework.http.converter.HttpMessageNotReadableException: JSON parse error: Root name ('timestamp') does not match expected ('instance') for type `com.netflix.appinfo.InstanceInfo`
	at org.springframework.http.converter.json.AbstractJackson2HttpMessageConverter.readJavaType(AbstractJackson2HttpMessageConverter.java:408) ~[spring-web-7.0.8.jar:7.0.8]
	at org.springframework.http.converter.json.AbstractJackson2HttpMessageConverter.read(AbstractJackson2HttpMessageConverter.java:356) ~[spring-web-7.0.8.jar:7.0.8]
	at org.springframework.web.client.DefaultRestClient.readWithMessageConverters(DefaultRestClient.java:237) ~[spring-web-7.0.8.jar:7.0.8]
	... 26 common frames omitted
Caused by: com.fasterxml.jackson.databind.exc.MismatchedInputException: Root name ('timestamp') does not match expected ('instance') for type `com.netflix.appinfo.InstanceInfo`
 at [Source: REDACTED (`StreamReadFeature.INCLUDE_SOURCE_IN_LOCATION` disabled); line: 1, column: 2] (through reference chain: com.netflix.appinfo.InstanceInfo["timestamp"])
	at com.fasterxml.jackson.databind.exc.MismatchedInputException.from(MismatchedInputException.java:76) ~[jackson-databind-2.21.4.jar:2.21.4]
	at com.fasterxml.jackson.databind.DeserializationContext.reportPropertyInputMismatch(DeserializationContext.java:1849) ~[jackson-databind-2.21.4.jar:2.21.4]
	at com.fasterxml.jackson.databind.DeserializationContext.reportPropertyInputMismatch(DeserializationContext.java:1865) ~[jackson-databind-2.21.4.jar:2.21.4]
	at com.fasterxml.jackson.databind.deser.DefaultDeserializationContext._unwrapAndDeserialize(DefaultDeserializationContext.java:367) ~[jackson-databind-2.21.4.jar:2.21.4]
	at com.fasterxml.jackson.databind.deser.DefaultDeserializationContext.readRootValue(DefaultDeserializationContext.java:339) ~[jackson-databind-2.21.4.jar:2.21.4]
	at com.fasterxml.jackson.databind.ObjectReader._bindAndClose(ObjectReader.java:2148) ~[jackson-databind-2.21.4.jar:2.21.4]
	at com.fasterxml.jackson.databind.ObjectReader.readValue(ObjectReader.java:1504) ~[jackson-databind-2.21.4.jar:2.21.4]
	at org.springframework.http.converter.json.AbstractJackson2HttpMessageConverter.readJavaType(AbstractJackson2HttpMessageConverter.java:397) ~[spring-web-7.0.8.jar:7.0.8]
	... 28 common frames omitted

2026-07-24T13:50:38.402+05:30  WARN 17334 --- [ConfigServer] [DiscoveryClient-HeartbeatExecutor-%d] c.n.d.s.t.d.RetryableEurekaHttpClient    : Request execution failed with message: Error while extracting response for type [com.netflix.appinfo.InstanceInfo] and content type [application/json]
2026-07-24T13:50:38.403+05:30 ERROR 17334 --- [ConfigServer] [DiscoveryClient-HeartbeatExecutor-%d] com.netflix.discovery.DiscoveryClient    : DiscoveryClient_CONFIGSERVER/null - was unable to send heartbeat!

com.netflix.discovery.shared.transport.TransportException: Cannot execute request on any known server
	at com.netflix.discovery.shared.transport.decorator.RetryableEurekaHttpClient.execute(RetryableEurekaHttpClient.java:112) ~[eureka-client-2.0.6.jar:2.0.6]
	at com.netflix.discovery.shared.transport.decorator.EurekaHttpClientDecorator.sendHeartBeat(EurekaHttpClientDecorator.java:89) ~[eureka-client-2.0.6.jar:2.0.6]
	at com.netflix.discovery.shared.transport.decorator.EurekaHttpClientDecorator$3.execute(EurekaHttpClientDecorator.java:92) ~[eureka-client-2.0.6.jar:2.0.6]
	at com.netflix.discovery.shared.transport.decorator.SessionedEurekaHttpClient.execute(SessionedEurekaHttpClient.java:76) ~[eureka-client-2.0.6.jar:2.0.6]
	at com.netflix.discovery.shared.transport.decorator.EurekaHttpClientDecorator.sendHeartBeat(EurekaHttpClientDecorator.java:89) ~[eureka-client-2.0.6.jar:2.0.6]
	at com.netflix.discovery.DiscoveryClient.renew(DiscoveryClient.java:860) ~[eureka-client-2.0.6.jar:2.0.6]
	at com.netflix.discovery.DiscoveryClient$HeartbeatThread.run(DiscoveryClient.java:1418) ~[eureka-client-2.0.6.jar:2.0.6]
	at java.base/java.util.concurrent.Executors$RunnableAdapter.call(Executors.java:545) ~[na:na]
	at java.base/java.util.concurrent.FutureTask.run(FutureTask.java:328) ~[na:na]
	at java.base/java.util.concurrent.ThreadPoolExecutor.runWorker(ThreadPoolExecutor.java:1090) ~[na:na]
	at java.base/java.util.concurrent.ThreadPoolExecutor$Worker.run(ThreadPoolExecutor.java:614) ~[na:na]
	at java.base/java.lang.Thread.run(Thread.java:1474) ~[na:na]

2026-07-24T13:50:42.932+05:30  INFO 17334 --- [ConfigServer] [DiscoveryClient-CacheRefreshExecutor-%d] com.netflix.discovery.DiscoveryClient    : Disable delta property : false
2026-07-24T13:50:42.933+05:30  INFO 17334 --- [ConfigServer] [DiscoveryClient-CacheRefreshExecutor-%d] com.netflix.discovery.DiscoveryClient    : Single vip registry refresh property : null
2026-07-24T13:50:42.933+05:30  INFO 17334 --- [ConfigServer] [DiscoveryClient-CacheRefreshExecutor-%d] com.netflix.discovery.DiscoveryClient    : Force full registry fetch : false
2026-07-24T13:50:42.933+05:30  INFO 17334 --- [ConfigServer] [DiscoveryClient-CacheRefreshExecutor-%d] com.netflix.discovery.DiscoveryClient    : Application is null : false
2026-07-24T13:50:42.933+05:30  INFO 17334 --- [ConfigServer] [DiscoveryClient-CacheRefreshExecutor-%d] com.netflix.discovery.DiscoveryClient    : Registered Applications size is zero : true
2026-07-24T13:50:42.933+05:30  INFO 17334 --- [ConfigServer] [DiscoveryClient-CacheRefreshExecutor-%d] com.netflix.discovery.DiscoveryClient    : Application version is -1: false
2026-07-24T13:50:42.933+05:30  INFO 17334 --- [ConfigServer] [DiscoveryClient-CacheRefreshExecutor-%d] com.netflix.discovery.DiscoveryClient    : Getting all instance registry info from the eureka server
2026-07-24T13:50:42.940+05:30  INFO 17334 --- [ConfigServer] [DiscoveryClient-CacheRefreshExecutor-%d] com.netflix.discovery.DiscoveryClient    : The response status is 200
2026-07-24T13:50:43.005+05:30  INFO 17334 --- [ConfigServer] [DiscoveryClient-InstanceInfoReplicator-%d] com.netflix.discovery.DiscoveryClient    : DiscoveryClient_CONFIGSERVER/null: registering service...
2026-07-24T13:50:43.016+05:30  WARN 17334 --- [ConfigServer] [DiscoveryClient-InstanceInfoReplicator-%d] c.n.d.s.t.d.RetryableEurekaHttpClient    : Request execution failure with status code 400; retrying on another server if available
2026-07-24T13:50:43.016+05:30  WARN 17334 --- [ConfigServer] [DiscoveryClient-InstanceInfoReplicator-%d] com.netflix.discovery.DiscoveryClient    : DiscoveryClient_CONFIGSERVER/null - registration failed Cannot execute request on any known server

com.netflix.discovery.shared.transport.TransportException: Cannot execute request on any known server
	at com.netflix.discovery.shared.transport.decorator.RetryableEurekaHttpClient.execute(RetryableEurekaHttpClient.java:112) ~[eureka-client-2.0.6.jar:2.0.6]
	at com.netflix.discovery.shared.transport.decorator.EurekaHttpClientDecorator.register(EurekaHttpClientDecorator.java:56) ~[eureka-client-2.0.6.jar:2.0.6]
	at com.netflix.discovery.shared.transport.decorator.EurekaHttpClientDecorator$1.execute(EurekaHttpClientDecorator.java:59) ~[eureka-client-2.0.6.jar:2.0.6]
	at com.netflix.discovery.shared.transport.decorator.SessionedEurekaHttpClient.execute(SessionedEurekaHttpClient.java:76) ~[eureka-client-2.0.6.jar:2.0.6]
	at com.netflix.discovery.shared.transport.decorator.EurekaHttpClientDecorator.register(EurekaHttpClientDecorator.java:56) ~[eureka-client-2.0.6.jar:2.0.6]
	at com.netflix.discovery.DiscoveryClient.register(DiscoveryClient.java:843) ~[eureka-client-2.0.6.jar:2.0.6]
	at com.netflix.discovery.InstanceInfoReplicator.run(InstanceInfoReplicator.java:125) ~[eureka-client-2.0.6.jar:2.0.6]
	at java.base/java.util.concurrent.Executors$RunnableAdapter.call(Executors.java:545) ~[na:na]
	at java.base/java.util.concurrent.FutureTask.run(FutureTask.java:328) ~[na:na]
	at java.base/java.util.concurrent.ScheduledThreadPoolExecutor$ScheduledFutureTask.run(ScheduledThreadPoolExecutor.java:309) ~[na:na]
	at java.base/java.util.concurrent.ThreadPoolExecutor.runWorker(ThreadPoolExecutor.java:1090) ~[na:na]
	at java.base/java.util.concurrent.ThreadPoolExecutor$Worker.run(ThreadPoolExecutor.java:614) ~[na:na]
	at java.base/java.lang.Thread.run(Thread.java:1474) ~[na:na]

2026-07-24T13:50:43.017+05:30  WARN 17334 --- [ConfigServer] [DiscoveryClient-InstanceInfoReplicator-%d] c.n.discovery.InstanceInfoReplicator     : There was a problem with the instance info replicator

com.netflix.discovery.shared.transport.TransportException: Cannot execute request on any known server
	at com.netflix.discovery.shared.transport.decorator.RetryableEurekaHttpClient.execute(RetryableEurekaHttpClient.java:112) ~[eureka-client-2.0.6.jar:2.0.6]
	at com.netflix.discovery.shared.transport.decorator.EurekaHttpClientDecorator.register(EurekaHttpClientDecorator.java:56) ~[eureka-client-2.0.6.jar:2.0.6]
	at com.netflix.discovery.shared.transport.decorator.EurekaHttpClientDecorator$1.execute(EurekaHttpClientDecorator.java:59) ~[eureka-client-2.0.6.jar:2.0.6]
	at com.netflix.discovery.shared.transport.decorator.SessionedEurekaHttpClient.execute(SessionedEurekaHttpClient.java:76) ~[eureka-client-2.0.6.jar:2.0.6]
	at com.netflix.discovery.shared.transport.decorator.EurekaHttpClientDecorator.register(EurekaHttpClientDecorator.java:56) ~[eureka-client-2.0.6.jar:2.0.6]
	at com.netflix.discovery.DiscoveryClient.register(DiscoveryClient.java:843) ~[eureka-client-2.0.6.jar:2.0.6]
	at com.netflix.discovery.InstanceInfoReplicator.run(InstanceInfoReplicator.java:125) ~[eureka-client-2.0.6.jar:2.0.6]
	at java.base/java.util.concurrent.Executors$RunnableAdapter.call(Executors.java:545) ~[na:na]
	at java.base/java.util.concurrent.FutureTask.run(FutureTask.java:328) ~[na:na]
	at java.base/java.util.concurrent.ScheduledThreadPoolExecutor$ScheduledFutureTask.run(ScheduledThreadPoolExecutor.java:309) ~[na:na]
	at java.base/java.util.concurrent.ThreadPoolExecutor.runWorker(ThreadPoolExecutor.java:1090) ~[na:na]
	at java.base/java.util.concurrent.ThreadPoolExecutor$Worker.run(ThreadPoolExecutor.java:614) ~[na:na]
	at java.base/java.lang.Thread.run(Thread.java:1474) ~[na:na]

2026-07-24T13:50:43.418+05:30  INFO 17334 --- [ConfigServer] [DiscoveryClient-HeartbeatExecutor-%d] c.n.d.s.t.d.RedirectingEurekaHttpClient  : Request execution error. endpoint=DefaultEndpoint{ serviceUrl='http://localhost:8761/eureka/}, exception=Error while extracting response for type [com.netflix.appinfo.InstanceInfo] and content type [application/json]

org.springframework.web.client.RestClientException: Error while extracting response for type [com.netflix.appinfo.InstanceInfo] and content type [application/json]
	at org.springframework.web.client.DefaultRestClient.readWithMessageConverters(DefaultRestClient.java:274) ~[spring-web-7.0.8.jar:7.0.8]
	at org.springframework.web.client.DefaultRestClient$DefaultResponseSpec.readBody(DefaultRestClient.java:931) ~[spring-web-7.0.8.jar:7.0.8]
	at org.springframework.web.client.DefaultRestClient$DefaultResponseSpec.lambda$toEntityInternal$0(DefaultRestClient.java:871) ~[spring-web-7.0.8.jar:7.0.8]
	at org.springframework.web.client.DefaultRestClient$DefaultRequestBodyUriSpec.exchangeInternal(DefaultRestClient.java:617) ~[spring-web-7.0.8.jar:7.0.8]
	at org.springframework.web.client.DefaultRestClient$DefaultRequestBodyUriSpec.exchange(DefaultRestClient.java:572) ~[spring-web-7.0.8.jar:7.0.8]
	at org.springframework.web.client.RestClient$RequestHeadersSpec.exchange(RestClient.java:747) ~[spring-web-7.0.8.jar:7.0.8]
	at org.springframework.web.client.DefaultRestClient$DefaultResponseSpec.executeAndExtract(DefaultRestClient.java:924) ~[spring-web-7.0.8.jar:7.0.8]
	at org.springframework.web.client.DefaultRestClient$DefaultResponseSpec.toEntityInternal(DefaultRestClient.java:870) ~[spring-web-7.0.8.jar:7.0.8]
	at org.springframework.web.client.DefaultRestClient$DefaultResponseSpec.toEntity(DefaultRestClient.java:859) ~[spring-web-7.0.8.jar:7.0.8]
	at org.springframework.cloud.netflix.eureka.http.RestClientEurekaHttpClient.sendHeartBeat(RestClientEurekaHttpClient.java:91) ~[spring-cloud-netflix-eureka-client-5.0.2.jar:5.0.2]
	at com.netflix.discovery.shared.transport.decorator.EurekaHttpClientDecorator$3.execute(EurekaHttpClientDecorator.java:92) ~[eureka-client-2.0.6.jar:2.0.6]
	at com.netflix.discovery.shared.transport.decorator.RedirectingEurekaHttpClient.executeOnNewServer(RedirectingEurekaHttpClient.java:120) ~[eureka-client-2.0.6.jar:2.0.6]
	at com.netflix.discovery.shared.transport.decorator.RedirectingEurekaHttpClient.execute(RedirectingEurekaHttpClient.java:79) ~[eureka-client-2.0.6.jar:2.0.6]
	at com.netflix.discovery.shared.transport.decorator.EurekaHttpClientDecorator.sendHeartBeat(EurekaHttpClientDecorator.java:89) ~[eureka-client-2.0.6.jar:2.0.6]
	at com.netflix.discovery.shared.transport.decorator.EurekaHttpClientDecorator$3.execute(EurekaHttpClientDecorator.java:92) ~[eureka-client-2.0.6.jar:2.0.6]
	at com.netflix.discovery.shared.transport.decorator.RetryableEurekaHttpClient.execute(RetryableEurekaHttpClient.java:120) ~[eureka-client-2.0.6.jar:2.0.6]
	at com.netflix.discovery.shared.transport.decorator.EurekaHttpClientDecorator.sendHeartBeat(EurekaHttpClientDecorator.java:89) ~[eureka-client-2.0.6.jar:2.0.6]
	at com.netflix.discovery.shared.transport.decorator.EurekaHttpClientDecorator$3.execute(EurekaHttpClientDecorator.java:92) ~[eureka-client-2.0.6.jar:2.0.6]
	at com.netflix.discovery.shared.transport.decorator.SessionedEurekaHttpClient.execute(SessionedEurekaHttpClient.java:76) ~[eureka-client-2.0.6.jar:2.0.6]
	at com.netflix.discovery.shared.transport.decorator.EurekaHttpClientDecorator.sendHeartBeat(EurekaHttpClientDecorator.java:89) ~[eureka-client-2.0.6.jar:2.0.6]
	at com.netflix.discovery.DiscoveryClient.renew(DiscoveryClient.java:860) ~[eureka-client-2.0.6.jar:2.0.6]
	at com.netflix.discovery.DiscoveryClient$HeartbeatThread.run(DiscoveryClient.java:1418) ~[eureka-client-2.0.6.jar:2.0.6]
	at java.base/java.util.concurrent.Executors$RunnableAdapter.call(Executors.java:545) ~[na:na]
	at java.base/java.util.concurrent.FutureTask.run(FutureTask.java:328) ~[na:na]
	at java.base/java.util.concurrent.ThreadPoolExecutor.runWorker(ThreadPoolExecutor.java:1090) ~[na:na]
	at java.base/java.util.concurrent.ThreadPoolExecutor$Worker.run(ThreadPoolExecutor.java:614) ~[na:na]
	at java.base/java.lang.Thread.run(Thread.java:1474) ~[na:na]
Caused by: org.springframework.http.converter.HttpMessageNotReadableException: JSON parse error: Root name ('timestamp') does not match expected ('instance') for type `com.netflix.appinfo.InstanceInfo`
	at org.springframework.http.converter.json.AbstractJackson2HttpMessageConverter.readJavaType(AbstractJackson2HttpMessageConverter.java:408) ~[spring-web-7.0.8.jar:7.0.8]
	at org.springframework.http.converter.json.AbstractJackson2HttpMessageConverter.read(AbstractJackson2HttpMessageConverter.java:356) ~[spring-web-7.0.8.jar:7.0.8]
	at org.springframework.web.client.DefaultRestClient.readWithMessageConverters(DefaultRestClient.java:237) ~[spring-web-7.0.8.jar:7.0.8]
	... 26 common frames omitted
Caused by: com.fasterxml.jackson.databind.exc.MismatchedInputException: Root name ('timestamp') does not match expected ('instance') for type `com.netflix.appinfo.InstanceInfo`
 at [Source: REDACTED (`StreamReadFeature.INCLUDE_SOURCE_IN_LOCATION` disabled); line: 1, column: 2] (through reference chain: com.netflix.appinfo.InstanceInfo["timestamp"])
	at com.fasterxml.jackson.databind.exc.MismatchedInputException.from(MismatchedInputException.java:76) ~[jackson-databind-2.21.4.jar:2.21.4]
	at com.fasterxml.jackson.databind.DeserializationContext.reportPropertyInputMismatch(DeserializationContext.java:1849) ~[jackson-databind-2.21.4.jar:2.21.4]
	at com.fasterxml.jackson.databind.DeserializationContext.reportPropertyInputMismatch(DeserializationContext.java:1865) ~[jackson-databind-2.21.4.jar:2.21.4]
	at com.fasterxml.jackson.databind.deser.DefaultDeserializationContext._unwrapAndDeserialize(DefaultDeserializationContext.java:367) ~[jackson-databind-2.21.4.jar:2.21.4]
	at com.fasterxml.jackson.databind.deser.DefaultDeserializationContext.readRootValue(DefaultDeserializationContext.java:339) ~[jackson-databind-2.21.4.jar:2.21.4]
	at com.fasterxml.jackson.databind.ObjectReader._bindAndClose(ObjectReader.java:2148) ~[jackson-databind-2.21.4.jar:2.21.4]
	at com.fasterxml.jackson.databind.ObjectReader.readValue(ObjectReader.java:1504) ~[jackson-databind-2.21.4.jar:2.21.4]
	at org.springframework.http.converter.json.AbstractJackson2HttpMessageConverter.readJavaType(AbstractJackson2HttpMessageConverter.java:397) ~[spring-web-7.0.8.jar:7.0.8]
	... 28 common frames omitted

2026-07-24T13:50:43.419+05:30  WARN 17334 --- [ConfigServer] [DiscoveryClient-HeartbeatExecutor-%d] c.n.d.s.t.d.RetryableEurekaHttpClient    : Request execution failed with message: Error while extracting response for type [com.netflix.appinfo.InstanceInfo] and content type [application/json]
2026-07-24T13:50:43.419+05:30 ERROR 17334 --- [ConfigServer] [DiscoveryClient-HeartbeatExecutor-%d] com.netflix.discovery.DiscoveryClient    : DiscoveryClient_CONFIGSERVER/null - was unable to send heartbeat!

com.netflix.discovery.shared.transport.TransportException: Cannot execute request on any known server
	at com.netflix.discovery.shared.transport.decorator.RetryableEurekaHttpClient.execute(RetryableEurekaHttpClient.java:112) ~[eureka-client-2.0.6.jar:2.0.6]
	at com.netflix.discovery.shared.transport.decorator.EurekaHttpClientDecorator.sendHeartBeat(EurekaHttpClientDecorator.java:89) ~[eureka-client-2.0.6.jar:2.0.6]
	at com.netflix.discovery.shared.transport.decorator.EurekaHttpClientDecorator$3.execute(EurekaHttpClientDecorator.java:92) ~[eureka-client-2.0.6.jar:2.0.6]
	at com.netflix.discovery.shared.transport.decorator.SessionedEurekaHttpClient.execute(SessionedEurekaHttpClient.java:76) ~[eureka-client-2.0.6.jar:2.0.6]
	at com.netflix.discovery.shared.transport.decorator.EurekaHttpClientDecorator.sendHeartBeat(EurekaHttpClientDecorator.java:89) ~[eureka-client-2.0.6.jar:2.0.6]
	at com.netflix.discovery.DiscoveryClient.renew(DiscoveryClient.java:860) ~[eureka-client-2.0.6.jar:2.0.6]
	at com.netflix.discovery.DiscoveryClient$HeartbeatThread.run(DiscoveryClient.java:1418) ~[eureka-client-2.0.6.jar:2.0.6]
	at java.base/java.util.concurrent.Executors$RunnableAdapter.call(Executors.java:545) ~[na:na]
	at java.base/java.util.concurrent.FutureTask.run(FutureTask.java:328) ~[na:na]
	at java.base/java.util.concurrent.ThreadPoolExecutor.runWorker(ThreadPoolExecutor.java:1090) ~[na:na]
	at java.base/java.util.concurrent.ThreadPoolExecutor$Worker.run(ThreadPoolExecutor.java:614) ~[na:na]
	at java.base/java.lang.Thread.run(Thread.java:1474) ~[na:na]

2026-07-24T13:50:48.431+05:30  INFO 17334 --- [ConfigServer] [DiscoveryClient-HeartbeatExecutor-%d] c.n.d.s.t.d.RedirectingEurekaHttpClient  : Request execution error. endpoint=DefaultEndpoint{ serviceUrl='http://localhost:8761/eureka/}, exception=Error while extracting response for type [com.netflix.appinfo.InstanceInfo] and content type [application/json]

org.springframework.web.client.RestClientException: Error while extracting response for type [com.netflix.appinfo.InstanceInfo] and content type [application/json]
	at org.springframework.web.client.DefaultRestClient.readWithMessageConverters(DefaultRestClient.java:274) ~[spring-web-7.0.8.jar:7.0.8]
	at org.springframework.web.client.DefaultRestClient$DefaultResponseSpec.readBody(DefaultRestClient.java:931) ~[spring-web-7.0.8.jar:7.0.8]
	at org.springframework.web.client.DefaultRestClient$DefaultResponseSpec.lambda$toEntityInternal$0(DefaultRestClient.java:871) ~[spring-web-7.0.8.jar:7.0.8]
	at org.springframework.web.client.DefaultRestClient$DefaultRequestBodyUriSpec.exchangeInternal(DefaultRestClient.java:617) ~[spring-web-7.0.8.jar:7.0.8]
	at org.springframework.web.client.DefaultRestClient$DefaultRequestBodyUriSpec.exchange(DefaultRestClient.java:572) ~[spring-web-7.0.8.jar:7.0.8]
	at org.springframework.web.client.RestClient$RequestHeadersSpec.exchange(RestClient.java:747) ~[spring-web-7.0.8.jar:7.0.8]
	at org.springframework.web.client.DefaultRestClient$DefaultResponseSpec.executeAndExtract(DefaultRestClient.java:924) ~[spring-web-7.0.8.jar:7.0.8]
	at org.springframework.web.client.DefaultRestClient$DefaultResponseSpec.toEntityInternal(DefaultRestClient.java:870) ~[spring-web-7.0.8.jar:7.0.8]
	at org.springframework.web.client.DefaultRestClient$DefaultResponseSpec.toEntity(DefaultRestClient.java:859) ~[spring-web-7.0.8.jar:7.0.8]
	at org.springframework.cloud.netflix.eureka.http.RestClientEurekaHttpClient.sendHeartBeat(RestClientEurekaHttpClient.java:91) ~[spring-cloud-netflix-eureka-client-5.0.2.jar:5.0.2]
	at com.netflix.discovery.shared.transport.decorator.EurekaHttpClientDecorator$3.execute(EurekaHttpClientDecorator.java:92) ~[eureka-client-2.0.6.jar:2.0.6]
	at com.netflix.discovery.shared.transport.decorator.RedirectingEurekaHttpClient.executeOnNewServer(RedirectingEurekaHttpClient.java:120) ~[eureka-client-2.0.6.jar:2.0.6]
	at com.netflix.discovery.shared.transport.decorator.RedirectingEurekaHttpClient.execute(RedirectingEurekaHttpClient.java:79) ~[eureka-client-2.0.6.jar:2.0.6]
	at com.netflix.discovery.shared.transport.decorator.EurekaHttpClientDecorator.sendHeartBeat(EurekaHttpClientDecorator.java:89) ~[eureka-client-2.0.6.jar:2.0.6]
	at com.netflix.discovery.shared.transport.decorator.EurekaHttpClientDecorator$3.execute(EurekaHttpClientDecorator.java:92) ~[eureka-client-2.0.6.jar:2.0.6]
	at com.netflix.discovery.shared.transport.decorator.RetryableEurekaHttpClient.execute(RetryableEurekaHttpClient.java:120) ~[eureka-client-2.0.6.jar:2.0.6]
	at com.netflix.discovery.shared.transport.decorator.EurekaHttpClientDecorator.sendHeartBeat(EurekaHttpClientDecorator.java:89) ~[eureka-client-2.0.6.jar:2.0.6]
	at com.netflix.discovery.shared.transport.decorator.EurekaHttpClientDecorator$3.execute(EurekaHttpClientDecorator.java:92) ~[eureka-client-2.0.6.jar:2.0.6]
	at com.netflix.discovery.shared.transport.decorator.SessionedEurekaHttpClient.execute(SessionedEurekaHttpClient.java:76) ~[eureka-client-2.0.6.jar:2.0.6]
	at com.netflix.discovery.shared.transport.decorator.EurekaHttpClientDecorator.sendHeartBeat(EurekaHttpClientDecorator.java:89) ~[eureka-client-2.0.6.jar:2.0.6]
	at com.netflix.discovery.DiscoveryClient.renew(DiscoveryClient.java:860) ~[eureka-client-2.0.6.jar:2.0.6]
	at com.netflix.discovery.DiscoveryClient$HeartbeatThread.run(DiscoveryClient.java:1418) ~[eureka-client-2.0.6.jar:2.0.6]
	at java.base/java.util.concurrent.Executors$RunnableAdapter.call(Executors.java:545) ~[na:na]
	at java.base/java.util.concurrent.FutureTask.run(FutureTask.java:328) ~[na:na]
	at java.base/java.util.concurrent.ThreadPoolExecutor.runWorker(ThreadPoolExecutor.java:1090) ~[na:na]
	at java.base/java.util.concurrent.ThreadPoolExecutor$Worker.run(ThreadPoolExecutor.java:614) ~[na:na]
	at java.base/java.lang.Thread.run(Thread.java:1474) ~[na:na]
Caused by: org.springframework.http.converter.HttpMessageNotReadableException: JSON parse error: Root name ('timestamp') does not match expected ('instance') for type `com.netflix.appinfo.InstanceInfo`
	at org.springframework.http.converter.json.AbstractJackson2HttpMessageConverter.readJavaType(AbstractJackson2HttpMessageConverter.java:408) ~[spring-web-7.0.8.jar:7.0.8]
	at org.springframework.http.converter.json.AbstractJackson2HttpMessageConverter.read(AbstractJackson2HttpMessageConverter.java:356) ~[spring-web-7.0.8.jar:7.0.8]
	at org.springframework.web.client.DefaultRestClient.readWithMessageConverters(DefaultRestClient.java:237) ~[spring-web-7.0.8.jar:7.0.8]
	... 26 common frames omitted
Caused by: com.fasterxml.jackson.databind.exc.MismatchedInputException: Root name ('timestamp') does not match expected ('instance') for type `com.netflix.appinfo.InstanceInfo`
 at [Source: REDACTED (`StreamReadFeature.INCLUDE_SOURCE_IN_LOCATION` disabled); line: 1, column: 2] (through reference chain: com.netflix.appinfo.InstanceInfo["timestamp"])
	at com.fasterxml.jackson.databind.exc.MismatchedInputException.from(MismatchedInputException.java:76) ~[jackson-databind-2.21.4.jar:2.21.4]
	at com.fasterxml.jackson.databind.DeserializationContext.reportPropertyInputMismatch(DeserializationContext.java:1849) ~[jackson-databind-2.21.4.jar:2.21.4]
	at com.fasterxml.jackson.databind.DeserializationContext.reportPropertyInputMismatch(DeserializationContext.java:1865) ~[jackson-databind-2.21.4.jar:2.21.4]
	at com.fasterxml.jackson.databind.deser.DefaultDeserializationContext._unwrapAndDeserialize(DefaultDeserializationContext.java:367) ~[jackson-databind-2.21.4.jar:2.21.4]
	at com.fasterxml.jackson.databind.deser.DefaultDeserializationContext.readRootValue(DefaultDeserializationContext.java:339) ~[jackson-databind-2.21.4.jar:2.21.4]
	at com.fasterxml.jackson.databind.ObjectReader._bindAndClose(ObjectReader.java:2148) ~[jackson-databind-2.21.4.jar:2.21.4]
	at com.fasterxml.jackson.databind.ObjectReader.readValue(ObjectReader.java:1504) ~[jackson-databind-2.21.4.jar:2.21.4]
	at org.springframework.http.converter.json.AbstractJackson2HttpMessageConverter.readJavaType(AbstractJackson2HttpMessageConverter.java:397) ~[spring-web-7.0.8.jar:7.0.8]
	... 28 common frames omitted

2026-07-24T13:50:48.432+05:30  WARN 17334 --- [ConfigServer] [DiscoveryClient-HeartbeatExecutor-%d] c.n.d.s.t.d.RetryableEurekaHttpClient    : Request execution failed with message: Error while extracting response for type [com.netflix.appinfo.InstanceInfo] and content type [application/json]
2026-07-24T13:50:48.432+05:30 ERROR 17334 --- [ConfigServer] [DiscoveryClient-HeartbeatExecutor-%d] com.netflix.discovery.DiscoveryClient    : DiscoveryClient_CONFIGSERVER/null - was unable to send heartbeat!

com.netflix.discovery.shared.transport.TransportException: Cannot execute request on any known server
	at com.netflix.discovery.shared.transport.decorator.RetryableEurekaHttpClient.execute(RetryableEurekaHttpClient.java:112) ~[eureka-client-2.0.6.jar:2.0.6]
	at com.netflix.discovery.shared.transport.decorator.EurekaHttpClientDecorator.sendHeartBeat(EurekaHttpClientDecorator.java:89) ~[eureka-client-2.0.6.jar:2.0.6]
	at com.netflix.discovery.shared.transport.decorator.EurekaHttpClientDecorator$3.execute(EurekaHttpClientDecorator.java:92) ~[eureka-client-2.0.6.jar:2.0.6]
	at com.netflix.discovery.shared.transport.decorator.SessionedEurekaHttpClient.execute(SessionedEurekaHttpClient.java:76) ~[eureka-client-2.0.6.jar:2.0.6]
	at com.netflix.discovery.shared.transport.decorator.EurekaHttpClientDecorator.sendHeartBeat(EurekaHttpClientDecorator.java:89) ~[eureka-client-2.0.6.jar:2.0.6]
	at com.netflix.discovery.DiscoveryClient.renew(DiscoveryClient.java:860) ~[eureka-client-2.0.6.jar:2.0.6]
	at com.netflix.discovery.DiscoveryClient$HeartbeatThread.run(DiscoveryClient.java:1418) ~[eureka-client-2.0.6.jar:2.0.6]
	at java.base/java.util.concurrent.Executors$RunnableAdapter.call(Executors.java:545) ~[na:na]
	at java.base/java.util.concurrent.FutureTask.run(FutureTask.java:328) ~[na:na]
	at java.base/java.util.concurrent.ThreadPoolExecutor.runWorker(ThreadPoolExecutor.java:1090) ~[na:na]
	at java.base/java.util.concurrent.ThreadPoolExecutor$Worker.run(ThreadPoolExecutor.java:614) ~[na:na]
	at java.base/java.lang.Thread.run(Thread.java:1474) ~[na:na]

2026-07-24T13:50:53.449+05:30  INFO 17334 --- [ConfigServer] [DiscoveryClient-HeartbeatExecutor-%d] c.n.d.s.t.d.RedirectingEurekaHttpClient  : Request execution error. endpoint=DefaultEndpoint{ serviceUrl='http://localhost:8761/eureka/}, exception=Error while extracting response for type [com.netflix.appinfo.InstanceInfo] and content type [application/json]

org.springframework.web.client.RestClientException: Error while extracting response for type [com.netflix.appinfo.InstanceInfo] and content type [application/json]
	at org.springframework.web.client.DefaultRestClient.readWithMessageConverters(DefaultRestClient.java:274) ~[spring-web-7.0.8.jar:7.0.8]
	at org.springframework.web.client.DefaultRestClient$DefaultResponseSpec.readBody(DefaultRestClient.java:931) ~[spring-web-7.0.8.jar:7.0.8]
	at org.springframework.web.client.DefaultRestClient$DefaultResponseSpec.lambda$toEntityInternal$0(DefaultRestClient.java:871) ~[spring-web-7.0.8.jar:7.0.8]
	at org.springframework.web.client.DefaultRestClient$DefaultRequestBodyUriSpec.exchangeInternal(DefaultRestClient.java:617) ~[spring-web-7.0.8.jar:7.0.8]
	at org.springframework.web.client.DefaultRestClient$DefaultRequestBodyUriSpec.exchange(DefaultRestClient.java:572) ~[spring-web-7.0.8.jar:7.0.8]
	at org.springframework.web.client.RestClient$RequestHeadersSpec.exchange(RestClient.java:747) ~[spring-web-7.0.8.jar:7.0.8]
	at org.springframework.web.client.DefaultRestClient$DefaultResponseSpec.executeAndExtract(DefaultRestClient.java:924) ~[spring-web-7.0.8.jar:7.0.8]
	at org.springframework.web.client.DefaultRestClient$DefaultResponseSpec.toEntityInternal(DefaultRestClient.java:870) ~[spring-web-7.0.8.jar:7.0.8]
	at org.springframework.web.client.DefaultRestClient$DefaultResponseSpec.toEntity(DefaultRestClient.java:859) ~[spring-web-7.0.8.jar:7.0.8]
	at org.springframework.cloud.netflix.eureka.http.RestClientEurekaHttpClient.sendHeartBeat(RestClientEurekaHttpClient.java:91) ~[spring-cloud-netflix-eureka-client-5.0.2.jar:5.0.2]
	at com.netflix.discovery.shared.transport.decorator.EurekaHttpClientDecorator$3.execute(EurekaHttpClientDecorator.java:92) ~[eureka-client-2.0.6.jar:2.0.6]
	at com.netflix.discovery.shared.transport.decorator.RedirectingEurekaHttpClient.executeOnNewServer(RedirectingEurekaHttpClient.java:120) ~[eureka-client-2.0.6.jar:2.0.6]
	at com.netflix.discovery.shared.transport.decorator.RedirectingEurekaHttpClient.execute(RedirectingEurekaHttpClient.java:79) ~[eureka-client-2.0.6.jar:2.0.6]
	at com.netflix.discovery.shared.transport.decorator.EurekaHttpClientDecorator.sendHeartBeat(EurekaHttpClientDecorator.java:89) ~[eureka-client-2.0.6.jar:2.0.6]
	at com.netflix.discovery.shared.transport.decorator.EurekaHttpClientDecorator$3.execute(EurekaHttpClientDecorator.java:92) ~[eureka-client-2.0.6.jar:2.0.6]
	at com.netflix.discovery.shared.transport.decorator.RetryableEurekaHttpClient.execute(RetryableEurekaHttpClient.java:120) ~[eureka-client-2.0.6.jar:2.0.6]
	at com.netflix.discovery.shared.transport.decorator.EurekaHttpClientDecorator.sendHeartBeat(EurekaHttpClientDecorator.java:89) ~[eureka-client-2.0.6.jar:2.0.6]
	at com.netflix.discovery.shared.transport.decorator.EurekaHttpClientDecorator$3.execute(EurekaHttpClientDecorator.java:92) ~[eureka-client-2.0.6.jar:2.0.6]
	at com.netflix.discovery.shared.transport.decorator.SessionedEurekaHttpClient.execute(SessionedEurekaHttpClient.java:76) ~[eureka-client-2.0.6.jar:2.0.6]
	at com.netflix.discovery.shared.transport.decorator.EurekaHttpClientDecorator.sendHeartBeat(EurekaHttpClientDecorator.java:89) ~[eureka-client-2.0.6.jar:2.0.6]
	at com.netflix.discovery.DiscoveryClient.renew(DiscoveryClient.java:860) ~[eureka-client-2.0.6.jar:2.0.6]
	at com.netflix.discovery.DiscoveryClient$HeartbeatThread.run(DiscoveryClient.java:1418) ~[eureka-client-2.0.6.jar:2.0.6]
	at java.base/java.util.concurrent.Executors$RunnableAdapter.call(Executors.java:545) ~[na:na]
	at java.base/java.util.concurrent.FutureTask.run(FutureTask.java:328) ~[na:na]
	at java.base/java.util.concurrent.ThreadPoolExecutor.runWorker(ThreadPoolExecutor.java:1090) ~[na:na]
	at java.base/java.util.concurrent.ThreadPoolExecutor$Worker.run(ThreadPoolExecutor.java:614) ~[na:na]
	at java.base/java.lang.Thread.run(Thread.java:1474) ~[na:na]
Caused by: org.springframework.http.converter.HttpMessageNotReadableException: JSON parse error: Root name ('timestamp') does not match expected ('instance') for type `com.netflix.appinfo.InstanceInfo`
	at org.springframework.http.converter.json.AbstractJackson2HttpMessageConverter.readJavaType(AbstractJackson2HttpMessageConverter.java:408) ~[spring-web-7.0.8.jar:7.0.8]
	at org.springframework.http.converter.json.AbstractJackson2HttpMessageConverter.read(AbstractJackson2HttpMessageConverter.java:356) ~[spring-web-7.0.8.jar:7.0.8]
	at org.springframework.web.client.DefaultRestClient.readWithMessageConverters(DefaultRestClient.java:237) ~[spring-web-7.0.8.jar:7.0.8]
	... 26 common frames omitted
Caused by: com.fasterxml.jackson.databind.exc.MismatchedInputException: Root name ('timestamp') does not match expected ('instance') for type `com.netflix.appinfo.InstanceInfo`
 at [Source: REDACTED (`StreamReadFeature.INCLUDE_SOURCE_IN_LOCATION` disabled); line: 1, column: 2] (through reference chain: com.netflix.appinfo.InstanceInfo["timestamp"])
	at com.fasterxml.jackson.databind.exc.MismatchedInputException.from(MismatchedInputException.java:76) ~[jackson-databind-2.21.4.jar:2.21.4]
	at com.fasterxml.jackson.databind.DeserializationContext.reportPropertyInputMismatch(DeserializationContext.java:1849) ~[jackson-databind-2.21.4.jar:2.21.4]
	at com.fasterxml.jackson.databind.DeserializationContext.reportPropertyInputMismatch(DeserializationContext.java:1865) ~[jackson-databind-2.21.4.jar:2.21.4]
	at com.fasterxml.jackson.databind.deser.DefaultDeserializationContext._unwrapAndDeserialize(DefaultDeserializationContext.java:367) ~[jackson-databind-2.21.4.jar:2.21.4]
	at com.fasterxml.jackson.databind.deser.DefaultDeserializationContext.readRootValue(DefaultDeserializationContext.java:339) ~[jackson-databind-2.21.4.jar:2.21.4]
	at com.fasterxml.jackson.databind.ObjectReader._bindAndClose(ObjectReader.java:2148) ~[jackson-databind-2.21.4.jar:2.21.4]
	at com.fasterxml.jackson.databind.ObjectReader.readValue(ObjectReader.java:1504) ~[jackson-databind-2.21.4.jar:2.21.4]
	at org.springframework.http.converter.json.AbstractJackson2HttpMessageConverter.readJavaType(AbstractJackson2HttpMessageConverter.java:397) ~[spring-web-7.0.8.jar:7.0.8]
	... 28 common frames omitted

2026-07-24T13:50:53.449+05:30  WARN 17334 --- [ConfigServer] [DiscoveryClient-HeartbeatExecutor-%d] c.n.d.s.t.d.RetryableEurekaHttpClient    : Request execution failed with message: Error while extracting response for type [com.netflix.appinfo.InstanceInfo] and content type [application/json]
2026-07-24T13:50:53.449+05:30 ERROR 17334 --- [ConfigServer] [DiscoveryClient-HeartbeatExecutor-%d] com.netflix.discovery.DiscoveryClient    : DiscoveryClient_CONFIGSERVER/null - was unable to send heartbeat!

com.netflix.discovery.shared.transport.TransportException: Cannot execute request on any known server
	at com.netflix.discovery.shared.transport.decorator.RetryableEurekaHttpClient.execute(RetryableEurekaHttpClient.java:112) ~[eureka-client-2.0.6.jar:2.0.6]
	at com.netflix.discovery.shared.transport.decorator.EurekaHttpClientDecorator.sendHeartBeat(EurekaHttpClientDecorator.java:89) ~[eureka-client-2.0.6.jar:2.0.6]
	at com.netflix.discovery.shared.transport.decorator.EurekaHttpClientDecorator$3.execute(EurekaHttpClientDecorator.java:92) ~[eureka-client-2.0.6.jar:2.0.6]
	at com.netflix.discovery.shared.transport.decorator.SessionedEurekaHttpClient.execute(SessionedEurekaHttpClient.java:76) ~[eureka-client-2.0.6.jar:2.0.6]
	at com.netflix.discovery.shared.transport.decorator.EurekaHttpClientDecorator.sendHeartBeat(EurekaHttpClientDecorator.java:89) ~[eureka-client-2.0.6.jar:2.0.6]
	at com.netflix.discovery.DiscoveryClient.renew(DiscoveryClient.java:860) ~[eureka-client-2.0.6.jar:2.0.6]
	at com.netflix.discovery.DiscoveryClient$HeartbeatThread.run(DiscoveryClient.java:1418) ~[eureka-client-2.0.6.jar:2.0.6]
	at java.base/java.util.concurrent.Executors$RunnableAdapter.call(Executors.java:545) ~[na:na]
	at java.base/java.util.concurrent.FutureTask.run(FutureTask.java:328) ~[na:na]
	at java.base/java.util.concurrent.ThreadPoolExecutor.runWorker(ThreadPoolExecutor.java:1090) ~[na:na]
	at java.base/java.util.concurrent.ThreadPoolExecutor$Worker.run(ThreadPoolExecutor.java:614) ~[na:na]
	at java.base/java.lang.Thread.run(Thread.java:1474) ~[na:na]

2026-07-24T13:50:58.466+05:30  INFO 17334 --- [ConfigServer] [DiscoveryClient-HeartbeatExecutor-%d] c.n.d.s.t.d.RedirectingEurekaHttpClient  : Request execution error. endpoint=DefaultEndpoint{ serviceUrl='http://localhost:8761/eureka/}, exception=Error while extracting response for type [com.netflix.appinfo.InstanceInfo] and content type [application/json]

org.springframework.web.client.RestClientException: Error while extracting response for type [com.netflix.appinfo.InstanceInfo] and content type [application/json]
	at org.springframework.web.client.DefaultRestClient.readWithMessageConverters(DefaultRestClient.java:274) ~[spring-web-7.0.8.jar:7.0.8]
	at org.springframework.web.client.DefaultRestClient$DefaultResponseSpec.readBody(DefaultRestClient.java:931) ~[spring-web-7.0.8.jar:7.0.8]
	at org.springframework.web.client.DefaultRestClient$DefaultResponseSpec.lambda$toEntityInternal$0(DefaultRestClient.java:871) ~[spring-web-7.0.8.jar:7.0.8]
	at org.springframework.web.client.DefaultRestClient$DefaultRequestBodyUriSpec.exchangeInternal(DefaultRestClient.java:617) ~[spring-web-7.0.8.jar:7.0.8]
	at org.springframework.web.client.DefaultRestClient$DefaultRequestBodyUriSpec.exchange(DefaultRestClient.java:572) ~[spring-web-7.0.8.jar:7.0.8]
	at org.springframework.web.client.RestClient$RequestHeadersSpec.exchange(RestClient.java:747) ~[spring-web-7.0.8.jar:7.0.8]
	at org.springframework.web.client.DefaultRestClient$DefaultResponseSpec.executeAndExtract(DefaultRestClient.java:924) ~[spring-web-7.0.8.jar:7.0.8]
	at org.springframework.web.client.DefaultRestClient$DefaultResponseSpec.toEntityInternal(DefaultRestClient.java:870) ~[spring-web-7.0.8.jar:7.0.8]
	at org.springframework.web.client.DefaultRestClient$DefaultResponseSpec.toEntity(DefaultRestClient.java:859) ~[spring-web-7.0.8.jar:7.0.8]
	at org.springframework.cloud.netflix.eureka.http.RestClientEurekaHttpClient.sendHeartBeat(RestClientEurekaHttpClient.java:91) ~[spring-cloud-netflix-eureka-client-5.0.2.jar:5.0.2]
	at com.netflix.discovery.shared.transport.decorator.EurekaHttpClientDecorator$3.execute(EurekaHttpClientDecorator.java:92) ~[eureka-client-2.0.6.jar:2.0.6]
	at com.netflix.discovery.shared.transport.decorator.RedirectingEurekaHttpClient.executeOnNewServer(RedirectingEurekaHttpClient.java:120) ~[eureka-client-2.0.6.jar:2.0.6]
	at com.netflix.discovery.shared.transport.decorator.RedirectingEurekaHttpClient.execute(RedirectingEurekaHttpClient.java:79) ~[eureka-client-2.0.6.jar:2.0.6]
	at com.netflix.discovery.shared.transport.decorator.EurekaHttpClientDecorator.sendHeartBeat(EurekaHttpClientDecorator.java:89) ~[eureka-client-2.0.6.jar:2.0.6]
	at com.netflix.discovery.shared.transport.decorator.EurekaHttpClientDecorator$3.execute(EurekaHttpClientDecorator.java:92) ~[eureka-client-2.0.6.jar:2.0.6]
	at com.netflix.discovery.shared.transport.decorator.RetryableEurekaHttpClient.execute(RetryableEurekaHttpClient.java:120) ~[eureka-client-2.0.6.jar:2.0.6]
	at com.netflix.discovery.shared.transport.decorator.EurekaHttpClientDecorator.sendHeartBeat(EurekaHttpClientDecorator.java:89) ~[eureka-client-2.0.6.jar:2.0.6]
	at com.netflix.discovery.shared.transport.decorator.EurekaHttpClientDecorator$3.execute(EurekaHttpClientDecorator.java:92) ~[eureka-client-2.0.6.jar:2.0.6]
	at com.netflix.discovery.shared.transport.decorator.SessionedEurekaHttpClient.execute(SessionedEurekaHttpClient.java:76) ~[eureka-client-2.0.6.jar:2.0.6]
	at com.netflix.discovery.shared.transport.decorator.EurekaHttpClientDecorator.sendHeartBeat(EurekaHttpClientDecorator.java:89) ~[eureka-client-2.0.6.jar:2.0.6]
	at com.netflix.discovery.DiscoveryClient.renew(DiscoveryClient.java:860) ~[eureka-client-2.0.6.jar:2.0.6]
	at com.netflix.discovery.DiscoveryClient$HeartbeatThread.run(DiscoveryClient.java:1418) ~[eureka-client-2.0.6.jar:2.0.6]
	at java.base/java.util.concurrent.Executors$RunnableAdapter.call(Executors.java:545) ~[na:na]
	at java.base/java.util.concurrent.FutureTask.run(FutureTask.java:328) ~[na:na]
	at java.base/java.util.concurrent.ThreadPoolExecutor.runWorker(ThreadPoolExecutor.java:1090) ~[na:na]
	at java.base/java.util.concurrent.ThreadPoolExecutor$Worker.run(ThreadPoolExecutor.java:614) ~[na:na]
	at java.base/java.lang.Thread.run(Thread.java:1474) ~[na:na]
Caused by: org.springframework.http.converter.HttpMessageNotReadableException: JSON parse error: Root name ('timestamp') does not match expected ('instance') for type `com.netflix.appinfo.InstanceInfo`
	at org.springframework.http.converter.json.AbstractJackson2HttpMessageConverter.readJavaType(AbstractJackson2HttpMessageConverter.java:408) ~[spring-web-7.0.8.jar:7.0.8]
	at org.springframework.http.converter.json.AbstractJackson2HttpMessageConverter.read(AbstractJackson2HttpMessageConverter.java:356) ~[spring-web-7.0.8.jar:7.0.8]
	at org.springframework.web.client.DefaultRestClient.readWithMessageConverters(DefaultRestClient.java:237) ~[spring-web-7.0.8.jar:7.0.8]
	... 26 common frames omitted
Caused by: com.fasterxml.jackson.databind.exc.MismatchedInputException: Root name ('timestamp') does not match expected ('instance') for type `com.netflix.appinfo.InstanceInfo`
 at [Source: REDACTED (`StreamReadFeature.INCLUDE_SOURCE_IN_LOCATION` disabled); line: 1, column: 2] (through reference chain: com.netflix.appinfo.InstanceInfo["timestamp"])
	at com.fasterxml.jackson.databind.exc.MismatchedInputException.from(MismatchedInputException.java:76) ~[jackson-databind-2.21.4.jar:2.21.4]
	at com.fasterxml.jackson.databind.DeserializationContext.reportPropertyInputMismatch(DeserializationContext.java:1849) ~[jackson-databind-2.21.4.jar:2.21.4]
	at com.fasterxml.jackson.databind.DeserializationContext.reportPropertyInputMismatch(DeserializationContext.java:1865) ~[jackson-databind-2.21.4.jar:2.21.4]
	at com.fasterxml.jackson.databind.deser.DefaultDeserializationContext._unwrapAndDeserialize(DefaultDeserializationContext.java:367) ~[jackson-databind-2.21.4.jar:2.21.4]
	at com.fasterxml.jackson.databind.deser.DefaultDeserializationContext.readRootValue(DefaultDeserializationContext.java:339) ~[jackson-databind-2.21.4.jar:2.21.4]
	at com.fasterxml.jackson.databind.ObjectReader._bindAndClose(ObjectReader.java:2148) ~[jackson-databind-2.21.4.jar:2.21.4]
	at com.fasterxml.jackson.databind.ObjectReader.readValue(ObjectReader.java:1504) ~[jackson-databind-2.21.4.jar:2.21.4]
	at org.springframework.http.converter.json.AbstractJackson2HttpMessageConverter.readJavaType(AbstractJackson2HttpMessageConverter.java:397) ~[spring-web-7.0.8.jar:7.0.8]
	... 28 common frames omitted

2026-07-24T13:50:58.467+05:30  WARN 17334 --- [ConfigServer] [DiscoveryClient-HeartbeatExecutor-%d] c.n.d.s.t.d.RetryableEurekaHttpClient    : Request execution failed with message: Error while extracting response for type [com.netflix.appinfo.InstanceInfo] and content type [application/json]
2026-07-24T13:50:58.467+05:30 ERROR 17334 --- [ConfigServer] [DiscoveryClient-HeartbeatExecutor-%d] com.netflix.discovery.DiscoveryClient    : DiscoveryClient_CONFIGSERVER/null - was unable to send heartbeat!

com.netflix.discovery.shared.transport.TransportException: Cannot execute request on any known server
	at com.netflix.discovery.shared.transport.decorator.RetryableEurekaHttpClient.execute(RetryableEurekaHttpClient.java:112) ~[eureka-client-2.0.6.jar:2.0.6]
	at com.netflix.discovery.shared.transport.decorator.EurekaHttpClientDecorator.sendHeartBeat(EurekaHttpClientDecorator.java:89) ~[eureka-client-2.0.6.jar:2.0.6]
	at com.netflix.discovery.shared.transport.decorator.EurekaHttpClientDecorator$3.execute(EurekaHttpClientDecorator.java:92) ~[eureka-client-2.0.6.jar:2.0.6]
	at com.netflix.discovery.shared.transport.decorator.SessionedEurekaHttpClient.execute(SessionedEurekaHttpClient.java:76) ~[eureka-client-2.0.6.jar:2.0.6]
	at com.netflix.discovery.shared.transport.decorator.EurekaHttpClientDecorator.sendHeartBeat(EurekaHttpClientDecorator.java:89) ~[eureka-client-2.0.6.jar:2.0.6]
	at com.netflix.discovery.DiscoveryClient.renew(DiscoveryClient.java:860) ~[eureka-client-2.0.6.jar:2.0.6]
	at com.netflix.discovery.DiscoveryClient$HeartbeatThread.run(DiscoveryClient.java:1418) ~[eureka-client-2.0.6.jar:2.0.6]
	at java.base/java.util.concurrent.Executors$RunnableAdapter.call(Executors.java:545) ~[na:na]
	at java.base/java.util.concurrent.FutureTask.run(FutureTask.java:328) ~[na:na]
	at java.base/java.util.concurrent.ThreadPoolExecutor.runWorker(ThreadPoolExecutor.java:1090) ~[na:na]
	at java.base/java.util.concurrent.ThreadPoolExecutor$Worker.run(ThreadPoolExecutor.java:614) ~[na:na]
	at java.base/java.lang.Thread.run(Thread.java:1474) ~[na:na]

2026-07-24T13:51:03.484+05:30  INFO 17334 --- [ConfigServer] [DiscoveryClient-HeartbeatExecutor-%d] c.n.d.s.t.d.RedirectingEurekaHttpClient  : Request execution error. endpoint=DefaultEndpoint{ serviceUrl='http://localhost:8761/eureka/}, exception=Error while extracting response for type [com.netflix.appinfo.InstanceInfo] and content type [application/json]

org.springframework.web.client.RestClientException: Error while extracting response for type [com.netflix.appinfo.InstanceInfo] and content type [application/json]
	at org.springframework.web.client.DefaultRestClient.readWithMessageConverters(DefaultRestClient.java:274) ~[spring-web-7.0.8.jar:7.0.8]
	at org.springframework.web.client.DefaultRestClient$DefaultResponseSpec.readBody(DefaultRestClient.java:931) ~[spring-web-7.0.8.jar:7.0.8]
	at org.springframework.web.client.DefaultRestClient$DefaultResponseSpec.lambda$toEntityInternal$0(DefaultRestClient.java:871) ~[spring-web-7.0.8.jar:7.0.8]
	at org.springframework.web.client.DefaultRestClient$DefaultRequestBodyUriSpec.exchangeInternal(DefaultRestClient.java:617) ~[spring-web-7.0.8.jar:7.0.8]
	at org.springframework.web.client.DefaultRestClient$DefaultRequestBodyUriSpec.exchange(DefaultRestClient.java:572) ~[spring-web-7.0.8.jar:7.0.8]
	at org.springframework.web.client.RestClient$RequestHeadersSpec.exchange(RestClient.java:747) ~[spring-web-7.0.8.jar:7.0.8]
	at org.springframework.web.client.DefaultRestClient$DefaultResponseSpec.executeAndExtract(DefaultRestClient.java:924) ~[spring-web-7.0.8.jar:7.0.8]
	at org.springframework.web.client.DefaultRestClient$DefaultResponseSpec.toEntityInternal(DefaultRestClient.java:870) ~[spring-web-7.0.8.jar:7.0.8]
	at org.springframework.web.client.DefaultRestClient$DefaultResponseSpec.toEntity(DefaultRestClient.java:859) ~[spring-web-7.0.8.jar:7.0.8]
	at org.springframework.cloud.netflix.eureka.http.RestClientEurekaHttpClient.sendHeartBeat(RestClientEurekaHttpClient.java:91) ~[spring-cloud-netflix-eureka-client-5.0.2.jar:5.0.2]
	at com.netflix.discovery.shared.transport.decorator.EurekaHttpClientDecorator$3.execute(EurekaHttpClientDecorator.java:92) ~[eureka-client-2.0.6.jar:2.0.6]
	at com.netflix.discovery.shared.transport.decorator.RedirectingEurekaHttpClient.executeOnNewServer(RedirectingEurekaHttpClient.java:120) ~[eureka-client-2.0.6.jar:2.0.6]
	at com.netflix.discovery.shared.transport.decorator.RedirectingEurekaHttpClient.execute(RedirectingEurekaHttpClient.java:79) ~[eureka-client-2.0.6.jar:2.0.6]
	at com.netflix.discovery.shared.transport.decorator.EurekaHttpClientDecorator.sendHeartBeat(EurekaHttpClientDecorator.java:89) ~[eureka-client-2.0.6.jar:2.0.6]
	at com.netflix.discovery.shared.transport.decorator.EurekaHttpClientDecorator$3.execute(EurekaHttpClientDecorator.java:92) ~[eureka-client-2.0.6.jar:2.0.6]
	at com.netflix.discovery.shared.transport.decorator.RetryableEurekaHttpClient.execute(RetryableEurekaHttpClient.java:120) ~[eureka-client-2.0.6.jar:2.0.6]
	at com.netflix.discovery.shared.transport.decorator.EurekaHttpClientDecorator.sendHeartBeat(EurekaHttpClientDecorator.java:89) ~[eureka-client-2.0.6.jar:2.0.6]
	at com.netflix.discovery.shared.transport.decorator.EurekaHttpClientDecorator$3.execute(EurekaHttpClientDecorator.java:92) ~[eureka-client-2.0.6.jar:2.0.6]
	at com.netflix.discovery.shared.transport.decorator.SessionedEurekaHttpClient.execute(SessionedEurekaHttpClient.java:76) ~[eureka-client-2.0.6.jar:2.0.6]
	at com.netflix.discovery.shared.transport.decorator.EurekaHttpClientDecorator.sendHeartBeat(EurekaHttpClientDecorator.java:89) ~[eureka-client-2.0.6.jar:2.0.6]
	at com.netflix.discovery.DiscoveryClient.renew(DiscoveryClient.java:860) ~[eureka-client-2.0.6.jar:2.0.6]
	at com.netflix.discovery.DiscoveryClient$HeartbeatThread.run(DiscoveryClient.java:1418) ~[eureka-client-2.0.6.jar:2.0.6]
	at java.base/java.util.concurrent.Executors$RunnableAdapter.call(Executors.java:545) ~[na:na]
	at java.base/java.util.concurrent.FutureTask.run(FutureTask.java:328) ~[na:na]
	at java.base/java.util.concurrent.ThreadPoolExecutor.runWorker(ThreadPoolExecutor.java:1090) ~[na:na]
	at java.base/java.util.concurrent.ThreadPoolExecutor$Worker.run(ThreadPoolExecutor.java:614) ~[na:na]
	at java.base/java.lang.Thread.run(Thread.java:1474) ~[na:na]
Caused by: org.springframework.http.converter.HttpMessageNotReadableException: JSON parse error: Root name ('timestamp') does not match expected ('instance') for type `com.netflix.appinfo.InstanceInfo`
	at org.springframework.http.converter.json.AbstractJackson2HttpMessageConverter.readJavaType(AbstractJackson2HttpMessageConverter.java:408) ~[spring-web-7.0.8.jar:7.0.8]
	at org.springframework.http.converter.json.AbstractJackson2HttpMessageConverter.read(AbstractJackson2HttpMessageConverter.java:356) ~[spring-web-7.0.8.jar:7.0.8]
	at org.springframework.web.client.DefaultRestClient.readWithMessageConverters(DefaultRestClient.java:237) ~[spring-web-7.0.8.jar:7.0.8]
	... 26 common frames omitted
Caused by: com.fasterxml.jackson.databind.exc.MismatchedInputException: Root name ('timestamp') does not match expected ('instance') for type `com.netflix.appinfo.InstanceInfo`
 at [Source: REDACTED (`StreamReadFeature.INCLUDE_SOURCE_IN_LOCATION` disabled); line: 1, column: 2] (through reference chain: com.netflix.appinfo.InstanceInfo["timestamp"])
	at com.fasterxml.jackson.databind.exc.MismatchedInputException.from(MismatchedInputException.java:76) ~[jackson-databind-2.21.4.jar:2.21.4]
	at com.fasterxml.jackson.databind.DeserializationContext.reportPropertyInputMismatch(DeserializationContext.java:1849) ~[jackson-databind-2.21.4.jar:2.21.4]
	at com.fasterxml.jackson.databind.DeserializationContext.reportPropertyInputMismatch(DeserializationContext.java:1865) ~[jackson-databind-2.21.4.jar:2.21.4]
	at com.fasterxml.jackson.databind.deser.DefaultDeserializationContext._unwrapAndDeserialize(DefaultDeserializationContext.java:367) ~[jackson-databind-2.21.4.jar:2.21.4]
	at com.fasterxml.jackson.databind.deser.DefaultDeserializationContext.readRootValue(DefaultDeserializationContext.java:339) ~[jackson-databind-2.21.4.jar:2.21.4]
	at com.fasterxml.jackson.databind.ObjectReader._bindAndClose(ObjectReader.java:2148) ~[jackson-databind-2.21.4.jar:2.21.4]
	at com.fasterxml.jackson.databind.ObjectReader.readValue(ObjectReader.java:1504) ~[jackson-databind-2.21.4.jar:2.21.4]
	at org.springframework.http.converter.json.AbstractJackson2HttpMessageConverter.readJavaType(AbstractJackson2HttpMessageConverter.java:397) ~[spring-web-7.0.8.jar:7.0.8]
	... 28 common frames omitted

2026-07-24T13:51:03.484+05:30  WARN 17334 --- [ConfigServer] [DiscoveryClient-HeartbeatExecutor-%d] c.n.d.s.t.d.RetryableEurekaHttpClient    : Request execution failed with message: Error while extracting response for type [com.netflix.appinfo.InstanceInfo] and content type [application/json]
2026-07-24T13:51:03.485+05:30 ERROR 17334 --- [ConfigServer] [DiscoveryClient-HeartbeatExecutor-%d] com.netflix.discovery.DiscoveryClient    : DiscoveryClient_CONFIGSERVER/null - was unable to send heartbeat!

com.netflix.discovery.shared.transport.TransportException: Cannot execute request on any known server
	at com.netflix.discovery.shared.transport.decorator.RetryableEurekaHttpClient.execute(RetryableEurekaHttpClient.java:112) ~[eureka-client-2.0.6.jar:2.0.6]
	at com.netflix.discovery.shared.transport.decorator.EurekaHttpClientDecorator.sendHeartBeat(EurekaHttpClientDecorator.java:89) ~[eureka-client-2.0.6.jar:2.0.6]
	at com.netflix.discovery.shared.transport.decorator.EurekaHttpClientDecorator$3.execute(EurekaHttpClientDecorator.java:92) ~[eureka-client-2.0.6.jar:2.0.6]
	at com.netflix.discovery.shared.transport.decorator.SessionedEurekaHttpClient.execute(SessionedEurekaHttpClient.java:76) ~[eureka-client-2.0.6.jar:2.0.6]
	at com.netflix.discovery.shared.transport.decorator.EurekaHttpClientDecorator.sendHeartBeat(EurekaHttpClientDecorator.java:89) ~[eureka-client-2.0.6.jar:2.0.6]
	at com.netflix.discovery.DiscoveryClient.renew(DiscoveryClient.java:860) ~[eureka-client-2.0.6.jar:2.0.6]
	at com.netflix.discovery.DiscoveryClient$HeartbeatThread.run(DiscoveryClient.java:1418) ~[eureka-client-2.0.6.jar:2.0.6]
	at java.base/java.util.concurrent.Executors$RunnableAdapter.call(Executors.java:545) ~[na:na]
	at java.base/java.util.concurrent.FutureTask.run(FutureTask.java:328) ~[na:na]
	at java.base/java.util.concurrent.ThreadPoolExecutor.runWorker(ThreadPoolExecutor.java:1090) ~[na:na]
	at java.base/java.util.concurrent.ThreadPoolExecutor$Worker.run(ThreadPoolExecutor.java:614) ~[na:na]
	at java.base/java.lang.Thread.run(Thread.java:1474) ~[na:na]

2026-07-24T13:51:03.993+05:30  INFO 17334 --- [ConfigServer] [SpringApplicationShutdownHook] o.s.c.n.e.s.EurekaServiceRegistry        : Unregistering application CONFIGSERVER with eureka with status DOWN
2026-07-24T13:51:03.994+05:30  INFO 17334 --- [ConfigServer] [SpringApplicationShutdownHook] com.netflix.discovery.DiscoveryClient    : Saw local status change event StatusChangeEvent [timestamp=1784881263994, current=DOWN, previous=UP]
2026-07-24T13:51:03.994+05:30  INFO 17334 --- [ConfigServer] [DiscoveryClient-InstanceInfoReplicator-%d] com.netflix.discovery.DiscoveryClient    : DiscoveryClient_CONFIGSERVER/null: registering service...
2026-07-24T13:51:03.998+05:30  INFO 17334 --- [ConfigServer] [SpringApplicationShutdownHook] o.s.boot.tomcat.GracefulShutdown         : Commencing graceful shutdown. Waiting for active requests to complete
2026-07-24T13:51:04.003+05:30  INFO 17334 --- [ConfigServer] [tomcat-shutdown] o.s.boot.tomcat.GracefulShutdown         : Graceful shutdown complete
2026-07-24T13:51:04.005+05:30  INFO 17334 --- [ConfigServer] [DiscoveryClient-InstanceInfoReplicator-%d] c.n.d.s.t.d.RedirectingEurekaHttpClient  : Request execution error. endpoint=DefaultEndpoint{ serviceUrl='http://localhost:8761/eureka/}, exception=I/O error on POST request for "http://localhost:8761/eureka/apps/CONFIGSERVER": Connect to http://localhost:8761 failed: Connection refused

org.springframework.web.client.ResourceAccessException: I/O error on POST request for "http://localhost:8761/eureka/apps/CONFIGSERVER": Connect to http://localhost:8761 failed: Connection refused
	at org.springframework.web.client.DefaultRestClient$DefaultRequestBodyUriSpec.createResourceAccessException(DefaultRestClient.java:779) ~[spring-web-7.0.8.jar:7.0.8]
	at org.springframework.web.client.DefaultRestClient$DefaultRequestBodyUriSpec.exchangeInternal(DefaultRestClient.java:624) ~[spring-web-7.0.8.jar:7.0.8]
	at org.springframework.web.client.DefaultRestClient$DefaultRequestBodyUriSpec.exchange(DefaultRestClient.java:572) ~[spring-web-7.0.8.jar:7.0.8]
	at org.springframework.web.client.RestClient$RequestHeadersSpec.exchange(RestClient.java:747) ~[spring-web-7.0.8.jar:7.0.8]
	at org.springframework.web.client.DefaultRestClient$DefaultResponseSpec.executeAndExtract(DefaultRestClient.java:924) ~[spring-web-7.0.8.jar:7.0.8]
	at org.springframework.web.client.DefaultRestClient$DefaultResponseSpec.toBodilessEntity(DefaultRestClient.java:888) ~[spring-web-7.0.8.jar:7.0.8]
	at org.springframework.cloud.netflix.eureka.http.RestClientEurekaHttpClient.register(RestClientEurekaHttpClient.java:64) ~[spring-cloud-netflix-eureka-client-5.0.2.jar:5.0.2]
	at com.netflix.discovery.shared.transport.decorator.EurekaHttpClientDecorator$1.execute(EurekaHttpClientDecorator.java:59) ~[eureka-client-2.0.6.jar:2.0.6]
	at com.netflix.discovery.shared.transport.decorator.RedirectingEurekaHttpClient.executeOnNewServer(RedirectingEurekaHttpClient.java:120) ~[eureka-client-2.0.6.jar:2.0.6]
	at com.netflix.discovery.shared.transport.decorator.RedirectingEurekaHttpClient.execute(RedirectingEurekaHttpClient.java:79) ~[eureka-client-2.0.6.jar:2.0.6]
	at com.netflix.discovery.shared.transport.decorator.EurekaHttpClientDecorator.register(EurekaHttpClientDecorator.java:56) ~[eureka-client-2.0.6.jar:2.0.6]
	at com.netflix.discovery.shared.transport.decorator.EurekaHttpClientDecorator$1.execute(EurekaHttpClientDecorator.java:59) ~[eureka-client-2.0.6.jar:2.0.6]
	at com.netflix.discovery.shared.transport.decorator.RetryableEurekaHttpClient.execute(RetryableEurekaHttpClient.java:120) ~[eureka-client-2.0.6.jar:2.0.6]
	at com.netflix.discovery.shared.transport.decorator.EurekaHttpClientDecorator.register(EurekaHttpClientDecorator.java:56) ~[eureka-client-2.0.6.jar:2.0.6]
	at com.netflix.discovery.shared.transport.decorator.EurekaHttpClientDecorator$1.execute(EurekaHttpClientDecorator.java:59) ~[eureka-client-2.0.6.jar:2.0.6]
	at com.netflix.discovery.shared.transport.decorator.SessionedEurekaHttpClient.execute(SessionedEurekaHttpClient.java:76) ~[eureka-client-2.0.6.jar:2.0.6]
	at com.netflix.discovery.shared.transport.decorator.EurekaHttpClientDecorator.register(EurekaHttpClientDecorator.java:56) ~[eureka-client-2.0.6.jar:2.0.6]
	at com.netflix.discovery.DiscoveryClient.register(DiscoveryClient.java:843) ~[eureka-client-2.0.6.jar:2.0.6]
	at com.netflix.discovery.InstanceInfoReplicator.run(InstanceInfoReplicator.java:125) ~[eureka-client-2.0.6.jar:2.0.6]
	at com.netflix.discovery.InstanceInfoReplicator$2.run(InstanceInfoReplicator.java:105) ~[eureka-client-2.0.6.jar:2.0.6]
	at java.base/java.util.concurrent.Executors$RunnableAdapter.call(Executors.java:545) ~[na:na]
	at java.base/java.util.concurrent.FutureTask.run(FutureTask.java:328) ~[na:na]
	at java.base/java.util.concurrent.ScheduledThreadPoolExecutor$ScheduledFutureTask.run(ScheduledThreadPoolExecutor.java:309) ~[na:na]
	at java.base/java.util.concurrent.ThreadPoolExecutor.runWorker(ThreadPoolExecutor.java:1090) ~[na:na]
	at java.base/java.util.concurrent.ThreadPoolExecutor$Worker.run(ThreadPoolExecutor.java:614) ~[na:na]
	at java.base/java.lang.Thread.run(Thread.java:1474) ~[na:na]
Caused by: org.apache.hc.client5.http.HttpHostConnectException: Connect to http://localhost:8761 failed: Connection refused
	at java.base/sun.nio.ch.Net.pollConnect(Native Method) ~[na:na]
	at java.base/sun.nio.ch.Net.pollConnectNow(Net.java:639) ~[na:na]
	at java.base/sun.nio.ch.NioSocketImpl.timedFinishConnect(NioSocketImpl.java:543) ~[na:na]
	at java.base/sun.nio.ch.NioSocketImpl.connect(NioSocketImpl.java:594) ~[na:na]
	at java.base/java.net.SocksSocketImpl.connect(SocksSocketImpl.java:284) ~[na:na]
	at java.base/java.net.Socket.connect(Socket.java:659) ~[na:na]
	at org.apache.hc.client5.http.impl.io.DefaultHttpClientConnectionOperator.connect(DefaultHttpClientConnectionOperator.java:219) ~[httpclient5-5.6.1.jar:5.6.1]
	at org.apache.hc.client5.http.impl.io.PoolingHttpClientConnectionManager.connect(PoolingHttpClientConnectionManager.java:547) ~[httpclient5-5.6.1.jar:5.6.1]
	at org.apache.hc.client5.http.impl.classic.InternalExecRuntime.connectEndpoint(InternalExecRuntime.java:164) ~[httpclient5-5.6.1.jar:5.6.1]
	at org.apache.hc.client5.http.impl.classic.InternalExecRuntime.connectEndpoint(InternalExecRuntime.java:174) ~[httpclient5-5.6.1.jar:5.6.1]
	at org.apache.hc.client5.http.impl.classic.ConnectExec.execute(ConnectExec.java:144) ~[httpclient5-5.6.1.jar:5.6.1]
	at org.apache.hc.client5.http.impl.classic.ExecChainElement.execute(ExecChainElement.java:51) ~[httpclient5-5.6.1.jar:5.6.1]
	at org.apache.hc.client5.http.impl.classic.ProtocolExec.execute(ProtocolExec.java:192) ~[httpclient5-5.6.1.jar:5.6.1]
	at org.apache.hc.client5.http.impl.classic.ExecChainElement.execute(ExecChainElement.java:51) ~[httpclient5-5.6.1.jar:5.6.1]
	at org.apache.hc.client5.http.impl.classic.ContentCompressionExec.execute(ContentCompressionExec.java:138) ~[httpclient5-5.6.1.jar:5.6.1]
	at org.apache.hc.client5.http.impl.classic.ExecChainElement.execute(ExecChainElement.java:51) ~[httpclient5-5.6.1.jar:5.6.1]
	at org.apache.hc.client5.http.impl.classic.HttpRequestRetryExec.execute(HttpRequestRetryExec.java:112) ~[httpclient5-5.6.1.jar:5.6.1]
	at org.apache.hc.client5.http.impl.classic.ExecChainElement.execute(ExecChainElement.java:51) ~[httpclient5-5.6.1.jar:5.6.1]
	at org.apache.hc.client5.http.impl.classic.RedirectExec.execute(RedirectExec.java:110) ~[httpclient5-5.6.1.jar:5.6.1]
	at org.apache.hc.client5.http.impl.classic.ExecChainElement.execute(ExecChainElement.java:51) ~[httpclient5-5.6.1.jar:5.6.1]
	at org.apache.hc.client5.http.impl.classic.InternalHttpClient.doExecute(InternalHttpClient.java:185) ~[httpclient5-5.6.1.jar:5.6.1]
	at org.apache.hc.client5.http.impl.classic.CloseableHttpClient.execute(CloseableHttpClient.java:87) ~[httpclient5-5.6.1.jar:5.6.1]
	at org.apache.hc.client5.http.impl.classic.CloseableHttpClient.execute(CloseableHttpClient.java:55) ~[httpclient5-5.6.1.jar:5.6.1]
	at org.apache.hc.client5.http.classic.HttpClient.executeOpen(HttpClient.java:183) ~[httpclient5-5.6.1.jar:5.6.1]
	at org.springframework.http.client.HttpComponentsClientHttpRequest.executeInternal(HttpComponentsClientHttpRequest.java:99) ~[spring-web-7.0.8.jar:7.0.8]
	at org.springframework.http.client.AbstractStreamingClientHttpRequest.executeInternal(AbstractStreamingClientHttpRequest.java:87) ~[spring-web-7.0.8.jar:7.0.8]
	at org.springframework.http.client.AbstractClientHttpRequest.execute(AbstractClientHttpRequest.java:80) ~[spring-web-7.0.8.jar:7.0.8]
	at org.springframework.http.client.AbstractBufferingClientHttpRequest.executeWithRequestAndBody(AbstractBufferingClientHttpRequest.java:89) ~[spring-web-7.0.8.jar:7.0.8]
	at org.springframework.http.client.InterceptingClientHttpRequest$EndOfChainRequestExecution.execute(InterceptingClientHttpRequest.java:102) ~[spring-web-7.0.8.jar:7.0.8]
	at org.springframework.cloud.netflix.eureka.http.RestClientTransportClientFactory.lambda$newClient$2(RestClientTransportClientFactory.java:98) ~[spring-cloud-netflix-eureka-client-5.0.2.jar:5.0.2]
	at org.springframework.http.client.ClientHttpRequestInterceptor.lambda$apply$0(ClientHttpRequestInterceptor.java:89) ~[spring-web-7.0.8.jar:7.0.8]
	at org.springframework.http.client.InterceptingClientHttpRequest.executeInternal(InterceptingClientHttpRequest.java:73) ~[spring-web-7.0.8.jar:7.0.8]
	at org.springframework.http.client.AbstractBufferingClientHttpRequest.executeInternal(AbstractBufferingClientHttpRequest.java:50) ~[spring-web-7.0.8.jar:7.0.8]
	at org.springframework.http.client.AbstractClientHttpRequest.execute(AbstractClientHttpRequest.java:80) ~[spring-web-7.0.8.jar:7.0.8]
	at org.springframework.web.client.DefaultRestClient$DefaultRequestBodyUriSpec.exchangeInternal(DefaultRestClient.java:614) ~[spring-web-7.0.8.jar:7.0.8]
	... 24 common frames omitted

2026-07-24T13:51:04.006+05:30  WARN 17334 --- [ConfigServer] [DiscoveryClient-InstanceInfoReplicator-%d] c.n.d.s.t.d.RetryableEurekaHttpClient    : Request execution failed with message: I/O error on POST request for "http://localhost:8761/eureka/apps/CONFIGSERVER": Connect to http://localhost:8761 failed: Connection refused
2026-07-24T13:51:04.006+05:30  WARN 17334 --- [ConfigServer] [DiscoveryClient-InstanceInfoReplicator-%d] com.netflix.discovery.DiscoveryClient    : DiscoveryClient_CONFIGSERVER/null - registration failed Cannot execute request on any known server

com.netflix.discovery.shared.transport.TransportException: Cannot execute request on any known server
	at com.netflix.discovery.shared.transport.decorator.RetryableEurekaHttpClient.execute(RetryableEurekaHttpClient.java:112) ~[eureka-client-2.0.6.jar:2.0.6]
	at com.netflix.discovery.shared.transport.decorator.EurekaHttpClientDecorator.register(EurekaHttpClientDecorator.java:56) ~[eureka-client-2.0.6.jar:2.0.6]
	at com.netflix.discovery.shared.transport.decorator.EurekaHttpClientDecorator$1.execute(EurekaHttpClientDecorator.java:59) ~[eureka-client-2.0.6.jar:2.0.6]
	at com.netflix.discovery.shared.transport.decorator.SessionedEurekaHttpClient.execute(SessionedEurekaHttpClient.java:76) ~[eureka-client-2.0.6.jar:2.0.6]
	at com.netflix.discovery.shared.transport.decorator.EurekaHttpClientDecorator.register(EurekaHttpClientDecorator.java:56) ~[eureka-client-2.0.6.jar:2.0.6]
	at com.netflix.discovery.DiscoveryClient.register(DiscoveryClient.java:843) ~[eureka-client-2.0.6.jar:2.0.6]
	at com.netflix.discovery.InstanceInfoReplicator.run(InstanceInfoReplicator.java:125) ~[eureka-client-2.0.6.jar:2.0.6]
	at com.netflix.discovery.InstanceInfoReplicator$2.run(InstanceInfoReplicator.java:105) ~[eureka-client-2.0.6.jar:2.0.6]
	at java.base/java.util.concurrent.Executors$RunnableAdapter.call(Executors.java:545) ~[na:na]
	at java.base/java.util.concurrent.FutureTask.run(FutureTask.java:328) ~[na:na]
	at java.base/java.util.concurrent.ScheduledThreadPoolExecutor$ScheduledFutureTask.run(ScheduledThreadPoolExecutor.java:309) ~[na:na]
	at java.base/java.util.concurrent.ThreadPoolExecutor.runWorker(ThreadPoolExecutor.java:1090) ~[na:na]
	at java.base/java.util.concurrent.ThreadPoolExecutor$Worker.run(ThreadPoolExecutor.java:614) ~[na:na]
	at java.base/java.lang.Thread.run(Thread.java:1474) ~[na:na]

2026-07-24T13:51:04.007+05:30  WARN 17334 --- [ConfigServer] [DiscoveryClient-InstanceInfoReplicator-%d] c.n.discovery.InstanceInfoReplicator     : There was a problem with the instance info replicator

com.netflix.discovery.shared.transport.TransportException: Cannot execute request on any known server
	at com.netflix.discovery.shared.transport.decorator.RetryableEurekaHttpClient.execute(RetryableEurekaHttpClient.java:112) ~[eureka-client-2.0.6.jar:2.0.6]
	at com.netflix.discovery.shared.transport.decorator.EurekaHttpClientDecorator.register(EurekaHttpClientDecorator.java:56) ~[eureka-client-2.0.6.jar:2.0.6]
	at com.netflix.discovery.shared.transport.decorator.EurekaHttpClientDecorator$1.execute(EurekaHttpClientDecorator.java:59) ~[eureka-client-2.0.6.jar:2.0.6]
	at com.netflix.discovery.shared.transport.decorator.SessionedEurekaHttpClient.execute(SessionedEurekaHttpClient.java:76) ~[eureka-client-2.0.6.jar:2.0.6]
	at com.netflix.discovery.shared.transport.decorator.EurekaHttpClientDecorator.register(EurekaHttpClientDecorator.java:56) ~[eureka-client-2.0.6.jar:2.0.6]
	at com.netflix.discovery.DiscoveryClient.register(DiscoveryClient.java:843) ~[eureka-client-2.0.6.jar:2.0.6]
	at com.netflix.discovery.InstanceInfoReplicator.run(InstanceInfoReplicator.java:125) ~[eureka-client-2.0.6.jar:2.0.6]
	at com.netflix.discovery.InstanceInfoReplicator$2.run(InstanceInfoReplicator.java:105) ~[eureka-client-2.0.6.jar:2.0.6]
	at java.base/java.util.concurrent.Executors$RunnableAdapter.call(Executors.java:545) ~[na:na]
	at java.base/java.util.concurrent.FutureTask.run(FutureTask.java:328) ~[na:na]
	at java.base/java.util.concurrent.ScheduledThreadPoolExecutor$ScheduledFutureTask.run(ScheduledThreadPoolExecutor.java:309) ~[na:na]
	at java.base/java.util.concurrent.ThreadPoolExecutor.runWorker(ThreadPoolExecutor.java:1090) ~[na:na]
	at java.base/java.util.concurrent.ThreadPoolExecutor$Worker.run(ThreadPoolExecutor.java:614) ~[na:na]
	at java.base/java.lang.Thread.run(Thread.java:1474) ~[na:na]

2026-07-24T13:51:04.011+05:30  INFO 17334 --- [ConfigServer] [SpringApplicationShutdownHook] o.s.a.r.l.SimpleMessageListenerContainer : Waiting for workers to finish.
2026-07-24T13:51:04.973+05:30  INFO 17334 --- [ConfigServer] [SpringApplicationShutdownHook] o.s.a.r.l.SimpleMessageListenerContainer : Successfully waited for workers to finish.
2026-07-24T13:51:04.974+05:30  INFO 17334 --- [ConfigServer] [SpringApplicationShutdownHook] o.s.i.a.i.AmqpInboundChannelAdapter      : stopped bean 'inbound.springCloudBus.anonymous.-C06AWpNTEWMbMWlEkRKAg'
2026-07-24T13:51:04.977+05:30  INFO 17334 --- [ConfigServer] [SpringApplicationShutdownHook] o.s.c.stream.binder.BinderErrorChannel   : Channel 'ConfigServer.rabbit-949557121.springCloudBusInput.errors' has 1 subscriber(s).
2026-07-24T13:51:04.979+05:30  INFO 17334 --- [ConfigServer] [SpringApplicationShutdownHook] o.s.c.stream.binder.BinderErrorChannel   : Channel 'ConfigServer.rabbit-949557121.springCloudBusInput.errors' has 0 subscriber(s).
2026-07-24T13:51:05.010+05:30  INFO 17334 --- [ConfigServer] [SpringApplicationShutdownHook] o.s.i.endpoint.EventDrivenConsumer       : Removing {logging-channel-adapter:_org.springframework.integration.errorLogger} as a subscriber to the 'errorChannel' channel
2026-07-24T13:51:05.010+05:30  INFO 17334 --- [ConfigServer] [SpringApplicationShutdownHook] o.s.i.channel.PublishSubscribeChannel    : Channel 'ConfigServer.errorChannel' has 0 subscriber(s).
2026-07-24T13:51:05.010+05:30  INFO 17334 --- [ConfigServer] [SpringApplicationShutdownHook] o.s.i.endpoint.EventDrivenConsumer       : stopped bean '_org.springframework.integration.errorLogger'
2026-07-24T13:51:05.023+05:30  INFO 17334 --- [ConfigServer] [SpringApplicationShutdownHook] com.netflix.discovery.DiscoveryClient    : Shutting down DiscoveryClient ...
2026-07-24T13:51:08.024+05:30  INFO 17334 --- [ConfigServer] [SpringApplicationShutdownHook] com.netflix.discovery.DiscoveryClient    : Unregistering ...
2026-07-24T13:51:08.030+05:30  INFO 17334 --- [ConfigServer] [SpringApplicationShutdownHook] c.n.d.s.t.d.RedirectingEurekaHttpClient  : Request execution error. endpoint=DefaultEndpoint{ serviceUrl='http://localhost:8761/eureka/}, exception=I/O error on DELETE request for "http://localhost:8761/eureka/apps/CONFIGSERVER": Connect to http://localhost:8761 failed: Connection refused

org.springframework.web.client.ResourceAccessException: I/O error on DELETE request for "http://localhost:8761/eureka/apps/CONFIGSERVER": Connect to http://localhost:8761 failed: Connection refused
	at org.springframework.web.client.DefaultRestClient$DefaultRequestBodyUriSpec.createResourceAccessException(DefaultRestClient.java:779) ~[spring-web-7.0.8.jar:7.0.8]
	at org.springframework.web.client.DefaultRestClient$DefaultRequestBodyUriSpec.exchangeInternal(DefaultRestClient.java:624) ~[spring-web-7.0.8.jar:7.0.8]
	at org.springframework.web.client.DefaultRestClient$DefaultRequestBodyUriSpec.exchange(DefaultRestClient.java:572) ~[spring-web-7.0.8.jar:7.0.8]
	at org.springframework.web.client.RestClient$RequestHeadersSpec.exchange(RestClient.java:747) ~[spring-web-7.0.8.jar:7.0.8]
	at org.springframework.web.client.DefaultRestClient$DefaultResponseSpec.executeAndExtract(DefaultRestClient.java:924) ~[spring-web-7.0.8.jar:7.0.8]
	at org.springframework.web.client.DefaultRestClient$DefaultResponseSpec.toBodilessEntity(DefaultRestClient.java:888) ~[spring-web-7.0.8.jar:7.0.8]
	at org.springframework.cloud.netflix.eureka.http.RestClientEurekaHttpClient.cancel(RestClientEurekaHttpClient.java:73) ~[spring-cloud-netflix-eureka-client-5.0.2.jar:5.0.2]
	at com.netflix.discovery.shared.transport.decorator.EurekaHttpClientDecorator$2.execute(EurekaHttpClientDecorator.java:74) ~[eureka-client-2.0.6.jar:2.0.6]
	at com.netflix.discovery.shared.transport.decorator.RedirectingEurekaHttpClient.executeOnNewServer(RedirectingEurekaHttpClient.java:120) ~[eureka-client-2.0.6.jar:2.0.6]
	at com.netflix.discovery.shared.transport.decorator.RedirectingEurekaHttpClient.execute(RedirectingEurekaHttpClient.java:79) ~[eureka-client-2.0.6.jar:2.0.6]
	at com.netflix.discovery.shared.transport.decorator.EurekaHttpClientDecorator.cancel(EurekaHttpClientDecorator.java:71) ~[eureka-client-2.0.6.jar:2.0.6]
	at com.netflix.discovery.shared.transport.decorator.EurekaHttpClientDecorator$2.execute(EurekaHttpClientDecorator.java:74) ~[eureka-client-2.0.6.jar:2.0.6]
	at com.netflix.discovery.shared.transport.decorator.RetryableEurekaHttpClient.execute(RetryableEurekaHttpClient.java:120) ~[eureka-client-2.0.6.jar:2.0.6]
	at com.netflix.discovery.shared.transport.decorator.EurekaHttpClientDecorator.cancel(EurekaHttpClientDecorator.java:71) ~[eureka-client-2.0.6.jar:2.0.6]
	at com.netflix.discovery.shared.transport.decorator.EurekaHttpClientDecorator$2.execute(EurekaHttpClientDecorator.java:74) ~[eureka-client-2.0.6.jar:2.0.6]
	at com.netflix.discovery.shared.transport.decorator.SessionedEurekaHttpClient.execute(SessionedEurekaHttpClient.java:76) ~[eureka-client-2.0.6.jar:2.0.6]
	at com.netflix.discovery.shared.transport.decorator.EurekaHttpClientDecorator.cancel(EurekaHttpClientDecorator.java:71) ~[eureka-client-2.0.6.jar:2.0.6]
	at com.netflix.discovery.DiscoveryClient.unregister(DiscoveryClient.java:934) ~[eureka-client-2.0.6.jar:2.0.6]
	at com.netflix.discovery.DiscoveryClient.shutdown(DiscoveryClient.java:915) ~[eureka-client-2.0.6.jar:2.0.6]
	at java.base/jdk.internal.reflect.DirectMethodHandleAccessor.invoke(DirectMethodHandleAccessor.java:104) ~[na:na]
	at java.base/java.lang.reflect.Method.invoke(Method.java:565) ~[na:na]
	at org.springframework.beans.factory.annotation.InitDestroyAnnotationBeanPostProcessor$LifecycleMethod.invoke(InitDestroyAnnotationBeanPostProcessor.java:453) ~[spring-beans-7.0.8.jar:7.0.8]
	at org.springframework.beans.factory.annotation.InitDestroyAnnotationBeanPostProcessor$LifecycleMetadata.invokeDestroyMethods(InitDestroyAnnotationBeanPostProcessor.java:411) ~[spring-beans-7.0.8.jar:7.0.8]
	at org.springframework.beans.factory.annotation.InitDestroyAnnotationBeanPostProcessor.postProcessBeforeDestruction(InitDestroyAnnotationBeanPostProcessor.java:237) ~[spring-beans-7.0.8.jar:7.0.8]
	at org.springframework.beans.factory.support.DisposableBeanAdapter.destroy(DisposableBeanAdapter.java:200) ~[spring-beans-7.0.8.jar:7.0.8]
	at org.springframework.beans.factory.support.DisposableBeanAdapter.run(DisposableBeanAdapter.java:193) ~[spring-beans-7.0.8.jar:7.0.8]
	at org.springframework.cloud.context.scope.GenericScope$BeanLifecycleWrapper.destroy(GenericScope.java:387) ~[spring-cloud-context-5.0.2.jar:5.0.2]
	at org.springframework.cloud.context.scope.GenericScope.destroy(GenericScope.java:134) ~[spring-cloud-context-5.0.2.jar:5.0.2]
	at org.springframework.beans.factory.support.DisposableBeanAdapter.destroy(DisposableBeanAdapter.java:209) ~[spring-beans-7.0.8.jar:7.0.8]
	at org.springframework.beans.factory.support.DefaultSingletonBeanRegistry.destroyBean(DefaultSingletonBeanRegistry.java:795) ~[spring-beans-7.0.8.jar:7.0.8]
	at org.springframework.beans.factory.support.DefaultSingletonBeanRegistry.destroySingleton(DefaultSingletonBeanRegistry.java:745) ~[spring-beans-7.0.8.jar:7.0.8]
	at org.springframework.beans.factory.support.DefaultListableBeanFactory.destroySingleton(DefaultListableBeanFactory.java:1507) ~[spring-beans-7.0.8.jar:7.0.8]
	at org.springframework.beans.factory.support.DefaultSingletonBeanRegistry.destroySingletons(DefaultSingletonBeanRegistry.java:704) ~[spring-beans-7.0.8.jar:7.0.8]
	at org.springframework.beans.factory.support.DefaultListableBeanFactory.destroySingletons(DefaultListableBeanFactory.java:1500) ~[spring-beans-7.0.8.jar:7.0.8]
	at org.springframework.context.support.AbstractApplicationContext.destroyBeans(AbstractApplicationContext.java:1246) ~[spring-context-7.0.8.jar:7.0.8]
	at org.springframework.context.support.AbstractApplicationContext.doClose(AbstractApplicationContext.java:1207) ~[spring-context-7.0.8.jar:7.0.8]
	at org.springframework.boot.web.server.servlet.context.ServletWebServerApplicationContext.doClose(ServletWebServerApplicationContext.java:176) ~[spring-boot-web-server-4.1.0.jar:4.1.0]
	at org.springframework.context.support.AbstractApplicationContext.close(AbstractApplicationContext.java:1153) ~[spring-context-7.0.8.jar:7.0.8]
	at org.springframework.boot.SpringApplicationShutdownHook.closeAndWait(SpringApplicationShutdownHook.java:147) ~[spring-boot-4.1.0.jar:4.1.0]
	at java.base/java.lang.Iterable.forEach(Iterable.java:75) ~[na:na]
	at org.springframework.boot.SpringApplicationShutdownHook.run(SpringApplicationShutdownHook.java:116) ~[spring-boot-4.1.0.jar:4.1.0]
	at java.base/java.lang.Thread.run(Thread.java:1474) ~[na:na]
Caused by: org.apache.hc.client5.http.HttpHostConnectException: Connect to http://localhost:8761 failed: Connection refused
	at java.base/sun.nio.ch.Net.pollConnect(Native Method) ~[na:na]
	at java.base/sun.nio.ch.Net.pollConnectNow(Net.java:639) ~[na:na]
	at java.base/sun.nio.ch.NioSocketImpl.timedFinishConnect(NioSocketImpl.java:543) ~[na:na]
	at java.base/sun.nio.ch.NioSocketImpl.connect(NioSocketImpl.java:594) ~[na:na]
	at java.base/java.net.SocksSocketImpl.connect(SocksSocketImpl.java:284) ~[na:na]
	at java.base/java.net.Socket.connect(Socket.java:659) ~[na:na]
	at org.apache.hc.client5.http.impl.io.DefaultHttpClientConnectionOperator.connect(DefaultHttpClientConnectionOperator.java:219) ~[httpclient5-5.6.1.jar:5.6.1]
	at org.apache.hc.client5.http.impl.io.PoolingHttpClientConnectionManager.connect(PoolingHttpClientConnectionManager.java:547) ~[httpclient5-5.6.1.jar:5.6.1]
	at org.apache.hc.client5.http.impl.classic.InternalExecRuntime.connectEndpoint(InternalExecRuntime.java:164) ~[httpclient5-5.6.1.jar:5.6.1]
	at org.apache.hc.client5.http.impl.classic.InternalExecRuntime.connectEndpoint(InternalExecRuntime.java:174) ~[httpclient5-5.6.1.jar:5.6.1]
	at org.apache.hc.client5.http.impl.classic.ConnectExec.execute(ConnectExec.java:144) ~[httpclient5-5.6.1.jar:5.6.1]
	at org.apache.hc.client5.http.impl.classic.ExecChainElement.execute(ExecChainElement.java:51) ~[httpclient5-5.6.1.jar:5.6.1]
	at org.apache.hc.client5.http.impl.classic.ProtocolExec.execute(ProtocolExec.java:192) ~[httpclient5-5.6.1.jar:5.6.1]
	at org.apache.hc.client5.http.impl.classic.ExecChainElement.execute(ExecChainElement.java:51) ~[httpclient5-5.6.1.jar:5.6.1]
	at org.apache.hc.client5.http.impl.classic.ContentCompressionExec.execute(ContentCompressionExec.java:138) ~[httpclient5-5.6.1.jar:5.6.1]
	at org.apache.hc.client5.http.impl.classic.ExecChainElement.execute(ExecChainElement.java:51) ~[httpclient5-5.6.1.jar:5.6.1]
	at org.apache.hc.client5.http.impl.classic.HttpRequestRetryExec.execute(HttpRequestRetryExec.java:112) ~[httpclient5-5.6.1.jar:5.6.1]
	at org.apache.hc.client5.http.impl.classic.ExecChainElement.execute(ExecChainElement.java:51) ~[httpclient5-5.6.1.jar:5.6.1]
	at org.apache.hc.client5.http.impl.classic.RedirectExec.execute(RedirectExec.java:110) ~[httpclient5-5.6.1.jar:5.6.1]
	at org.apache.hc.client5.http.impl.classic.ExecChainElement.execute(ExecChainElement.java:51) ~[httpclient5-5.6.1.jar:5.6.1]
	at org.apache.hc.client5.http.impl.classic.InternalHttpClient.doExecute(InternalHttpClient.java:185) ~[httpclient5-5.6.1.jar:5.6.1]
	at org.apache.hc.client5.http.impl.classic.CloseableHttpClient.execute(CloseableHttpClient.java:87) ~[httpclient5-5.6.1.jar:5.6.1]
	at org.apache.hc.client5.http.impl.classic.CloseableHttpClient.execute(CloseableHttpClient.java:55) ~[httpclient5-5.6.1.jar:5.6.1]
	at org.apache.hc.client5.http.classic.HttpClient.executeOpen(HttpClient.java:183) ~[httpclient5-5.6.1.jar:5.6.1]
	at org.springframework.http.client.HttpComponentsClientHttpRequest.executeInternal(HttpComponentsClientHttpRequest.java:99) ~[spring-web-7.0.8.jar:7.0.8]
	at org.springframework.http.client.AbstractStreamingClientHttpRequest.executeInternal(AbstractStreamingClientHttpRequest.java:87) ~[spring-web-7.0.8.jar:7.0.8]
	at org.springframework.http.client.AbstractClientHttpRequest.execute(AbstractClientHttpRequest.java:80) ~[spring-web-7.0.8.jar:7.0.8]
	at org.springframework.http.client.AbstractBufferingClientHttpRequest.executeWithRequestAndBody(AbstractBufferingClientHttpRequest.java:89) ~[spring-web-7.0.8.jar:7.0.8]
	at org.springframework.http.client.InterceptingClientHttpRequest$EndOfChainRequestExecution.execute(InterceptingClientHttpRequest.java:102) ~[spring-web-7.0.8.jar:7.0.8]
	at org.springframework.cloud.netflix.eureka.http.RestClientTransportClientFactory.lambda$newClient$2(RestClientTransportClientFactory.java:98) ~[spring-cloud-netflix-eureka-client-5.0.2.jar:5.0.2]
	at org.springframework.http.client.ClientHttpRequestInterceptor.lambda$apply$0(ClientHttpRequestInterceptor.java:89) ~[spring-web-7.0.8.jar:7.0.8]
	at org.springframework.http.client.InterceptingClientHttpRequest.executeInternal(InterceptingClientHttpRequest.java:73) ~[spring-web-7.0.8.jar:7.0.8]
	at org.springframework.http.client.AbstractBufferingClientHttpRequest.executeInternal(AbstractBufferingClientHttpRequest.java:50) ~[spring-web-7.0.8.jar:7.0.8]
	at org.springframework.http.client.AbstractClientHttpRequest.execute(AbstractClientHttpRequest.java:80) ~[spring-web-7.0.8.jar:7.0.8]
	at org.springframework.web.client.DefaultRestClient$DefaultRequestBodyUriSpec.exchangeInternal(DefaultRestClient.java:614) ~[spring-web-7.0.8.jar:7.0.8]
	... 40 common frames omitted

2026-07-24T13:51:08.031+05:30  WARN 17334 --- [ConfigServer] [SpringApplicationShutdownHook] c.n.d.s.t.d.RetryableEurekaHttpClient    : Request execution failed with message: I/O error on DELETE request for "http://localhost:8761/eureka/apps/CONFIGSERVER": Connect to http://localhost:8761 failed: Connection refused
2026-07-24T13:51:08.031+05:30 ERROR 17334 --- [ConfigServer] [SpringApplicationShutdownHook] com.netflix.discovery.DiscoveryClient    : DiscoveryClient_CONFIGSERVER/null - de-registration failedCannot execute request on any known server

com.netflix.discovery.shared.transport.TransportException: Cannot execute request on any known server
	at com.netflix.discovery.shared.transport.decorator.RetryableEurekaHttpClient.execute(RetryableEurekaHttpClient.java:112) ~[eureka-client-2.0.6.jar:2.0.6]
	at com.netflix.discovery.shared.transport.decorator.EurekaHttpClientDecorator.cancel(EurekaHttpClientDecorator.java:71) ~[eureka-client-2.0.6.jar:2.0.6]
	at com.netflix.discovery.shared.transport.decorator.EurekaHttpClientDecorator$2.execute(EurekaHttpClientDecorator.java:74) ~[eureka-client-2.0.6.jar:2.0.6]
	at com.netflix.discovery.shared.transport.decorator.SessionedEurekaHttpClient.execute(SessionedEurekaHttpClient.java:76) ~[eureka-client-2.0.6.jar:2.0.6]
	at com.netflix.discovery.shared.transport.decorator.EurekaHttpClientDecorator.cancel(EurekaHttpClientDecorator.java:71) ~[eureka-client-2.0.6.jar:2.0.6]
	at com.netflix.discovery.DiscoveryClient.unregister(DiscoveryClient.java:934) ~[eureka-client-2.0.6.jar:2.0.6]
	at com.netflix.discovery.DiscoveryClient.shutdown(DiscoveryClient.java:915) ~[eureka-client-2.0.6.jar:2.0.6]
	at java.base/jdk.internal.reflect.DirectMethodHandleAccessor.invoke(DirectMethodHandleAccessor.java:104) ~[na:na]
	at java.base/java.lang.reflect.Method.invoke(Method.java:565) ~[na:na]
	at org.springframework.beans.factory.annotation.InitDestroyAnnotationBeanPostProcessor$LifecycleMethod.invoke(InitDestroyAnnotationBeanPostProcessor.java:453) ~[spring-beans-7.0.8.jar:7.0.8]
	at org.springframework.beans.factory.annotation.InitDestroyAnnotationBeanPostProcessor$LifecycleMetadata.invokeDestroyMethods(InitDestroyAnnotationBeanPostProcessor.java:411) ~[spring-beans-7.0.8.jar:7.0.8]
	at org.springframework.beans.factory.annotation.InitDestroyAnnotationBeanPostProcessor.postProcessBeforeDestruction(InitDestroyAnnotationBeanPostProcessor.java:237) ~[spring-beans-7.0.8.jar:7.0.8]
	at org.springframework.beans.factory.support.DisposableBeanAdapter.destroy(DisposableBeanAdapter.java:200) ~[spring-beans-7.0.8.jar:7.0.8]
	at org.springframework.beans.factory.support.DisposableBeanAdapter.run(DisposableBeanAdapter.java:193) ~[spring-beans-7.0.8.jar:7.0.8]
	at org.springframework.cloud.context.scope.GenericScope$BeanLifecycleWrapper.destroy(GenericScope.java:387) ~[spring-cloud-context-5.0.2.jar:5.0.2]
	at org.springframework.cloud.context.scope.GenericScope.destroy(GenericScope.java:134) ~[spring-cloud-context-5.0.2.jar:5.0.2]
	at org.springframework.beans.factory.support.DisposableBeanAdapter.destroy(DisposableBeanAdapter.java:209) ~[spring-beans-7.0.8.jar:7.0.8]
	at org.springframework.beans.factory.support.DefaultSingletonBeanRegistry.destroyBean(DefaultSingletonBeanRegistry.java:795) ~[spring-beans-7.0.8.jar:7.0.8]
	at org.springframework.beans.factory.support.DefaultSingletonBeanRegistry.destroySingleton(DefaultSingletonBeanRegistry.java:745) ~[spring-beans-7.0.8.jar:7.0.8]
	at org.springframework.beans.factory.support.DefaultListableBeanFactory.destroySingleton(DefaultListableBeanFactory.java:1507) ~[spring-beans-7.0.8.jar:7.0.8]
	at org.springframework.beans.factory.support.DefaultSingletonBeanRegistry.destroySingletons(DefaultSingletonBeanRegistry.java:704) ~[spring-beans-7.0.8.jar:7.0.8]
	at org.springframework.beans.factory.support.DefaultListableBeanFactory.destroySingletons(DefaultListableBeanFactory.java:1500) ~[spring-beans-7.0.8.jar:7.0.8]
	at org.springframework.context.support.AbstractApplicationContext.destroyBeans(AbstractApplicationContext.java:1246) ~[spring-context-7.0.8.jar:7.0.8]
	at org.springframework.context.support.AbstractApplicationContext.doClose(AbstractApplicationContext.java:1207) ~[spring-context-7.0.8.jar:7.0.8]
	at org.springframework.boot.web.server.servlet.context.ServletWebServerApplicationContext.doClose(ServletWebServerApplicationContext.java:176) ~[spring-boot-web-server-4.1.0.jar:4.1.0]
	at org.springframework.context.support.AbstractApplicationContext.close(AbstractApplicationContext.java:1153) ~[spring-context-7.0.8.jar:7.0.8]
	at org.springframework.boot.SpringApplicationShutdownHook.closeAndWait(SpringApplicationShutdownHook.java:147) ~[spring-boot-4.1.0.jar:4.1.0]
	at java.base/java.lang.Iterable.forEach(Iterable.java:75) ~[na:na]
	at org.springframework.boot.SpringApplicationShutdownHook.run(SpringApplicationShutdownHook.java:116) ~[spring-boot-4.1.0.jar:4.1.0]
	at java.base/java.lang.Thread.run(Thread.java:1474) ~[na:na]

2026-07-24T13:51:08.031+05:30  INFO 17334 --- [ConfigServer] [SpringApplicationShutdownHook] com.netflix.discovery.DiscoveryClient    : Completed shut down of DiscoveryClient
2026-07-24T13:52:02.368+05:30  INFO 19182 --- [ConfigServer] [main] c.a.c.ConfigServerApplication            : Starting ConfigServerApplication using Java 25.0.3 with PID 19182 (/home/ishonpanda/Desktop/CAREER/PROJECTS/ECOMM/Ecomm-microservice/ConfigServer/target/classes started by ishonpanda in /home/ishonpanda/Desktop/CAREER/PROJECTS/ECOMM/Ecomm-microservice)
2026-07-24T13:52:02.370+05:30  INFO 19182 --- [ConfigServer] [main] c.a.c.ConfigServerApplication            : The following 1 profile is active: "native"
2026-07-24T13:52:03.332+05:30  INFO 19182 --- [ConfigServer] [main] faultConfiguringBeanFactoryPostProcessor : No bean named 'errorChannel' has been explicitly defined. Therefore, a default PublishSubscribeChannel will be created.
2026-07-24T13:52:03.338+05:30  INFO 19182 --- [ConfigServer] [main] faultConfiguringBeanFactoryPostProcessor : No bean named 'integrationHeaderChannelRegistry' has been explicitly defined. Therefore, a default DefaultHeaderChannelRegistry will be created.
2026-07-24T13:52:03.376+05:30  INFO 19182 --- [ConfigServer] [main] o.s.cloud.context.scope.GenericScope     : BeanFactory id=be9661ff-f471-3658-beef-1371c569d9e7
2026-07-24T13:52:03.622+05:30  INFO 19182 --- [ConfigServer] [main] o.s.boot.tomcat.TomcatWebServer          : Tomcat initialized with port 8888 (http)
2026-07-24T13:52:03.632+05:30  INFO 19182 --- [ConfigServer] [main] o.apache.catalina.core.StandardService   : Starting service [Tomcat]
2026-07-24T13:52:03.632+05:30  INFO 19182 --- [ConfigServer] [main] o.apache.catalina.core.StandardEngine    : Starting Servlet engine: [Apache Tomcat/11.0.22]
2026-07-24T13:52:03.664+05:30  INFO 19182 --- [ConfigServer] [main] b.w.c.s.WebApplicationContextInitializer : Root WebApplicationContext: initialization completed in 1256 ms
2026-07-24T13:52:04.340+05:30  INFO 19182 --- [ConfigServer] [main] o.s.c.s.m.DirectWithAttributesChannel    : Channel 'ConfigServer.springCloudBusInput' has 1 subscriber(s).
2026-07-24T13:52:04.766+05:30  INFO 19182 --- [ConfigServer] [main] DiscoveryClientOptionalArgsConfiguration : Eureka HTTP Client uses RestClient.
2026-07-24T13:52:04.878+05:30  WARN 19182 --- [ConfigServer] [main] iguration$LoadBalancerCaffeineWarnLogger : Spring Cloud LoadBalancer is currently working with the default cache. While this cache implementation is useful for development and tests, it's recommended to use Caffeine cache in production.You can switch to using Caffeine cache, by adding it and org.springframework.cache.caffeine.CaffeineCacheManager to the classpath.
2026-07-24T13:52:04.884+05:30  INFO 19182 --- [ConfigServer] [main] o.s.b.a.e.web.EndpointLinksResolver      : Exposing 6 endpoints beneath base path '/actuator'
2026-07-24T13:52:04.959+05:30  INFO 19182 --- [ConfigServer] [main] figuration$IntegrationJmxConfiguration$1 : Registering MessageChannel errorChannel
2026-07-24T13:52:04.963+05:30  INFO 19182 --- [ConfigServer] [main] figuration$IntegrationJmxConfiguration$1 : Registering MessageChannel springCloudBusInput
2026-07-24T13:52:04.966+05:30  INFO 19182 --- [ConfigServer] [main] figuration$IntegrationJmxConfiguration$1 : Registering MessageChannel nullChannel
2026-07-24T13:52:04.969+05:30  INFO 19182 --- [ConfigServer] [main] figuration$IntegrationJmxConfiguration$1 : Registering MessageHandler _org.springframework.integration.errorLogger
2026-07-24T13:52:04.979+05:30  INFO 19182 --- [ConfigServer] [main] o.s.i.endpoint.EventDrivenConsumer       : Adding {logging-channel-adapter:_org.springframework.integration.errorLogger} as a subscriber to the 'errorChannel' channel
2026-07-24T13:52:04.980+05:30  INFO 19182 --- [ConfigServer] [main] o.s.i.channel.PublishSubscribeChannel    : Channel 'ConfigServer.errorChannel' has 1 subscriber(s).
2026-07-24T13:52:04.980+05:30  INFO 19182 --- [ConfigServer] [main] o.s.i.endpoint.EventDrivenConsumer       : started bean '_org.springframework.integration.errorLogger'
2026-07-24T13:52:05.001+05:30  INFO 19182 --- [ConfigServer] [main] o.s.c.n.eureka.InstanceInfoFactory       : Setting initial instance status as: STARTING
2026-07-24T13:52:05.019+05:30  INFO 19182 --- [ConfigServer] [main] com.netflix.discovery.DiscoveryClient    : Initializing Eureka in region us-east-1
2026-07-24T13:52:05.023+05:30  INFO 19182 --- [ConfigServer] [main] c.n.d.s.r.aws.ConfigClusterResolver      : Resolving eureka endpoints via configuration
2026-07-24T13:52:05.029+05:30  INFO 19182 --- [ConfigServer] [main] com.netflix.discovery.DiscoveryClient    : Disable delta property : false
2026-07-24T13:52:05.029+05:30  INFO 19182 --- [ConfigServer] [main] com.netflix.discovery.DiscoveryClient    : Single vip registry refresh property : null
2026-07-24T13:52:05.029+05:30  INFO 19182 --- [ConfigServer] [main] com.netflix.discovery.DiscoveryClient    : Force full registry fetch : false
2026-07-24T13:52:05.029+05:30  INFO 19182 --- [ConfigServer] [main] com.netflix.discovery.DiscoveryClient    : Application is null : false
2026-07-24T13:52:05.029+05:30  INFO 19182 --- [ConfigServer] [main] com.netflix.discovery.DiscoveryClient    : Registered Applications size is zero : true
2026-07-24T13:52:05.029+05:30  INFO 19182 --- [ConfigServer] [main] com.netflix.discovery.DiscoveryClient    : Application version is -1: true
2026-07-24T13:52:05.029+05:30  INFO 19182 --- [ConfigServer] [main] com.netflix.discovery.DiscoveryClient    : Getting all instance registry info from the eureka server
2026-07-24T13:52:05.288+05:30  INFO 19182 --- [ConfigServer] [main] com.netflix.discovery.DiscoveryClient    : The response status is 200
2026-07-24T13:52:05.289+05:30  INFO 19182 --- [ConfigServer] [main] com.netflix.discovery.DiscoveryClient    : Starting heartbeat executor: renew interval is: 5
2026-07-24T13:52:05.291+05:30  INFO 19182 --- [ConfigServer] [main] c.n.discovery.InstanceInfoReplicator     : InstanceInfoReplicator onDemand update allowed rate per min is 4
2026-07-24T13:52:05.292+05:30  INFO 19182 --- [ConfigServer] [main] com.netflix.discovery.DiscoveryClient    : Discovery Client initialized at timestamp 1784881325292 with initial instances count: 0
2026-07-24T13:52:05.295+05:30  INFO 19182 --- [ConfigServer] [main] o.s.c.n.e.s.EurekaServiceRegistry        : Registering application CONFIGSERVER with eureka with status UP
2026-07-24T13:52:05.296+05:30  INFO 19182 --- [ConfigServer] [main] com.netflix.discovery.DiscoveryClient    : Saw local status change event StatusChangeEvent [timestamp=1784881325296, current=UP, previous=STARTING]
2026-07-24T13:52:05.297+05:30  INFO 19182 --- [ConfigServer] [DiscoveryClient-InstanceInfoReplicator-%d] com.netflix.discovery.DiscoveryClient    : DiscoveryClient_CONFIGSERVER/fedora:ConfigServer:8888: registering service...
2026-07-24T13:52:05.299+05:30  INFO 19182 --- [ConfigServer] [main] o.s.c.s.binder.DefaultBinderFactory      : Creating binder: rabbit
2026-07-24T13:52:05.299+05:30  INFO 19182 --- [ConfigServer] [main] o.s.c.s.binder.DefaultBinderFactory      : Constructing binder child context for rabbit
2026-07-24T13:52:05.353+05:30  INFO 19182 --- [ConfigServer] [main] o.s.c.s.binder.DefaultBinderFactory      : Caching the binder: rabbit
2026-07-24T13:52:05.362+05:30  INFO 19182 --- [ConfigServer] [main] c.s.b.r.p.RabbitExchangeQueueProvisioner : declaring queue for inbound: springCloudBus.anonymous.P2SavsuaSV-k9h-3QKpEfw, bound to: springCloudBus
2026-07-24T13:52:05.365+05:30  INFO 19182 --- [ConfigServer] [main] o.s.a.r.c.CachingConnectionFactory       : Attempting to connect to: [localhost:5672]
2026-07-24T13:52:05.386+05:30  INFO 19182 --- [ConfigServer] [DiscoveryClient-InstanceInfoReplicator-%d] com.netflix.discovery.DiscoveryClient    : DiscoveryClient_CONFIGSERVER/fedora:ConfigServer:8888 - registration status: 204
2026-07-24T13:52:05.397+05:30  INFO 19182 --- [ConfigServer] [main] o.s.a.r.c.CachingConnectionFactory       : Created new connection: rabbitConnectionFactory#49665f92:0/SimpleConnection@6771efaa [delegate=amqp://guest@127.0.0.1:5672/, localPort=36196]
2026-07-24T13:52:05.437+05:30  INFO 19182 --- [ConfigServer] [main] o.s.c.stream.binder.BinderErrorChannel   : Channel 'rabbit-181806430.springCloudBusInput.errors' has 1 subscriber(s).
2026-07-24T13:52:05.438+05:30  INFO 19182 --- [ConfigServer] [main] o.s.c.stream.binder.BinderErrorChannel   : Channel 'rabbit-181806430.springCloudBusInput.errors' has 2 subscriber(s).
2026-07-24T13:52:05.452+05:30  INFO 19182 --- [ConfigServer] [main] o.s.i.a.i.AmqpInboundChannelAdapter      : started bean 'inbound.springCloudBus.anonymous.P2SavsuaSV-k9h-3QKpEfw'
2026-07-24T13:52:05.461+05:30  INFO 19182 --- [ConfigServer] [main] o.s.boot.tomcat.TomcatWebServer          : Tomcat started on port 8888 (http) with context path '/'
2026-07-24T13:52:05.462+05:30  INFO 19182 --- [ConfigServer] [main] .s.c.n.e.s.EurekaAutoServiceRegistration : Updating port to 8888
2026-07-24T13:52:05.484+05:30  INFO 19182 --- [ConfigServer] [main] figuration$IntegrationJmxConfiguration$1 : Registering MessageChannel rabbit-181806430.springCloudBusInput.errors
2026-07-24T13:52:05.498+05:30  INFO 19182 --- [ConfigServer] [main] c.a.c.ConfigServerApplication            : Started ConfigServerApplication in 3.54 seconds (process running for 4.159)
2026-07-24T13:52:06.080+05:30  INFO 19182 --- [ConfigServer] [RMI TCP Connection(4)-192.168.0.186] o.a.c.c.C.[Tomcat].[localhost].[/]       : Initializing Spring DispatcherServlet 'dispatcherServlet'
2026-07-24T13:52:06.081+05:30  INFO 19182 --- [ConfigServer] [RMI TCP Connection(4)-192.168.0.186] o.s.web.servlet.DispatcherServlet        : Initializing Servlet 'dispatcherServlet'
2026-07-24T13:52:06.083+05:30  INFO 19182 --- [ConfigServer] [RMI TCP Connection(4)-192.168.0.186] o.s.web.servlet.DispatcherServlet        : Completed initialization in 2 ms
2026-07-24T13:52:33.208+05:30  INFO 19182 --- [ConfigServer] [http-nio-8888-exec-2] o.s.c.c.s.e.NativeEnvironmentRepository  : Adding property source: Config resource 'file [/home/ishonpanda/Desktop/CAREER/PROJECTS/ECOMM/Ecomm-microservice/ConfigServer/src/main/resources/config/UserModule-dev.yaml]' via location 'file:///home/ishonpanda/Desktop/CAREER/PROJECTS/ECOMM/Ecomm-microservice/ConfigServer/src/main/resources/config/'
2026-07-24T13:52:35.290+05:30  INFO 19182 --- [ConfigServer] [DiscoveryClient-CacheRefreshExecutor-%d] com.netflix.discovery.DiscoveryClient    : Disable delta property : false
2026-07-24T13:52:35.290+05:30  INFO 19182 --- [ConfigServer] [DiscoveryClient-CacheRefreshExecutor-%d] com.netflix.discovery.DiscoveryClient    : Single vip registry refresh property : null
2026-07-24T13:52:35.290+05:30  INFO 19182 --- [ConfigServer] [DiscoveryClient-CacheRefreshExecutor-%d] com.netflix.discovery.DiscoveryClient    : Force full registry fetch : false
2026-07-24T13:52:35.290+05:30  INFO 19182 --- [ConfigServer] [DiscoveryClient-CacheRefreshExecutor-%d] com.netflix.discovery.DiscoveryClient    : Application is null : false
2026-07-24T13:52:35.290+05:30  INFO 19182 --- [ConfigServer] [DiscoveryClient-CacheRefreshExecutor-%d] com.netflix.discovery.DiscoveryClient    : Registered Applications size is zero : true
2026-07-24T13:52:35.290+05:30  INFO 19182 --- [ConfigServer] [DiscoveryClient-CacheRefreshExecutor-%d] com.netflix.discovery.DiscoveryClient    : Application version is -1: false
2026-07-24T13:52:35.290+05:30  INFO 19182 --- [ConfigServer] [DiscoveryClient-CacheRefreshExecutor-%d] com.netflix.discovery.DiscoveryClient    : Getting all instance registry info from the eureka server
2026-07-24T13:52:35.307+05:30  INFO 19182 --- [ConfigServer] [DiscoveryClient-CacheRefreshExecutor-%d] com.netflix.discovery.DiscoveryClient    : The response status is 200
2026-07-24T13:53:38.540+05:30  WARN 19182 --- [ConfigServer] [http-nio-8888-exec-7] .w.s.m.s.DefaultHandlerExceptionResolver : Resolved [org.springframework.web.HttpRequestMethodNotSupportedException: Request method 'GET' is not supported]
2026-07-24T13:53:41.417+05:30  WARN 19182 --- [ConfigServer] [http-nio-8888-exec-8] .w.s.m.s.DefaultHandlerExceptionResolver : Resolved [org.springframework.web.HttpRequestMethodNotSupportedException: Request method 'GET' is not supported]
2026-07-24T13:53:41.743+05:30  WARN 19182 --- [ConfigServer] [http-nio-8888-exec-9] .w.s.m.s.DefaultHandlerExceptionResolver : Resolved [org.springframework.web.HttpRequestMethodNotSupportedException: Request method 'GET' is not supported]
2026-07-24T13:53:41.902+05:30  WARN 19182 --- [ConfigServer] [http-nio-8888-exec-10] .w.s.m.s.DefaultHandlerExceptionResolver : Resolved [org.springframework.web.HttpRequestMethodNotSupportedException: Request method 'GET' is not supported]
2026-07-24T13:53:42.071+05:30  WARN 19182 --- [ConfigServer] [http-nio-8888-exec-1] .w.s.m.s.DefaultHandlerExceptionResolver : Resolved [org.springframework.web.HttpRequestMethodNotSupportedException: Request method 'GET' is not supported]
2026-07-24T13:53:57.452+05:30  INFO 19182 --- [ConfigServer] [http-nio-8888-exec-2] o.s.c.s.m.DirectWithAttributesChannel    : Channel 'ConfigServer.springCloudBusOutput' has 1 subscriber(s).
2026-07-24T13:53:57.475+05:30  INFO 19182 --- [ConfigServer] [http-nio-8888-exec-2] o.s.a.r.c.CachingConnectionFactory       : Attempting to connect to: [localhost:5672]
2026-07-24T13:53:57.480+05:30  INFO 19182 --- [ConfigServer] [http-nio-8888-exec-2] o.s.a.r.c.CachingConnectionFactory       : Created new connection: rabbitConnectionFactory.publisher#14388818:0/SimpleConnection@3116e1cc [delegate=amqp://guest@127.0.0.1:5672/, localPort=42994]
2026-07-24T13:53:57.483+05:30  INFO 19182 --- [ConfigServer] [http-nio-8888-exec-2] o.s.amqp.rabbit.core.RabbitAdmin         : Auto-declaring a non-durable, auto-delete, or exclusive Queue (springCloudBus.anonymous.P2SavsuaSV-k9h-3QKpEfw) durable:false, auto-delete:true, exclusive:true. It will be redeclared if the broker stops and is restarted while the connection factory is alive, but all messages will be lost.
2026-07-24T13:53:57.513+05:30  INFO 19182 --- [ConfigServer] [http-nio-8888-exec-2] o.s.cloud.bus.event.RefreshListener      : Received remote refresh request.
2026-07-24T13:53:57.588+05:30  INFO 19182 --- [ConfigServer] [http-nio-8888-exec-4] o.s.c.c.s.e.NativeEnvironmentRepository  : Adding property source: Config resource 'file [/home/ishonpanda/Desktop/CAREER/PROJECTS/ECOMM/Ecomm-microservice/ConfigServer/src/main/resources/config/UserModule-dev.yaml]' via location 'file:///home/ishonpanda/Desktop/CAREER/PROJECTS/ECOMM/Ecomm-microservice/ConfigServer/src/main/resources/config/'
2026-07-24T13:53:57.620+05:30  WARN 19182 --- [ConfigServer] [http-nio-8888-exec-2] .s.c.c.p.ConfigurationPropertiesRebinder : Cannot create default instance of org.springframework.cloud.config.server.config.ConfigServerHealthIndicator for reset; skipping property reset

org.springframework.beans.BeanInstantiationException: Failed to instantiate [org.springframework.cloud.config.server.config.ConfigServerHealthIndicator]: No default constructor found
	at org.springframework.beans.BeanUtils.instantiateClass(BeanUtils.java:143) ~[spring-beans-7.0.8.jar:7.0.8]
	at org.springframework.cloud.context.properties.ConfigurationPropertiesRebinder.resetBeanToDefaults(ConfigurationPropertiesRebinder.java:192) ~[spring-cloud-context-5.0.2.jar:5.0.2]
	at org.springframework.cloud.context.properties.ConfigurationPropertiesRebinder.rebind(ConfigurationPropertiesRebinder.java:167) ~[spring-cloud-context-5.0.2.jar:5.0.2]
	at org.springframework.cloud.context.properties.ConfigurationPropertiesRebinder.rebind(ConfigurationPropertiesRebinder.java:111) ~[spring-cloud-context-5.0.2.jar:5.0.2]
	at org.springframework.cloud.context.properties.ConfigurationPropertiesRebinder.rebind(ConfigurationPropertiesRebinder.java:99) ~[spring-cloud-context-5.0.2.jar:5.0.2]
	at org.springframework.cloud.context.properties.ConfigurationPropertiesRebinder.onApplicationEvent(ConfigurationPropertiesRebinder.java:261) ~[spring-cloud-context-5.0.2.jar:5.0.2]
	at org.springframework.cloud.context.properties.ConfigurationPropertiesRebinder.onApplicationEvent(ConfigurationPropertiesRebinder.java:65) ~[spring-cloud-context-5.0.2.jar:5.0.2]
	at org.springframework.context.event.SimpleApplicationEventMulticaster.doInvokeListener(SimpleApplicationEventMulticaster.java:180) ~[spring-context-7.0.8.jar:7.0.8]
	at org.springframework.context.event.SimpleApplicationEventMulticaster.invokeListener(SimpleApplicationEventMulticaster.java:173) ~[spring-context-7.0.8.jar:7.0.8]
	at org.springframework.context.event.SimpleApplicationEventMulticaster.multicastEvent(SimpleApplicationEventMulticaster.java:151) ~[spring-context-7.0.8.jar:7.0.8]
	at org.springframework.context.support.AbstractApplicationContext.publishEvent(AbstractApplicationContext.java:448) ~[spring-context-7.0.8.jar:7.0.8]
	at org.springframework.context.support.AbstractApplicationContext.publishEvent(AbstractApplicationContext.java:381) ~[spring-context-7.0.8.jar:7.0.8]
	at org.springframework.cloud.context.refresh.ContextRefresher.refreshEnvironment(ContextRefresher.java:103) ~[spring-cloud-context-5.0.2.jar:5.0.2]
	at org.springframework.cloud.context.refresh.ContextRefresher.refresh(ContextRefresher.java:94) ~[spring-cloud-context-5.0.2.jar:5.0.2]
	at org.springframework.cloud.bus.event.RefreshListener.onApplicationEvent(RefreshListener.java:49) ~[spring-cloud-bus-5.0.2.jar:5.0.2]
	at org.springframework.cloud.bus.event.RefreshListener.onApplicationEvent(RefreshListener.java:32) ~[spring-cloud-bus-5.0.2.jar:5.0.2]
	at org.springframework.context.event.SimpleApplicationEventMulticaster.doInvokeListener(SimpleApplicationEventMulticaster.java:180) ~[spring-context-7.0.8.jar:7.0.8]
	at org.springframework.context.event.SimpleApplicationEventMulticaster.invokeListener(SimpleApplicationEventMulticaster.java:173) ~[spring-context-7.0.8.jar:7.0.8]
	at org.springframework.context.event.SimpleApplicationEventMulticaster.multicastEvent(SimpleApplicationEventMulticaster.java:151) ~[spring-context-7.0.8.jar:7.0.8]
	at org.springframework.context.support.AbstractApplicationContext.publishEvent(AbstractApplicationContext.java:448) ~[spring-context-7.0.8.jar:7.0.8]
	at org.springframework.context.support.AbstractApplicationContext.publishEvent(AbstractApplicationContext.java:381) ~[spring-context-7.0.8.jar:7.0.8]
	at org.springframework.cloud.bus.endpoint.AbstractBusEndpoint.publish(AbstractBusEndpoint.java:54) ~[spring-cloud-bus-5.0.2.jar:5.0.2]
	at org.springframework.cloud.bus.endpoint.RefreshBusEndpoint.busRefresh(RefreshBusEndpoint.java:46) ~[spring-cloud-bus-5.0.2.jar:5.0.2]
	at java.base/jdk.internal.reflect.DirectMethodHandleAccessor.invoke(DirectMethodHandleAccessor.java:104) ~[na:na]
	at java.base/java.lang.reflect.Method.invoke(Method.java:565) ~[na:na]
	at org.springframework.util.ReflectionUtils.invokeMethod(ReflectionUtils.java:281) ~[spring-core-7.0.8.jar:7.0.8]
	at org.springframework.boot.actuate.endpoint.invoke.reflect.ReflectiveOperationInvoker.invoke(ReflectiveOperationInvoker.java:76) ~[spring-boot-actuator-4.1.0.jar:4.1.0]
	at org.springframework.boot.actuate.endpoint.annotation.AbstractDiscoveredOperation.invoke(AbstractDiscoveredOperation.java:62) ~[spring-boot-actuator-4.1.0.jar:4.1.0]
	at org.springframework.boot.webmvc.actuate.endpoint.web.AbstractWebMvcEndpointHandlerMapping$ServletWebOperationAdapter.handle(AbstractWebMvcEndpointHandlerMapping.java:347) ~[spring-boot-webmvc-4.1.0.jar:4.1.0]
	at org.springframework.boot.webmvc.actuate.endpoint.web.AbstractWebMvcEndpointHandlerMapping$OperationHandler.handle(AbstractWebMvcEndpointHandlerMapping.java:476) ~[spring-boot-webmvc-4.1.0.jar:4.1.0]
	at java.base/jdk.internal.reflect.DirectMethodHandleAccessor.invoke(DirectMethodHandleAccessor.java:104) ~[na:na]
	at java.base/java.lang.reflect.Method.invoke(Method.java:565) ~[na:na]
	at org.springframework.web.method.support.InvocableHandlerMethod.doInvoke(InvocableHandlerMethod.java:252) ~[spring-web-7.0.8.jar:7.0.8]
	at org.springframework.web.method.support.InvocableHandlerMethod.invokeForRequest(InvocableHandlerMethod.java:184) ~[spring-web-7.0.8.jar:7.0.8]
	at org.springframework.web.servlet.mvc.method.annotation.ServletInvocableHandlerMethod.invokeAndHandle(ServletInvocableHandlerMethod.java:117) ~[spring-webmvc-7.0.8.jar:7.0.8]
	at org.springframework.web.servlet.mvc.method.annotation.RequestMappingHandlerAdapter.invokeHandlerMethod(RequestMappingHandlerAdapter.java:934) ~[spring-webmvc-7.0.8.jar:7.0.8]
	at org.springframework.web.servlet.mvc.method.annotation.RequestMappingHandlerAdapter.handleInternal(RequestMappingHandlerAdapter.java:853) ~[spring-webmvc-7.0.8.jar:7.0.8]
	at org.springframework.web.servlet.mvc.method.AbstractHandlerMethodAdapter.handle(AbstractHandlerMethodAdapter.java:86) ~[spring-webmvc-7.0.8.jar:7.0.8]
	at org.springframework.web.servlet.DispatcherServlet.doDispatch(DispatcherServlet.java:963) ~[spring-webmvc-7.0.8.jar:7.0.8]
	at org.springframework.web.servlet.DispatcherServlet.doService(DispatcherServlet.java:866) ~[spring-webmvc-7.0.8.jar:7.0.8]
	at org.springframework.web.servlet.FrameworkServlet.processRequest(FrameworkServlet.java:1000) ~[spring-webmvc-7.0.8.jar:7.0.8]
	at org.springframework.web.servlet.FrameworkServlet.doPost(FrameworkServlet.java:903) ~[spring-webmvc-7.0.8.jar:7.0.8]
	at jakarta.servlet.http.HttpServlet.service(HttpServlet.java:649) ~[tomcat-embed-core-11.0.22.jar:6.1]
	at org.springframework.web.servlet.FrameworkServlet.service(FrameworkServlet.java:874) ~[spring-webmvc-7.0.8.jar:7.0.8]
	at jakarta.servlet.http.HttpServlet.service(HttpServlet.java:710) ~[tomcat-embed-core-11.0.22.jar:6.1]
	at org.apache.catalina.core.ApplicationFilterChain.doFilter(ApplicationFilterChain.java:128) ~[tomcat-embed-core-11.0.22.jar:11.0.22]
	at org.apache.tomcat.websocket.server.WsFilter.doFilter(WsFilter.java:53) ~[tomcat-embed-websocket-11.0.22.jar:11.0.22]
	at org.apache.catalina.core.ApplicationFilterChain.doFilter(ApplicationFilterChain.java:107) ~[tomcat-embed-core-11.0.22.jar:11.0.22]
	at org.springframework.web.filter.RequestContextFilter.doFilterInternal(RequestContextFilter.java:100) ~[spring-web-7.0.8.jar:7.0.8]
	at org.springframework.web.filter.OncePerRequestFilter.doFilter(OncePerRequestFilter.java:116) ~[spring-web-7.0.8.jar:7.0.8]
	at org.apache.catalina.core.ApplicationFilterChain.doFilter(ApplicationFilterChain.java:107) ~[tomcat-embed-core-11.0.22.jar:11.0.22]
	at org.springframework.web.filter.FormContentFilter.doFilterInternal(FormContentFilter.java:93) ~[spring-web-7.0.8.jar:7.0.8]
	at org.springframework.web.filter.OncePerRequestFilter.doFilter(OncePerRequestFilter.java:116) ~[spring-web-7.0.8.jar:7.0.8]
	at org.apache.catalina.core.ApplicationFilterChain.doFilter(ApplicationFilterChain.java:107) ~[tomcat-embed-core-11.0.22.jar:11.0.22]
	at org.springframework.web.filter.ServerHttpObservationFilter.doFilterInternal(ServerHttpObservationFilter.java:110) ~[spring-web-7.0.8.jar:7.0.8]
	at org.springframework.web.filter.OncePerRequestFilter.doFilter(OncePerRequestFilter.java:116) ~[spring-web-7.0.8.jar:7.0.8]
	at org.apache.catalina.core.ApplicationFilterChain.doFilter(ApplicationFilterChain.java:107) ~[tomcat-embed-core-11.0.22.jar:11.0.22]
	at org.springframework.web.filter.CharacterEncodingFilter.doFilterInternal(CharacterEncodingFilter.java:199) ~[spring-web-7.0.8.jar:7.0.8]
	at org.springframework.web.filter.OncePerRequestFilter.doFilter(OncePerRequestFilter.java:116) ~[spring-web-7.0.8.jar:7.0.8]
	at org.apache.catalina.core.ApplicationFilterChain.doFilter(ApplicationFilterChain.java:107) ~[tomcat-embed-core-11.0.22.jar:11.0.22]
	at org.apache.catalina.core.StandardWrapperValve.invoke(StandardWrapperValve.java:165) ~[tomcat-embed-core-11.0.22.jar:11.0.22]
	at org.apache.catalina.core.StandardContextValve.invoke(StandardContextValve.java:77) ~[tomcat-embed-core-11.0.22.jar:11.0.22]
	at org.apache.catalina.authenticator.AuthenticatorBase.invoke(AuthenticatorBase.java:492) ~[tomcat-embed-core-11.0.22.jar:11.0.22]
	at org.apache.catalina.core.StandardHostValve.invoke(StandardHostValve.java:113) ~[tomcat-embed-core-11.0.22.jar:11.0.22]
	at org.apache.catalina.valves.ErrorReportValve.invoke(ErrorReportValve.java:83) ~[tomcat-embed-core-11.0.22.jar:11.0.22]
	at org.apache.catalina.core.StandardEngineValve.invoke(StandardEngineValve.java:72) ~[tomcat-embed-core-11.0.22.jar:11.0.22]
	at org.apache.catalina.connector.CoyoteAdapter.service(CoyoteAdapter.java:341) ~[tomcat-embed-core-11.0.22.jar:11.0.22]
	at org.apache.coyote.http11.Http11Processor.service(Http11Processor.java:397) ~[tomcat-embed-core-11.0.22.jar:11.0.22]
	at org.apache.coyote.AbstractProcessorLight.process(AbstractProcessorLight.java:63) ~[tomcat-embed-core-11.0.22.jar:11.0.22]
	at org.apache.coyote.AbstractProtocol$ConnectionHandler.process(AbstractProtocol.java:1272) ~[tomcat-embed-core-11.0.22.jar:11.0.22]
	at org.apache.tomcat.util.net.NioEndpoint$SocketProcessor.doRun(NioEndpoint.java:1801) ~[tomcat-embed-core-11.0.22.jar:11.0.22]
	at org.apache.tomcat.util.net.SocketProcessorBase.run(SocketProcessorBase.java:52) ~[tomcat-embed-core-11.0.22.jar:11.0.22]
	at org.apache.tomcat.util.threads.ThreadPoolExecutor.runWorker(ThreadPoolExecutor.java:946) ~[tomcat-embed-core-11.0.22.jar:11.0.22]
	at org.apache.tomcat.util.threads.ThreadPoolExecutor$Worker.run(ThreadPoolExecutor.java:480) ~[tomcat-embed-core-11.0.22.jar:11.0.22]
	at org.apache.tomcat.util.threads.TaskThread$WrappingRunnable.run(TaskThread.java:57) ~[tomcat-embed-core-11.0.22.jar:11.0.22]
	at java.base/java.lang.Thread.run(Thread.java:1474) ~[na:na]
Caused by: java.lang.NoSuchMethodException: org.springframework.cloud.config.server.config.ConfigServerHealthIndicator.<init>()
	at java.base/java.lang.Class.getConstructor0(Class.java:3187) ~[na:na]
	at java.base/java.lang.Class.getDeclaredConstructor(Class.java:2491) ~[na:na]
	at org.springframework.beans.BeanUtils.instantiateClass(BeanUtils.java:138) ~[spring-beans-7.0.8.jar:7.0.8]
	... 75 common frames omitted

2026-07-24T13:53:57.673+05:30  INFO 19182 --- [ConfigServer] [http-nio-8888-exec-2] com.netflix.discovery.DiscoveryClient    : Shutting down DiscoveryClient ...
2026-07-24T13:54:00.674+05:30  INFO 19182 --- [ConfigServer] [http-nio-8888-exec-2] com.netflix.discovery.DiscoveryClient    : Unregistering ...
2026-07-24T13:54:00.680+05:30  INFO 19182 --- [ConfigServer] [http-nio-8888-exec-2] com.netflix.discovery.DiscoveryClient    : DiscoveryClient_CONFIGSERVER/fedora:ConfigServer:8888 - deregister  status: 200
2026-07-24T13:54:00.680+05:30  INFO 19182 --- [ConfigServer] [http-nio-8888-exec-2] com.netflix.discovery.DiscoveryClient    : Completed shut down of DiscoveryClient
2026-07-24T13:54:00.681+05:30  WARN 19182 --- [ConfigServer] [http-nio-8888-exec-2] com.netflix.appinfo.InstanceInfo         : Passed in hostname is blank, not setting it
2026-07-24T13:54:00.682+05:30  INFO 19182 --- [ConfigServer] [http-nio-8888-exec-2] o.s.c.n.eureka.InstanceInfoFactory       : Setting initial instance status as: STARTING
2026-07-24T13:54:00.682+05:30  INFO 19182 --- [ConfigServer] [http-nio-8888-exec-2] com.netflix.discovery.DiscoveryClient    : Initializing Eureka in region us-east-1
2026-07-24T13:54:00.682+05:30  INFO 19182 --- [ConfigServer] [http-nio-8888-exec-2] c.n.d.s.r.aws.ConfigClusterResolver      : Resolving eureka endpoints via configuration
2026-07-24T13:54:00.682+05:30  INFO 19182 --- [ConfigServer] [http-nio-8888-exec-2] com.netflix.discovery.DiscoveryClient    : Disable delta property : false
2026-07-24T13:54:00.682+05:30  INFO 19182 --- [ConfigServer] [http-nio-8888-exec-2] com.netflix.discovery.DiscoveryClient    : Single vip registry refresh property : null
2026-07-24T13:54:00.683+05:30  INFO 19182 --- [ConfigServer] [http-nio-8888-exec-2] com.netflix.discovery.DiscoveryClient    : Force full registry fetch : false
2026-07-24T13:54:00.683+05:30  INFO 19182 --- [ConfigServer] [http-nio-8888-exec-2] com.netflix.discovery.DiscoveryClient    : Application is null : false
2026-07-24T13:54:00.683+05:30  INFO 19182 --- [ConfigServer] [http-nio-8888-exec-2] com.netflix.discovery.DiscoveryClient    : Registered Applications size is zero : true
2026-07-24T13:54:00.683+05:30  INFO 19182 --- [ConfigServer] [http-nio-8888-exec-2] com.netflix.discovery.DiscoveryClient    : Application version is -1: true
2026-07-24T13:54:00.683+05:30  INFO 19182 --- [ConfigServer] [http-nio-8888-exec-2] com.netflix.discovery.DiscoveryClient    : Getting all instance registry info from the eureka server
2026-07-24T13:54:00.697+05:30  INFO 19182 --- [ConfigServer] [http-nio-8888-exec-2] com.netflix.discovery.DiscoveryClient    : The response status is 200
2026-07-24T13:54:00.698+05:30 ERROR 19182 --- [ConfigServer] [http-nio-8888-exec-2] com.netflix.discovery.DiscoveryClient    : Fetch registry error at startup: Cannot invoke "Object.hashCode()" because "key" is null
2026-07-24T13:54:00.700+05:30 ERROR 19182 --- [ConfigServer] [http-nio-8888-exec-2] o.a.c.c.C.[.[.[/].[dispatcherServlet]    : Servlet.service() for servlet [dispatcherServlet] in context with path [] threw exception [Request processing failed: org.springframework.beans.factory.BeanCreationException: Error creating bean with name 'scopedTarget.eurekaClient' defined in class path resource [org/springframework/cloud/netflix/eureka/EurekaClientAutoConfiguration$RefreshableEurekaClientConfiguration.class]: Failed to instantiate [com.netflix.discovery.EurekaClient]: Factory method 'eurekaClient' threw exception with message: java.lang.NullPointerException: Cannot invoke "Object.hashCode()" because "key" is null] with root cause

java.lang.NullPointerException: Cannot invoke "Object.hashCode()" because "key" is null
	at java.base/java.util.concurrent.ConcurrentHashMap.get(ConcurrentHashMap.java:948) ~[na:na]
	at com.netflix.discovery.shared.Application.getByInstanceId(Application.java:181) ~[eureka-client-2.0.6.jar:2.0.6]
	at com.netflix.discovery.DiscoveryClient.updateInstanceRemoteStatus(DiscoveryClient.java:1006) ~[eureka-client-2.0.6.jar:2.0.6]
	at com.netflix.discovery.DiscoveryClient.fetchRegistry(DiscoveryClient.java:994) ~[eureka-client-2.0.6.jar:2.0.6]
	at com.netflix.discovery.DiscoveryClient.<init>(DiscoveryClient.java:419) ~[eureka-client-2.0.6.jar:2.0.6]
	at com.netflix.discovery.DiscoveryClient.<init>(DiscoveryClient.java:254) ~[eureka-client-2.0.6.jar:2.0.6]
	at com.netflix.discovery.DiscoveryClient.<init>(DiscoveryClient.java:249) ~[eureka-client-2.0.6.jar:2.0.6]
	at org.springframework.cloud.netflix.eureka.CloudEurekaClient.<init>(CloudEurekaClient.java:68) ~[spring-cloud-netflix-eureka-client-5.0.2.jar:5.0.2]
	at org.springframework.cloud.netflix.eureka.EurekaClientAutoConfiguration$RefreshableEurekaClientConfiguration.eurekaClient(EurekaClientAutoConfiguration.java:324) ~[spring-cloud-netflix-eureka-client-5.0.2.jar:5.0.2]
	at java.base/jdk.internal.reflect.DirectMethodHandleAccessor.invoke(DirectMethodHandleAccessor.java:104) ~[na:na]
	at java.base/java.lang.reflect.Method.invoke(Method.java:565) ~[na:na]
	at org.springframework.beans.factory.support.SimpleInstantiationStrategy.lambda$instantiate$0(SimpleInstantiationStrategy.java:155) ~[spring-beans-7.0.8.jar:7.0.8]
	at org.springframework.beans.factory.support.SimpleInstantiationStrategy.instantiateWithFactoryMethod(SimpleInstantiationStrategy.java:72) ~[spring-beans-7.0.8.jar:7.0.8]
	at org.springframework.beans.factory.support.SimpleInstantiationStrategy.instantiate(SimpleInstantiationStrategy.java:152) ~[spring-beans-7.0.8.jar:7.0.8]
	at org.springframework.beans.factory.support.ConstructorResolver.instantiate(ConstructorResolver.java:653) ~[spring-beans-7.0.8.jar:7.0.8]
	at org.springframework.beans.factory.support.ConstructorResolver.instantiateUsingFactoryMethod(ConstructorResolver.java:645) ~[spring-beans-7.0.8.jar:7.0.8]
	at org.springframework.beans.factory.support.AbstractAutowireCapableBeanFactory.instantiateUsingFactoryMethod(AbstractAutowireCapableBeanFactory.java:1360) ~[spring-beans-7.0.8.jar:7.0.8]
	at org.springframework.beans.factory.support.AbstractAutowireCapableBeanFactory.createBeanInstance(AbstractAutowireCapableBeanFactory.java:1192) ~[spring-beans-7.0.8.jar:7.0.8]
	at org.springframework.beans.factory.support.AbstractAutowireCapableBeanFactory.doCreateBean(AbstractAutowireCapableBeanFactory.java:565) ~[spring-beans-7.0.8.jar:7.0.8]
	at org.springframework.beans.factory.support.AbstractAutowireCapableBeanFactory.createBean(AbstractAutowireCapableBeanFactory.java:525) ~[spring-beans-7.0.8.jar:7.0.8]
	at org.springframework.beans.factory.support.AbstractBeanFactory.lambda$doGetBean$1(AbstractBeanFactory.java:372) ~[spring-beans-7.0.8.jar:7.0.8]
	at org.springframework.cloud.context.scope.GenericScope$BeanLifecycleWrapper.getBean(GenericScope.java:373) ~[spring-cloud-context-5.0.2.jar:5.0.2]
	at org.springframework.cloud.context.scope.GenericScope.get(GenericScope.java:177) ~[spring-cloud-context-5.0.2.jar:5.0.2]
	at org.springframework.beans.factory.support.AbstractBeanFactory.doGetBean(AbstractBeanFactory.java:369) ~[spring-beans-7.0.8.jar:7.0.8]
	at org.springframework.beans.factory.support.AbstractBeanFactory.getBean(AbstractBeanFactory.java:196) ~[spring-beans-7.0.8.jar:7.0.8]
	at org.springframework.aop.target.SimpleBeanTargetSource.getTarget(SimpleBeanTargetSource.java:35) ~[spring-aop-7.0.8.jar:7.0.8]
	at org.springframework.aop.framework.JdkDynamicAopProxy.invoke(JdkDynamicAopProxy.java:202) ~[spring-aop-7.0.8.jar:7.0.8]
	at jdk.proxy2/jdk.proxy2.$Proxy102.getApplications(Unknown Source) ~[na:na]
	at org.springframework.cloud.netflix.eureka.EurekaDiscoveryClientConfiguration$EurekaClientConfigurationRefresher.onApplicationEvent(EurekaDiscoveryClientConfiguration.java:91) ~[spring-cloud-netflix-eureka-client-5.0.2.jar:5.0.2]
	at org.springframework.cloud.netflix.eureka.EurekaDiscoveryClientConfiguration$EurekaClientConfigurationRefresher.onApplicationEvent(EurekaDiscoveryClientConfiguration.java:75) ~[spring-cloud-netflix-eureka-client-5.0.2.jar:5.0.2]
	at org.springframework.context.event.SimpleApplicationEventMulticaster.doInvokeListener(SimpleApplicationEventMulticaster.java:180) ~[spring-context-7.0.8.jar:7.0.8]
	at org.springframework.context.event.SimpleApplicationEventMulticaster.invokeListener(SimpleApplicationEventMulticaster.java:173) ~[spring-context-7.0.8.jar:7.0.8]
	at org.springframework.context.event.SimpleApplicationEventMulticaster.multicastEvent(SimpleApplicationEventMulticaster.java:151) ~[spring-context-7.0.8.jar:7.0.8]
	at org.springframework.context.support.AbstractApplicationContext.publishEvent(AbstractApplicationContext.java:448) ~[spring-context-7.0.8.jar:7.0.8]
	at org.springframework.context.support.AbstractApplicationContext.publishEvent(AbstractApplicationContext.java:381) ~[spring-context-7.0.8.jar:7.0.8]
	at org.springframework.cloud.context.scope.refresh.RefreshScope.refreshAll(RefreshScope.java:169) ~[spring-cloud-context-5.0.2.jar:5.0.2]
	at org.springframework.cloud.context.refresh.ContextRefresher.refresh(ContextRefresher.java:95) ~[spring-cloud-context-5.0.2.jar:5.0.2]
	at org.springframework.cloud.bus.event.RefreshListener.onApplicationEvent(RefreshListener.java:49) ~[spring-cloud-bus-5.0.2.jar:5.0.2]
	at org.springframework.cloud.bus.event.RefreshListener.onApplicationEvent(RefreshListener.java:32) ~[spring-cloud-bus-5.0.2.jar:5.0.2]
	at org.springframework.context.event.SimpleApplicationEventMulticaster.doInvokeListener(SimpleApplicationEventMulticaster.java:180) ~[spring-context-7.0.8.jar:7.0.8]
	at org.springframework.context.event.SimpleApplicationEventMulticaster.invokeListener(SimpleApplicationEventMulticaster.java:173) ~[spring-context-7.0.8.jar:7.0.8]
	at org.springframework.context.event.SimpleApplicationEventMulticaster.multicastEvent(SimpleApplicationEventMulticaster.java:151) ~[spring-context-7.0.8.jar:7.0.8]
	at org.springframework.context.support.AbstractApplicationContext.publishEvent(AbstractApplicationContext.java:448) ~[spring-context-7.0.8.jar:7.0.8]
	at org.springframework.context.support.AbstractApplicationContext.publishEvent(AbstractApplicationContext.java:381) ~[spring-context-7.0.8.jar:7.0.8]
	at org.springframework.cloud.bus.endpoint.AbstractBusEndpoint.publish(AbstractBusEndpoint.java:54) ~[spring-cloud-bus-5.0.2.jar:5.0.2]
	at org.springframework.cloud.bus.endpoint.RefreshBusEndpoint.busRefresh(RefreshBusEndpoint.java:46) ~[spring-cloud-bus-5.0.2.jar:5.0.2]
	at java.base/jdk.internal.reflect.DirectMethodHandleAccessor.invoke(DirectMethodHandleAccessor.java:104) ~[na:na]
	at java.base/java.lang.reflect.Method.invoke(Method.java:565) ~[na:na]
	at org.springframework.util.ReflectionUtils.invokeMethod(ReflectionUtils.java:281) ~[spring-core-7.0.8.jar:7.0.8]
	at org.springframework.boot.actuate.endpoint.invoke.reflect.ReflectiveOperationInvoker.invoke(ReflectiveOperationInvoker.java:76) ~[spring-boot-actuator-4.1.0.jar:4.1.0]
	at org.springframework.boot.actuate.endpoint.annotation.AbstractDiscoveredOperation.invoke(AbstractDiscoveredOperation.java:62) ~[spring-boot-actuator-4.1.0.jar:4.1.0]
	at org.springframework.boot.webmvc.actuate.endpoint.web.AbstractWebMvcEndpointHandlerMapping$ServletWebOperationAdapter.handle(AbstractWebMvcEndpointHandlerMapping.java:347) ~[spring-boot-webmvc-4.1.0.jar:4.1.0]
	at org.springframework.boot.webmvc.actuate.endpoint.web.AbstractWebMvcEndpointHandlerMapping$OperationHandler.handle(AbstractWebMvcEndpointHandlerMapping.java:476) ~[spring-boot-webmvc-4.1.0.jar:4.1.0]
	at java.base/jdk.internal.reflect.DirectMethodHandleAccessor.invoke(DirectMethodHandleAccessor.java:104) ~[na:na]
	at java.base/java.lang.reflect.Method.invoke(Method.java:565) ~[na:na]
	at org.springframework.web.method.support.InvocableHandlerMethod.doInvoke(InvocableHandlerMethod.java:252) ~[spring-web-7.0.8.jar:7.0.8]
	at org.springframework.web.method.support.InvocableHandlerMethod.invokeForRequest(InvocableHandlerMethod.java:184) ~[spring-web-7.0.8.jar:7.0.8]
	at org.springframework.web.servlet.mvc.method.annotation.ServletInvocableHandlerMethod.invokeAndHandle(ServletInvocableHandlerMethod.java:117) ~[spring-webmvc-7.0.8.jar:7.0.8]
	at org.springframework.web.servlet.mvc.method.annotation.RequestMappingHandlerAdapter.invokeHandlerMethod(RequestMappingHandlerAdapter.java:934) ~[spring-webmvc-7.0.8.jar:7.0.8]
	at org.springframework.web.servlet.mvc.method.annotation.RequestMappingHandlerAdapter.handleInternal(RequestMappingHandlerAdapter.java:853) ~[spring-webmvc-7.0.8.jar:7.0.8]
	at org.springframework.web.servlet.mvc.method.AbstractHandlerMethodAdapter.handle(AbstractHandlerMethodAdapter.java:86) ~[spring-webmvc-7.0.8.jar:7.0.8]
	at org.springframework.web.servlet.DispatcherServlet.doDispatch(DispatcherServlet.java:963) ~[spring-webmvc-7.0.8.jar:7.0.8]
	at org.springframework.web.servlet.DispatcherServlet.doService(DispatcherServlet.java:866) ~[spring-webmvc-7.0.8.jar:7.0.8]
	at org.springframework.web.servlet.FrameworkServlet.processRequest(FrameworkServlet.java:1000) ~[spring-webmvc-7.0.8.jar:7.0.8]
	at org.springframework.web.servlet.FrameworkServlet.doPost(FrameworkServlet.java:903) ~[spring-webmvc-7.0.8.jar:7.0.8]
	at jakarta.servlet.http.HttpServlet.service(HttpServlet.java:649) ~[tomcat-embed-core-11.0.22.jar:6.1]
	at org.springframework.web.servlet.FrameworkServlet.service(FrameworkServlet.java:874) ~[spring-webmvc-7.0.8.jar:7.0.8]
	at jakarta.servlet.http.HttpServlet.service(HttpServlet.java:710) ~[tomcat-embed-core-11.0.22.jar:6.1]
	at org.apache.catalina.core.ApplicationFilterChain.doFilter(ApplicationFilterChain.java:128) ~[tomcat-embed-core-11.0.22.jar:11.0.22]
	at org.apache.tomcat.websocket.server.WsFilter.doFilter(WsFilter.java:53) ~[tomcat-embed-websocket-11.0.22.jar:11.0.22]
	at org.apache.catalina.core.ApplicationFilterChain.doFilter(ApplicationFilterChain.java:107) ~[tomcat-embed-core-11.0.22.jar:11.0.22]
	at org.springframework.web.filter.RequestContextFilter.doFilterInternal(RequestContextFilter.java:100) ~[spring-web-7.0.8.jar:7.0.8]
	at org.springframework.web.filter.OncePerRequestFilter.doFilter(OncePerRequestFilter.java:116) ~[spring-web-7.0.8.jar:7.0.8]
	at org.apache.catalina.core.ApplicationFilterChain.doFilter(ApplicationFilterChain.java:107) ~[tomcat-embed-core-11.0.22.jar:11.0.22]
	at org.springframework.web.filter.FormContentFilter.doFilterInternal(FormContentFilter.java:93) ~[spring-web-7.0.8.jar:7.0.8]
	at org.springframework.web.filter.OncePerRequestFilter.doFilter(OncePerRequestFilter.java:116) ~[spring-web-7.0.8.jar:7.0.8]
	at org.apache.catalina.core.ApplicationFilterChain.doFilter(ApplicationFilterChain.java:107) ~[tomcat-embed-core-11.0.22.jar:11.0.22]
	at org.springframework.web.filter.ServerHttpObservationFilter.doFilterInternal(ServerHttpObservationFilter.java:110) ~[spring-web-7.0.8.jar:7.0.8]
	at org.springframework.web.filter.OncePerRequestFilter.doFilter(OncePerRequestFilter.java:116) ~[spring-web-7.0.8.jar:7.0.8]
	at org.apache.catalina.core.ApplicationFilterChain.doFilter(ApplicationFilterChain.java:107) ~[tomcat-embed-core-11.0.22.jar:11.0.22]
	at org.springframework.web.filter.CharacterEncodingFilter.doFilterInternal(CharacterEncodingFilter.java:199) ~[spring-web-7.0.8.jar:7.0.8]
	at org.springframework.web.filter.OncePerRequestFilter.doFilter(OncePerRequestFilter.java:116) ~[spring-web-7.0.8.jar:7.0.8]
	at org.apache.catalina.core.ApplicationFilterChain.doFilter(ApplicationFilterChain.java:107) ~[tomcat-embed-core-11.0.22.jar:11.0.22]
	at org.apache.catalina.core.StandardWrapperValve.invoke(StandardWrapperValve.java:165) ~[tomcat-embed-core-11.0.22.jar:11.0.22]
	at org.apache.catalina.core.StandardContextValve.invoke(StandardContextValve.java:77) ~[tomcat-embed-core-11.0.22.jar:11.0.22]
	at org.apache.catalina.authenticator.AuthenticatorBase.invoke(AuthenticatorBase.java:492) ~[tomcat-embed-core-11.0.22.jar:11.0.22]
	at org.apache.catalina.core.StandardHostValve.invoke(StandardHostValve.java:113) ~[tomcat-embed-core-11.0.22.jar:11.0.22]
	at org.apache.catalina.valves.ErrorReportValve.invoke(ErrorReportValve.java:83) ~[tomcat-embed-core-11.0.22.jar:11.0.22]
	at org.apache.catalina.core.StandardEngineValve.invoke(StandardEngineValve.java:72) ~[tomcat-embed-core-11.0.22.jar:11.0.22]
	at org.apache.catalina.connector.CoyoteAdapter.service(CoyoteAdapter.java:341) ~[tomcat-embed-core-11.0.22.jar:11.0.22]
	at org.apache.coyote.http11.Http11Processor.service(Http11Processor.java:397) ~[tomcat-embed-core-11.0.22.jar:11.0.22]
	at org.apache.coyote.AbstractProcessorLight.process(AbstractProcessorLight.java:63) ~[tomcat-embed-core-11.0.22.jar:11.0.22]
	at org.apache.coyote.AbstractProtocol$ConnectionHandler.process(AbstractProtocol.java:1272) ~[tomcat-embed-core-11.0.22.jar:11.0.22]
	at org.apache.tomcat.util.net.NioEndpoint$SocketProcessor.doRun(NioEndpoint.java:1801) ~[tomcat-embed-core-11.0.22.jar:11.0.22]
	at org.apache.tomcat.util.net.SocketProcessorBase.run(SocketProcessorBase.java:52) ~[tomcat-embed-core-11.0.22.jar:11.0.22]
	at org.apache.tomcat.util.threads.ThreadPoolExecutor.runWorker(ThreadPoolExecutor.java:946) ~[tomcat-embed-core-11.0.22.jar:11.0.22]
	at org.apache.tomcat.util.threads.ThreadPoolExecutor$Worker.run(ThreadPoolExecutor.java:480) ~[tomcat-embed-core-11.0.22.jar:11.0.22]
	at org.apache.tomcat.util.threads.TaskThread$WrappingRunnable.run(TaskThread.java:57) ~[tomcat-embed-core-11.0.22.jar:11.0.22]
	at java.base/java.lang.Thread.run(Thread.java:1474) ~[na:na]

2026-07-24T13:54:01.753+05:30  INFO 19182 --- [ConfigServer] [http-nio-8888-exec-6] o.s.c.c.s.e.NativeEnvironmentRepository  : Adding property source: Config resource 'file [/home/ishonpanda/Desktop/CAREER/PROJECTS/ECOMM/Ecomm-microservice/ConfigServer/src/main/resources/config/UserModule-dev.yaml]' via location 'file:///home/ishonpanda/Desktop/CAREER/PROJECTS/ECOMM/Ecomm-microservice/ConfigServer/src/main/resources/config/'
2026-07-24T13:54:03.838+05:30  INFO 19182 --- [ConfigServer] [http-nio-8888-exec-8] o.s.c.c.s.e.NativeEnvironmentRepository  : Adding property source: Config resource 'file [/home/ishonpanda/Desktop/CAREER/PROJECTS/ECOMM/Ecomm-microservice/ConfigServer/src/main/resources/config/UserModule-dev.yaml]' via location 'file:///home/ishonpanda/Desktop/CAREER/PROJECTS/ECOMM/Ecomm-microservice/ConfigServer/src/main/resources/config/'
2026-07-24T13:54:04.230+05:30  WARN 19182 --- [ConfigServer] [http-nio-8888-exec-9] .w.s.m.s.DefaultHandlerExceptionResolver : Resolved [org.springframework.web.HttpRequestMethodNotSupportedException: Request method 'GET' is not supported]
2026-07-24T13:54:08.667+05:30  INFO 19182 --- [ConfigServer] [http-nio-8888-exec-10] o.s.c.s.m.DirectWithAttributesChannel    : Channel 'ConfigServer.springCloudBusOutput' has 1 subscriber(s).
2026-07-24T13:54:08.669+05:30  INFO 19182 --- [ConfigServer] [http-nio-8888-exec-10] o.s.cloud.bus.event.RefreshListener      : Received remote refresh request.
2026-07-24T13:54:08.706+05:30  INFO 19182 --- [ConfigServer] [http-nio-8888-exec-3] o.s.c.c.s.e.NativeEnvironmentRepository  : Adding property source: Config resource 'file [/home/ishonpanda/Desktop/CAREER/PROJECTS/ECOMM/Ecomm-microservice/ConfigServer/src/main/resources/config/UserModule-dev.yaml]' via location 'file:///home/ishonpanda/Desktop/CAREER/PROJECTS/ECOMM/Ecomm-microservice/ConfigServer/src/main/resources/config/'
2026-07-24T13:54:08.747+05:30  WARN 19182 --- [ConfigServer] [http-nio-8888-exec-10] .s.c.c.p.ConfigurationPropertiesRebinder : Cannot create default instance of org.springframework.cloud.config.server.config.ConfigServerHealthIndicator for reset; skipping property reset

org.springframework.beans.BeanInstantiationException: Failed to instantiate [org.springframework.cloud.config.server.config.ConfigServerHealthIndicator]: No default constructor found
	at org.springframework.beans.BeanUtils.instantiateClass(BeanUtils.java:143) ~[spring-beans-7.0.8.jar:7.0.8]
	at org.springframework.cloud.context.properties.ConfigurationPropertiesRebinder.resetBeanToDefaults(ConfigurationPropertiesRebinder.java:192) ~[spring-cloud-context-5.0.2.jar:5.0.2]
	at org.springframework.cloud.context.properties.ConfigurationPropertiesRebinder.rebind(ConfigurationPropertiesRebinder.java:167) ~[spring-cloud-context-5.0.2.jar:5.0.2]
	at org.springframework.cloud.context.properties.ConfigurationPropertiesRebinder.rebind(ConfigurationPropertiesRebinder.java:111) ~[spring-cloud-context-5.0.2.jar:5.0.2]
	at org.springframework.cloud.context.properties.ConfigurationPropertiesRebinder.rebind(ConfigurationPropertiesRebinder.java:99) ~[spring-cloud-context-5.0.2.jar:5.0.2]
	at org.springframework.cloud.context.properties.ConfigurationPropertiesRebinder.onApplicationEvent(ConfigurationPropertiesRebinder.java:261) ~[spring-cloud-context-5.0.2.jar:5.0.2]
	at org.springframework.cloud.context.properties.ConfigurationPropertiesRebinder.onApplicationEvent(ConfigurationPropertiesRebinder.java:65) ~[spring-cloud-context-5.0.2.jar:5.0.2]
	at org.springframework.context.event.SimpleApplicationEventMulticaster.doInvokeListener(SimpleApplicationEventMulticaster.java:180) ~[spring-context-7.0.8.jar:7.0.8]
	at org.springframework.context.event.SimpleApplicationEventMulticaster.invokeListener(SimpleApplicationEventMulticaster.java:173) ~[spring-context-7.0.8.jar:7.0.8]
	at org.springframework.context.event.SimpleApplicationEventMulticaster.multicastEvent(SimpleApplicationEventMulticaster.java:151) ~[spring-context-7.0.8.jar:7.0.8]
	at org.springframework.context.support.AbstractApplicationContext.publishEvent(AbstractApplicationContext.java:448) ~[spring-context-7.0.8.jar:7.0.8]
	at org.springframework.context.support.AbstractApplicationContext.publishEvent(AbstractApplicationContext.java:381) ~[spring-context-7.0.8.jar:7.0.8]
	at org.springframework.cloud.context.refresh.ContextRefresher.refreshEnvironment(ContextRefresher.java:103) ~[spring-cloud-context-5.0.2.jar:5.0.2]
	at org.springframework.cloud.context.refresh.ContextRefresher.refresh(ContextRefresher.java:94) ~[spring-cloud-context-5.0.2.jar:5.0.2]
	at org.springframework.cloud.bus.event.RefreshListener.onApplicationEvent(RefreshListener.java:49) ~[spring-cloud-bus-5.0.2.jar:5.0.2]
	at org.springframework.cloud.bus.event.RefreshListener.onApplicationEvent(RefreshListener.java:32) ~[spring-cloud-bus-5.0.2.jar:5.0.2]
	at org.springframework.context.event.SimpleApplicationEventMulticaster.doInvokeListener(SimpleApplicationEventMulticaster.java:180) ~[spring-context-7.0.8.jar:7.0.8]
	at org.springframework.context.event.SimpleApplicationEventMulticaster.invokeListener(SimpleApplicationEventMulticaster.java:173) ~[spring-context-7.0.8.jar:7.0.8]
	at org.springframework.context.event.SimpleApplicationEventMulticaster.multicastEvent(SimpleApplicationEventMulticaster.java:151) ~[spring-context-7.0.8.jar:7.0.8]
	at org.springframework.context.support.AbstractApplicationContext.publishEvent(AbstractApplicationContext.java:448) ~[spring-context-7.0.8.jar:7.0.8]
	at org.springframework.context.support.AbstractApplicationContext.publishEvent(AbstractApplicationContext.java:381) ~[spring-context-7.0.8.jar:7.0.8]
	at org.springframework.cloud.bus.endpoint.AbstractBusEndpoint.publish(AbstractBusEndpoint.java:54) ~[spring-cloud-bus-5.0.2.jar:5.0.2]
	at org.springframework.cloud.bus.endpoint.RefreshBusEndpoint.busRefresh(RefreshBusEndpoint.java:46) ~[spring-cloud-bus-5.0.2.jar:5.0.2]
	at java.base/jdk.internal.reflect.DirectMethodHandleAccessor.invoke(DirectMethodHandleAccessor.java:104) ~[na:na]
	at java.base/java.lang.reflect.Method.invoke(Method.java:565) ~[na:na]
	at org.springframework.util.ReflectionUtils.invokeMethod(ReflectionUtils.java:281) ~[spring-core-7.0.8.jar:7.0.8]
	at org.springframework.boot.actuate.endpoint.invoke.reflect.ReflectiveOperationInvoker.invoke(ReflectiveOperationInvoker.java:76) ~[spring-boot-actuator-4.1.0.jar:4.1.0]
	at org.springframework.boot.actuate.endpoint.annotation.AbstractDiscoveredOperation.invoke(AbstractDiscoveredOperation.java:62) ~[spring-boot-actuator-4.1.0.jar:4.1.0]
	at org.springframework.boot.webmvc.actuate.endpoint.web.AbstractWebMvcEndpointHandlerMapping$ServletWebOperationAdapter.handle(AbstractWebMvcEndpointHandlerMapping.java:347) ~[spring-boot-webmvc-4.1.0.jar:4.1.0]
	at org.springframework.boot.webmvc.actuate.endpoint.web.AbstractWebMvcEndpointHandlerMapping$OperationHandler.handle(AbstractWebMvcEndpointHandlerMapping.java:476) ~[spring-boot-webmvc-4.1.0.jar:4.1.0]
	at java.base/jdk.internal.reflect.DirectMethodHandleAccessor.invoke(DirectMethodHandleAccessor.java:104) ~[na:na]
	at java.base/java.lang.reflect.Method.invoke(Method.java:565) ~[na:na]
	at org.springframework.web.method.support.InvocableHandlerMethod.doInvoke(InvocableHandlerMethod.java:252) ~[spring-web-7.0.8.jar:7.0.8]
	at org.springframework.web.method.support.InvocableHandlerMethod.invokeForRequest(InvocableHandlerMethod.java:184) ~[spring-web-7.0.8.jar:7.0.8]
	at org.springframework.web.servlet.mvc.method.annotation.ServletInvocableHandlerMethod.invokeAndHandle(ServletInvocableHandlerMethod.java:117) ~[spring-webmvc-7.0.8.jar:7.0.8]
	at org.springframework.web.servlet.mvc.method.annotation.RequestMappingHandlerAdapter.invokeHandlerMethod(RequestMappingHandlerAdapter.java:934) ~[spring-webmvc-7.0.8.jar:7.0.8]
	at org.springframework.web.servlet.mvc.method.annotation.RequestMappingHandlerAdapter.handleInternal(RequestMappingHandlerAdapter.java:853) ~[spring-webmvc-7.0.8.jar:7.0.8]
	at org.springframework.web.servlet.mvc.method.AbstractHandlerMethodAdapter.handle(AbstractHandlerMethodAdapter.java:86) ~[spring-webmvc-7.0.8.jar:7.0.8]
	at org.springframework.web.servlet.DispatcherServlet.doDispatch(DispatcherServlet.java:963) ~[spring-webmvc-7.0.8.jar:7.0.8]
	at org.springframework.web.servlet.DispatcherServlet.doService(DispatcherServlet.java:866) ~[spring-webmvc-7.0.8.jar:7.0.8]
	at org.springframework.web.servlet.FrameworkServlet.processRequest(FrameworkServlet.java:1000) ~[spring-webmvc-7.0.8.jar:7.0.8]
	at org.springframework.web.servlet.FrameworkServlet.doPost(FrameworkServlet.java:903) ~[spring-webmvc-7.0.8.jar:7.0.8]
	at jakarta.servlet.http.HttpServlet.service(HttpServlet.java:649) ~[tomcat-embed-core-11.0.22.jar:6.1]
	at org.springframework.web.servlet.FrameworkServlet.service(FrameworkServlet.java:874) ~[spring-webmvc-7.0.8.jar:7.0.8]
	at jakarta.servlet.http.HttpServlet.service(HttpServlet.java:710) ~[tomcat-embed-core-11.0.22.jar:6.1]
	at org.apache.catalina.core.ApplicationFilterChain.doFilter(ApplicationFilterChain.java:128) ~[tomcat-embed-core-11.0.22.jar:11.0.22]
	at org.apache.tomcat.websocket.server.WsFilter.doFilter(WsFilter.java:53) ~[tomcat-embed-websocket-11.0.22.jar:11.0.22]
	at org.apache.catalina.core.ApplicationFilterChain.doFilter(ApplicationFilterChain.java:107) ~[tomcat-embed-core-11.0.22.jar:11.0.22]
	at org.springframework.web.filter.RequestContextFilter.doFilterInternal(RequestContextFilter.java:100) ~[spring-web-7.0.8.jar:7.0.8]
	at org.springframework.web.filter.OncePerRequestFilter.doFilter(OncePerRequestFilter.java:116) ~[spring-web-7.0.8.jar:7.0.8]
	at org.apache.catalina.core.ApplicationFilterChain.doFilter(ApplicationFilterChain.java:107) ~[tomcat-embed-core-11.0.22.jar:11.0.22]
	at org.springframework.web.filter.FormContentFilter.doFilterInternal(FormContentFilter.java:93) ~[spring-web-7.0.8.jar:7.0.8]
	at org.springframework.web.filter.OncePerRequestFilter.doFilter(OncePerRequestFilter.java:116) ~[spring-web-7.0.8.jar:7.0.8]
	at org.apache.catalina.core.ApplicationFilterChain.doFilter(ApplicationFilterChain.java:107) ~[tomcat-embed-core-11.0.22.jar:11.0.22]
	at org.springframework.web.filter.ServerHttpObservationFilter.doFilterInternal(ServerHttpObservationFilter.java:110) ~[spring-web-7.0.8.jar:7.0.8]
	at org.springframework.web.filter.OncePerRequestFilter.doFilter(OncePerRequestFilter.java:116) ~[spring-web-7.0.8.jar:7.0.8]
	at org.apache.catalina.core.ApplicationFilterChain.doFilter(ApplicationFilterChain.java:107) ~[tomcat-embed-core-11.0.22.jar:11.0.22]
	at org.springframework.web.filter.CharacterEncodingFilter.doFilterInternal(CharacterEncodingFilter.java:199) ~[spring-web-7.0.8.jar:7.0.8]
	at org.springframework.web.filter.OncePerRequestFilter.doFilter(OncePerRequestFilter.java:116) ~[spring-web-7.0.8.jar:7.0.8]
	at org.apache.catalina.core.ApplicationFilterChain.doFilter(ApplicationFilterChain.java:107) ~[tomcat-embed-core-11.0.22.jar:11.0.22]
	at org.apache.catalina.core.StandardWrapperValve.invoke(StandardWrapperValve.java:165) ~[tomcat-embed-core-11.0.22.jar:11.0.22]
	at org.apache.catalina.core.StandardContextValve.invoke(StandardContextValve.java:77) ~[tomcat-embed-core-11.0.22.jar:11.0.22]
	at org.apache.catalina.authenticator.AuthenticatorBase.invoke(AuthenticatorBase.java:492) ~[tomcat-embed-core-11.0.22.jar:11.0.22]
	at org.apache.catalina.core.StandardHostValve.invoke(StandardHostValve.java:113) ~[tomcat-embed-core-11.0.22.jar:11.0.22]
	at org.apache.catalina.valves.ErrorReportValve.invoke(ErrorReportValve.java:83) ~[tomcat-embed-core-11.0.22.jar:11.0.22]
	at org.apache.catalina.core.StandardEngineValve.invoke(StandardEngineValve.java:72) ~[tomcat-embed-core-11.0.22.jar:11.0.22]
	at org.apache.catalina.connector.CoyoteAdapter.service(CoyoteAdapter.java:341) ~[tomcat-embed-core-11.0.22.jar:11.0.22]
	at org.apache.coyote.http11.Http11Processor.service(Http11Processor.java:397) ~[tomcat-embed-core-11.0.22.jar:11.0.22]
	at org.apache.coyote.AbstractProcessorLight.process(AbstractProcessorLight.java:63) ~[tomcat-embed-core-11.0.22.jar:11.0.22]
	at org.apache.coyote.AbstractProtocol$ConnectionHandler.process(AbstractProtocol.java:1272) ~[tomcat-embed-core-11.0.22.jar:11.0.22]
	at org.apache.tomcat.util.net.NioEndpoint$SocketProcessor.doRun(NioEndpoint.java:1801) ~[tomcat-embed-core-11.0.22.jar:11.0.22]
	at org.apache.tomcat.util.net.SocketProcessorBase.run(SocketProcessorBase.java:52) ~[tomcat-embed-core-11.0.22.jar:11.0.22]
	at org.apache.tomcat.util.threads.ThreadPoolExecutor.runWorker(ThreadPoolExecutor.java:946) ~[tomcat-embed-core-11.0.22.jar:11.0.22]
	at org.apache.tomcat.util.threads.ThreadPoolExecutor$Worker.run(ThreadPoolExecutor.java:480) ~[tomcat-embed-core-11.0.22.jar:11.0.22]
	at org.apache.tomcat.util.threads.TaskThread$WrappingRunnable.run(TaskThread.java:57) ~[tomcat-embed-core-11.0.22.jar:11.0.22]
	at java.base/java.lang.Thread.run(Thread.java:1474) ~[na:na]
Caused by: java.lang.NoSuchMethodException: org.springframework.cloud.config.server.config.ConfigServerHealthIndicator.<init>()
	at java.base/java.lang.Class.getConstructor0(Class.java:3187) ~[na:na]
	at java.base/java.lang.Class.getDeclaredConstructor(Class.java:2491) ~[na:na]
	at org.springframework.beans.BeanUtils.instantiateClass(BeanUtils.java:138) ~[spring-beans-7.0.8.jar:7.0.8]
	... 75 common frames omitted

2026-07-24T13:54:08.800+05:30  WARN 19182 --- [ConfigServer] [http-nio-8888-exec-10] com.netflix.appinfo.InstanceInfo         : Passed in hostname is blank, not setting it
2026-07-24T13:54:08.801+05:30  INFO 19182 --- [ConfigServer] [http-nio-8888-exec-10] o.s.c.n.eureka.InstanceInfoFactory       : Setting initial instance status as: STARTING
2026-07-24T13:54:08.801+05:30  INFO 19182 --- [ConfigServer] [http-nio-8888-exec-10] com.netflix.discovery.DiscoveryClient    : Initializing Eureka in region us-east-1
2026-07-24T13:54:08.801+05:30  INFO 19182 --- [ConfigServer] [http-nio-8888-exec-10] c.n.d.s.r.aws.ConfigClusterResolver      : Resolving eureka endpoints via configuration
2026-07-24T13:54:08.802+05:30  INFO 19182 --- [ConfigServer] [http-nio-8888-exec-10] com.netflix.discovery.DiscoveryClient    : Disable delta property : false
2026-07-24T13:54:08.802+05:30  INFO 19182 --- [ConfigServer] [http-nio-8888-exec-10] com.netflix.discovery.DiscoveryClient    : Single vip registry refresh property : null
2026-07-24T13:54:08.802+05:30  INFO 19182 --- [ConfigServer] [http-nio-8888-exec-10] com.netflix.discovery.DiscoveryClient    : Force full registry fetch : false
2026-07-24T13:54:08.802+05:30  INFO 19182 --- [ConfigServer] [http-nio-8888-exec-10] com.netflix.discovery.DiscoveryClient    : Application is null : false
2026-07-24T13:54:08.802+05:30  INFO 19182 --- [ConfigServer] [http-nio-8888-exec-10] com.netflix.discovery.DiscoveryClient    : Registered Applications size is zero : true
2026-07-24T13:54:08.802+05:30  INFO 19182 --- [ConfigServer] [http-nio-8888-exec-10] com.netflix.discovery.DiscoveryClient    : Application version is -1: true
2026-07-24T13:54:08.802+05:30  INFO 19182 --- [ConfigServer] [http-nio-8888-exec-10] com.netflix.discovery.DiscoveryClient    : Getting all instance registry info from the eureka server
2026-07-24T13:54:08.824+05:30  INFO 19182 --- [ConfigServer] [http-nio-8888-exec-10] com.netflix.discovery.DiscoveryClient    : The response status is 200
2026-07-24T13:54:08.824+05:30 ERROR 19182 --- [ConfigServer] [http-nio-8888-exec-10] com.netflix.discovery.DiscoveryClient    : Fetch registry error at startup: Cannot invoke "Object.hashCode()" because "key" is null
2026-07-24T13:54:08.825+05:30 ERROR 19182 --- [ConfigServer] [http-nio-8888-exec-10] o.a.c.c.C.[.[.[/].[dispatcherServlet]    : Servlet.service() for servlet [dispatcherServlet] in context with path [] threw exception [Request processing failed: org.springframework.beans.factory.BeanCreationException: Error creating bean with name 'scopedTarget.eurekaClient' defined in class path resource [org/springframework/cloud/netflix/eureka/EurekaClientAutoConfiguration$RefreshableEurekaClientConfiguration.class]: Failed to instantiate [com.netflix.discovery.EurekaClient]: Factory method 'eurekaClient' threw exception with message: java.lang.NullPointerException: Cannot invoke "Object.hashCode()" because "key" is null] with root cause

java.lang.NullPointerException: Cannot invoke "Object.hashCode()" because "key" is null
	at java.base/java.util.concurrent.ConcurrentHashMap.get(ConcurrentHashMap.java:948) ~[na:na]
	at com.netflix.discovery.shared.Application.getByInstanceId(Application.java:181) ~[eureka-client-2.0.6.jar:2.0.6]
	at com.netflix.discovery.DiscoveryClient.updateInstanceRemoteStatus(DiscoveryClient.java:1006) ~[eureka-client-2.0.6.jar:2.0.6]
	at com.netflix.discovery.DiscoveryClient.fetchRegistry(DiscoveryClient.java:994) ~[eureka-client-2.0.6.jar:2.0.6]
	at com.netflix.discovery.DiscoveryClient.<init>(DiscoveryClient.java:419) ~[eureka-client-2.0.6.jar:2.0.6]
	at com.netflix.discovery.DiscoveryClient.<init>(DiscoveryClient.java:254) ~[eureka-client-2.0.6.jar:2.0.6]
	at com.netflix.discovery.DiscoveryClient.<init>(DiscoveryClient.java:249) ~[eureka-client-2.0.6.jar:2.0.6]
	at org.springframework.cloud.netflix.eureka.CloudEurekaClient.<init>(CloudEurekaClient.java:68) ~[spring-cloud-netflix-eureka-client-5.0.2.jar:5.0.2]
	at org.springframework.cloud.netflix.eureka.EurekaClientAutoConfiguration$RefreshableEurekaClientConfiguration.eurekaClient(EurekaClientAutoConfiguration.java:324) ~[spring-cloud-netflix-eureka-client-5.0.2.jar:5.0.2]
	at java.base/jdk.internal.reflect.DirectMethodHandleAccessor.invoke(DirectMethodHandleAccessor.java:104) ~[na:na]
	at java.base/java.lang.reflect.Method.invoke(Method.java:565) ~[na:na]
	at org.springframework.beans.factory.support.SimpleInstantiationStrategy.lambda$instantiate$0(SimpleInstantiationStrategy.java:155) ~[spring-beans-7.0.8.jar:7.0.8]
	at org.springframework.beans.factory.support.SimpleInstantiationStrategy.instantiateWithFactoryMethod(SimpleInstantiationStrategy.java:72) ~[spring-beans-7.0.8.jar:7.0.8]
	at org.springframework.beans.factory.support.SimpleInstantiationStrategy.instantiate(SimpleInstantiationStrategy.java:152) ~[spring-beans-7.0.8.jar:7.0.8]
	at org.springframework.beans.factory.support.ConstructorResolver.instantiate(ConstructorResolver.java:653) ~[spring-beans-7.0.8.jar:7.0.8]
	at org.springframework.beans.factory.support.ConstructorResolver.instantiateUsingFactoryMethod(ConstructorResolver.java:645) ~[spring-beans-7.0.8.jar:7.0.8]
	at org.springframework.beans.factory.support.AbstractAutowireCapableBeanFactory.instantiateUsingFactoryMethod(AbstractAutowireCapableBeanFactory.java:1360) ~[spring-beans-7.0.8.jar:7.0.8]
	at org.springframework.beans.factory.support.AbstractAutowireCapableBeanFactory.createBeanInstance(AbstractAutowireCapableBeanFactory.java:1192) ~[spring-beans-7.0.8.jar:7.0.8]
	at org.springframework.beans.factory.support.AbstractAutowireCapableBeanFactory.doCreateBean(AbstractAutowireCapableBeanFactory.java:565) ~[spring-beans-7.0.8.jar:7.0.8]
	at org.springframework.beans.factory.support.AbstractAutowireCapableBeanFactory.createBean(AbstractAutowireCapableBeanFactory.java:525) ~[spring-beans-7.0.8.jar:7.0.8]
	at org.springframework.beans.factory.support.AbstractBeanFactory.lambda$doGetBean$1(AbstractBeanFactory.java:372) ~[spring-beans-7.0.8.jar:7.0.8]
	at org.springframework.cloud.context.scope.GenericScope$BeanLifecycleWrapper.getBean(GenericScope.java:373) ~[spring-cloud-context-5.0.2.jar:5.0.2]
	at org.springframework.cloud.context.scope.GenericScope.get(GenericScope.java:177) ~[spring-cloud-context-5.0.2.jar:5.0.2]
	at org.springframework.beans.factory.support.AbstractBeanFactory.doGetBean(AbstractBeanFactory.java:369) ~[spring-beans-7.0.8.jar:7.0.8]
	at org.springframework.beans.factory.support.AbstractBeanFactory.getBean(AbstractBeanFactory.java:196) ~[spring-beans-7.0.8.jar:7.0.8]
	at org.springframework.aop.target.SimpleBeanTargetSource.getTarget(SimpleBeanTargetSource.java:35) ~[spring-aop-7.0.8.jar:7.0.8]
	at org.springframework.aop.framework.JdkDynamicAopProxy.invoke(JdkDynamicAopProxy.java:202) ~[spring-aop-7.0.8.jar:7.0.8]
	at jdk.proxy2/jdk.proxy2.$Proxy102.getApplications(Unknown Source) ~[na:na]
	at org.springframework.cloud.netflix.eureka.EurekaDiscoveryClientConfiguration$EurekaClientConfigurationRefresher.onApplicationEvent(EurekaDiscoveryClientConfiguration.java:91) ~[spring-cloud-netflix-eureka-client-5.0.2.jar:5.0.2]
	at org.springframework.cloud.netflix.eureka.EurekaDiscoveryClientConfiguration$EurekaClientConfigurationRefresher.onApplicationEvent(EurekaDiscoveryClientConfiguration.java:75) ~[spring-cloud-netflix-eureka-client-5.0.2.jar:5.0.2]
	at org.springframework.context.event.SimpleApplicationEventMulticaster.doInvokeListener(SimpleApplicationEventMulticaster.java:180) ~[spring-context-7.0.8.jar:7.0.8]
	at org.springframework.context.event.SimpleApplicationEventMulticaster.invokeListener(SimpleApplicationEventMulticaster.java:173) ~[spring-context-7.0.8.jar:7.0.8]
	at org.springframework.context.event.SimpleApplicationEventMulticaster.multicastEvent(SimpleApplicationEventMulticaster.java:151) ~[spring-context-7.0.8.jar:7.0.8]
	at org.springframework.context.support.AbstractApplicationContext.publishEvent(AbstractApplicationContext.java:448) ~[spring-context-7.0.8.jar:7.0.8]
	at org.springframework.context.support.AbstractApplicationContext.publishEvent(AbstractApplicationContext.java:381) ~[spring-context-7.0.8.jar:7.0.8]
	at org.springframework.cloud.context.scope.refresh.RefreshScope.refreshAll(RefreshScope.java:169) ~[spring-cloud-context-5.0.2.jar:5.0.2]
	at org.springframework.cloud.context.refresh.ContextRefresher.refresh(ContextRefresher.java:95) ~[spring-cloud-context-5.0.2.jar:5.0.2]
	at org.springframework.cloud.bus.event.RefreshListener.onApplicationEvent(RefreshListener.java:49) ~[spring-cloud-bus-5.0.2.jar:5.0.2]
	at org.springframework.cloud.bus.event.RefreshListener.onApplicationEvent(RefreshListener.java:32) ~[spring-cloud-bus-5.0.2.jar:5.0.2]
	at org.springframework.context.event.SimpleApplicationEventMulticaster.doInvokeListener(SimpleApplicationEventMulticaster.java:180) ~[spring-context-7.0.8.jar:7.0.8]
	at org.springframework.context.event.SimpleApplicationEventMulticaster.invokeListener(SimpleApplicationEventMulticaster.java:173) ~[spring-context-7.0.8.jar:7.0.8]
	at org.springframework.context.event.SimpleApplicationEventMulticaster.multicastEvent(SimpleApplicationEventMulticaster.java:151) ~[spring-context-7.0.8.jar:7.0.8]
	at org.springframework.context.support.AbstractApplicationContext.publishEvent(AbstractApplicationContext.java:448) ~[spring-context-7.0.8.jar:7.0.8]
	at org.springframework.context.support.AbstractApplicationContext.publishEvent(AbstractApplicationContext.java:381) ~[spring-context-7.0.8.jar:7.0.8]
	at org.springframework.cloud.bus.endpoint.AbstractBusEndpoint.publish(AbstractBusEndpoint.java:54) ~[spring-cloud-bus-5.0.2.jar:5.0.2]
	at org.springframework.cloud.bus.endpoint.RefreshBusEndpoint.busRefresh(RefreshBusEndpoint.java:46) ~[spring-cloud-bus-5.0.2.jar:5.0.2]
	at java.base/jdk.internal.reflect.DirectMethodHandleAccessor.invoke(DirectMethodHandleAccessor.java:104) ~[na:na]
	at java.base/java.lang.reflect.Method.invoke(Method.java:565) ~[na:na]
	at org.springframework.util.ReflectionUtils.invokeMethod(ReflectionUtils.java:281) ~[spring-core-7.0.8.jar:7.0.8]
	at org.springframework.boot.actuate.endpoint.invoke.reflect.ReflectiveOperationInvoker.invoke(ReflectiveOperationInvoker.java:76) ~[spring-boot-actuator-4.1.0.jar:4.1.0]
	at org.springframework.boot.actuate.endpoint.annotation.AbstractDiscoveredOperation.invoke(AbstractDiscoveredOperation.java:62) ~[spring-boot-actuator-4.1.0.jar:4.1.0]
	at org.springframework.boot.webmvc.actuate.endpoint.web.AbstractWebMvcEndpointHandlerMapping$ServletWebOperationAdapter.handle(AbstractWebMvcEndpointHandlerMapping.java:347) ~[spring-boot-webmvc-4.1.0.jar:4.1.0]
	at org.springframework.boot.webmvc.actuate.endpoint.web.AbstractWebMvcEndpointHandlerMapping$OperationHandler.handle(AbstractWebMvcEndpointHandlerMapping.java:476) ~[spring-boot-webmvc-4.1.0.jar:4.1.0]
	at java.base/jdk.internal.reflect.DirectMethodHandleAccessor.invoke(DirectMethodHandleAccessor.java:104) ~[na:na]
	at java.base/java.lang.reflect.Method.invoke(Method.java:565) ~[na:na]
	at org.springframework.web.method.support.InvocableHandlerMethod.doInvoke(InvocableHandlerMethod.java:252) ~[spring-web-7.0.8.jar:7.0.8]
	at org.springframework.web.method.support.InvocableHandlerMethod.invokeForRequest(InvocableHandlerMethod.java:184) ~[spring-web-7.0.8.jar:7.0.8]
	at org.springframework.web.servlet.mvc.method.annotation.ServletInvocableHandlerMethod.invokeAndHandle(ServletInvocableHandlerMethod.java:117) ~[spring-webmvc-7.0.8.jar:7.0.8]
	at org.springframework.web.servlet.mvc.method.annotation.RequestMappingHandlerAdapter.invokeHandlerMethod(RequestMappingHandlerAdapter.java:934) ~[spring-webmvc-7.0.8.jar:7.0.8]
	at org.springframework.web.servlet.mvc.method.annotation.RequestMappingHandlerAdapter.handleInternal(RequestMappingHandlerAdapter.java:853) ~[spring-webmvc-7.0.8.jar:7.0.8]
	at org.springframework.web.servlet.mvc.method.AbstractHandlerMethodAdapter.handle(AbstractHandlerMethodAdapter.java:86) ~[spring-webmvc-7.0.8.jar:7.0.8]
	at org.springframework.web.servlet.DispatcherServlet.doDispatch(DispatcherServlet.java:963) ~[spring-webmvc-7.0.8.jar:7.0.8]
	at org.springframework.web.servlet.DispatcherServlet.doService(DispatcherServlet.java:866) ~[spring-webmvc-7.0.8.jar:7.0.8]
	at org.springframework.web.servlet.FrameworkServlet.processRequest(FrameworkServlet.java:1000) ~[spring-webmvc-7.0.8.jar:7.0.8]
	at org.springframework.web.servlet.FrameworkServlet.doPost(FrameworkServlet.java:903) ~[spring-webmvc-7.0.8.jar:7.0.8]
	at jakarta.servlet.http.HttpServlet.service(HttpServlet.java:649) ~[tomcat-embed-core-11.0.22.jar:6.1]
	at org.springframework.web.servlet.FrameworkServlet.service(FrameworkServlet.java:874) ~[spring-webmvc-7.0.8.jar:7.0.8]
	at jakarta.servlet.http.HttpServlet.service(HttpServlet.java:710) ~[tomcat-embed-core-11.0.22.jar:6.1]
	at org.apache.catalina.core.ApplicationFilterChain.doFilter(ApplicationFilterChain.java:128) ~[tomcat-embed-core-11.0.22.jar:11.0.22]
	at org.apache.tomcat.websocket.server.WsFilter.doFilter(WsFilter.java:53) ~[tomcat-embed-websocket-11.0.22.jar:11.0.22]
	at org.apache.catalina.core.ApplicationFilterChain.doFilter(ApplicationFilterChain.java:107) ~[tomcat-embed-core-11.0.22.jar:11.0.22]
	at org.springframework.web.filter.RequestContextFilter.doFilterInternal(RequestContextFilter.java:100) ~[spring-web-7.0.8.jar:7.0.8]
	at org.springframework.web.filter.OncePerRequestFilter.doFilter(OncePerRequestFilter.java:116) ~[spring-web-7.0.8.jar:7.0.8]
	at org.apache.catalina.core.ApplicationFilterChain.doFilter(ApplicationFilterChain.java:107) ~[tomcat-embed-core-11.0.22.jar:11.0.22]
	at org.springframework.web.filter.FormContentFilter.doFilterInternal(FormContentFilter.java:93) ~[spring-web-7.0.8.jar:7.0.8]
	at org.springframework.web.filter.OncePerRequestFilter.doFilter(OncePerRequestFilter.java:116) ~[spring-web-7.0.8.jar:7.0.8]
	at org.apache.catalina.core.ApplicationFilterChain.doFilter(ApplicationFilterChain.java:107) ~[tomcat-embed-core-11.0.22.jar:11.0.22]
	at org.springframework.web.filter.ServerHttpObservationFilter.doFilterInternal(ServerHttpObservationFilter.java:110) ~[spring-web-7.0.8.jar:7.0.8]
	at org.springframework.web.filter.OncePerRequestFilter.doFilter(OncePerRequestFilter.java:116) ~[spring-web-7.0.8.jar:7.0.8]
	at org.apache.catalina.core.ApplicationFilterChain.doFilter(ApplicationFilterChain.java:107) ~[tomcat-embed-core-11.0.22.jar:11.0.22]
	at org.springframework.web.filter.CharacterEncodingFilter.doFilterInternal(CharacterEncodingFilter.java:199) ~[spring-web-7.0.8.jar:7.0.8]
	at org.springframework.web.filter.OncePerRequestFilter.doFilter(OncePerRequestFilter.java:116) ~[spring-web-7.0.8.jar:7.0.8]
	at org.apache.catalina.core.ApplicationFilterChain.doFilter(ApplicationFilterChain.java:107) ~[tomcat-embed-core-11.0.22.jar:11.0.22]
	at org.apache.catalina.core.StandardWrapperValve.invoke(StandardWrapperValve.java:165) ~[tomcat-embed-core-11.0.22.jar:11.0.22]
	at org.apache.catalina.core.StandardContextValve.invoke(StandardContextValve.java:77) ~[tomcat-embed-core-11.0.22.jar:11.0.22]
	at org.apache.catalina.authenticator.AuthenticatorBase.invoke(AuthenticatorBase.java:492) ~[tomcat-embed-core-11.0.22.jar:11.0.22]
	at org.apache.catalina.core.StandardHostValve.invoke(StandardHostValve.java:113) ~[tomcat-embed-core-11.0.22.jar:11.0.22]
	at org.apache.catalina.valves.ErrorReportValve.invoke(ErrorReportValve.java:83) ~[tomcat-embed-core-11.0.22.jar:11.0.22]
	at org.apache.catalina.core.StandardEngineValve.invoke(StandardEngineValve.java:72) ~[tomcat-embed-core-11.0.22.jar:11.0.22]
	at org.apache.catalina.connector.CoyoteAdapter.service(CoyoteAdapter.java:341) ~[tomcat-embed-core-11.0.22.jar:11.0.22]
	at org.apache.coyote.http11.Http11Processor.service(Http11Processor.java:397) ~[tomcat-embed-core-11.0.22.jar:11.0.22]
	at org.apache.coyote.AbstractProcessorLight.process(AbstractProcessorLight.java:63) ~[tomcat-embed-core-11.0.22.jar:11.0.22]
	at org.apache.coyote.AbstractProtocol$ConnectionHandler.process(AbstractProtocol.java:1272) ~[tomcat-embed-core-11.0.22.jar:11.0.22]
	at org.apache.tomcat.util.net.NioEndpoint$SocketProcessor.doRun(NioEndpoint.java:1801) ~[tomcat-embed-core-11.0.22.jar:11.0.22]
	at org.apache.tomcat.util.net.SocketProcessorBase.run(SocketProcessorBase.java:52) ~[tomcat-embed-core-11.0.22.jar:11.0.22]
	at org.apache.tomcat.util.threads.ThreadPoolExecutor.runWorker(ThreadPoolExecutor.java:946) ~[tomcat-embed-core-11.0.22.jar:11.0.22]
	at org.apache.tomcat.util.threads.ThreadPoolExecutor$Worker.run(ThreadPoolExecutor.java:480) ~[tomcat-embed-core-11.0.22.jar:11.0.22]
	at org.apache.tomcat.util.threads.TaskThread$WrappingRunnable.run(TaskThread.java:57) ~[tomcat-embed-core-11.0.22.jar:11.0.22]
	at java.base/java.lang.Thread.run(Thread.java:1474) ~[na:na]

2026-07-24T13:54:09.852+05:30  INFO 19182 --- [ConfigServer] [http-nio-8888-exec-2] o.s.c.c.s.e.NativeEnvironmentRepository  : Adding property source: Config resource 'file [/home/ishonpanda/Desktop/CAREER/PROJECTS/ECOMM/Ecomm-microservice/ConfigServer/src/main/resources/config/UserModule-dev.yaml]' via location 'file:///home/ishonpanda/Desktop/CAREER/PROJECTS/ECOMM/Ecomm-microservice/ConfigServer/src/main/resources/config/'
2026-07-24T13:54:10.472+05:30  INFO 19182 --- [ConfigServer] [http-nio-8888-exec-5] o.s.c.s.m.DirectWithAttributesChannel    : Channel 'ConfigServer.springCloudBusOutput' has 1 subscriber(s).
2026-07-24T13:54:10.475+05:30  INFO 19182 --- [ConfigServer] [http-nio-8888-exec-5] o.s.cloud.bus.event.RefreshListener      : Received remote refresh request.
2026-07-24T13:54:10.546+05:30  WARN 19182 --- [ConfigServer] [http-nio-8888-exec-5] .s.c.c.p.ConfigurationPropertiesRebinder : Cannot create default instance of org.springframework.cloud.config.server.config.ConfigServerHealthIndicator for reset; skipping property reset

org.springframework.beans.BeanInstantiationException: Failed to instantiate [org.springframework.cloud.config.server.config.ConfigServerHealthIndicator]: No default constructor found
	at org.springframework.beans.BeanUtils.instantiateClass(BeanUtils.java:143) ~[spring-beans-7.0.8.jar:7.0.8]
	at org.springframework.cloud.context.properties.ConfigurationPropertiesRebinder.resetBeanToDefaults(ConfigurationPropertiesRebinder.java:192) ~[spring-cloud-context-5.0.2.jar:5.0.2]
	at org.springframework.cloud.context.properties.ConfigurationPropertiesRebinder.rebind(ConfigurationPropertiesRebinder.java:167) ~[spring-cloud-context-5.0.2.jar:5.0.2]
	at org.springframework.cloud.context.properties.ConfigurationPropertiesRebinder.rebind(ConfigurationPropertiesRebinder.java:111) ~[spring-cloud-context-5.0.2.jar:5.0.2]
	at org.springframework.cloud.context.properties.ConfigurationPropertiesRebinder.rebind(ConfigurationPropertiesRebinder.java:99) ~[spring-cloud-context-5.0.2.jar:5.0.2]
	at org.springframework.cloud.context.properties.ConfigurationPropertiesRebinder.onApplicationEvent(ConfigurationPropertiesRebinder.java:261) ~[spring-cloud-context-5.0.2.jar:5.0.2]
	at org.springframework.cloud.context.properties.ConfigurationPropertiesRebinder.onApplicationEvent(ConfigurationPropertiesRebinder.java:65) ~[spring-cloud-context-5.0.2.jar:5.0.2]
	at org.springframework.context.event.SimpleApplicationEventMulticaster.doInvokeListener(SimpleApplicationEventMulticaster.java:180) ~[spring-context-7.0.8.jar:7.0.8]
	at org.springframework.context.event.SimpleApplicationEventMulticaster.invokeListener(SimpleApplicationEventMulticaster.java:173) ~[spring-context-7.0.8.jar:7.0.8]
	at org.springframework.context.event.SimpleApplicationEventMulticaster.multicastEvent(SimpleApplicationEventMulticaster.java:151) ~[spring-context-7.0.8.jar:7.0.8]
	at org.springframework.context.support.AbstractApplicationContext.publishEvent(AbstractApplicationContext.java:448) ~[spring-context-7.0.8.jar:7.0.8]
	at org.springframework.context.support.AbstractApplicationContext.publishEvent(AbstractApplicationContext.java:381) ~[spring-context-7.0.8.jar:7.0.8]
	at org.springframework.cloud.context.refresh.ContextRefresher.refreshEnvironment(ContextRefresher.java:103) ~[spring-cloud-context-5.0.2.jar:5.0.2]
	at org.springframework.cloud.context.refresh.ContextRefresher.refresh(ContextRefresher.java:94) ~[spring-cloud-context-5.0.2.jar:5.0.2]
	at org.springframework.cloud.bus.event.RefreshListener.onApplicationEvent(RefreshListener.java:49) ~[spring-cloud-bus-5.0.2.jar:5.0.2]
	at org.springframework.cloud.bus.event.RefreshListener.onApplicationEvent(RefreshListener.java:32) ~[spring-cloud-bus-5.0.2.jar:5.0.2]
	at org.springframework.context.event.SimpleApplicationEventMulticaster.doInvokeListener(SimpleApplicationEventMulticaster.java:180) ~[spring-context-7.0.8.jar:7.0.8]
	at org.springframework.context.event.SimpleApplicationEventMulticaster.invokeListener(SimpleApplicationEventMulticaster.java:173) ~[spring-context-7.0.8.jar:7.0.8]
	at org.springframework.context.event.SimpleApplicationEventMulticaster.multicastEvent(SimpleApplicationEventMulticaster.java:151) ~[spring-context-7.0.8.jar:7.0.8]
	at org.springframework.context.support.AbstractApplicationContext.publishEvent(AbstractApplicationContext.java:448) ~[spring-context-7.0.8.jar:7.0.8]
	at org.springframework.context.support.AbstractApplicationContext.publishEvent(AbstractApplicationContext.java:381) ~[spring-context-7.0.8.jar:7.0.8]
	at org.springframework.cloud.bus.endpoint.AbstractBusEndpoint.publish(AbstractBusEndpoint.java:54) ~[spring-cloud-bus-5.0.2.jar:5.0.2]
	at org.springframework.cloud.bus.endpoint.RefreshBusEndpoint.busRefresh(RefreshBusEndpoint.java:46) ~[spring-cloud-bus-5.0.2.jar:5.0.2]
	at java.base/jdk.internal.reflect.DirectMethodHandleAccessor.invoke(DirectMethodHandleAccessor.java:104) ~[na:na]
	at java.base/java.lang.reflect.Method.invoke(Method.java:565) ~[na:na]
	at org.springframework.util.ReflectionUtils.invokeMethod(ReflectionUtils.java:281) ~[spring-core-7.0.8.jar:7.0.8]
	at org.springframework.boot.actuate.endpoint.invoke.reflect.ReflectiveOperationInvoker.invoke(ReflectiveOperationInvoker.java:76) ~[spring-boot-actuator-4.1.0.jar:4.1.0]
	at org.springframework.boot.actuate.endpoint.annotation.AbstractDiscoveredOperation.invoke(AbstractDiscoveredOperation.java:62) ~[spring-boot-actuator-4.1.0.jar:4.1.0]
	at org.springframework.boot.webmvc.actuate.endpoint.web.AbstractWebMvcEndpointHandlerMapping$ServletWebOperationAdapter.handle(AbstractWebMvcEndpointHandlerMapping.java:347) ~[spring-boot-webmvc-4.1.0.jar:4.1.0]
	at org.springframework.boot.webmvc.actuate.endpoint.web.AbstractWebMvcEndpointHandlerMapping$OperationHandler.handle(AbstractWebMvcEndpointHandlerMapping.java:476) ~[spring-boot-webmvc-4.1.0.jar:4.1.0]
	at java.base/jdk.internal.reflect.DirectMethodHandleAccessor.invoke(DirectMethodHandleAccessor.java:104) ~[na:na]
	at java.base/java.lang.reflect.Method.invoke(Method.java:565) ~[na:na]
	at org.springframework.web.method.support.InvocableHandlerMethod.doInvoke(InvocableHandlerMethod.java:252) ~[spring-web-7.0.8.jar:7.0.8]
	at org.springframework.web.method.support.InvocableHandlerMethod.invokeForRequest(InvocableHandlerMethod.java:184) ~[spring-web-7.0.8.jar:7.0.8]
	at org.springframework.web.servlet.mvc.method.annotation.ServletInvocableHandlerMethod.invokeAndHandle(ServletInvocableHandlerMethod.java:117) ~[spring-webmvc-7.0.8.jar:7.0.8]
	at org.springframework.web.servlet.mvc.method.annotation.RequestMappingHandlerAdapter.invokeHandlerMethod(RequestMappingHandlerAdapter.java:934) ~[spring-webmvc-7.0.8.jar:7.0.8]
	at org.springframework.web.servlet.mvc.method.annotation.RequestMappingHandlerAdapter.handleInternal(RequestMappingHandlerAdapter.java:853) ~[spring-webmvc-7.0.8.jar:7.0.8]
	at org.springframework.web.servlet.mvc.method.AbstractHandlerMethodAdapter.handle(AbstractHandlerMethodAdapter.java:86) ~[spring-webmvc-7.0.8.jar:7.0.8]
	at org.springframework.web.servlet.DispatcherServlet.doDispatch(DispatcherServlet.java:963) ~[spring-webmvc-7.0.8.jar:7.0.8]
	at org.springframework.web.servlet.DispatcherServlet.doService(DispatcherServlet.java:866) ~[spring-webmvc-7.0.8.jar:7.0.8]
	at org.springframework.web.servlet.FrameworkServlet.processRequest(FrameworkServlet.java:1000) ~[spring-webmvc-7.0.8.jar:7.0.8]
	at org.springframework.web.servlet.FrameworkServlet.doPost(FrameworkServlet.java:903) ~[spring-webmvc-7.0.8.jar:7.0.8]
	at jakarta.servlet.http.HttpServlet.service(HttpServlet.java:649) ~[tomcat-embed-core-11.0.22.jar:6.1]
	at org.springframework.web.servlet.FrameworkServlet.service(FrameworkServlet.java:874) ~[spring-webmvc-7.0.8.jar:7.0.8]
	at jakarta.servlet.http.HttpServlet.service(HttpServlet.java:710) ~[tomcat-embed-core-11.0.22.jar:6.1]
	at org.apache.catalina.core.ApplicationFilterChain.doFilter(ApplicationFilterChain.java:128) ~[tomcat-embed-core-11.0.22.jar:11.0.22]
	at org.apache.tomcat.websocket.server.WsFilter.doFilter(WsFilter.java:53) ~[tomcat-embed-websocket-11.0.22.jar:11.0.22]
	at org.apache.catalina.core.ApplicationFilterChain.doFilter(ApplicationFilterChain.java:107) ~[tomcat-embed-core-11.0.22.jar:11.0.22]
	at org.springframework.web.filter.RequestContextFilter.doFilterInternal(RequestContextFilter.java:100) ~[spring-web-7.0.8.jar:7.0.8]
	at org.springframework.web.filter.OncePerRequestFilter.doFilter(OncePerRequestFilter.java:116) ~[spring-web-7.0.8.jar:7.0.8]
	at org.apache.catalina.core.ApplicationFilterChain.doFilter(ApplicationFilterChain.java:107) ~[tomcat-embed-core-11.0.22.jar:11.0.22]
	at org.springframework.web.filter.FormContentFilter.doFilterInternal(FormContentFilter.java:93) ~[spring-web-7.0.8.jar:7.0.8]
	at org.springframework.web.filter.OncePerRequestFilter.doFilter(OncePerRequestFilter.java:116) ~[spring-web-7.0.8.jar:7.0.8]
	at org.apache.catalina.core.ApplicationFilterChain.doFilter(ApplicationFilterChain.java:107) ~[tomcat-embed-core-11.0.22.jar:11.0.22]
	at org.springframework.web.filter.ServerHttpObservationFilter.doFilterInternal(ServerHttpObservationFilter.java:110) ~[spring-web-7.0.8.jar:7.0.8]
	at org.springframework.web.filter.OncePerRequestFilter.doFilter(OncePerRequestFilter.java:116) ~[spring-web-7.0.8.jar:7.0.8]
	at org.apache.catalina.core.ApplicationFilterChain.doFilter(ApplicationFilterChain.java:107) ~[tomcat-embed-core-11.0.22.jar:11.0.22]
	at org.springframework.web.filter.CharacterEncodingFilter.doFilterInternal(CharacterEncodingFilter.java:199) ~[spring-web-7.0.8.jar:7.0.8]
	at org.springframework.web.filter.OncePerRequestFilter.doFilter(OncePerRequestFilter.java:116) ~[spring-web-7.0.8.jar:7.0.8]
	at org.apache.catalina.core.ApplicationFilterChain.doFilter(ApplicationFilterChain.java:107) ~[tomcat-embed-core-11.0.22.jar:11.0.22]
	at org.apache.catalina.core.StandardWrapperValve.invoke(StandardWrapperValve.java:165) ~[tomcat-embed-core-11.0.22.jar:11.0.22]
	at org.apache.catalina.core.StandardContextValve.invoke(StandardContextValve.java:77) ~[tomcat-embed-core-11.0.22.jar:11.0.22]
	at org.apache.catalina.authenticator.AuthenticatorBase.invoke(AuthenticatorBase.java:492) ~[tomcat-embed-core-11.0.22.jar:11.0.22]
	at org.apache.catalina.core.StandardHostValve.invoke(StandardHostValve.java:113) ~[tomcat-embed-core-11.0.22.jar:11.0.22]
	at org.apache.catalina.valves.ErrorReportValve.invoke(ErrorReportValve.java:83) ~[tomcat-embed-core-11.0.22.jar:11.0.22]
	at org.apache.catalina.core.StandardEngineValve.invoke(StandardEngineValve.java:72) ~[tomcat-embed-core-11.0.22.jar:11.0.22]
	at org.apache.catalina.connector.CoyoteAdapter.service(CoyoteAdapter.java:341) ~[tomcat-embed-core-11.0.22.jar:11.0.22]
	at org.apache.coyote.http11.Http11Processor.service(Http11Processor.java:397) ~[tomcat-embed-core-11.0.22.jar:11.0.22]
	at org.apache.coyote.AbstractProcessorLight.process(AbstractProcessorLight.java:63) ~[tomcat-embed-core-11.0.22.jar:11.0.22]
	at org.apache.coyote.AbstractProtocol$ConnectionHandler.process(AbstractProtocol.java:1272) ~[tomcat-embed-core-11.0.22.jar:11.0.22]
	at org.apache.tomcat.util.net.NioEndpoint$SocketProcessor.doRun(NioEndpoint.java:1801) ~[tomcat-embed-core-11.0.22.jar:11.0.22]
	at org.apache.tomcat.util.net.SocketProcessorBase.run(SocketProcessorBase.java:52) ~[tomcat-embed-core-11.0.22.jar:11.0.22]
	at org.apache.tomcat.util.threads.ThreadPoolExecutor.runWorker(ThreadPoolExecutor.java:946) ~[tomcat-embed-core-11.0.22.jar:11.0.22]
	at org.apache.tomcat.util.threads.ThreadPoolExecutor$Worker.run(ThreadPoolExecutor.java:480) ~[tomcat-embed-core-11.0.22.jar:11.0.22]
	at org.apache.tomcat.util.threads.TaskThread$WrappingRunnable.run(TaskThread.java:57) ~[tomcat-embed-core-11.0.22.jar:11.0.22]
	at java.base/java.lang.Thread.run(Thread.java:1474) ~[na:na]
Caused by: java.lang.NoSuchMethodException: org.springframework.cloud.config.server.config.ConfigServerHealthIndicator.<init>()
	at java.base/java.lang.Class.getConstructor0(Class.java:3187) ~[na:na]
	at java.base/java.lang.Class.getDeclaredConstructor(Class.java:2491) ~[na:na]
	at org.springframework.beans.BeanUtils.instantiateClass(BeanUtils.java:138) ~[spring-beans-7.0.8.jar:7.0.8]
	... 75 common frames omitted

2026-07-24T13:54:10.575+05:30  WARN 19182 --- [ConfigServer] [http-nio-8888-exec-5] com.netflix.appinfo.InstanceInfo         : Passed in hostname is blank, not setting it
2026-07-24T13:54:10.575+05:30  INFO 19182 --- [ConfigServer] [http-nio-8888-exec-5] o.s.c.n.eureka.InstanceInfoFactory       : Setting initial instance status as: STARTING
2026-07-24T13:54:10.576+05:30  INFO 19182 --- [ConfigServer] [http-nio-8888-exec-5] com.netflix.discovery.DiscoveryClient    : Initializing Eureka in region us-east-1
2026-07-24T13:54:10.577+05:30  INFO 19182 --- [ConfigServer] [http-nio-8888-exec-5] c.n.d.s.r.aws.ConfigClusterResolver      : Resolving eureka endpoints via configuration
2026-07-24T13:54:10.577+05:30  INFO 19182 --- [ConfigServer] [http-nio-8888-exec-5] com.netflix.discovery.DiscoveryClient    : Disable delta property : false
2026-07-24T13:54:10.577+05:30  INFO 19182 --- [ConfigServer] [http-nio-8888-exec-5] com.netflix.discovery.DiscoveryClient    : Single vip registry refresh property : null
2026-07-24T13:54:10.577+05:30  INFO 19182 --- [ConfigServer] [http-nio-8888-exec-5] com.netflix.discovery.DiscoveryClient    : Force full registry fetch : false
2026-07-24T13:54:10.577+05:30  INFO 19182 --- [ConfigServer] [http-nio-8888-exec-5] com.netflix.discovery.DiscoveryClient    : Application is null : false
2026-07-24T13:54:10.577+05:30  INFO 19182 --- [ConfigServer] [http-nio-8888-exec-5] com.netflix.discovery.DiscoveryClient    : Registered Applications size is zero : true
2026-07-24T13:54:10.577+05:30  INFO 19182 --- [ConfigServer] [http-nio-8888-exec-5] com.netflix.discovery.DiscoveryClient    : Application version is -1: true
2026-07-24T13:54:10.577+05:30  INFO 19182 --- [ConfigServer] [http-nio-8888-exec-5] com.netflix.discovery.DiscoveryClient    : Getting all instance registry info from the eureka server
2026-07-24T13:54:10.591+05:30  INFO 19182 --- [ConfigServer] [http-nio-8888-exec-5] com.netflix.discovery.DiscoveryClient    : The response status is 200
2026-07-24T13:54:10.592+05:30 ERROR 19182 --- [ConfigServer] [http-nio-8888-exec-5] com.netflix.discovery.DiscoveryClient    : Fetch registry error at startup: Cannot invoke "Object.hashCode()" because "key" is null
2026-07-24T13:54:10.592+05:30 ERROR 19182 --- [ConfigServer] [http-nio-8888-exec-5] o.a.c.c.C.[.[.[/].[dispatcherServlet]    : Servlet.service() for servlet [dispatcherServlet] in context with path [] threw exception [Request processing failed: org.springframework.beans.factory.BeanCreationException: Error creating bean with name 'scopedTarget.eurekaClient' defined in class path resource [org/springframework/cloud/netflix/eureka/EurekaClientAutoConfiguration$RefreshableEurekaClientConfiguration.class]: Failed to instantiate [com.netflix.discovery.EurekaClient]: Factory method 'eurekaClient' threw exception with message: java.lang.NullPointerException: Cannot invoke "Object.hashCode()" because "key" is null] with root cause

java.lang.NullPointerException: Cannot invoke "Object.hashCode()" because "key" is null
	at java.base/java.util.concurrent.ConcurrentHashMap.get(ConcurrentHashMap.java:948) ~[na:na]
	at com.netflix.discovery.shared.Application.getByInstanceId(Application.java:181) ~[eureka-client-2.0.6.jar:2.0.6]
	at com.netflix.discovery.DiscoveryClient.updateInstanceRemoteStatus(DiscoveryClient.java:1006) ~[eureka-client-2.0.6.jar:2.0.6]
	at com.netflix.discovery.DiscoveryClient.fetchRegistry(DiscoveryClient.java:994) ~[eureka-client-2.0.6.jar:2.0.6]
	at com.netflix.discovery.DiscoveryClient.<init>(DiscoveryClient.java:419) ~[eureka-client-2.0.6.jar:2.0.6]
	at com.netflix.discovery.DiscoveryClient.<init>(DiscoveryClient.java:254) ~[eureka-client-2.0.6.jar:2.0.6]
	at com.netflix.discovery.DiscoveryClient.<init>(DiscoveryClient.java:249) ~[eureka-client-2.0.6.jar:2.0.6]
	at org.springframework.cloud.netflix.eureka.CloudEurekaClient.<init>(CloudEurekaClient.java:68) ~[spring-cloud-netflix-eureka-client-5.0.2.jar:5.0.2]
	at org.springframework.cloud.netflix.eureka.EurekaClientAutoConfiguration$RefreshableEurekaClientConfiguration.eurekaClient(EurekaClientAutoConfiguration.java:324) ~[spring-cloud-netflix-eureka-client-5.0.2.jar:5.0.2]
	at java.base/jdk.internal.reflect.DirectMethodHandleAccessor.invoke(DirectMethodHandleAccessor.java:104) ~[na:na]
	at java.base/java.lang.reflect.Method.invoke(Method.java:565) ~[na:na]
	at org.springframework.beans.factory.support.SimpleInstantiationStrategy.lambda$instantiate$0(SimpleInstantiationStrategy.java:155) ~[spring-beans-7.0.8.jar:7.0.8]
	at org.springframework.beans.factory.support.SimpleInstantiationStrategy.instantiateWithFactoryMethod(SimpleInstantiationStrategy.java:72) ~[spring-beans-7.0.8.jar:7.0.8]
	at org.springframework.beans.factory.support.SimpleInstantiationStrategy.instantiate(SimpleInstantiationStrategy.java:152) ~[spring-beans-7.0.8.jar:7.0.8]
	at org.springframework.beans.factory.support.ConstructorResolver.instantiate(ConstructorResolver.java:653) ~[spring-beans-7.0.8.jar:7.0.8]
	at org.springframework.beans.factory.support.ConstructorResolver.instantiateUsingFactoryMethod(ConstructorResolver.java:645) ~[spring-beans-7.0.8.jar:7.0.8]
	at org.springframework.beans.factory.support.AbstractAutowireCapableBeanFactory.instantiateUsingFactoryMethod(AbstractAutowireCapableBeanFactory.java:1360) ~[spring-beans-7.0.8.jar:7.0.8]
	at org.springframework.beans.factory.support.AbstractAutowireCapableBeanFactory.createBeanInstance(AbstractAutowireCapableBeanFactory.java:1192) ~[spring-beans-7.0.8.jar:7.0.8]
	at org.springframework.beans.factory.support.AbstractAutowireCapableBeanFactory.doCreateBean(AbstractAutowireCapableBeanFactory.java:565) ~[spring-beans-7.0.8.jar:7.0.8]
	at org.springframework.beans.factory.support.AbstractAutowireCapableBeanFactory.createBean(AbstractAutowireCapableBeanFactory.java:525) ~[spring-beans-7.0.8.jar:7.0.8]
	at org.springframework.beans.factory.support.AbstractBeanFactory.lambda$doGetBean$1(AbstractBeanFactory.java:372) ~[spring-beans-7.0.8.jar:7.0.8]
	at org.springframework.cloud.context.scope.GenericScope$BeanLifecycleWrapper.getBean(GenericScope.java:373) ~[spring-cloud-context-5.0.2.jar:5.0.2]
	at org.springframework.cloud.context.scope.GenericScope.get(GenericScope.java:177) ~[spring-cloud-context-5.0.2.jar:5.0.2]
	at org.springframework.beans.factory.support.AbstractBeanFactory.doGetBean(AbstractBeanFactory.java:369) ~[spring-beans-7.0.8.jar:7.0.8]
	at org.springframework.beans.factory.support.AbstractBeanFactory.getBean(AbstractBeanFactory.java:196) ~[spring-beans-7.0.8.jar:7.0.8]
	at org.springframework.aop.target.SimpleBeanTargetSource.getTarget(SimpleBeanTargetSource.java:35) ~[spring-aop-7.0.8.jar:7.0.8]
	at org.springframework.aop.framework.JdkDynamicAopProxy.invoke(JdkDynamicAopProxy.java:202) ~[spring-aop-7.0.8.jar:7.0.8]
	at jdk.proxy2/jdk.proxy2.$Proxy102.getApplications(Unknown Source) ~[na:na]
	at org.springframework.cloud.netflix.eureka.EurekaDiscoveryClientConfiguration$EurekaClientConfigurationRefresher.onApplicationEvent(EurekaDiscoveryClientConfiguration.java:91) ~[spring-cloud-netflix-eureka-client-5.0.2.jar:5.0.2]
	at org.springframework.cloud.netflix.eureka.EurekaDiscoveryClientConfiguration$EurekaClientConfigurationRefresher.onApplicationEvent(EurekaDiscoveryClientConfiguration.java:75) ~[spring-cloud-netflix-eureka-client-5.0.2.jar:5.0.2]
	at org.springframework.context.event.SimpleApplicationEventMulticaster.doInvokeListener(SimpleApplicationEventMulticaster.java:180) ~[spring-context-7.0.8.jar:7.0.8]
	at org.springframework.context.event.SimpleApplicationEventMulticaster.invokeListener(SimpleApplicationEventMulticaster.java:173) ~[spring-context-7.0.8.jar:7.0.8]
	at org.springframework.context.event.SimpleApplicationEventMulticaster.multicastEvent(SimpleApplicationEventMulticaster.java:151) ~[spring-context-7.0.8.jar:7.0.8]
	at org.springframework.context.support.AbstractApplicationContext.publishEvent(AbstractApplicationContext.java:448) ~[spring-context-7.0.8.jar:7.0.8]
	at org.springframework.context.support.AbstractApplicationContext.publishEvent(AbstractApplicationContext.java:381) ~[spring-context-7.0.8.jar:7.0.8]
	at org.springframework.cloud.context.scope.refresh.RefreshScope.refreshAll(RefreshScope.java:169) ~[spring-cloud-context-5.0.2.jar:5.0.2]
	at org.springframework.cloud.context.refresh.ContextRefresher.refresh(ContextRefresher.java:95) ~[spring-cloud-context-5.0.2.jar:5.0.2]
	at org.springframework.cloud.bus.event.RefreshListener.onApplicationEvent(RefreshListener.java:49) ~[spring-cloud-bus-5.0.2.jar:5.0.2]
	at org.springframework.cloud.bus.event.RefreshListener.onApplicationEvent(RefreshListener.java:32) ~[spring-cloud-bus-5.0.2.jar:5.0.2]
	at org.springframework.context.event.SimpleApplicationEventMulticaster.doInvokeListener(SimpleApplicationEventMulticaster.java:180) ~[spring-context-7.0.8.jar:7.0.8]
	at org.springframework.context.event.SimpleApplicationEventMulticaster.invokeListener(SimpleApplicationEventMulticaster.java:173) ~[spring-context-7.0.8.jar:7.0.8]
	at org.springframework.context.event.SimpleApplicationEventMulticaster.multicastEvent(SimpleApplicationEventMulticaster.java:151) ~[spring-context-7.0.8.jar:7.0.8]
	at org.springframework.context.support.AbstractApplicationContext.publishEvent(AbstractApplicationContext.java:448) ~[spring-context-7.0.8.jar:7.0.8]
	at org.springframework.context.support.AbstractApplicationContext.publishEvent(AbstractApplicationContext.java:381) ~[spring-context-7.0.8.jar:7.0.8]
	at org.springframework.cloud.bus.endpoint.AbstractBusEndpoint.publish(AbstractBusEndpoint.java:54) ~[spring-cloud-bus-5.0.2.jar:5.0.2]
	at org.springframework.cloud.bus.endpoint.RefreshBusEndpoint.busRefresh(RefreshBusEndpoint.java:46) ~[spring-cloud-bus-5.0.2.jar:5.0.2]
	at java.base/jdk.internal.reflect.DirectMethodHandleAccessor.invoke(DirectMethodHandleAccessor.java:104) ~[na:na]
	at java.base/java.lang.reflect.Method.invoke(Method.java:565) ~[na:na]
	at org.springframework.util.ReflectionUtils.invokeMethod(ReflectionUtils.java:281) ~[spring-core-7.0.8.jar:7.0.8]
	at org.springframework.boot.actuate.endpoint.invoke.reflect.ReflectiveOperationInvoker.invoke(ReflectiveOperationInvoker.java:76) ~[spring-boot-actuator-4.1.0.jar:4.1.0]
	at org.springframework.boot.actuate.endpoint.annotation.AbstractDiscoveredOperation.invoke(AbstractDiscoveredOperation.java:62) ~[spring-boot-actuator-4.1.0.jar:4.1.0]
	at org.springframework.boot.webmvc.actuate.endpoint.web.AbstractWebMvcEndpointHandlerMapping$ServletWebOperationAdapter.handle(AbstractWebMvcEndpointHandlerMapping.java:347) ~[spring-boot-webmvc-4.1.0.jar:4.1.0]
	at org.springframework.boot.webmvc.actuate.endpoint.web.AbstractWebMvcEndpointHandlerMapping$OperationHandler.handle(AbstractWebMvcEndpointHandlerMapping.java:476) ~[spring-boot-webmvc-4.1.0.jar:4.1.0]
	at java.base/jdk.internal.reflect.DirectMethodHandleAccessor.invoke(DirectMethodHandleAccessor.java:104) ~[na:na]
	at java.base/java.lang.reflect.Method.invoke(Method.java:565) ~[na:na]
	at org.springframework.web.method.support.InvocableHandlerMethod.doInvoke(InvocableHandlerMethod.java:252) ~[spring-web-7.0.8.jar:7.0.8]
	at org.springframework.web.method.support.InvocableHandlerMethod.invokeForRequest(InvocableHandlerMethod.java:184) ~[spring-web-7.0.8.jar:7.0.8]
	at org.springframework.web.servlet.mvc.method.annotation.ServletInvocableHandlerMethod.invokeAndHandle(ServletInvocableHandlerMethod.java:117) ~[spring-webmvc-7.0.8.jar:7.0.8]
	at org.springframework.web.servlet.mvc.method.annotation.RequestMappingHandlerAdapter.invokeHandlerMethod(RequestMappingHandlerAdapter.java:934) ~[spring-webmvc-7.0.8.jar:7.0.8]
	at org.springframework.web.servlet.mvc.method.annotation.RequestMappingHandlerAdapter.handleInternal(RequestMappingHandlerAdapter.java:853) ~[spring-webmvc-7.0.8.jar:7.0.8]
	at org.springframework.web.servlet.mvc.method.AbstractHandlerMethodAdapter.handle(AbstractHandlerMethodAdapter.java:86) ~[spring-webmvc-7.0.8.jar:7.0.8]
	at org.springframework.web.servlet.DispatcherServlet.doDispatch(DispatcherServlet.java:963) ~[spring-webmvc-7.0.8.jar:7.0.8]
	at org.springframework.web.servlet.DispatcherServlet.doService(DispatcherServlet.java:866) ~[spring-webmvc-7.0.8.jar:7.0.8]
	at org.springframework.web.servlet.FrameworkServlet.processRequest(FrameworkServlet.java:1000) ~[spring-webmvc-7.0.8.jar:7.0.8]
	at org.springframework.web.servlet.FrameworkServlet.doPost(FrameworkServlet.java:903) ~[spring-webmvc-7.0.8.jar:7.0.8]
	at jakarta.servlet.http.HttpServlet.service(HttpServlet.java:649) ~[tomcat-embed-core-11.0.22.jar:6.1]
	at org.springframework.web.servlet.FrameworkServlet.service(FrameworkServlet.java:874) ~[spring-webmvc-7.0.8.jar:7.0.8]
	at jakarta.servlet.http.HttpServlet.service(HttpServlet.java:710) ~[tomcat-embed-core-11.0.22.jar:6.1]
	at org.apache.catalina.core.ApplicationFilterChain.doFilter(ApplicationFilterChain.java:128) ~[tomcat-embed-core-11.0.22.jar:11.0.22]
	at org.apache.tomcat.websocket.server.WsFilter.doFilter(WsFilter.java:53) ~[tomcat-embed-websocket-11.0.22.jar:11.0.22]
	at org.apache.catalina.core.ApplicationFilterChain.doFilter(ApplicationFilterChain.java:107) ~[tomcat-embed-core-11.0.22.jar:11.0.22]
	at org.springframework.web.filter.RequestContextFilter.doFilterInternal(RequestContextFilter.java:100) ~[spring-web-7.0.8.jar:7.0.8]
	at org.springframework.web.filter.OncePerRequestFilter.doFilter(OncePerRequestFilter.java:116) ~[spring-web-7.0.8.jar:7.0.8]
	at org.apache.catalina.core.ApplicationFilterChain.doFilter(ApplicationFilterChain.java:107) ~[tomcat-embed-core-11.0.22.jar:11.0.22]
	at org.springframework.web.filter.FormContentFilter.doFilterInternal(FormContentFilter.java:93) ~[spring-web-7.0.8.jar:7.0.8]
	at org.springframework.web.filter.OncePerRequestFilter.doFilter(OncePerRequestFilter.java:116) ~[spring-web-7.0.8.jar:7.0.8]
	at org.apache.catalina.core.ApplicationFilterChain.doFilter(ApplicationFilterChain.java:107) ~[tomcat-embed-core-11.0.22.jar:11.0.22]
	at org.springframework.web.filter.ServerHttpObservationFilter.doFilterInternal(ServerHttpObservationFilter.java:110) ~[spring-web-7.0.8.jar:7.0.8]
	at org.springframework.web.filter.OncePerRequestFilter.doFilter(OncePerRequestFilter.java:116) ~[spring-web-7.0.8.jar:7.0.8]
	at org.apache.catalina.core.ApplicationFilterChain.doFilter(ApplicationFilterChain.java:107) ~[tomcat-embed-core-11.0.22.jar:11.0.22]
	at org.springframework.web.filter.CharacterEncodingFilter.doFilterInternal(CharacterEncodingFilter.java:199) ~[spring-web-7.0.8.jar:7.0.8]
	at org.springframework.web.filter.OncePerRequestFilter.doFilter(OncePerRequestFilter.java:116) ~[spring-web-7.0.8.jar:7.0.8]
	at org.apache.catalina.core.ApplicationFilterChain.doFilter(ApplicationFilterChain.java:107) ~[tomcat-embed-core-11.0.22.jar:11.0.22]
	at org.apache.catalina.core.StandardWrapperValve.invoke(StandardWrapperValve.java:165) ~[tomcat-embed-core-11.0.22.jar:11.0.22]
	at org.apache.catalina.core.StandardContextValve.invoke(StandardContextValve.java:77) ~[tomcat-embed-core-11.0.22.jar:11.0.22]
	at org.apache.catalina.authenticator.AuthenticatorBase.invoke(AuthenticatorBase.java:492) ~[tomcat-embed-core-11.0.22.jar:11.0.22]
	at org.apache.catalina.core.StandardHostValve.invoke(StandardHostValve.java:113) ~[tomcat-embed-core-11.0.22.jar:11.0.22]
	at org.apache.catalina.valves.ErrorReportValve.invoke(ErrorReportValve.java:83) ~[tomcat-embed-core-11.0.22.jar:11.0.22]
	at org.apache.catalina.core.StandardEngineValve.invoke(StandardEngineValve.java:72) ~[tomcat-embed-core-11.0.22.jar:11.0.22]
	at org.apache.catalina.connector.CoyoteAdapter.service(CoyoteAdapter.java:341) ~[tomcat-embed-core-11.0.22.jar:11.0.22]
	at org.apache.coyote.http11.Http11Processor.service(Http11Processor.java:397) ~[tomcat-embed-core-11.0.22.jar:11.0.22]
	at org.apache.coyote.AbstractProcessorLight.process(AbstractProcessorLight.java:63) ~[tomcat-embed-core-11.0.22.jar:11.0.22]
	at org.apache.coyote.AbstractProtocol$ConnectionHandler.process(AbstractProtocol.java:1272) ~[tomcat-embed-core-11.0.22.jar:11.0.22]
	at org.apache.tomcat.util.net.NioEndpoint$SocketProcessor.doRun(NioEndpoint.java:1801) ~[tomcat-embed-core-11.0.22.jar:11.0.22]
	at org.apache.tomcat.util.net.SocketProcessorBase.run(SocketProcessorBase.java:52) ~[tomcat-embed-core-11.0.22.jar:11.0.22]
	at org.apache.tomcat.util.threads.ThreadPoolExecutor.runWorker(ThreadPoolExecutor.java:946) ~[tomcat-embed-core-11.0.22.jar:11.0.22]
	at org.apache.tomcat.util.threads.ThreadPoolExecutor$Worker.run(ThreadPoolExecutor.java:480) ~[tomcat-embed-core-11.0.22.jar:11.0.22]
	at org.apache.tomcat.util.threads.TaskThread$WrappingRunnable.run(TaskThread.java:57) ~[tomcat-embed-core-11.0.22.jar:11.0.22]
	at java.base/java.lang.Thread.run(Thread.java:1474) ~[na:na]

2026-07-24T13:54:11.215+05:30  INFO 19182 --- [ConfigServer] [http-nio-8888-exec-6] o.s.c.s.m.DirectWithAttributesChannel    : Channel 'ConfigServer.springCloudBusOutput' has 1 subscriber(s).
2026-07-24T13:54:11.217+05:30  INFO 19182 --- [ConfigServer] [http-nio-8888-exec-6] o.s.cloud.bus.event.RefreshListener      : Received remote refresh request.
2026-07-24T13:54:11.264+05:30  WARN 19182 --- [ConfigServer] [http-nio-8888-exec-6] .s.c.c.p.ConfigurationPropertiesRebinder : Cannot create default instance of org.springframework.cloud.config.server.config.ConfigServerHealthIndicator for reset; skipping property reset

org.springframework.beans.BeanInstantiationException: Failed to instantiate [org.springframework.cloud.config.server.config.ConfigServerHealthIndicator]: No default constructor found
	at org.springframework.beans.BeanUtils.instantiateClass(BeanUtils.java:143) ~[spring-beans-7.0.8.jar:7.0.8]
	at org.springframework.cloud.context.properties.ConfigurationPropertiesRebinder.resetBeanToDefaults(ConfigurationPropertiesRebinder.java:192) ~[spring-cloud-context-5.0.2.jar:5.0.2]
	at org.springframework.cloud.context.properties.ConfigurationPropertiesRebinder.rebind(ConfigurationPropertiesRebinder.java:167) ~[spring-cloud-context-5.0.2.jar:5.0.2]
	at org.springframework.cloud.context.properties.ConfigurationPropertiesRebinder.rebind(ConfigurationPropertiesRebinder.java:111) ~[spring-cloud-context-5.0.2.jar:5.0.2]
	at org.springframework.cloud.context.properties.ConfigurationPropertiesRebinder.rebind(ConfigurationPropertiesRebinder.java:99) ~[spring-cloud-context-5.0.2.jar:5.0.2]
	at org.springframework.cloud.context.properties.ConfigurationPropertiesRebinder.onApplicationEvent(ConfigurationPropertiesRebinder.java:261) ~[spring-cloud-context-5.0.2.jar:5.0.2]
	at org.springframework.cloud.context.properties.ConfigurationPropertiesRebinder.onApplicationEvent(ConfigurationPropertiesRebinder.java:65) ~[spring-cloud-context-5.0.2.jar:5.0.2]
	at org.springframework.context.event.SimpleApplicationEventMulticaster.doInvokeListener(SimpleApplicationEventMulticaster.java:180) ~[spring-context-7.0.8.jar:7.0.8]
	at org.springframework.context.event.SimpleApplicationEventMulticaster.invokeListener(SimpleApplicationEventMulticaster.java:173) ~[spring-context-7.0.8.jar:7.0.8]
	at org.springframework.context.event.SimpleApplicationEventMulticaster.multicastEvent(SimpleApplicationEventMulticaster.java:151) ~[spring-context-7.0.8.jar:7.0.8]
	at org.springframework.context.support.AbstractApplicationContext.publishEvent(AbstractApplicationContext.java:448) ~[spring-context-7.0.8.jar:7.0.8]
	at org.springframework.context.support.AbstractApplicationContext.publishEvent(AbstractApplicationContext.java:381) ~[spring-context-7.0.8.jar:7.0.8]
	at org.springframework.cloud.context.refresh.ContextRefresher.refreshEnvironment(ContextRefresher.java:103) ~[spring-cloud-context-5.0.2.jar:5.0.2]
	at org.springframework.cloud.context.refresh.ContextRefresher.refresh(ContextRefresher.java:94) ~[spring-cloud-context-5.0.2.jar:5.0.2]
	at org.springframework.cloud.bus.event.RefreshListener.onApplicationEvent(RefreshListener.java:49) ~[spring-cloud-bus-5.0.2.jar:5.0.2]
	at org.springframework.cloud.bus.event.RefreshListener.onApplicationEvent(RefreshListener.java:32) ~[spring-cloud-bus-5.0.2.jar:5.0.2]
	at org.springframework.context.event.SimpleApplicationEventMulticaster.doInvokeListener(SimpleApplicationEventMulticaster.java:180) ~[spring-context-7.0.8.jar:7.0.8]
	at org.springframework.context.event.SimpleApplicationEventMulticaster.invokeListener(SimpleApplicationEventMulticaster.java:173) ~[spring-context-7.0.8.jar:7.0.8]
	at org.springframework.context.event.SimpleApplicationEventMulticaster.multicastEvent(SimpleApplicationEventMulticaster.java:151) ~[spring-context-7.0.8.jar:7.0.8]
	at org.springframework.context.support.AbstractApplicationContext.publishEvent(AbstractApplicationContext.java:448) ~[spring-context-7.0.8.jar:7.0.8]
	at org.springframework.context.support.AbstractApplicationContext.publishEvent(AbstractApplicationContext.java:381) ~[spring-context-7.0.8.jar:7.0.8]
	at org.springframework.cloud.bus.endpoint.AbstractBusEndpoint.publish(AbstractBusEndpoint.java:54) ~[spring-cloud-bus-5.0.2.jar:5.0.2]
	at org.springframework.cloud.bus.endpoint.RefreshBusEndpoint.busRefresh(RefreshBusEndpoint.java:46) ~[spring-cloud-bus-5.0.2.jar:5.0.2]
	at java.base/jdk.internal.reflect.DirectMethodHandleAccessor.invoke(DirectMethodHandleAccessor.java:104) ~[na:na]
	at java.base/java.lang.reflect.Method.invoke(Method.java:565) ~[na:na]
	at org.springframework.util.ReflectionUtils.invokeMethod(ReflectionUtils.java:281) ~[spring-core-7.0.8.jar:7.0.8]
	at org.springframework.boot.actuate.endpoint.invoke.reflect.ReflectiveOperationInvoker.invoke(ReflectiveOperationInvoker.java:76) ~[spring-boot-actuator-4.1.0.jar:4.1.0]
	at org.springframework.boot.actuate.endpoint.annotation.AbstractDiscoveredOperation.invoke(AbstractDiscoveredOperation.java:62) ~[spring-boot-actuator-4.1.0.jar:4.1.0]
	at org.springframework.boot.webmvc.actuate.endpoint.web.AbstractWebMvcEndpointHandlerMapping$ServletWebOperationAdapter.handle(AbstractWebMvcEndpointHandlerMapping.java:347) ~[spring-boot-webmvc-4.1.0.jar:4.1.0]
	at org.springframework.boot.webmvc.actuate.endpoint.web.AbstractWebMvcEndpointHandlerMapping$OperationHandler.handle(AbstractWebMvcEndpointHandlerMapping.java:476) ~[spring-boot-webmvc-4.1.0.jar:4.1.0]
	at java.base/jdk.internal.reflect.DirectMethodHandleAccessor.invoke(DirectMethodHandleAccessor.java:104) ~[na:na]
	at java.base/java.lang.reflect.Method.invoke(Method.java:565) ~[na:na]
	at org.springframework.web.method.support.InvocableHandlerMethod.doInvoke(InvocableHandlerMethod.java:252) ~[spring-web-7.0.8.jar:7.0.8]
	at org.springframework.web.method.support.InvocableHandlerMethod.invokeForRequest(InvocableHandlerMethod.java:184) ~[spring-web-7.0.8.jar:7.0.8]
	at org.springframework.web.servlet.mvc.method.annotation.ServletInvocableHandlerMethod.invokeAndHandle(ServletInvocableHandlerMethod.java:117) ~[spring-webmvc-7.0.8.jar:7.0.8]
	at org.springframework.web.servlet.mvc.method.annotation.RequestMappingHandlerAdapter.invokeHandlerMethod(RequestMappingHandlerAdapter.java:934) ~[spring-webmvc-7.0.8.jar:7.0.8]
	at org.springframework.web.servlet.mvc.method.annotation.RequestMappingHandlerAdapter.handleInternal(RequestMappingHandlerAdapter.java:853) ~[spring-webmvc-7.0.8.jar:7.0.8]
	at org.springframework.web.servlet.mvc.method.AbstractHandlerMethodAdapter.handle(AbstractHandlerMethodAdapter.java:86) ~[spring-webmvc-7.0.8.jar:7.0.8]
	at org.springframework.web.servlet.DispatcherServlet.doDispatch(DispatcherServlet.java:963) ~[spring-webmvc-7.0.8.jar:7.0.8]
	at org.springframework.web.servlet.DispatcherServlet.doService(DispatcherServlet.java:866) ~[spring-webmvc-7.0.8.jar:7.0.8]
	at org.springframework.web.servlet.FrameworkServlet.processRequest(FrameworkServlet.java:1000) ~[spring-webmvc-7.0.8.jar:7.0.8]
	at org.springframework.web.servlet.FrameworkServlet.doPost(FrameworkServlet.java:903) ~[spring-webmvc-7.0.8.jar:7.0.8]
	at jakarta.servlet.http.HttpServlet.service(HttpServlet.java:649) ~[tomcat-embed-core-11.0.22.jar:6.1]
	at org.springframework.web.servlet.FrameworkServlet.service(FrameworkServlet.java:874) ~[spring-webmvc-7.0.8.jar:7.0.8]
	at jakarta.servlet.http.HttpServlet.service(HttpServlet.java:710) ~[tomcat-embed-core-11.0.22.jar:6.1]
	at org.apache.catalina.core.ApplicationFilterChain.doFilter(ApplicationFilterChain.java:128) ~[tomcat-embed-core-11.0.22.jar:11.0.22]
	at org.apache.tomcat.websocket.server.WsFilter.doFilter(WsFilter.java:53) ~[tomcat-embed-websocket-11.0.22.jar:11.0.22]
	at org.apache.catalina.core.ApplicationFilterChain.doFilter(ApplicationFilterChain.java:107) ~[tomcat-embed-core-11.0.22.jar:11.0.22]
	at org.springframework.web.filter.RequestContextFilter.doFilterInternal(RequestContextFilter.java:100) ~[spring-web-7.0.8.jar:7.0.8]
	at org.springframework.web.filter.OncePerRequestFilter.doFilter(OncePerRequestFilter.java:116) ~[spring-web-7.0.8.jar:7.0.8]
	at org.apache.catalina.core.ApplicationFilterChain.doFilter(ApplicationFilterChain.java:107) ~[tomcat-embed-core-11.0.22.jar:11.0.22]
	at org.springframework.web.filter.FormContentFilter.doFilterInternal(FormContentFilter.java:93) ~[spring-web-7.0.8.jar:7.0.8]
	at org.springframework.web.filter.OncePerRequestFilter.doFilter(OncePerRequestFilter.java:116) ~[spring-web-7.0.8.jar:7.0.8]
	at org.apache.catalina.core.ApplicationFilterChain.doFilter(ApplicationFilterChain.java:107) ~[tomcat-embed-core-11.0.22.jar:11.0.22]
	at org.springframework.web.filter.ServerHttpObservationFilter.doFilterInternal(ServerHttpObservationFilter.java:110) ~[spring-web-7.0.8.jar:7.0.8]
	at org.springframework.web.filter.OncePerRequestFilter.doFilter(OncePerRequestFilter.java:116) ~[spring-web-7.0.8.jar:7.0.8]
	at org.apache.catalina.core.ApplicationFilterChain.doFilter(ApplicationFilterChain.java:107) ~[tomcat-embed-core-11.0.22.jar:11.0.22]
	at org.springframework.web.filter.CharacterEncodingFilter.doFilterInternal(CharacterEncodingFilter.java:199) ~[spring-web-7.0.8.jar:7.0.8]
	at org.springframework.web.filter.OncePerRequestFilter.doFilter(OncePerRequestFilter.java:116) ~[spring-web-7.0.8.jar:7.0.8]
	at org.apache.catalina.core.ApplicationFilterChain.doFilter(ApplicationFilterChain.java:107) ~[tomcat-embed-core-11.0.22.jar:11.0.22]
	at org.apache.catalina.core.StandardWrapperValve.invoke(StandardWrapperValve.java:165) ~[tomcat-embed-core-11.0.22.jar:11.0.22]
	at org.apache.catalina.core.StandardContextValve.invoke(StandardContextValve.java:77) ~[tomcat-embed-core-11.0.22.jar:11.0.22]
	at org.apache.catalina.authenticator.AuthenticatorBase.invoke(AuthenticatorBase.java:492) ~[tomcat-embed-core-11.0.22.jar:11.0.22]
	at org.apache.catalina.core.StandardHostValve.invoke(StandardHostValve.java:113) ~[tomcat-embed-core-11.0.22.jar:11.0.22]
	at org.apache.catalina.valves.ErrorReportValve.invoke(ErrorReportValve.java:83) ~[tomcat-embed-core-11.0.22.jar:11.0.22]
	at org.apache.catalina.core.StandardEngineValve.invoke(StandardEngineValve.java:72) ~[tomcat-embed-core-11.0.22.jar:11.0.22]
	at org.apache.catalina.connector.CoyoteAdapter.service(CoyoteAdapter.java:341) ~[tomcat-embed-core-11.0.22.jar:11.0.22]
	at org.apache.coyote.http11.Http11Processor.service(Http11Processor.java:397) ~[tomcat-embed-core-11.0.22.jar:11.0.22]
	at org.apache.coyote.AbstractProcessorLight.process(AbstractProcessorLight.java:63) ~[tomcat-embed-core-11.0.22.jar:11.0.22]
	at org.apache.coyote.AbstractProtocol$ConnectionHandler.process(AbstractProtocol.java:1272) ~[tomcat-embed-core-11.0.22.jar:11.0.22]
	at org.apache.tomcat.util.net.NioEndpoint$SocketProcessor.doRun(NioEndpoint.java:1801) ~[tomcat-embed-core-11.0.22.jar:11.0.22]
	at org.apache.tomcat.util.net.SocketProcessorBase.run(SocketProcessorBase.java:52) ~[tomcat-embed-core-11.0.22.jar:11.0.22]
	at org.apache.tomcat.util.threads.ThreadPoolExecutor.runWorker(ThreadPoolExecutor.java:946) ~[tomcat-embed-core-11.0.22.jar:11.0.22]
	at org.apache.tomcat.util.threads.ThreadPoolExecutor$Worker.run(ThreadPoolExecutor.java:480) ~[tomcat-embed-core-11.0.22.jar:11.0.22]
	at org.apache.tomcat.util.threads.TaskThread$WrappingRunnable.run(TaskThread.java:57) ~[tomcat-embed-core-11.0.22.jar:11.0.22]
	at java.base/java.lang.Thread.run(Thread.java:1474) ~[na:na]
Caused by: java.lang.NoSuchMethodException: org.springframework.cloud.config.server.config.ConfigServerHealthIndicator.<init>()
	at java.base/java.lang.Class.getConstructor0(Class.java:3187) ~[na:na]
	at java.base/java.lang.Class.getDeclaredConstructor(Class.java:2491) ~[na:na]
	at org.springframework.beans.BeanUtils.instantiateClass(BeanUtils.java:138) ~[spring-beans-7.0.8.jar:7.0.8]
	... 75 common frames omitted

2026-07-24T13:54:11.282+05:30  WARN 19182 --- [ConfigServer] [http-nio-8888-exec-6] com.netflix.appinfo.InstanceInfo         : Passed in hostname is blank, not setting it
2026-07-24T13:54:11.282+05:30  INFO 19182 --- [ConfigServer] [http-nio-8888-exec-6] o.s.c.n.eureka.InstanceInfoFactory       : Setting initial instance status as: STARTING
2026-07-24T13:54:11.283+05:30  INFO 19182 --- [ConfigServer] [http-nio-8888-exec-6] com.netflix.discovery.DiscoveryClient    : Initializing Eureka in region us-east-1
2026-07-24T13:54:11.283+05:30  INFO 19182 --- [ConfigServer] [http-nio-8888-exec-6] c.n.d.s.r.aws.ConfigClusterResolver      : Resolving eureka endpoints via configuration
2026-07-24T13:54:11.283+05:30  INFO 19182 --- [ConfigServer] [http-nio-8888-exec-6] com.netflix.discovery.DiscoveryClient    : Disable delta property : false
2026-07-24T13:54:11.283+05:30  INFO 19182 --- [ConfigServer] [http-nio-8888-exec-6] com.netflix.discovery.DiscoveryClient    : Single vip registry refresh property : null
2026-07-24T13:54:11.283+05:30  INFO 19182 --- [ConfigServer] [http-nio-8888-exec-6] com.netflix.discovery.DiscoveryClient    : Force full registry fetch : false
2026-07-24T13:54:11.283+05:30  INFO 19182 --- [ConfigServer] [http-nio-8888-exec-6] com.netflix.discovery.DiscoveryClient    : Application is null : false
2026-07-24T13:54:11.283+05:30  INFO 19182 --- [ConfigServer] [http-nio-8888-exec-6] com.netflix.discovery.DiscoveryClient    : Registered Applications size is zero : true
2026-07-24T13:54:11.283+05:30  INFO 19182 --- [ConfigServer] [http-nio-8888-exec-6] com.netflix.discovery.DiscoveryClient    : Application version is -1: true
2026-07-24T13:54:11.283+05:30  INFO 19182 --- [ConfigServer] [http-nio-8888-exec-6] com.netflix.discovery.DiscoveryClient    : Getting all instance registry info from the eureka server
2026-07-24T13:54:11.294+05:30  INFO 19182 --- [ConfigServer] [http-nio-8888-exec-6] com.netflix.discovery.DiscoveryClient    : The response status is 200
2026-07-24T13:54:11.295+05:30 ERROR 19182 --- [ConfigServer] [http-nio-8888-exec-6] com.netflix.discovery.DiscoveryClient    : Fetch registry error at startup: Cannot invoke "Object.hashCode()" because "key" is null
2026-07-24T13:54:11.295+05:30 ERROR 19182 --- [ConfigServer] [http-nio-8888-exec-6] o.a.c.c.C.[.[.[/].[dispatcherServlet]    : Servlet.service() for servlet [dispatcherServlet] in context with path [] threw exception [Request processing failed: org.springframework.beans.factory.BeanCreationException: Error creating bean with name 'scopedTarget.eurekaClient' defined in class path resource [org/springframework/cloud/netflix/eureka/EurekaClientAutoConfiguration$RefreshableEurekaClientConfiguration.class]: Failed to instantiate [com.netflix.discovery.EurekaClient]: Factory method 'eurekaClient' threw exception with message: java.lang.NullPointerException: Cannot invoke "Object.hashCode()" because "key" is null] with root cause

java.lang.NullPointerException: Cannot invoke "Object.hashCode()" because "key" is null
	at java.base/java.util.concurrent.ConcurrentHashMap.get(ConcurrentHashMap.java:948) ~[na:na]
	at com.netflix.discovery.shared.Application.getByInstanceId(Application.java:181) ~[eureka-client-2.0.6.jar:2.0.6]
	at com.netflix.discovery.DiscoveryClient.updateInstanceRemoteStatus(DiscoveryClient.java:1006) ~[eureka-client-2.0.6.jar:2.0.6]
	at com.netflix.discovery.DiscoveryClient.fetchRegistry(DiscoveryClient.java:994) ~[eureka-client-2.0.6.jar:2.0.6]
	at com.netflix.discovery.DiscoveryClient.<init>(DiscoveryClient.java:419) ~[eureka-client-2.0.6.jar:2.0.6]
	at com.netflix.discovery.DiscoveryClient.<init>(DiscoveryClient.java:254) ~[eureka-client-2.0.6.jar:2.0.6]
	at com.netflix.discovery.DiscoveryClient.<init>(DiscoveryClient.java:249) ~[eureka-client-2.0.6.jar:2.0.6]
	at org.springframework.cloud.netflix.eureka.CloudEurekaClient.<init>(CloudEurekaClient.java:68) ~[spring-cloud-netflix-eureka-client-5.0.2.jar:5.0.2]
	at org.springframework.cloud.netflix.eureka.EurekaClientAutoConfiguration$RefreshableEurekaClientConfiguration.eurekaClient(EurekaClientAutoConfiguration.java:324) ~[spring-cloud-netflix-eureka-client-5.0.2.jar:5.0.2]
	at java.base/jdk.internal.reflect.DirectMethodHandleAccessor.invoke(DirectMethodHandleAccessor.java:104) ~[na:na]
	at java.base/java.lang.reflect.Method.invoke(Method.java:565) ~[na:na]
	at org.springframework.beans.factory.support.SimpleInstantiationStrategy.lambda$instantiate$0(SimpleInstantiationStrategy.java:155) ~[spring-beans-7.0.8.jar:7.0.8]
	at org.springframework.beans.factory.support.SimpleInstantiationStrategy.instantiateWithFactoryMethod(SimpleInstantiationStrategy.java:72) ~[spring-beans-7.0.8.jar:7.0.8]
	at org.springframework.beans.factory.support.SimpleInstantiationStrategy.instantiate(SimpleInstantiationStrategy.java:152) ~[spring-beans-7.0.8.jar:7.0.8]
	at org.springframework.beans.factory.support.ConstructorResolver.instantiate(ConstructorResolver.java:653) ~[spring-beans-7.0.8.jar:7.0.8]
	at org.springframework.beans.factory.support.ConstructorResolver.instantiateUsingFactoryMethod(ConstructorResolver.java:645) ~[spring-beans-7.0.8.jar:7.0.8]
	at org.springframework.beans.factory.support.AbstractAutowireCapableBeanFactory.instantiateUsingFactoryMethod(AbstractAutowireCapableBeanFactory.java:1360) ~[spring-beans-7.0.8.jar:7.0.8]
	at org.springframework.beans.factory.support.AbstractAutowireCapableBeanFactory.createBeanInstance(AbstractAutowireCapableBeanFactory.java:1192) ~[spring-beans-7.0.8.jar:7.0.8]
	at org.springframework.beans.factory.support.AbstractAutowireCapableBeanFactory.doCreateBean(AbstractAutowireCapableBeanFactory.java:565) ~[spring-beans-7.0.8.jar:7.0.8]
	at org.springframework.beans.factory.support.AbstractAutowireCapableBeanFactory.createBean(AbstractAutowireCapableBeanFactory.java:525) ~[spring-beans-7.0.8.jar:7.0.8]
	at org.springframework.beans.factory.support.AbstractBeanFactory.lambda$doGetBean$1(AbstractBeanFactory.java:372) ~[spring-beans-7.0.8.jar:7.0.8]
	at org.springframework.cloud.context.scope.GenericScope$BeanLifecycleWrapper.getBean(GenericScope.java:373) ~[spring-cloud-context-5.0.2.jar:5.0.2]
	at org.springframework.cloud.context.scope.GenericScope.get(GenericScope.java:177) ~[spring-cloud-context-5.0.2.jar:5.0.2]
	at org.springframework.beans.factory.support.AbstractBeanFactory.doGetBean(AbstractBeanFactory.java:369) ~[spring-beans-7.0.8.jar:7.0.8]
	at org.springframework.beans.factory.support.AbstractBeanFactory.getBean(AbstractBeanFactory.java:196) ~[spring-beans-7.0.8.jar:7.0.8]
	at org.springframework.aop.target.SimpleBeanTargetSource.getTarget(SimpleBeanTargetSource.java:35) ~[spring-aop-7.0.8.jar:7.0.8]
	at org.springframework.aop.framework.JdkDynamicAopProxy.invoke(JdkDynamicAopProxy.java:202) ~[spring-aop-7.0.8.jar:7.0.8]
	at jdk.proxy2/jdk.proxy2.$Proxy102.getApplications(Unknown Source) ~[na:na]
	at org.springframework.cloud.netflix.eureka.EurekaDiscoveryClientConfiguration$EurekaClientConfigurationRefresher.onApplicationEvent(EurekaDiscoveryClientConfiguration.java:91) ~[spring-cloud-netflix-eureka-client-5.0.2.jar:5.0.2]
	at org.springframework.cloud.netflix.eureka.EurekaDiscoveryClientConfiguration$EurekaClientConfigurationRefresher.onApplicationEvent(EurekaDiscoveryClientConfiguration.java:75) ~[spring-cloud-netflix-eureka-client-5.0.2.jar:5.0.2]
	at org.springframework.context.event.SimpleApplicationEventMulticaster.doInvokeListener(SimpleApplicationEventMulticaster.java:180) ~[spring-context-7.0.8.jar:7.0.8]
	at org.springframework.context.event.SimpleApplicationEventMulticaster.invokeListener(SimpleApplicationEventMulticaster.java:173) ~[spring-context-7.0.8.jar:7.0.8]
	at org.springframework.context.event.SimpleApplicationEventMulticaster.multicastEvent(SimpleApplicationEventMulticaster.java:151) ~[spring-context-7.0.8.jar:7.0.8]
	at org.springframework.context.support.AbstractApplicationContext.publishEvent(AbstractApplicationContext.java:448) ~[spring-context-7.0.8.jar:7.0.8]
	at org.springframework.context.support.AbstractApplicationContext.publishEvent(AbstractApplicationContext.java:381) ~[spring-context-7.0.8.jar:7.0.8]
	at org.springframework.cloud.context.scope.refresh.RefreshScope.refreshAll(RefreshScope.java:169) ~[spring-cloud-context-5.0.2.jar:5.0.2]
	at org.springframework.cloud.context.refresh.ContextRefresher.refresh(ContextRefresher.java:95) ~[spring-cloud-context-5.0.2.jar:5.0.2]
	at org.springframework.cloud.bus.event.RefreshListener.onApplicationEvent(RefreshListener.java:49) ~[spring-cloud-bus-5.0.2.jar:5.0.2]
	at org.springframework.cloud.bus.event.RefreshListener.onApplicationEvent(RefreshListener.java:32) ~[spring-cloud-bus-5.0.2.jar:5.0.2]
	at org.springframework.context.event.SimpleApplicationEventMulticaster.doInvokeListener(SimpleApplicationEventMulticaster.java:180) ~[spring-context-7.0.8.jar:7.0.8]
	at org.springframework.context.event.SimpleApplicationEventMulticaster.invokeListener(SimpleApplicationEventMulticaster.java:173) ~[spring-context-7.0.8.jar:7.0.8]
	at org.springframework.context.event.SimpleApplicationEventMulticaster.multicastEvent(SimpleApplicationEventMulticaster.java:151) ~[spring-context-7.0.8.jar:7.0.8]
	at org.springframework.context.support.AbstractApplicationContext.publishEvent(AbstractApplicationContext.java:448) ~[spring-context-7.0.8.jar:7.0.8]
	at org.springframework.context.support.AbstractApplicationContext.publishEvent(AbstractApplicationContext.java:381) ~[spring-context-7.0.8.jar:7.0.8]
	at org.springframework.cloud.bus.endpoint.AbstractBusEndpoint.publish(AbstractBusEndpoint.java:54) ~[spring-cloud-bus-5.0.2.jar:5.0.2]
	at org.springframework.cloud.bus.endpoint.RefreshBusEndpoint.busRefresh(RefreshBusEndpoint.java:46) ~[spring-cloud-bus-5.0.2.jar:5.0.2]
	at java.base/jdk.internal.reflect.DirectMethodHandleAccessor.invoke(DirectMethodHandleAccessor.java:104) ~[na:na]
	at java.base/java.lang.reflect.Method.invoke(Method.java:565) ~[na:na]
	at org.springframework.util.ReflectionUtils.invokeMethod(ReflectionUtils.java:281) ~[spring-core-7.0.8.jar:7.0.8]
	at org.springframework.boot.actuate.endpoint.invoke.reflect.ReflectiveOperationInvoker.invoke(ReflectiveOperationInvoker.java:76) ~[spring-boot-actuator-4.1.0.jar:4.1.0]
	at org.springframework.boot.actuate.endpoint.annotation.AbstractDiscoveredOperation.invoke(AbstractDiscoveredOperation.java:62) ~[spring-boot-actuator-4.1.0.jar:4.1.0]
	at org.springframework.boot.webmvc.actuate.endpoint.web.AbstractWebMvcEndpointHandlerMapping$ServletWebOperationAdapter.handle(AbstractWebMvcEndpointHandlerMapping.java:347) ~[spring-boot-webmvc-4.1.0.jar:4.1.0]
	at org.springframework.boot.webmvc.actuate.endpoint.web.AbstractWebMvcEndpointHandlerMapping$OperationHandler.handle(AbstractWebMvcEndpointHandlerMapping.java:476) ~[spring-boot-webmvc-4.1.0.jar:4.1.0]
	at java.base/jdk.internal.reflect.DirectMethodHandleAccessor.invoke(DirectMethodHandleAccessor.java:104) ~[na:na]
	at java.base/java.lang.reflect.Method.invoke(Method.java:565) ~[na:na]
	at org.springframework.web.method.support.InvocableHandlerMethod.doInvoke(InvocableHandlerMethod.java:252) ~[spring-web-7.0.8.jar:7.0.8]
	at org.springframework.web.method.support.InvocableHandlerMethod.invokeForRequest(InvocableHandlerMethod.java:184) ~[spring-web-7.0.8.jar:7.0.8]
	at org.springframework.web.servlet.mvc.method.annotation.ServletInvocableHandlerMethod.invokeAndHandle(ServletInvocableHandlerMethod.java:117) ~[spring-webmvc-7.0.8.jar:7.0.8]
	at org.springframework.web.servlet.mvc.method.annotation.RequestMappingHandlerAdapter.invokeHandlerMethod(RequestMappingHandlerAdapter.java:934) ~[spring-webmvc-7.0.8.jar:7.0.8]
	at org.springframework.web.servlet.mvc.method.annotation.RequestMappingHandlerAdapter.handleInternal(RequestMappingHandlerAdapter.java:853) ~[spring-webmvc-7.0.8.jar:7.0.8]
	at org.springframework.web.servlet.mvc.method.AbstractHandlerMethodAdapter.handle(AbstractHandlerMethodAdapter.java:86) ~[spring-webmvc-7.0.8.jar:7.0.8]
	at org.springframework.web.servlet.DispatcherServlet.doDispatch(DispatcherServlet.java:963) ~[spring-webmvc-7.0.8.jar:7.0.8]
	at org.springframework.web.servlet.DispatcherServlet.doService(DispatcherServlet.java:866) ~[spring-webmvc-7.0.8.jar:7.0.8]
	at org.springframework.web.servlet.FrameworkServlet.processRequest(FrameworkServlet.java:1000) ~[spring-webmvc-7.0.8.jar:7.0.8]
	at org.springframework.web.servlet.FrameworkServlet.doPost(FrameworkServlet.java:903) ~[spring-webmvc-7.0.8.jar:7.0.8]
	at jakarta.servlet.http.HttpServlet.service(HttpServlet.java:649) ~[tomcat-embed-core-11.0.22.jar:6.1]
	at org.springframework.web.servlet.FrameworkServlet.service(FrameworkServlet.java:874) ~[spring-webmvc-7.0.8.jar:7.0.8]
	at jakarta.servlet.http.HttpServlet.service(HttpServlet.java:710) ~[tomcat-embed-core-11.0.22.jar:6.1]
	at org.apache.catalina.core.ApplicationFilterChain.doFilter(ApplicationFilterChain.java:128) ~[tomcat-embed-core-11.0.22.jar:11.0.22]
	at org.apache.tomcat.websocket.server.WsFilter.doFilter(WsFilter.java:53) ~[tomcat-embed-websocket-11.0.22.jar:11.0.22]
	at org.apache.catalina.core.ApplicationFilterChain.doFilter(ApplicationFilterChain.java:107) ~[tomcat-embed-core-11.0.22.jar:11.0.22]
	at org.springframework.web.filter.RequestContextFilter.doFilterInternal(RequestContextFilter.java:100) ~[spring-web-7.0.8.jar:7.0.8]
	at org.springframework.web.filter.OncePerRequestFilter.doFilter(OncePerRequestFilter.java:116) ~[spring-web-7.0.8.jar:7.0.8]
	at org.apache.catalina.core.ApplicationFilterChain.doFilter(ApplicationFilterChain.java:107) ~[tomcat-embed-core-11.0.22.jar:11.0.22]
	at org.springframework.web.filter.FormContentFilter.doFilterInternal(FormContentFilter.java:93) ~[spring-web-7.0.8.jar:7.0.8]
	at org.springframework.web.filter.OncePerRequestFilter.doFilter(OncePerRequestFilter.java:116) ~[spring-web-7.0.8.jar:7.0.8]
	at org.apache.catalina.core.ApplicationFilterChain.doFilter(ApplicationFilterChain.java:107) ~[tomcat-embed-core-11.0.22.jar:11.0.22]
	at org.springframework.web.filter.ServerHttpObservationFilter.doFilterInternal(ServerHttpObservationFilter.java:110) ~[spring-web-7.0.8.jar:7.0.8]
	at org.springframework.web.filter.OncePerRequestFilter.doFilter(OncePerRequestFilter.java:116) ~[spring-web-7.0.8.jar:7.0.8]
	at org.apache.catalina.core.ApplicationFilterChain.doFilter(ApplicationFilterChain.java:107) ~[tomcat-embed-core-11.0.22.jar:11.0.22]
	at org.springframework.web.filter.CharacterEncodingFilter.doFilterInternal(CharacterEncodingFilter.java:199) ~[spring-web-7.0.8.jar:7.0.8]
	at org.springframework.web.filter.OncePerRequestFilter.doFilter(OncePerRequestFilter.java:116) ~[spring-web-7.0.8.jar:7.0.8]
	at org.apache.catalina.core.ApplicationFilterChain.doFilter(ApplicationFilterChain.java:107) ~[tomcat-embed-core-11.0.22.jar:11.0.22]
	at org.apache.catalina.core.StandardWrapperValve.invoke(StandardWrapperValve.java:165) ~[tomcat-embed-core-11.0.22.jar:11.0.22]
	at org.apache.catalina.core.StandardContextValve.invoke(StandardContextValve.java:77) ~[tomcat-embed-core-11.0.22.jar:11.0.22]
	at org.apache.catalina.authenticator.AuthenticatorBase.invoke(AuthenticatorBase.java:492) ~[tomcat-embed-core-11.0.22.jar:11.0.22]
	at org.apache.catalina.core.StandardHostValve.invoke(StandardHostValve.java:113) ~[tomcat-embed-core-11.0.22.jar:11.0.22]
	at org.apache.catalina.valves.ErrorReportValve.invoke(ErrorReportValve.java:83) ~[tomcat-embed-core-11.0.22.jar:11.0.22]
	at org.apache.catalina.core.StandardEngineValve.invoke(StandardEngineValve.java:72) ~[tomcat-embed-core-11.0.22.jar:11.0.22]
	at org.apache.catalina.connector.CoyoteAdapter.service(CoyoteAdapter.java:341) ~[tomcat-embed-core-11.0.22.jar:11.0.22]
	at org.apache.coyote.http11.Http11Processor.service(Http11Processor.java:397) ~[tomcat-embed-core-11.0.22.jar:11.0.22]
	at org.apache.coyote.AbstractProcessorLight.process(AbstractProcessorLight.java:63) ~[tomcat-embed-core-11.0.22.jar:11.0.22]
	at org.apache.coyote.AbstractProtocol$ConnectionHandler.process(AbstractProtocol.java:1272) ~[tomcat-embed-core-11.0.22.jar:11.0.22]
	at org.apache.tomcat.util.net.NioEndpoint$SocketProcessor.doRun(NioEndpoint.java:1801) ~[tomcat-embed-core-11.0.22.jar:11.0.22]
	at org.apache.tomcat.util.net.SocketProcessorBase.run(SocketProcessorBase.java:52) ~[tomcat-embed-core-11.0.22.jar:11.0.22]
	at org.apache.tomcat.util.threads.ThreadPoolExecutor.runWorker(ThreadPoolExecutor.java:946) ~[tomcat-embed-core-11.0.22.jar:11.0.22]
	at org.apache.tomcat.util.threads.ThreadPoolExecutor$Worker.run(ThreadPoolExecutor.java:480) ~[tomcat-embed-core-11.0.22.jar:11.0.22]
	at org.apache.tomcat.util.threads.TaskThread$WrappingRunnable.run(TaskThread.java:57) ~[tomcat-embed-core-11.0.22.jar:11.0.22]
	at java.base/java.lang.Thread.run(Thread.java:1474) ~[na:na]

2026-07-24T13:54:11.787+05:30  INFO 19182 --- [ConfigServer] [http-nio-8888-exec-7] o.s.c.s.m.DirectWithAttributesChannel    : Channel 'ConfigServer.springCloudBusOutput' has 1 subscriber(s).
2026-07-24T13:54:11.789+05:30  INFO 19182 --- [ConfigServer] [http-nio-8888-exec-7] o.s.cloud.bus.event.RefreshListener      : Received remote refresh request.
2026-07-24T13:54:11.835+05:30  WARN 19182 --- [ConfigServer] [http-nio-8888-exec-7] .s.c.c.p.ConfigurationPropertiesRebinder : Cannot create default instance of org.springframework.cloud.config.server.config.ConfigServerHealthIndicator for reset; skipping property reset

org.springframework.beans.BeanInstantiationException: Failed to instantiate [org.springframework.cloud.config.server.config.ConfigServerHealthIndicator]: No default constructor found
	at org.springframework.beans.BeanUtils.instantiateClass(BeanUtils.java:143) ~[spring-beans-7.0.8.jar:7.0.8]
	at org.springframework.cloud.context.properties.ConfigurationPropertiesRebinder.resetBeanToDefaults(ConfigurationPropertiesRebinder.java:192) ~[spring-cloud-context-5.0.2.jar:5.0.2]
	at org.springframework.cloud.context.properties.ConfigurationPropertiesRebinder.rebind(ConfigurationPropertiesRebinder.java:167) ~[spring-cloud-context-5.0.2.jar:5.0.2]
	at org.springframework.cloud.context.properties.ConfigurationPropertiesRebinder.rebind(ConfigurationPropertiesRebinder.java:111) ~[spring-cloud-context-5.0.2.jar:5.0.2]
	at org.springframework.cloud.context.properties.ConfigurationPropertiesRebinder.rebind(ConfigurationPropertiesRebinder.java:99) ~[spring-cloud-context-5.0.2.jar:5.0.2]
	at org.springframework.cloud.context.properties.ConfigurationPropertiesRebinder.onApplicationEvent(ConfigurationPropertiesRebinder.java:261) ~[spring-cloud-context-5.0.2.jar:5.0.2]
	at org.springframework.cloud.context.properties.ConfigurationPropertiesRebinder.onApplicationEvent(ConfigurationPropertiesRebinder.java:65) ~[spring-cloud-context-5.0.2.jar:5.0.2]
	at org.springframework.context.event.SimpleApplicationEventMulticaster.doInvokeListener(SimpleApplicationEventMulticaster.java:180) ~[spring-context-7.0.8.jar:7.0.8]
	at org.springframework.context.event.SimpleApplicationEventMulticaster.invokeListener(SimpleApplicationEventMulticaster.java:173) ~[spring-context-7.0.8.jar:7.0.8]
	at org.springframework.context.event.SimpleApplicationEventMulticaster.multicastEvent(SimpleApplicationEventMulticaster.java:151) ~[spring-context-7.0.8.jar:7.0.8]
	at org.springframework.context.support.AbstractApplicationContext.publishEvent(AbstractApplicationContext.java:448) ~[spring-context-7.0.8.jar:7.0.8]
	at org.springframework.context.support.AbstractApplicationContext.publishEvent(AbstractApplicationContext.java:381) ~[spring-context-7.0.8.jar:7.0.8]
	at org.springframework.cloud.context.refresh.ContextRefresher.refreshEnvironment(ContextRefresher.java:103) ~[spring-cloud-context-5.0.2.jar:5.0.2]
	at org.springframework.cloud.context.refresh.ContextRefresher.refresh(ContextRefresher.java:94) ~[spring-cloud-context-5.0.2.jar:5.0.2]
	at org.springframework.cloud.bus.event.RefreshListener.onApplicationEvent(RefreshListener.java:49) ~[spring-cloud-bus-5.0.2.jar:5.0.2]
	at org.springframework.cloud.bus.event.RefreshListener.onApplicationEvent(RefreshListener.java:32) ~[spring-cloud-bus-5.0.2.jar:5.0.2]
	at org.springframework.context.event.SimpleApplicationEventMulticaster.doInvokeListener(SimpleApplicationEventMulticaster.java:180) ~[spring-context-7.0.8.jar:7.0.8]
	at org.springframework.context.event.SimpleApplicationEventMulticaster.invokeListener(SimpleApplicationEventMulticaster.java:173) ~[spring-context-7.0.8.jar:7.0.8]
	at org.springframework.context.event.SimpleApplicationEventMulticaster.multicastEvent(SimpleApplicationEventMulticaster.java:151) ~[spring-context-7.0.8.jar:7.0.8]
	at org.springframework.context.support.AbstractApplicationContext.publishEvent(AbstractApplicationContext.java:448) ~[spring-context-7.0.8.jar:7.0.8]
	at org.springframework.context.support.AbstractApplicationContext.publishEvent(AbstractApplicationContext.java:381) ~[spring-context-7.0.8.jar:7.0.8]
	at org.springframework.cloud.bus.endpoint.AbstractBusEndpoint.publish(AbstractBusEndpoint.java:54) ~[spring-cloud-bus-5.0.2.jar:5.0.2]
	at org.springframework.cloud.bus.endpoint.RefreshBusEndpoint.busRefresh(RefreshBusEndpoint.java:46) ~[spring-cloud-bus-5.0.2.jar:5.0.2]
	at java.base/jdk.internal.reflect.DirectMethodHandleAccessor.invoke(DirectMethodHandleAccessor.java:104) ~[na:na]
	at java.base/java.lang.reflect.Method.invoke(Method.java:565) ~[na:na]
	at org.springframework.util.ReflectionUtils.invokeMethod(ReflectionUtils.java:281) ~[spring-core-7.0.8.jar:7.0.8]
	at org.springframework.boot.actuate.endpoint.invoke.reflect.ReflectiveOperationInvoker.invoke(ReflectiveOperationInvoker.java:76) ~[spring-boot-actuator-4.1.0.jar:4.1.0]
	at org.springframework.boot.actuate.endpoint.annotation.AbstractDiscoveredOperation.invoke(AbstractDiscoveredOperation.java:62) ~[spring-boot-actuator-4.1.0.jar:4.1.0]
	at org.springframework.boot.webmvc.actuate.endpoint.web.AbstractWebMvcEndpointHandlerMapping$ServletWebOperationAdapter.handle(AbstractWebMvcEndpointHandlerMapping.java:347) ~[spring-boot-webmvc-4.1.0.jar:4.1.0]
	at org.springframework.boot.webmvc.actuate.endpoint.web.AbstractWebMvcEndpointHandlerMapping$OperationHandler.handle(AbstractWebMvcEndpointHandlerMapping.java:476) ~[spring-boot-webmvc-4.1.0.jar:4.1.0]
	at java.base/jdk.internal.reflect.DirectMethodHandleAccessor.invoke(DirectMethodHandleAccessor.java:104) ~[na:na]
	at java.base/java.lang.reflect.Method.invoke(Method.java:565) ~[na:na]
	at org.springframework.web.method.support.InvocableHandlerMethod.doInvoke(InvocableHandlerMethod.java:252) ~[spring-web-7.0.8.jar:7.0.8]
	at org.springframework.web.method.support.InvocableHandlerMethod.invokeForRequest(InvocableHandlerMethod.java:184) ~[spring-web-7.0.8.jar:7.0.8]
	at org.springframework.web.servlet.mvc.method.annotation.ServletInvocableHandlerMethod.invokeAndHandle(ServletInvocableHandlerMethod.java:117) ~[spring-webmvc-7.0.8.jar:7.0.8]
	at org.springframework.web.servlet.mvc.method.annotation.RequestMappingHandlerAdapter.invokeHandlerMethod(RequestMappingHandlerAdapter.java:934) ~[spring-webmvc-7.0.8.jar:7.0.8]
	at org.springframework.web.servlet.mvc.method.annotation.RequestMappingHandlerAdapter.handleInternal(RequestMappingHandlerAdapter.java:853) ~[spring-webmvc-7.0.8.jar:7.0.8]
	at org.springframework.web.servlet.mvc.method.AbstractHandlerMethodAdapter.handle(AbstractHandlerMethodAdapter.java:86) ~[spring-webmvc-7.0.8.jar:7.0.8]
	at org.springframework.web.servlet.DispatcherServlet.doDispatch(DispatcherServlet.java:963) ~[spring-webmvc-7.0.8.jar:7.0.8]
	at org.springframework.web.servlet.DispatcherServlet.doService(DispatcherServlet.java:866) ~[spring-webmvc-7.0.8.jar:7.0.8]
	at org.springframework.web.servlet.FrameworkServlet.processRequest(FrameworkServlet.java:1000) ~[spring-webmvc-7.0.8.jar:7.0.8]
	at org.springframework.web.servlet.FrameworkServlet.doPost(FrameworkServlet.java:903) ~[spring-webmvc-7.0.8.jar:7.0.8]
	at jakarta.servlet.http.HttpServlet.service(HttpServlet.java:649) ~[tomcat-embed-core-11.0.22.jar:6.1]
	at org.springframework.web.servlet.FrameworkServlet.service(FrameworkServlet.java:874) ~[spring-webmvc-7.0.8.jar:7.0.8]
	at jakarta.servlet.http.HttpServlet.service(HttpServlet.java:710) ~[tomcat-embed-core-11.0.22.jar:6.1]
	at org.apache.catalina.core.ApplicationFilterChain.doFilter(ApplicationFilterChain.java:128) ~[tomcat-embed-core-11.0.22.jar:11.0.22]
	at org.apache.tomcat.websocket.server.WsFilter.doFilter(WsFilter.java:53) ~[tomcat-embed-websocket-11.0.22.jar:11.0.22]
	at org.apache.catalina.core.ApplicationFilterChain.doFilter(ApplicationFilterChain.java:107) ~[tomcat-embed-core-11.0.22.jar:11.0.22]
	at org.springframework.web.filter.RequestContextFilter.doFilterInternal(RequestContextFilter.java:100) ~[spring-web-7.0.8.jar:7.0.8]
	at org.springframework.web.filter.OncePerRequestFilter.doFilter(OncePerRequestFilter.java:116) ~[spring-web-7.0.8.jar:7.0.8]
	at org.apache.catalina.core.ApplicationFilterChain.doFilter(ApplicationFilterChain.java:107) ~[tomcat-embed-core-11.0.22.jar:11.0.22]
	at org.springframework.web.filter.FormContentFilter.doFilterInternal(FormContentFilter.java:93) ~[spring-web-7.0.8.jar:7.0.8]
	at org.springframework.web.filter.OncePerRequestFilter.doFilter(OncePerRequestFilter.java:116) ~[spring-web-7.0.8.jar:7.0.8]
	at org.apache.catalina.core.ApplicationFilterChain.doFilter(ApplicationFilterChain.java:107) ~[tomcat-embed-core-11.0.22.jar:11.0.22]
	at org.springframework.web.filter.ServerHttpObservationFilter.doFilterInternal(ServerHttpObservationFilter.java:110) ~[spring-web-7.0.8.jar:7.0.8]
	at org.springframework.web.filter.OncePerRequestFilter.doFilter(OncePerRequestFilter.java:116) ~[spring-web-7.0.8.jar:7.0.8]
	at org.apache.catalina.core.ApplicationFilterChain.doFilter(ApplicationFilterChain.java:107) ~[tomcat-embed-core-11.0.22.jar:11.0.22]
	at org.springframework.web.filter.CharacterEncodingFilter.doFilterInternal(CharacterEncodingFilter.java:199) ~[spring-web-7.0.8.jar:7.0.8]
	at org.springframework.web.filter.OncePerRequestFilter.doFilter(OncePerRequestFilter.java:116) ~[spring-web-7.0.8.jar:7.0.8]
	at org.apache.catalina.core.ApplicationFilterChain.doFilter(ApplicationFilterChain.java:107) ~[tomcat-embed-core-11.0.22.jar:11.0.22]
	at org.apache.catalina.core.StandardWrapperValve.invoke(StandardWrapperValve.java:165) ~[tomcat-embed-core-11.0.22.jar:11.0.22]
	at org.apache.catalina.core.StandardContextValve.invoke(StandardContextValve.java:77) ~[tomcat-embed-core-11.0.22.jar:11.0.22]
	at org.apache.catalina.authenticator.AuthenticatorBase.invoke(AuthenticatorBase.java:492) ~[tomcat-embed-core-11.0.22.jar:11.0.22]
	at org.apache.catalina.core.StandardHostValve.invoke(StandardHostValve.java:113) ~[tomcat-embed-core-11.0.22.jar:11.0.22]
	at org.apache.catalina.valves.ErrorReportValve.invoke(ErrorReportValve.java:83) ~[tomcat-embed-core-11.0.22.jar:11.0.22]
	at org.apache.catalina.core.StandardEngineValve.invoke(StandardEngineValve.java:72) ~[tomcat-embed-core-11.0.22.jar:11.0.22]
	at org.apache.catalina.connector.CoyoteAdapter.service(CoyoteAdapter.java:341) ~[tomcat-embed-core-11.0.22.jar:11.0.22]
	at org.apache.coyote.http11.Http11Processor.service(Http11Processor.java:397) ~[tomcat-embed-core-11.0.22.jar:11.0.22]
	at org.apache.coyote.AbstractProcessorLight.process(AbstractProcessorLight.java:63) ~[tomcat-embed-core-11.0.22.jar:11.0.22]
	at org.apache.coyote.AbstractProtocol$ConnectionHandler.process(AbstractProtocol.java:1272) ~[tomcat-embed-core-11.0.22.jar:11.0.22]
	at org.apache.tomcat.util.net.NioEndpoint$SocketProcessor.doRun(NioEndpoint.java:1801) ~[tomcat-embed-core-11.0.22.jar:11.0.22]
	at org.apache.tomcat.util.net.SocketProcessorBase.run(SocketProcessorBase.java:52) ~[tomcat-embed-core-11.0.22.jar:11.0.22]
	at org.apache.tomcat.util.threads.ThreadPoolExecutor.runWorker(ThreadPoolExecutor.java:946) ~[tomcat-embed-core-11.0.22.jar:11.0.22]
	at org.apache.tomcat.util.threads.ThreadPoolExecutor$Worker.run(ThreadPoolExecutor.java:480) ~[tomcat-embed-core-11.0.22.jar:11.0.22]
	at org.apache.tomcat.util.threads.TaskThread$WrappingRunnable.run(TaskThread.java:57) ~[tomcat-embed-core-11.0.22.jar:11.0.22]
	at java.base/java.lang.Thread.run(Thread.java:1474) ~[na:na]
Caused by: java.lang.NoSuchMethodException: org.springframework.cloud.config.server.config.ConfigServerHealthIndicator.<init>()
	at java.base/java.lang.Class.getConstructor0(Class.java:3187) ~[na:na]
	at java.base/java.lang.Class.getDeclaredConstructor(Class.java:2491) ~[na:na]
	at org.springframework.beans.BeanUtils.instantiateClass(BeanUtils.java:138) ~[spring-beans-7.0.8.jar:7.0.8]
	... 75 common frames omitted

2026-07-24T13:54:11.856+05:30  WARN 19182 --- [ConfigServer] [http-nio-8888-exec-7] com.netflix.appinfo.InstanceInfo         : Passed in hostname is blank, not setting it
2026-07-24T13:54:11.857+05:30  INFO 19182 --- [ConfigServer] [http-nio-8888-exec-7] o.s.c.n.eureka.InstanceInfoFactory       : Setting initial instance status as: STARTING
2026-07-24T13:54:11.857+05:30  INFO 19182 --- [ConfigServer] [http-nio-8888-exec-7] com.netflix.discovery.DiscoveryClient    : Initializing Eureka in region us-east-1
2026-07-24T13:54:11.858+05:30  INFO 19182 --- [ConfigServer] [http-nio-8888-exec-7] c.n.d.s.r.aws.ConfigClusterResolver      : Resolving eureka endpoints via configuration
2026-07-24T13:54:11.858+05:30  INFO 19182 --- [ConfigServer] [http-nio-8888-exec-7] com.netflix.discovery.DiscoveryClient    : Disable delta property : false
2026-07-24T13:54:11.858+05:30  INFO 19182 --- [ConfigServer] [http-nio-8888-exec-7] com.netflix.discovery.DiscoveryClient    : Single vip registry refresh property : null
2026-07-24T13:54:11.858+05:30  INFO 19182 --- [ConfigServer] [http-nio-8888-exec-7] com.netflix.discovery.DiscoveryClient    : Force full registry fetch : false
2026-07-24T13:54:11.858+05:30  INFO 19182 --- [ConfigServer] [http-nio-8888-exec-7] com.netflix.discovery.DiscoveryClient    : Application is null : false
2026-07-24T13:54:11.858+05:30  INFO 19182 --- [ConfigServer] [http-nio-8888-exec-7] com.netflix.discovery.DiscoveryClient    : Registered Applications size is zero : true
2026-07-24T13:54:11.859+05:30  INFO 19182 --- [ConfigServer] [http-nio-8888-exec-7] com.netflix.discovery.DiscoveryClient    : Application version is -1: true
2026-07-24T13:54:11.859+05:30  INFO 19182 --- [ConfigServer] [http-nio-8888-exec-7] com.netflix.discovery.DiscoveryClient    : Getting all instance registry info from the eureka server
2026-07-24T13:54:11.874+05:30  INFO 19182 --- [ConfigServer] [http-nio-8888-exec-7] com.netflix.discovery.DiscoveryClient    : The response status is 200
2026-07-24T13:54:11.875+05:30 ERROR 19182 --- [ConfigServer] [http-nio-8888-exec-7] com.netflix.discovery.DiscoveryClient    : Fetch registry error at startup: Cannot invoke "Object.hashCode()" because "key" is null
2026-07-24T13:54:11.876+05:30 ERROR 19182 --- [ConfigServer] [http-nio-8888-exec-7] o.a.c.c.C.[.[.[/].[dispatcherServlet]    : Servlet.service() for servlet [dispatcherServlet] in context with path [] threw exception [Request processing failed: org.springframework.beans.factory.BeanCreationException: Error creating bean with name 'scopedTarget.eurekaClient' defined in class path resource [org/springframework/cloud/netflix/eureka/EurekaClientAutoConfiguration$RefreshableEurekaClientConfiguration.class]: Failed to instantiate [com.netflix.discovery.EurekaClient]: Factory method 'eurekaClient' threw exception with message: java.lang.NullPointerException: Cannot invoke "Object.hashCode()" because "key" is null] with root cause

java.lang.NullPointerException: Cannot invoke "Object.hashCode()" because "key" is null
	at java.base/java.util.concurrent.ConcurrentHashMap.get(ConcurrentHashMap.java:948) ~[na:na]
	at com.netflix.discovery.shared.Application.getByInstanceId(Application.java:181) ~[eureka-client-2.0.6.jar:2.0.6]
	at com.netflix.discovery.DiscoveryClient.updateInstanceRemoteStatus(DiscoveryClient.java:1006) ~[eureka-client-2.0.6.jar:2.0.6]
	at com.netflix.discovery.DiscoveryClient.fetchRegistry(DiscoveryClient.java:994) ~[eureka-client-2.0.6.jar:2.0.6]
	at com.netflix.discovery.DiscoveryClient.<init>(DiscoveryClient.java:419) ~[eureka-client-2.0.6.jar:2.0.6]
	at com.netflix.discovery.DiscoveryClient.<init>(DiscoveryClient.java:254) ~[eureka-client-2.0.6.jar:2.0.6]
	at com.netflix.discovery.DiscoveryClient.<init>(DiscoveryClient.java:249) ~[eureka-client-2.0.6.jar:2.0.6]
	at org.springframework.cloud.netflix.eureka.CloudEurekaClient.<init>(CloudEurekaClient.java:68) ~[spring-cloud-netflix-eureka-client-5.0.2.jar:5.0.2]
	at org.springframework.cloud.netflix.eureka.EurekaClientAutoConfiguration$RefreshableEurekaClientConfiguration.eurekaClient(EurekaClientAutoConfiguration.java:324) ~[spring-cloud-netflix-eureka-client-5.0.2.jar:5.0.2]
	at java.base/jdk.internal.reflect.DirectMethodHandleAccessor.invoke(DirectMethodHandleAccessor.java:104) ~[na:na]
	at java.base/java.lang.reflect.Method.invoke(Method.java:565) ~[na:na]
	at org.springframework.beans.factory.support.SimpleInstantiationStrategy.lambda$instantiate$0(SimpleInstantiationStrategy.java:155) ~[spring-beans-7.0.8.jar:7.0.8]
	at org.springframework.beans.factory.support.SimpleInstantiationStrategy.instantiateWithFactoryMethod(SimpleInstantiationStrategy.java:72) ~[spring-beans-7.0.8.jar:7.0.8]
	at org.springframework.beans.factory.support.SimpleInstantiationStrategy.instantiate(SimpleInstantiationStrategy.java:152) ~[spring-beans-7.0.8.jar:7.0.8]
	at org.springframework.beans.factory.support.ConstructorResolver.instantiate(ConstructorResolver.java:653) ~[spring-beans-7.0.8.jar:7.0.8]
	at org.springframework.beans.factory.support.ConstructorResolver.instantiateUsingFactoryMethod(ConstructorResolver.java:645) ~[spring-beans-7.0.8.jar:7.0.8]
	at org.springframework.beans.factory.support.AbstractAutowireCapableBeanFactory.instantiateUsingFactoryMethod(AbstractAutowireCapableBeanFactory.java:1360) ~[spring-beans-7.0.8.jar:7.0.8]
	at org.springframework.beans.factory.support.AbstractAutowireCapableBeanFactory.createBeanInstance(AbstractAutowireCapableBeanFactory.java:1192) ~[spring-beans-7.0.8.jar:7.0.8]
	at org.springframework.beans.factory.support.AbstractAutowireCapableBeanFactory.doCreateBean(AbstractAutowireCapableBeanFactory.java:565) ~[spring-beans-7.0.8.jar:7.0.8]
	at org.springframework.beans.factory.support.AbstractAutowireCapableBeanFactory.createBean(AbstractAutowireCapableBeanFactory.java:525) ~[spring-beans-7.0.8.jar:7.0.8]
	at org.springframework.beans.factory.support.AbstractBeanFactory.lambda$doGetBean$1(AbstractBeanFactory.java:372) ~[spring-beans-7.0.8.jar:7.0.8]
	at org.springframework.cloud.context.scope.GenericScope$BeanLifecycleWrapper.getBean(GenericScope.java:373) ~[spring-cloud-context-5.0.2.jar:5.0.2]
	at org.springframework.cloud.context.scope.GenericScope.get(GenericScope.java:177) ~[spring-cloud-context-5.0.2.jar:5.0.2]
	at org.springframework.beans.factory.support.AbstractBeanFactory.doGetBean(AbstractBeanFactory.java:369) ~[spring-beans-7.0.8.jar:7.0.8]
	at org.springframework.beans.factory.support.AbstractBeanFactory.getBean(AbstractBeanFactory.java:196) ~[spring-beans-7.0.8.jar:7.0.8]
	at org.springframework.aop.target.SimpleBeanTargetSource.getTarget(SimpleBeanTargetSource.java:35) ~[spring-aop-7.0.8.jar:7.0.8]
	at org.springframework.aop.framework.JdkDynamicAopProxy.invoke(JdkDynamicAopProxy.java:202) ~[spring-aop-7.0.8.jar:7.0.8]
	at jdk.proxy2/jdk.proxy2.$Proxy102.getApplications(Unknown Source) ~[na:na]
	at org.springframework.cloud.netflix.eureka.EurekaDiscoveryClientConfiguration$EurekaClientConfigurationRefresher.onApplicationEvent(EurekaDiscoveryClientConfiguration.java:91) ~[spring-cloud-netflix-eureka-client-5.0.2.jar:5.0.2]
	at org.springframework.cloud.netflix.eureka.EurekaDiscoveryClientConfiguration$EurekaClientConfigurationRefresher.onApplicationEvent(EurekaDiscoveryClientConfiguration.java:75) ~[spring-cloud-netflix-eureka-client-5.0.2.jar:5.0.2]
	at org.springframework.context.event.SimpleApplicationEventMulticaster.doInvokeListener(SimpleApplicationEventMulticaster.java:180) ~[spring-context-7.0.8.jar:7.0.8]
	at org.springframework.context.event.SimpleApplicationEventMulticaster.invokeListener(SimpleApplicationEventMulticaster.java:173) ~[spring-context-7.0.8.jar:7.0.8]
	at org.springframework.context.event.SimpleApplicationEventMulticaster.multicastEvent(SimpleApplicationEventMulticaster.java:151) ~[spring-context-7.0.8.jar:7.0.8]
	at org.springframework.context.support.AbstractApplicationContext.publishEvent(AbstractApplicationContext.java:448) ~[spring-context-7.0.8.jar:7.0.8]
	at org.springframework.context.support.AbstractApplicationContext.publishEvent(AbstractApplicationContext.java:381) ~[spring-context-7.0.8.jar:7.0.8]
	at org.springframework.cloud.context.scope.refresh.RefreshScope.refreshAll(RefreshScope.java:169) ~[spring-cloud-context-5.0.2.jar:5.0.2]
	at org.springframework.cloud.context.refresh.ContextRefresher.refresh(ContextRefresher.java:95) ~[spring-cloud-context-5.0.2.jar:5.0.2]
	at org.springframework.cloud.bus.event.RefreshListener.onApplicationEvent(RefreshListener.java:49) ~[spring-cloud-bus-5.0.2.jar:5.0.2]
	at org.springframework.cloud.bus.event.RefreshListener.onApplicationEvent(RefreshListener.java:32) ~[spring-cloud-bus-5.0.2.jar:5.0.2]
	at org.springframework.context.event.SimpleApplicationEventMulticaster.doInvokeListener(SimpleApplicationEventMulticaster.java:180) ~[spring-context-7.0.8.jar:7.0.8]
	at org.springframework.context.event.SimpleApplicationEventMulticaster.invokeListener(SimpleApplicationEventMulticaster.java:173) ~[spring-context-7.0.8.jar:7.0.8]
	at org.springframework.context.event.SimpleApplicationEventMulticaster.multicastEvent(SimpleApplicationEventMulticaster.java:151) ~[spring-context-7.0.8.jar:7.0.8]
	at org.springframework.context.support.AbstractApplicationContext.publishEvent(AbstractApplicationContext.java:448) ~[spring-context-7.0.8.jar:7.0.8]
	at org.springframework.context.support.AbstractApplicationContext.publishEvent(AbstractApplicationContext.java:381) ~[spring-context-7.0.8.jar:7.0.8]
	at org.springframework.cloud.bus.endpoint.AbstractBusEndpoint.publish(AbstractBusEndpoint.java:54) ~[spring-cloud-bus-5.0.2.jar:5.0.2]
	at org.springframework.cloud.bus.endpoint.RefreshBusEndpoint.busRefresh(RefreshBusEndpoint.java:46) ~[spring-cloud-bus-5.0.2.jar:5.0.2]
	at java.base/jdk.internal.reflect.DirectMethodHandleAccessor.invoke(DirectMethodHandleAccessor.java:104) ~[na:na]
	at java.base/java.lang.reflect.Method.invoke(Method.java:565) ~[na:na]
	at org.springframework.util.ReflectionUtils.invokeMethod(ReflectionUtils.java:281) ~[spring-core-7.0.8.jar:7.0.8]
	at org.springframework.boot.actuate.endpoint.invoke.reflect.ReflectiveOperationInvoker.invoke(ReflectiveOperationInvoker.java:76) ~[spring-boot-actuator-4.1.0.jar:4.1.0]
	at org.springframework.boot.actuate.endpoint.annotation.AbstractDiscoveredOperation.invoke(AbstractDiscoveredOperation.java:62) ~[spring-boot-actuator-4.1.0.jar:4.1.0]
	at org.springframework.boot.webmvc.actuate.endpoint.web.AbstractWebMvcEndpointHandlerMapping$ServletWebOperationAdapter.handle(AbstractWebMvcEndpointHandlerMapping.java:347) ~[spring-boot-webmvc-4.1.0.jar:4.1.0]
	at org.springframework.boot.webmvc.actuate.endpoint.web.AbstractWebMvcEndpointHandlerMapping$OperationHandler.handle(AbstractWebMvcEndpointHandlerMapping.java:476) ~[spring-boot-webmvc-4.1.0.jar:4.1.0]
	at java.base/jdk.internal.reflect.DirectMethodHandleAccessor.invoke(DirectMethodHandleAccessor.java:104) ~[na:na]
	at java.base/java.lang.reflect.Method.invoke(Method.java:565) ~[na:na]
	at org.springframework.web.method.support.InvocableHandlerMethod.doInvoke(InvocableHandlerMethod.java:252) ~[spring-web-7.0.8.jar:7.0.8]
	at org.springframework.web.method.support.InvocableHandlerMethod.invokeForRequest(InvocableHandlerMethod.java:184) ~[spring-web-7.0.8.jar:7.0.8]
	at org.springframework.web.servlet.mvc.method.annotation.ServletInvocableHandlerMethod.invokeAndHandle(ServletInvocableHandlerMethod.java:117) ~[spring-webmvc-7.0.8.jar:7.0.8]
	at org.springframework.web.servlet.mvc.method.annotation.RequestMappingHandlerAdapter.invokeHandlerMethod(RequestMappingHandlerAdapter.java:934) ~[spring-webmvc-7.0.8.jar:7.0.8]
	at org.springframework.web.servlet.mvc.method.annotation.RequestMappingHandlerAdapter.handleInternal(RequestMappingHandlerAdapter.java:853) ~[spring-webmvc-7.0.8.jar:7.0.8]
	at org.springframework.web.servlet.mvc.method.AbstractHandlerMethodAdapter.handle(AbstractHandlerMethodAdapter.java:86) ~[spring-webmvc-7.0.8.jar:7.0.8]
	at org.springframework.web.servlet.DispatcherServlet.doDispatch(DispatcherServlet.java:963) ~[spring-webmvc-7.0.8.jar:7.0.8]
	at org.springframework.web.servlet.DispatcherServlet.doService(DispatcherServlet.java:866) ~[spring-webmvc-7.0.8.jar:7.0.8]
	at org.springframework.web.servlet.FrameworkServlet.processRequest(FrameworkServlet.java:1000) ~[spring-webmvc-7.0.8.jar:7.0.8]
	at org.springframework.web.servlet.FrameworkServlet.doPost(FrameworkServlet.java:903) ~[spring-webmvc-7.0.8.jar:7.0.8]
	at jakarta.servlet.http.HttpServlet.service(HttpServlet.java:649) ~[tomcat-embed-core-11.0.22.jar:6.1]
	at org.springframework.web.servlet.FrameworkServlet.service(FrameworkServlet.java:874) ~[spring-webmvc-7.0.8.jar:7.0.8]
	at jakarta.servlet.http.HttpServlet.service(HttpServlet.java:710) ~[tomcat-embed-core-11.0.22.jar:6.1]
	at org.apache.catalina.core.ApplicationFilterChain.doFilter(ApplicationFilterChain.java:128) ~[tomcat-embed-core-11.0.22.jar:11.0.22]
	at org.apache.tomcat.websocket.server.WsFilter.doFilter(WsFilter.java:53) ~[tomcat-embed-websocket-11.0.22.jar:11.0.22]
	at org.apache.catalina.core.ApplicationFilterChain.doFilter(ApplicationFilterChain.java:107) ~[tomcat-embed-core-11.0.22.jar:11.0.22]
	at org.springframework.web.filter.RequestContextFilter.doFilterInternal(RequestContextFilter.java:100) ~[spring-web-7.0.8.jar:7.0.8]
	at org.springframework.web.filter.OncePerRequestFilter.doFilter(OncePerRequestFilter.java:116) ~[spring-web-7.0.8.jar:7.0.8]
	at org.apache.catalina.core.ApplicationFilterChain.doFilter(ApplicationFilterChain.java:107) ~[tomcat-embed-core-11.0.22.jar:11.0.22]
	at org.springframework.web.filter.FormContentFilter.doFilterInternal(FormContentFilter.java:93) ~[spring-web-7.0.8.jar:7.0.8]
	at org.springframework.web.filter.OncePerRequestFilter.doFilter(OncePerRequestFilter.java:116) ~[spring-web-7.0.8.jar:7.0.8]
	at org.apache.catalina.core.ApplicationFilterChain.doFilter(ApplicationFilterChain.java:107) ~[tomcat-embed-core-11.0.22.jar:11.0.22]
	at org.springframework.web.filter.ServerHttpObservationFilter.doFilterInternal(ServerHttpObservationFilter.java:110) ~[spring-web-7.0.8.jar:7.0.8]
	at org.springframework.web.filter.OncePerRequestFilter.doFilter(OncePerRequestFilter.java:116) ~[spring-web-7.0.8.jar:7.0.8]
	at org.apache.catalina.core.ApplicationFilterChain.doFilter(ApplicationFilterChain.java:107) ~[tomcat-embed-core-11.0.22.jar:11.0.22]
	at org.springframework.web.filter.CharacterEncodingFilter.doFilterInternal(CharacterEncodingFilter.java:199) ~[spring-web-7.0.8.jar:7.0.8]
	at org.springframework.web.filter.OncePerRequestFilter.doFilter(OncePerRequestFilter.java:116) ~[spring-web-7.0.8.jar:7.0.8]
	at org.apache.catalina.core.ApplicationFilterChain.doFilter(ApplicationFilterChain.java:107) ~[tomcat-embed-core-11.0.22.jar:11.0.22]
	at org.apache.catalina.core.StandardWrapperValve.invoke(StandardWrapperValve.java:165) ~[tomcat-embed-core-11.0.22.jar:11.0.22]
	at org.apache.catalina.core.StandardContextValve.invoke(StandardContextValve.java:77) ~[tomcat-embed-core-11.0.22.jar:11.0.22]
	at org.apache.catalina.authenticator.AuthenticatorBase.invoke(AuthenticatorBase.java:492) ~[tomcat-embed-core-11.0.22.jar:11.0.22]
	at org.apache.catalina.core.StandardHostValve.invoke(StandardHostValve.java:113) ~[tomcat-embed-core-11.0.22.jar:11.0.22]
	at org.apache.catalina.valves.ErrorReportValve.invoke(ErrorReportValve.java:83) ~[tomcat-embed-core-11.0.22.jar:11.0.22]
	at org.apache.catalina.core.StandardEngineValve.invoke(StandardEngineValve.java:72) ~[tomcat-embed-core-11.0.22.jar:11.0.22]
	at org.apache.catalina.connector.CoyoteAdapter.service(CoyoteAdapter.java:341) ~[tomcat-embed-core-11.0.22.jar:11.0.22]
	at org.apache.coyote.http11.Http11Processor.service(Http11Processor.java:397) ~[tomcat-embed-core-11.0.22.jar:11.0.22]
	at org.apache.coyote.AbstractProcessorLight.process(AbstractProcessorLight.java:63) ~[tomcat-embed-core-11.0.22.jar:11.0.22]
	at org.apache.coyote.AbstractProtocol$ConnectionHandler.process(AbstractProtocol.java:1272) ~[tomcat-embed-core-11.0.22.jar:11.0.22]
	at org.apache.tomcat.util.net.NioEndpoint$SocketProcessor.doRun(NioEndpoint.java:1801) ~[tomcat-embed-core-11.0.22.jar:11.0.22]
	at org.apache.tomcat.util.net.SocketProcessorBase.run(SocketProcessorBase.java:52) ~[tomcat-embed-core-11.0.22.jar:11.0.22]
	at org.apache.tomcat.util.threads.ThreadPoolExecutor.runWorker(ThreadPoolExecutor.java:946) ~[tomcat-embed-core-11.0.22.jar:11.0.22]
	at org.apache.tomcat.util.threads.ThreadPoolExecutor$Worker.run(ThreadPoolExecutor.java:480) ~[tomcat-embed-core-11.0.22.jar:11.0.22]
	at org.apache.tomcat.util.threads.TaskThread$WrappingRunnable.run(TaskThread.java:57) ~[tomcat-embed-core-11.0.22.jar:11.0.22]
	at java.base/java.lang.Thread.run(Thread.java:1474) ~[na:na]

2026-07-24T13:54:11.927+05:30  INFO 19182 --- [ConfigServer] [http-nio-8888-exec-9] o.s.c.c.s.e.NativeEnvironmentRepository  : Adding property source: Config resource 'file [/home/ishonpanda/Desktop/CAREER/PROJECTS/ECOMM/Ecomm-microservice/ConfigServer/src/main/resources/config/UserModule-dev.yaml]' via location 'file:///home/ishonpanda/Desktop/CAREER/PROJECTS/ECOMM/Ecomm-microservice/ConfigServer/src/main/resources/config/'
2026-07-24T13:54:12.020+05:30  INFO 19182 --- [ConfigServer] [http-nio-8888-exec-3] o.s.c.c.s.e.NativeEnvironmentRepository  : Adding property source: Config resource 'file [/home/ishonpanda/Desktop/CAREER/PROJECTS/ECOMM/Ecomm-microservice/ConfigServer/src/main/resources/config/UserModule-dev.yaml]' via location 'file:///home/ishonpanda/Desktop/CAREER/PROJECTS/ECOMM/Ecomm-microservice/ConfigServer/src/main/resources/config/'
2026-07-24T13:54:13.117+05:30  INFO 19182 --- [ConfigServer] [http-nio-8888-exec-4] o.s.c.c.s.e.NativeEnvironmentRepository  : Adding property source: Config resource 'file [/home/ishonpanda/Desktop/CAREER/PROJECTS/ECOMM/Ecomm-microservice/ConfigServer/src/main/resources/config/UserModule-dev.yaml]' via location 'file:///home/ishonpanda/Desktop/CAREER/PROJECTS/ECOMM/Ecomm-microservice/ConfigServer/src/main/resources/config/'
2026-07-24T13:54:15.206+05:30  INFO 19182 --- [ConfigServer] [http-nio-8888-exec-5] o.s.c.c.s.e.NativeEnvironmentRepository  : Adding property source: Config resource 'file [/home/ishonpanda/Desktop/CAREER/PROJECTS/ECOMM/Ecomm-microservice/ConfigServer/src/main/resources/config/UserModule-dev.yaml]' via location 'file:///home/ishonpanda/Desktop/CAREER/PROJECTS/ECOMM/Ecomm-microservice/ConfigServer/src/main/resources/config/'
2026-07-24T13:54:15.285+05:30  INFO 19182 --- [ConfigServer] [http-nio-8888-exec-7] o.s.c.c.s.e.NativeEnvironmentRepository  : Adding property source: Config resource 'file [/home/ishonpanda/Desktop/CAREER/PROJECTS/ECOMM/Ecomm-microservice/ConfigServer/src/main/resources/config/UserModule-dev.yaml]' via location 'file:///home/ishonpanda/Desktop/CAREER/PROJECTS/ECOMM/Ecomm-microservice/ConfigServer/src/main/resources/config/'
2026-07-24T13:54:16.357+05:30  INFO 19182 --- [ConfigServer] [http-nio-8888-exec-9] o.s.c.c.s.e.NativeEnvironmentRepository  : Adding property source: Config resource 'file [/home/ishonpanda/Desktop/CAREER/PROJECTS/ECOMM/Ecomm-microservice/ConfigServer/src/main/resources/config/UserModule-dev.yaml]' via location 'file:///home/ishonpanda/Desktop/CAREER/PROJECTS/ECOMM/Ecomm-microservice/ConfigServer/src/main/resources/config/'
2026-07-24T13:54:18.426+05:30  INFO 19182 --- [ConfigServer] [http-nio-8888-exec-3] o.s.c.c.s.e.NativeEnvironmentRepository  : Adding property source: Config resource 'file [/home/ishonpanda/Desktop/CAREER/PROJECTS/ECOMM/Ecomm-microservice/ConfigServer/src/main/resources/config/UserModule-dev.yaml]' via location 'file:///home/ishonpanda/Desktop/CAREER/PROJECTS/ECOMM/Ecomm-microservice/ConfigServer/src/main/resources/config/'
2026-07-24T13:54:18.510+05:30  INFO 19182 --- [ConfigServer] [http-nio-8888-exec-4] o.s.c.c.s.e.NativeEnvironmentRepository  : Adding property source: Config resource 'file [/home/ishonpanda/Desktop/CAREER/PROJECTS/ECOMM/Ecomm-microservice/ConfigServer/src/main/resources/config/UserModule-dev.yaml]' via location 'file:///home/ishonpanda/Desktop/CAREER/PROJECTS/ECOMM/Ecomm-microservice/ConfigServer/src/main/resources/config/'
2026-07-24T13:54:19.601+05:30  INFO 19182 --- [ConfigServer] [http-nio-8888-exec-5] o.s.c.c.s.e.NativeEnvironmentRepository  : Adding property source: Config resource 'file [/home/ishonpanda/Desktop/CAREER/PROJECTS/ECOMM/Ecomm-microservice/ConfigServer/src/main/resources/config/UserModule-dev.yaml]' via location 'file:///home/ishonpanda/Desktop/CAREER/PROJECTS/ECOMM/Ecomm-microservice/ConfigServer/src/main/resources/config/'
2026-07-24T13:54:21.689+05:30  INFO 19182 --- [ConfigServer] [http-nio-8888-exec-7] o.s.c.c.s.e.NativeEnvironmentRepository  : Adding property source: Config resource 'file [/home/ishonpanda/Desktop/CAREER/PROJECTS/ECOMM/Ecomm-microservice/ConfigServer/src/main/resources/config/UserModule-dev.yaml]' via location 'file:///home/ishonpanda/Desktop/CAREER/PROJECTS/ECOMM/Ecomm-microservice/ConfigServer/src/main/resources/config/'
2026-07-24T13:56:44.090+05:30  INFO 19182 --- [ConfigServer] [SpringApplicationShutdownHook] o.s.c.n.e.s.EurekaServiceRegistry        : Unregistering application CONFIGSERVER with eureka with status DOWN
2026-07-24T13:56:44.094+05:30  INFO 19182 --- [ConfigServer] [SpringApplicationShutdownHook] o.s.boot.tomcat.GracefulShutdown         : Commencing graceful shutdown. Waiting for active requests to complete
2026-07-24T13:56:44.096+05:30  INFO 19182 --- [ConfigServer] [tomcat-shutdown] o.s.boot.tomcat.GracefulShutdown         : Graceful shutdown complete
2026-07-24T13:56:44.100+05:30  INFO 19182 --- [ConfigServer] [SpringApplicationShutdownHook] o.s.a.r.l.SimpleMessageListenerContainer : Waiting for workers to finish.
2026-07-24T13:56:44.824+05:30  INFO 19182 --- [ConfigServer] [SpringApplicationShutdownHook] o.s.a.r.l.SimpleMessageListenerContainer : Successfully waited for workers to finish.
2026-07-24T13:56:44.825+05:30  INFO 19182 --- [ConfigServer] [SpringApplicationShutdownHook] o.s.i.a.i.AmqpInboundChannelAdapter      : stopped bean 'inbound.springCloudBus.anonymous.P2SavsuaSV-k9h-3QKpEfw'
2026-07-24T13:56:44.827+05:30  INFO 19182 --- [ConfigServer] [SpringApplicationShutdownHook] o.s.c.stream.binder.BinderErrorChannel   : Channel 'ConfigServer.rabbit-181806430.springCloudBusInput.errors' has 1 subscriber(s).
2026-07-24T13:56:44.828+05:30  INFO 19182 --- [ConfigServer] [SpringApplicationShutdownHook] o.s.c.stream.binder.BinderErrorChannel   : Channel 'ConfigServer.rabbit-181806430.springCloudBusInput.errors' has 0 subscriber(s).
2026-07-24T13:56:44.846+05:30  INFO 19182 --- [ConfigServer] [SpringApplicationShutdownHook] o.s.i.endpoint.EventDrivenConsumer       : Removing {logging-channel-adapter:_org.springframework.integration.errorLogger} as a subscriber to the 'errorChannel' channel
2026-07-24T13:56:44.846+05:30  INFO 19182 --- [ConfigServer] [SpringApplicationShutdownHook] o.s.i.channel.PublishSubscribeChannel    : Channel 'ConfigServer.errorChannel' has 0 subscriber(s).
2026-07-24T13:56:44.847+05:30  INFO 19182 --- [ConfigServer] [SpringApplicationShutdownHook] o.s.i.endpoint.EventDrivenConsumer       : stopped bean '_org.springframework.integration.errorLogger'
2026-07-24T13:56:46.983+05:30  INFO 20399 --- [ConfigServer] [main] c.a.c.ConfigServerApplication            : Starting ConfigServerApplication using Java 25.0.3 with PID 20399 (/home/ishonpanda/Desktop/CAREER/PROJECTS/ECOMM/Ecomm-microservice/ConfigServer/target/classes started by ishonpanda in /home/ishonpanda/Desktop/CAREER/PROJECTS/ECOMM/Ecomm-microservice)
2026-07-24T13:56:46.985+05:30  INFO 20399 --- [ConfigServer] [main] c.a.c.ConfigServerApplication            : The following 1 profile is active: "native"
2026-07-24T13:56:47.994+05:30  INFO 20399 --- [ConfigServer] [main] faultConfiguringBeanFactoryPostProcessor : No bean named 'errorChannel' has been explicitly defined. Therefore, a default PublishSubscribeChannel will be created.
2026-07-24T13:56:48.000+05:30  INFO 20399 --- [ConfigServer] [main] faultConfiguringBeanFactoryPostProcessor : No bean named 'integrationHeaderChannelRegistry' has been explicitly defined. Therefore, a default DefaultHeaderChannelRegistry will be created.
2026-07-24T13:56:48.037+05:30  INFO 20399 --- [ConfigServer] [main] o.s.cloud.context.scope.GenericScope     : BeanFactory id=be9661ff-f471-3658-beef-1371c569d9e7
2026-07-24T13:56:48.273+05:30  INFO 20399 --- [ConfigServer] [main] o.s.boot.tomcat.TomcatWebServer          : Tomcat initialized with port 8888 (http)
2026-07-24T13:56:48.284+05:30  INFO 20399 --- [ConfigServer] [main] o.apache.catalina.core.StandardService   : Starting service [Tomcat]
2026-07-24T13:56:48.284+05:30  INFO 20399 --- [ConfigServer] [main] o.apache.catalina.core.StandardEngine    : Starting Servlet engine: [Apache Tomcat/11.0.22]
2026-07-24T13:56:48.322+05:30  INFO 20399 --- [ConfigServer] [main] b.w.c.s.WebApplicationContextInitializer : Root WebApplicationContext: initialization completed in 1285 ms
2026-07-24T13:56:49.051+05:30  INFO 20399 --- [ConfigServer] [main] o.s.c.s.m.DirectWithAttributesChannel    : Channel 'ConfigServer.springCloudBusInput' has 1 subscriber(s).
2026-07-24T13:56:49.566+05:30  INFO 20399 --- [ConfigServer] [main] DiscoveryClientOptionalArgsConfiguration : Eureka HTTP Client uses RestClient.
2026-07-24T13:56:49.725+05:30  WARN 20399 --- [ConfigServer] [main] iguration$LoadBalancerCaffeineWarnLogger : Spring Cloud LoadBalancer is currently working with the default cache. While this cache implementation is useful for development and tests, it's recommended to use Caffeine cache in production.You can switch to using Caffeine cache, by adding it and org.springframework.cache.caffeine.CaffeineCacheManager to the classpath.
2026-07-24T13:56:49.732+05:30  INFO 20399 --- [ConfigServer] [main] o.s.b.a.e.web.EndpointLinksResolver      : Exposing 6 endpoints beneath base path '/actuator'
2026-07-24T13:56:49.817+05:30  INFO 20399 --- [ConfigServer] [main] figuration$IntegrationJmxConfiguration$1 : Registering MessageChannel errorChannel
2026-07-24T13:56:49.824+05:30  INFO 20399 --- [ConfigServer] [main] figuration$IntegrationJmxConfiguration$1 : Registering MessageChannel springCloudBusInput
2026-07-24T13:56:49.827+05:30  INFO 20399 --- [ConfigServer] [main] figuration$IntegrationJmxConfiguration$1 : Registering MessageChannel nullChannel
2026-07-24T13:56:49.830+05:30  INFO 20399 --- [ConfigServer] [main] figuration$IntegrationJmxConfiguration$1 : Registering MessageHandler _org.springframework.integration.errorLogger
2026-07-24T13:56:49.837+05:30  INFO 20399 --- [ConfigServer] [main] o.s.i.endpoint.EventDrivenConsumer       : Adding {logging-channel-adapter:_org.springframework.integration.errorLogger} as a subscriber to the 'errorChannel' channel
2026-07-24T13:56:49.837+05:30  INFO 20399 --- [ConfigServer] [main] o.s.i.channel.PublishSubscribeChannel    : Channel 'ConfigServer.errorChannel' has 1 subscriber(s).
2026-07-24T13:56:49.837+05:30  INFO 20399 --- [ConfigServer] [main] o.s.i.endpoint.EventDrivenConsumer       : started bean '_org.springframework.integration.errorLogger'
2026-07-24T13:56:49.850+05:30  INFO 20399 --- [ConfigServer] [main] o.s.c.n.eureka.InstanceInfoFactory       : Setting initial instance status as: STARTING
2026-07-24T13:56:49.865+05:30  INFO 20399 --- [ConfigServer] [main] com.netflix.discovery.DiscoveryClient    : Initializing Eureka in region us-east-1
2026-07-24T13:56:49.868+05:30  INFO 20399 --- [ConfigServer] [main] c.n.d.s.r.aws.ConfigClusterResolver      : Resolving eureka endpoints via configuration
2026-07-24T13:56:49.873+05:30  INFO 20399 --- [ConfigServer] [main] com.netflix.discovery.DiscoveryClient    : Disable delta property : false
2026-07-24T13:56:49.873+05:30  INFO 20399 --- [ConfigServer] [main] com.netflix.discovery.DiscoveryClient    : Single vip registry refresh property : null
2026-07-24T13:56:49.873+05:30  INFO 20399 --- [ConfigServer] [main] com.netflix.discovery.DiscoveryClient    : Force full registry fetch : false
2026-07-24T13:56:49.873+05:30  INFO 20399 --- [ConfigServer] [main] com.netflix.discovery.DiscoveryClient    : Application is null : false
2026-07-24T13:56:49.873+05:30  INFO 20399 --- [ConfigServer] [main] com.netflix.discovery.DiscoveryClient    : Registered Applications size is zero : true
2026-07-24T13:56:49.873+05:30  INFO 20399 --- [ConfigServer] [main] com.netflix.discovery.DiscoveryClient    : Application version is -1: true
2026-07-24T13:56:49.873+05:30  INFO 20399 --- [ConfigServer] [main] com.netflix.discovery.DiscoveryClient    : Getting all instance registry info from the eureka server
2026-07-24T13:56:50.078+05:30  INFO 20399 --- [ConfigServer] [main] com.netflix.discovery.DiscoveryClient    : The response status is 200
2026-07-24T13:56:50.080+05:30  INFO 20399 --- [ConfigServer] [main] com.netflix.discovery.DiscoveryClient    : Starting heartbeat executor: renew interval is: 30
2026-07-24T13:56:50.082+05:30  INFO 20399 --- [ConfigServer] [main] c.n.discovery.InstanceInfoReplicator     : InstanceInfoReplicator onDemand update allowed rate per min is 4
2026-07-24T13:56:50.085+05:30  INFO 20399 --- [ConfigServer] [main] com.netflix.discovery.DiscoveryClient    : Discovery Client initialized at timestamp 1784881610084 with initial instances count: 0
2026-07-24T13:56:50.090+05:30  INFO 20399 --- [ConfigServer] [main] o.s.c.n.e.s.EurekaServiceRegistry        : Registering application CONFIGSERVER with eureka with status UP
2026-07-24T13:56:50.091+05:30  INFO 20399 --- [ConfigServer] [main] com.netflix.discovery.DiscoveryClient    : Saw local status change event StatusChangeEvent [timestamp=1784881610091, current=UP, previous=STARTING]
2026-07-24T13:56:50.093+05:30  INFO 20399 --- [ConfigServer] [DiscoveryClient-InstanceInfoReplicator-%d] com.netflix.discovery.DiscoveryClient    : DiscoveryClient_CONFIGSERVER/fedora:ConfigServer:8888: registering service...
2026-07-24T13:56:50.094+05:30  INFO 20399 --- [ConfigServer] [main] o.s.c.s.binder.DefaultBinderFactory      : Creating binder: rabbit
2026-07-24T13:56:50.095+05:30  INFO 20399 --- [ConfigServer] [main] o.s.c.s.binder.DefaultBinderFactory      : Constructing binder child context for rabbit
2026-07-24T13:56:50.136+05:30  INFO 20399 --- [ConfigServer] [DiscoveryClient-InstanceInfoReplicator-%d] com.netflix.discovery.DiscoveryClient    : DiscoveryClient_CONFIGSERVER/fedora:ConfigServer:8888 - registration status: 204
2026-07-24T13:56:50.159+05:30  INFO 20399 --- [ConfigServer] [main] o.s.c.s.binder.DefaultBinderFactory      : Caching the binder: rabbit
2026-07-24T13:56:50.169+05:30  INFO 20399 --- [ConfigServer] [main] c.s.b.r.p.RabbitExchangeQueueProvisioner : declaring queue for inbound: springCloudBus.anonymous.VNXUk-zcT1OX8_Cze0YAEA, bound to: springCloudBus
2026-07-24T13:56:50.172+05:30  INFO 20399 --- [ConfigServer] [main] o.s.a.r.c.CachingConnectionFactory       : Attempting to connect to: [localhost:5672]
2026-07-24T13:56:50.202+05:30  INFO 20399 --- [ConfigServer] [main] o.s.a.r.c.CachingConnectionFactory       : Created new connection: rabbitConnectionFactory#391b01c5:0/SimpleConnection@29f114e0 [delegate=amqp://guest@127.0.0.1:5672/, localPort=52352]
2026-07-24T13:56:50.250+05:30  INFO 20399 --- [ConfigServer] [main] o.s.c.stream.binder.BinderErrorChannel   : Channel 'rabbit-1045909404.springCloudBusInput.errors' has 1 subscriber(s).
2026-07-24T13:56:50.251+05:30  INFO 20399 --- [ConfigServer] [main] o.s.c.stream.binder.BinderErrorChannel   : Channel 'rabbit-1045909404.springCloudBusInput.errors' has 2 subscriber(s).
2026-07-24T13:56:50.265+05:30  INFO 20399 --- [ConfigServer] [main] o.s.i.a.i.AmqpInboundChannelAdapter      : started bean 'inbound.springCloudBus.anonymous.VNXUk-zcT1OX8_Cze0YAEA'
2026-07-24T13:56:50.274+05:30  INFO 20399 --- [ConfigServer] [main] o.s.boot.tomcat.TomcatWebServer          : Tomcat started on port 8888 (http) with context path '/'
2026-07-24T13:56:50.275+05:30  INFO 20399 --- [ConfigServer] [main] .s.c.n.e.s.EurekaAutoServiceRegistration : Updating port to 8888
2026-07-24T13:56:50.301+05:30  INFO 20399 --- [ConfigServer] [main] figuration$IntegrationJmxConfiguration$1 : Registering MessageChannel rabbit-1045909404.springCloudBusInput.errors
2026-07-24T13:56:50.315+05:30  INFO 20399 --- [ConfigServer] [main] c.a.c.ConfigServerApplication            : Started ConfigServerApplication in 3.73 seconds (process running for 4.536)
2026-07-24T13:56:50.567+05:30  INFO 20399 --- [ConfigServer] [RMI TCP Connection(3)-192.168.0.186] o.a.c.c.C.[Tomcat].[localhost].[/]       : Initializing Spring DispatcherServlet 'dispatcherServlet'
2026-07-24T13:56:50.568+05:30  INFO 20399 --- [ConfigServer] [RMI TCP Connection(3)-192.168.0.186] o.s.web.servlet.DispatcherServlet        : Initializing Servlet 'dispatcherServlet'
2026-07-24T13:56:50.570+05:30  INFO 20399 --- [ConfigServer] [RMI TCP Connection(3)-192.168.0.186] o.s.web.servlet.DispatcherServlet        : Completed initialization in 2 ms
2026-07-24T13:56:56.954+05:30  INFO 20399 --- [ConfigServer] [http-nio-8888-exec-1] o.s.c.s.m.DirectWithAttributesChannel    : Channel 'ConfigServer.springCloudBusOutput' has 1 subscriber(s).
2026-07-24T13:56:56.972+05:30  INFO 20399 --- [ConfigServer] [http-nio-8888-exec-1] o.s.a.r.c.CachingConnectionFactory       : Attempting to connect to: [localhost:5672]
2026-07-24T13:56:56.975+05:30  INFO 20399 --- [ConfigServer] [http-nio-8888-exec-1] o.s.a.r.c.CachingConnectionFactory       : Created new connection: rabbitConnectionFactory.publisher#1fd9605f:0/SimpleConnection@de58a9b [delegate=amqp://guest@127.0.0.1:5672/, localPort=52368]
2026-07-24T13:56:56.978+05:30  INFO 20399 --- [ConfigServer] [http-nio-8888-exec-1] o.s.amqp.rabbit.core.RabbitAdmin         : Auto-declaring a non-durable, auto-delete, or exclusive Queue (springCloudBus.anonymous.VNXUk-zcT1OX8_Cze0YAEA) durable:false, auto-delete:true, exclusive:true. It will be redeclared if the broker stops and is restarted while the connection factory is alive, but all messages will be lost.
2026-07-24T13:56:56.989+05:30  INFO 20399 --- [ConfigServer] [http-nio-8888-exec-1] o.s.cloud.bus.event.RefreshListener      : Received remote refresh request.
2026-07-24T13:56:57.037+05:30  INFO 20399 --- [ConfigServer] [http-nio-8888-exec-3] o.s.c.c.s.e.NativeEnvironmentRepository  : Adding property source: Config resource 'file [/home/ishonpanda/Desktop/CAREER/PROJECTS/ECOMM/Ecomm-microservice/ConfigServer/src/main/resources/config/UserModule-dev.yaml]' via location 'file:///home/ishonpanda/Desktop/CAREER/PROJECTS/ECOMM/Ecomm-microservice/ConfigServer/src/main/resources/config/'
2026-07-24T13:56:57.080+05:30  WARN 20399 --- [ConfigServer] [http-nio-8888-exec-1] .s.c.c.p.ConfigurationPropertiesRebinder : Cannot create default instance of org.springframework.cloud.config.server.config.ConfigServerHealthIndicator for reset; skipping property reset

org.springframework.beans.BeanInstantiationException: Failed to instantiate [org.springframework.cloud.config.server.config.ConfigServerHealthIndicator]: No default constructor found
	at org.springframework.beans.BeanUtils.instantiateClass(BeanUtils.java:143) ~[spring-beans-7.0.8.jar:7.0.8]
	at org.springframework.cloud.context.properties.ConfigurationPropertiesRebinder.resetBeanToDefaults(ConfigurationPropertiesRebinder.java:192) ~[spring-cloud-context-5.0.2.jar:5.0.2]
	at org.springframework.cloud.context.properties.ConfigurationPropertiesRebinder.rebind(ConfigurationPropertiesRebinder.java:167) ~[spring-cloud-context-5.0.2.jar:5.0.2]
	at org.springframework.cloud.context.properties.ConfigurationPropertiesRebinder.rebind(ConfigurationPropertiesRebinder.java:111) ~[spring-cloud-context-5.0.2.jar:5.0.2]
	at org.springframework.cloud.context.properties.ConfigurationPropertiesRebinder.rebind(ConfigurationPropertiesRebinder.java:99) ~[spring-cloud-context-5.0.2.jar:5.0.2]
	at org.springframework.cloud.context.properties.ConfigurationPropertiesRebinder.onApplicationEvent(ConfigurationPropertiesRebinder.java:261) ~[spring-cloud-context-5.0.2.jar:5.0.2]
	at org.springframework.cloud.context.properties.ConfigurationPropertiesRebinder.onApplicationEvent(ConfigurationPropertiesRebinder.java:65) ~[spring-cloud-context-5.0.2.jar:5.0.2]
	at org.springframework.context.event.SimpleApplicationEventMulticaster.doInvokeListener(SimpleApplicationEventMulticaster.java:180) ~[spring-context-7.0.8.jar:7.0.8]
	at org.springframework.context.event.SimpleApplicationEventMulticaster.invokeListener(SimpleApplicationEventMulticaster.java:173) ~[spring-context-7.0.8.jar:7.0.8]
	at org.springframework.context.event.SimpleApplicationEventMulticaster.multicastEvent(SimpleApplicationEventMulticaster.java:151) ~[spring-context-7.0.8.jar:7.0.8]
	at org.springframework.context.support.AbstractApplicationContext.publishEvent(AbstractApplicationContext.java:448) ~[spring-context-7.0.8.jar:7.0.8]
	at org.springframework.context.support.AbstractApplicationContext.publishEvent(AbstractApplicationContext.java:381) ~[spring-context-7.0.8.jar:7.0.8]
	at org.springframework.cloud.context.refresh.ContextRefresher.refreshEnvironment(ContextRefresher.java:103) ~[spring-cloud-context-5.0.2.jar:5.0.2]
	at org.springframework.cloud.context.refresh.ContextRefresher.refresh(ContextRefresher.java:94) ~[spring-cloud-context-5.0.2.jar:5.0.2]
	at org.springframework.cloud.bus.event.RefreshListener.onApplicationEvent(RefreshListener.java:49) ~[spring-cloud-bus-5.0.2.jar:5.0.2]
	at org.springframework.cloud.bus.event.RefreshListener.onApplicationEvent(RefreshListener.java:32) ~[spring-cloud-bus-5.0.2.jar:5.0.2]
	at org.springframework.context.event.SimpleApplicationEventMulticaster.doInvokeListener(SimpleApplicationEventMulticaster.java:180) ~[spring-context-7.0.8.jar:7.0.8]
	at org.springframework.context.event.SimpleApplicationEventMulticaster.invokeListener(SimpleApplicationEventMulticaster.java:173) ~[spring-context-7.0.8.jar:7.0.8]
	at org.springframework.context.event.SimpleApplicationEventMulticaster.multicastEvent(SimpleApplicationEventMulticaster.java:151) ~[spring-context-7.0.8.jar:7.0.8]
	at org.springframework.context.support.AbstractApplicationContext.publishEvent(AbstractApplicationContext.java:448) ~[spring-context-7.0.8.jar:7.0.8]
	at org.springframework.context.support.AbstractApplicationContext.publishEvent(AbstractApplicationContext.java:381) ~[spring-context-7.0.8.jar:7.0.8]
	at org.springframework.cloud.bus.endpoint.AbstractBusEndpoint.publish(AbstractBusEndpoint.java:54) ~[spring-cloud-bus-5.0.2.jar:5.0.2]
	at org.springframework.cloud.bus.endpoint.RefreshBusEndpoint.busRefresh(RefreshBusEndpoint.java:46) ~[spring-cloud-bus-5.0.2.jar:5.0.2]
	at java.base/jdk.internal.reflect.DirectMethodHandleAccessor.invoke(DirectMethodHandleAccessor.java:104) ~[na:na]
	at java.base/java.lang.reflect.Method.invoke(Method.java:565) ~[na:na]
	at org.springframework.util.ReflectionUtils.invokeMethod(ReflectionUtils.java:281) ~[spring-core-7.0.8.jar:7.0.8]
	at org.springframework.boot.actuate.endpoint.invoke.reflect.ReflectiveOperationInvoker.invoke(ReflectiveOperationInvoker.java:76) ~[spring-boot-actuator-4.1.0.jar:4.1.0]
	at org.springframework.boot.actuate.endpoint.annotation.AbstractDiscoveredOperation.invoke(AbstractDiscoveredOperation.java:62) ~[spring-boot-actuator-4.1.0.jar:4.1.0]
	at org.springframework.boot.webmvc.actuate.endpoint.web.AbstractWebMvcEndpointHandlerMapping$ServletWebOperationAdapter.handle(AbstractWebMvcEndpointHandlerMapping.java:347) ~[spring-boot-webmvc-4.1.0.jar:4.1.0]
	at org.springframework.boot.webmvc.actuate.endpoint.web.AbstractWebMvcEndpointHandlerMapping$OperationHandler.handle(AbstractWebMvcEndpointHandlerMapping.java:476) ~[spring-boot-webmvc-4.1.0.jar:4.1.0]
	at java.base/jdk.internal.reflect.DirectMethodHandleAccessor.invoke(DirectMethodHandleAccessor.java:104) ~[na:na]
	at java.base/java.lang.reflect.Method.invoke(Method.java:565) ~[na:na]
	at org.springframework.web.method.support.InvocableHandlerMethod.doInvoke(InvocableHandlerMethod.java:252) ~[spring-web-7.0.8.jar:7.0.8]
	at org.springframework.web.method.support.InvocableHandlerMethod.invokeForRequest(InvocableHandlerMethod.java:184) ~[spring-web-7.0.8.jar:7.0.8]
	at org.springframework.web.servlet.mvc.method.annotation.ServletInvocableHandlerMethod.invokeAndHandle(ServletInvocableHandlerMethod.java:117) ~[spring-webmvc-7.0.8.jar:7.0.8]
	at org.springframework.web.servlet.mvc.method.annotation.RequestMappingHandlerAdapter.invokeHandlerMethod(RequestMappingHandlerAdapter.java:934) ~[spring-webmvc-7.0.8.jar:7.0.8]
	at org.springframework.web.servlet.mvc.method.annotation.RequestMappingHandlerAdapter.handleInternal(RequestMappingHandlerAdapter.java:853) ~[spring-webmvc-7.0.8.jar:7.0.8]
	at org.springframework.web.servlet.mvc.method.AbstractHandlerMethodAdapter.handle(AbstractHandlerMethodAdapter.java:86) ~[spring-webmvc-7.0.8.jar:7.0.8]
	at org.springframework.web.servlet.DispatcherServlet.doDispatch(DispatcherServlet.java:963) ~[spring-webmvc-7.0.8.jar:7.0.8]
	at org.springframework.web.servlet.DispatcherServlet.doService(DispatcherServlet.java:866) ~[spring-webmvc-7.0.8.jar:7.0.8]
	at org.springframework.web.servlet.FrameworkServlet.processRequest(FrameworkServlet.java:1000) ~[spring-webmvc-7.0.8.jar:7.0.8]
	at org.springframework.web.servlet.FrameworkServlet.doPost(FrameworkServlet.java:903) ~[spring-webmvc-7.0.8.jar:7.0.8]
	at jakarta.servlet.http.HttpServlet.service(HttpServlet.java:649) ~[tomcat-embed-core-11.0.22.jar:6.1]
	at org.springframework.web.servlet.FrameworkServlet.service(FrameworkServlet.java:874) ~[spring-webmvc-7.0.8.jar:7.0.8]
	at jakarta.servlet.http.HttpServlet.service(HttpServlet.java:710) ~[tomcat-embed-core-11.0.22.jar:6.1]
	at org.apache.catalina.core.ApplicationFilterChain.doFilter(ApplicationFilterChain.java:128) ~[tomcat-embed-core-11.0.22.jar:11.0.22]
	at org.apache.tomcat.websocket.server.WsFilter.doFilter(WsFilter.java:53) ~[tomcat-embed-websocket-11.0.22.jar:11.0.22]
	at org.apache.catalina.core.ApplicationFilterChain.doFilter(ApplicationFilterChain.java:107) ~[tomcat-embed-core-11.0.22.jar:11.0.22]
	at org.springframework.web.filter.RequestContextFilter.doFilterInternal(RequestContextFilter.java:100) ~[spring-web-7.0.8.jar:7.0.8]
	at org.springframework.web.filter.OncePerRequestFilter.doFilter(OncePerRequestFilter.java:116) ~[spring-web-7.0.8.jar:7.0.8]
	at org.apache.catalina.core.ApplicationFilterChain.doFilter(ApplicationFilterChain.java:107) ~[tomcat-embed-core-11.0.22.jar:11.0.22]
	at org.springframework.web.filter.FormContentFilter.doFilterInternal(FormContentFilter.java:93) ~[spring-web-7.0.8.jar:7.0.8]
	at org.springframework.web.filter.OncePerRequestFilter.doFilter(OncePerRequestFilter.java:116) ~[spring-web-7.0.8.jar:7.0.8]
	at org.apache.catalina.core.ApplicationFilterChain.doFilter(ApplicationFilterChain.java:107) ~[tomcat-embed-core-11.0.22.jar:11.0.22]
	at org.springframework.web.filter.ServerHttpObservationFilter.doFilterInternal(ServerHttpObservationFilter.java:110) ~[spring-web-7.0.8.jar:7.0.8]
	at org.springframework.web.filter.OncePerRequestFilter.doFilter(OncePerRequestFilter.java:116) ~[spring-web-7.0.8.jar:7.0.8]
	at org.apache.catalina.core.ApplicationFilterChain.doFilter(ApplicationFilterChain.java:107) ~[tomcat-embed-core-11.0.22.jar:11.0.22]
	at org.springframework.web.filter.CharacterEncodingFilter.doFilterInternal(CharacterEncodingFilter.java:199) ~[spring-web-7.0.8.jar:7.0.8]
	at org.springframework.web.filter.OncePerRequestFilter.doFilter(OncePerRequestFilter.java:116) ~[spring-web-7.0.8.jar:7.0.8]
	at org.apache.catalina.core.ApplicationFilterChain.doFilter(ApplicationFilterChain.java:107) ~[tomcat-embed-core-11.0.22.jar:11.0.22]
	at org.apache.catalina.core.StandardWrapperValve.invoke(StandardWrapperValve.java:165) ~[tomcat-embed-core-11.0.22.jar:11.0.22]
	at org.apache.catalina.core.StandardContextValve.invoke(StandardContextValve.java:77) ~[tomcat-embed-core-11.0.22.jar:11.0.22]
	at org.apache.catalina.authenticator.AuthenticatorBase.invoke(AuthenticatorBase.java:492) ~[tomcat-embed-core-11.0.22.jar:11.0.22]
	at org.apache.catalina.core.StandardHostValve.invoke(StandardHostValve.java:113) ~[tomcat-embed-core-11.0.22.jar:11.0.22]
	at org.apache.catalina.valves.ErrorReportValve.invoke(ErrorReportValve.java:83) ~[tomcat-embed-core-11.0.22.jar:11.0.22]
	at org.apache.catalina.core.StandardEngineValve.invoke(StandardEngineValve.java:72) ~[tomcat-embed-core-11.0.22.jar:11.0.22]
	at org.apache.catalina.connector.CoyoteAdapter.service(CoyoteAdapter.java:341) ~[tomcat-embed-core-11.0.22.jar:11.0.22]
	at org.apache.coyote.http11.Http11Processor.service(Http11Processor.java:397) ~[tomcat-embed-core-11.0.22.jar:11.0.22]
	at org.apache.coyote.AbstractProcessorLight.process(AbstractProcessorLight.java:63) ~[tomcat-embed-core-11.0.22.jar:11.0.22]
	at org.apache.coyote.AbstractProtocol$ConnectionHandler.process(AbstractProtocol.java:1272) ~[tomcat-embed-core-11.0.22.jar:11.0.22]
	at org.apache.tomcat.util.net.NioEndpoint$SocketProcessor.doRun(NioEndpoint.java:1801) ~[tomcat-embed-core-11.0.22.jar:11.0.22]
	at org.apache.tomcat.util.net.SocketProcessorBase.run(SocketProcessorBase.java:52) ~[tomcat-embed-core-11.0.22.jar:11.0.22]
	at org.apache.tomcat.util.threads.ThreadPoolExecutor.runWorker(ThreadPoolExecutor.java:946) ~[tomcat-embed-core-11.0.22.jar:11.0.22]
	at org.apache.tomcat.util.threads.ThreadPoolExecutor$Worker.run(ThreadPoolExecutor.java:480) ~[tomcat-embed-core-11.0.22.jar:11.0.22]
	at org.apache.tomcat.util.threads.TaskThread$WrappingRunnable.run(TaskThread.java:57) ~[tomcat-embed-core-11.0.22.jar:11.0.22]
	at java.base/java.lang.Thread.run(Thread.java:1474) ~[na:na]
Caused by: java.lang.NoSuchMethodException: org.springframework.cloud.config.server.config.ConfigServerHealthIndicator.<init>()
	at java.base/java.lang.Class.getConstructor0(Class.java:3187) ~[na:na]
	at java.base/java.lang.Class.getDeclaredConstructor(Class.java:2491) ~[na:na]
	at org.springframework.beans.BeanUtils.instantiateClass(BeanUtils.java:138) ~[spring-beans-7.0.8.jar:7.0.8]
	... 75 common frames omitted

2026-07-24T13:56:57.141+05:30  INFO 20399 --- [ConfigServer] [http-nio-8888-exec-1] com.netflix.discovery.DiscoveryClient    : Shutting down DiscoveryClient ...
2026-07-24T13:57:00.142+05:30  INFO 20399 --- [ConfigServer] [http-nio-8888-exec-1] com.netflix.discovery.DiscoveryClient    : Unregistering ...
2026-07-24T13:57:00.156+05:30  INFO 20399 --- [ConfigServer] [http-nio-8888-exec-1] com.netflix.discovery.DiscoveryClient    : DiscoveryClient_CONFIGSERVER/fedora:ConfigServer:8888 - deregister  status: 200
2026-07-24T13:57:00.156+05:30  INFO 20399 --- [ConfigServer] [http-nio-8888-exec-1] com.netflix.discovery.DiscoveryClient    : Completed shut down of DiscoveryClient
2026-07-24T13:57:00.159+05:30  WARN 20399 --- [ConfigServer] [http-nio-8888-exec-1] com.netflix.appinfo.InstanceInfo         : Passed in hostname is blank, not setting it
2026-07-24T13:57:00.159+05:30  INFO 20399 --- [ConfigServer] [http-nio-8888-exec-1] o.s.c.n.eureka.InstanceInfoFactory       : Setting initial instance status as: STARTING
2026-07-24T13:57:00.161+05:30  INFO 20399 --- [ConfigServer] [http-nio-8888-exec-1] com.netflix.discovery.DiscoveryClient    : Initializing Eureka in region us-east-1
2026-07-24T13:57:00.161+05:30  INFO 20399 --- [ConfigServer] [http-nio-8888-exec-1] c.n.d.s.r.aws.ConfigClusterResolver      : Resolving eureka endpoints via configuration
2026-07-24T13:57:00.162+05:30  INFO 20399 --- [ConfigServer] [http-nio-8888-exec-1] com.netflix.discovery.DiscoveryClient    : Disable delta property : false
2026-07-24T13:57:00.162+05:30  INFO 20399 --- [ConfigServer] [http-nio-8888-exec-1] com.netflix.discovery.DiscoveryClient    : Single vip registry refresh property : null
2026-07-24T13:57:00.162+05:30  INFO 20399 --- [ConfigServer] [http-nio-8888-exec-1] com.netflix.discovery.DiscoveryClient    : Force full registry fetch : false
2026-07-24T13:57:00.162+05:30  INFO 20399 --- [ConfigServer] [http-nio-8888-exec-1] com.netflix.discovery.DiscoveryClient    : Application is null : false
2026-07-24T13:57:00.162+05:30  INFO 20399 --- [ConfigServer] [http-nio-8888-exec-1] com.netflix.discovery.DiscoveryClient    : Registered Applications size is zero : true
2026-07-24T13:57:00.162+05:30  INFO 20399 --- [ConfigServer] [http-nio-8888-exec-1] com.netflix.discovery.DiscoveryClient    : Application version is -1: true
2026-07-24T13:57:00.163+05:30  INFO 20399 --- [ConfigServer] [http-nio-8888-exec-1] com.netflix.discovery.DiscoveryClient    : Getting all instance registry info from the eureka server
2026-07-24T13:57:00.186+05:30  INFO 20399 --- [ConfigServer] [http-nio-8888-exec-1] com.netflix.discovery.DiscoveryClient    : The response status is 200
2026-07-24T13:57:00.186+05:30 ERROR 20399 --- [ConfigServer] [http-nio-8888-exec-1] com.netflix.discovery.DiscoveryClient    : Fetch registry error at startup: Cannot invoke "Object.hashCode()" because "key" is null
2026-07-24T13:57:00.188+05:30 ERROR 20399 --- [ConfigServer] [http-nio-8888-exec-1] o.a.c.c.C.[.[.[/].[dispatcherServlet]    : Servlet.service() for servlet [dispatcherServlet] in context with path [] threw exception [Request processing failed: org.springframework.beans.factory.BeanCreationException: Error creating bean with name 'scopedTarget.eurekaClient' defined in class path resource [org/springframework/cloud/netflix/eureka/EurekaClientAutoConfiguration$RefreshableEurekaClientConfiguration.class]: Failed to instantiate [com.netflix.discovery.EurekaClient]: Factory method 'eurekaClient' threw exception with message: java.lang.NullPointerException: Cannot invoke "Object.hashCode()" because "key" is null] with root cause

java.lang.NullPointerException: Cannot invoke "Object.hashCode()" because "key" is null
	at java.base/java.util.concurrent.ConcurrentHashMap.get(ConcurrentHashMap.java:948) ~[na:na]
	at com.netflix.discovery.shared.Application.getByInstanceId(Application.java:181) ~[eureka-client-2.0.6.jar:2.0.6]
	at com.netflix.discovery.DiscoveryClient.updateInstanceRemoteStatus(DiscoveryClient.java:1006) ~[eureka-client-2.0.6.jar:2.0.6]
	at com.netflix.discovery.DiscoveryClient.fetchRegistry(DiscoveryClient.java:994) ~[eureka-client-2.0.6.jar:2.0.6]
	at com.netflix.discovery.DiscoveryClient.<init>(DiscoveryClient.java:419) ~[eureka-client-2.0.6.jar:2.0.6]
	at com.netflix.discovery.DiscoveryClient.<init>(DiscoveryClient.java:254) ~[eureka-client-2.0.6.jar:2.0.6]
	at com.netflix.discovery.DiscoveryClient.<init>(DiscoveryClient.java:249) ~[eureka-client-2.0.6.jar:2.0.6]
	at org.springframework.cloud.netflix.eureka.CloudEurekaClient.<init>(CloudEurekaClient.java:68) ~[spring-cloud-netflix-eureka-client-5.0.2.jar:5.0.2]
	at org.springframework.cloud.netflix.eureka.EurekaClientAutoConfiguration$RefreshableEurekaClientConfiguration.eurekaClient(EurekaClientAutoConfiguration.java:324) ~[spring-cloud-netflix-eureka-client-5.0.2.jar:5.0.2]
	at java.base/jdk.internal.reflect.DirectMethodHandleAccessor.invoke(DirectMethodHandleAccessor.java:104) ~[na:na]
	at java.base/java.lang.reflect.Method.invoke(Method.java:565) ~[na:na]
	at org.springframework.beans.factory.support.SimpleInstantiationStrategy.lambda$instantiate$0(SimpleInstantiationStrategy.java:155) ~[spring-beans-7.0.8.jar:7.0.8]
	at org.springframework.beans.factory.support.SimpleInstantiationStrategy.instantiateWithFactoryMethod(SimpleInstantiationStrategy.java:72) ~[spring-beans-7.0.8.jar:7.0.8]
	at org.springframework.beans.factory.support.SimpleInstantiationStrategy.instantiate(SimpleInstantiationStrategy.java:152) ~[spring-beans-7.0.8.jar:7.0.8]
	at org.springframework.beans.factory.support.ConstructorResolver.instantiate(ConstructorResolver.java:653) ~[spring-beans-7.0.8.jar:7.0.8]
	at org.springframework.beans.factory.support.ConstructorResolver.instantiateUsingFactoryMethod(ConstructorResolver.java:645) ~[spring-beans-7.0.8.jar:7.0.8]
	at org.springframework.beans.factory.support.AbstractAutowireCapableBeanFactory.instantiateUsingFactoryMethod(AbstractAutowireCapableBeanFactory.java:1360) ~[spring-beans-7.0.8.jar:7.0.8]
	at org.springframework.beans.factory.support.AbstractAutowireCapableBeanFactory.createBeanInstance(AbstractAutowireCapableBeanFactory.java:1192) ~[spring-beans-7.0.8.jar:7.0.8]
	at org.springframework.beans.factory.support.AbstractAutowireCapableBeanFactory.doCreateBean(AbstractAutowireCapableBeanFactory.java:565) ~[spring-beans-7.0.8.jar:7.0.8]
	at org.springframework.beans.factory.support.AbstractAutowireCapableBeanFactory.createBean(AbstractAutowireCapableBeanFactory.java:525) ~[spring-beans-7.0.8.jar:7.0.8]
	at org.springframework.beans.factory.support.AbstractBeanFactory.lambda$doGetBean$1(AbstractBeanFactory.java:372) ~[spring-beans-7.0.8.jar:7.0.8]
	at org.springframework.cloud.context.scope.GenericScope$BeanLifecycleWrapper.getBean(GenericScope.java:373) ~[spring-cloud-context-5.0.2.jar:5.0.2]
	at org.springframework.cloud.context.scope.GenericScope.get(GenericScope.java:177) ~[spring-cloud-context-5.0.2.jar:5.0.2]
	at org.springframework.beans.factory.support.AbstractBeanFactory.doGetBean(AbstractBeanFactory.java:369) ~[spring-beans-7.0.8.jar:7.0.8]
	at org.springframework.beans.factory.support.AbstractBeanFactory.getBean(AbstractBeanFactory.java:196) ~[spring-beans-7.0.8.jar:7.0.8]
	at org.springframework.aop.target.SimpleBeanTargetSource.getTarget(SimpleBeanTargetSource.java:35) ~[spring-aop-7.0.8.jar:7.0.8]
	at org.springframework.aop.framework.JdkDynamicAopProxy.invoke(JdkDynamicAopProxy.java:202) ~[spring-aop-7.0.8.jar:7.0.8]
	at jdk.proxy2/jdk.proxy2.$Proxy102.getApplications(Unknown Source) ~[na:na]
	at org.springframework.cloud.netflix.eureka.EurekaDiscoveryClientConfiguration$EurekaClientConfigurationRefresher.onApplicationEvent(EurekaDiscoveryClientConfiguration.java:91) ~[spring-cloud-netflix-eureka-client-5.0.2.jar:5.0.2]
	at org.springframework.cloud.netflix.eureka.EurekaDiscoveryClientConfiguration$EurekaClientConfigurationRefresher.onApplicationEvent(EurekaDiscoveryClientConfiguration.java:75) ~[spring-cloud-netflix-eureka-client-5.0.2.jar:5.0.2]
	at org.springframework.context.event.SimpleApplicationEventMulticaster.doInvokeListener(SimpleApplicationEventMulticaster.java:180) ~[spring-context-7.0.8.jar:7.0.8]
	at org.springframework.context.event.SimpleApplicationEventMulticaster.invokeListener(SimpleApplicationEventMulticaster.java:173) ~[spring-context-7.0.8.jar:7.0.8]
	at org.springframework.context.event.SimpleApplicationEventMulticaster.multicastEvent(SimpleApplicationEventMulticaster.java:151) ~[spring-context-7.0.8.jar:7.0.8]
	at org.springframework.context.support.AbstractApplicationContext.publishEvent(AbstractApplicationContext.java:448) ~[spring-context-7.0.8.jar:7.0.8]
	at org.springframework.context.support.AbstractApplicationContext.publishEvent(AbstractApplicationContext.java:381) ~[spring-context-7.0.8.jar:7.0.8]
	at org.springframework.cloud.context.scope.refresh.RefreshScope.refreshAll(RefreshScope.java:169) ~[spring-cloud-context-5.0.2.jar:5.0.2]
	at org.springframework.cloud.context.refresh.ContextRefresher.refresh(ContextRefresher.java:95) ~[spring-cloud-context-5.0.2.jar:5.0.2]
	at org.springframework.cloud.bus.event.RefreshListener.onApplicationEvent(RefreshListener.java:49) ~[spring-cloud-bus-5.0.2.jar:5.0.2]
	at org.springframework.cloud.bus.event.RefreshListener.onApplicationEvent(RefreshListener.java:32) ~[spring-cloud-bus-5.0.2.jar:5.0.2]
	at org.springframework.context.event.SimpleApplicationEventMulticaster.doInvokeListener(SimpleApplicationEventMulticaster.java:180) ~[spring-context-7.0.8.jar:7.0.8]
	at org.springframework.context.event.SimpleApplicationEventMulticaster.invokeListener(SimpleApplicationEventMulticaster.java:173) ~[spring-context-7.0.8.jar:7.0.8]
	at org.springframework.context.event.SimpleApplicationEventMulticaster.multicastEvent(SimpleApplicationEventMulticaster.java:151) ~[spring-context-7.0.8.jar:7.0.8]
	at org.springframework.context.support.AbstractApplicationContext.publishEvent(AbstractApplicationContext.java:448) ~[spring-context-7.0.8.jar:7.0.8]
	at org.springframework.context.support.AbstractApplicationContext.publishEvent(AbstractApplicationContext.java:381) ~[spring-context-7.0.8.jar:7.0.8]
	at org.springframework.cloud.bus.endpoint.AbstractBusEndpoint.publish(AbstractBusEndpoint.java:54) ~[spring-cloud-bus-5.0.2.jar:5.0.2]
	at org.springframework.cloud.bus.endpoint.RefreshBusEndpoint.busRefresh(RefreshBusEndpoint.java:46) ~[spring-cloud-bus-5.0.2.jar:5.0.2]
	at java.base/jdk.internal.reflect.DirectMethodHandleAccessor.invoke(DirectMethodHandleAccessor.java:104) ~[na:na]
	at java.base/java.lang.reflect.Method.invoke(Method.java:565) ~[na:na]
	at org.springframework.util.ReflectionUtils.invokeMethod(ReflectionUtils.java:281) ~[spring-core-7.0.8.jar:7.0.8]
	at org.springframework.boot.actuate.endpoint.invoke.reflect.ReflectiveOperationInvoker.invoke(ReflectiveOperationInvoker.java:76) ~[spring-boot-actuator-4.1.0.jar:4.1.0]
	at org.springframework.boot.actuate.endpoint.annotation.AbstractDiscoveredOperation.invoke(AbstractDiscoveredOperation.java:62) ~[spring-boot-actuator-4.1.0.jar:4.1.0]
	at org.springframework.boot.webmvc.actuate.endpoint.web.AbstractWebMvcEndpointHandlerMapping$ServletWebOperationAdapter.handle(AbstractWebMvcEndpointHandlerMapping.java:347) ~[spring-boot-webmvc-4.1.0.jar:4.1.0]
	at org.springframework.boot.webmvc.actuate.endpoint.web.AbstractWebMvcEndpointHandlerMapping$OperationHandler.handle(AbstractWebMvcEndpointHandlerMapping.java:476) ~[spring-boot-webmvc-4.1.0.jar:4.1.0]
	at java.base/jdk.internal.reflect.DirectMethodHandleAccessor.invoke(DirectMethodHandleAccessor.java:104) ~[na:na]
	at java.base/java.lang.reflect.Method.invoke(Method.java:565) ~[na:na]
	at org.springframework.web.method.support.InvocableHandlerMethod.doInvoke(InvocableHandlerMethod.java:252) ~[spring-web-7.0.8.jar:7.0.8]
	at org.springframework.web.method.support.InvocableHandlerMethod.invokeForRequest(InvocableHandlerMethod.java:184) ~[spring-web-7.0.8.jar:7.0.8]
	at org.springframework.web.servlet.mvc.method.annotation.ServletInvocableHandlerMethod.invokeAndHandle(ServletInvocableHandlerMethod.java:117) ~[spring-webmvc-7.0.8.jar:7.0.8]
	at org.springframework.web.servlet.mvc.method.annotation.RequestMappingHandlerAdapter.invokeHandlerMethod(RequestMappingHandlerAdapter.java:934) ~[spring-webmvc-7.0.8.jar:7.0.8]
	at org.springframework.web.servlet.mvc.method.annotation.RequestMappingHandlerAdapter.handleInternal(RequestMappingHandlerAdapter.java:853) ~[spring-webmvc-7.0.8.jar:7.0.8]
	at org.springframework.web.servlet.mvc.method.AbstractHandlerMethodAdapter.handle(AbstractHandlerMethodAdapter.java:86) ~[spring-webmvc-7.0.8.jar:7.0.8]
	at org.springframework.web.servlet.DispatcherServlet.doDispatch(DispatcherServlet.java:963) ~[spring-webmvc-7.0.8.jar:7.0.8]
	at org.springframework.web.servlet.DispatcherServlet.doService(DispatcherServlet.java:866) ~[spring-webmvc-7.0.8.jar:7.0.8]
	at org.springframework.web.servlet.FrameworkServlet.processRequest(FrameworkServlet.java:1000) ~[spring-webmvc-7.0.8.jar:7.0.8]
	at org.springframework.web.servlet.FrameworkServlet.doPost(FrameworkServlet.java:903) ~[spring-webmvc-7.0.8.jar:7.0.8]
	at jakarta.servlet.http.HttpServlet.service(HttpServlet.java:649) ~[tomcat-embed-core-11.0.22.jar:6.1]
	at org.springframework.web.servlet.FrameworkServlet.service(FrameworkServlet.java:874) ~[spring-webmvc-7.0.8.jar:7.0.8]
	at jakarta.servlet.http.HttpServlet.service(HttpServlet.java:710) ~[tomcat-embed-core-11.0.22.jar:6.1]
	at org.apache.catalina.core.ApplicationFilterChain.doFilter(ApplicationFilterChain.java:128) ~[tomcat-embed-core-11.0.22.jar:11.0.22]
	at org.apache.tomcat.websocket.server.WsFilter.doFilter(WsFilter.java:53) ~[tomcat-embed-websocket-11.0.22.jar:11.0.22]
	at org.apache.catalina.core.ApplicationFilterChain.doFilter(ApplicationFilterChain.java:107) ~[tomcat-embed-core-11.0.22.jar:11.0.22]
	at org.springframework.web.filter.RequestContextFilter.doFilterInternal(RequestContextFilter.java:100) ~[spring-web-7.0.8.jar:7.0.8]
	at org.springframework.web.filter.OncePerRequestFilter.doFilter(OncePerRequestFilter.java:116) ~[spring-web-7.0.8.jar:7.0.8]
	at org.apache.catalina.core.ApplicationFilterChain.doFilter(ApplicationFilterChain.java:107) ~[tomcat-embed-core-11.0.22.jar:11.0.22]
	at org.springframework.web.filter.FormContentFilter.doFilterInternal(FormContentFilter.java:93) ~[spring-web-7.0.8.jar:7.0.8]
	at org.springframework.web.filter.OncePerRequestFilter.doFilter(OncePerRequestFilter.java:116) ~[spring-web-7.0.8.jar:7.0.8]
	at org.apache.catalina.core.ApplicationFilterChain.doFilter(ApplicationFilterChain.java:107) ~[tomcat-embed-core-11.0.22.jar:11.0.22]
	at org.springframework.web.filter.ServerHttpObservationFilter.doFilterInternal(ServerHttpObservationFilter.java:110) ~[spring-web-7.0.8.jar:7.0.8]
	at org.springframework.web.filter.OncePerRequestFilter.doFilter(OncePerRequestFilter.java:116) ~[spring-web-7.0.8.jar:7.0.8]
	at org.apache.catalina.core.ApplicationFilterChain.doFilter(ApplicationFilterChain.java:107) ~[tomcat-embed-core-11.0.22.jar:11.0.22]
	at org.springframework.web.filter.CharacterEncodingFilter.doFilterInternal(CharacterEncodingFilter.java:199) ~[spring-web-7.0.8.jar:7.0.8]
	at org.springframework.web.filter.OncePerRequestFilter.doFilter(OncePerRequestFilter.java:116) ~[spring-web-7.0.8.jar:7.0.8]
	at org.apache.catalina.core.ApplicationFilterChain.doFilter(ApplicationFilterChain.java:107) ~[tomcat-embed-core-11.0.22.jar:11.0.22]
	at org.apache.catalina.core.StandardWrapperValve.invoke(StandardWrapperValve.java:165) ~[tomcat-embed-core-11.0.22.jar:11.0.22]
	at org.apache.catalina.core.StandardContextValve.invoke(StandardContextValve.java:77) ~[tomcat-embed-core-11.0.22.jar:11.0.22]
	at org.apache.catalina.authenticator.AuthenticatorBase.invoke(AuthenticatorBase.java:492) ~[tomcat-embed-core-11.0.22.jar:11.0.22]
	at org.apache.catalina.core.StandardHostValve.invoke(StandardHostValve.java:113) ~[tomcat-embed-core-11.0.22.jar:11.0.22]
	at org.apache.catalina.valves.ErrorReportValve.invoke(ErrorReportValve.java:83) ~[tomcat-embed-core-11.0.22.jar:11.0.22]
	at org.apache.catalina.core.StandardEngineValve.invoke(StandardEngineValve.java:72) ~[tomcat-embed-core-11.0.22.jar:11.0.22]
	at org.apache.catalina.connector.CoyoteAdapter.service(CoyoteAdapter.java:341) ~[tomcat-embed-core-11.0.22.jar:11.0.22]
	at org.apache.coyote.http11.Http11Processor.service(Http11Processor.java:397) ~[tomcat-embed-core-11.0.22.jar:11.0.22]
	at org.apache.coyote.AbstractProcessorLight.process(AbstractProcessorLight.java:63) ~[tomcat-embed-core-11.0.22.jar:11.0.22]
	at org.apache.coyote.AbstractProtocol$ConnectionHandler.process(AbstractProtocol.java:1272) ~[tomcat-embed-core-11.0.22.jar:11.0.22]
	at org.apache.tomcat.util.net.NioEndpoint$SocketProcessor.doRun(NioEndpoint.java:1801) ~[tomcat-embed-core-11.0.22.jar:11.0.22]
	at org.apache.tomcat.util.net.SocketProcessorBase.run(SocketProcessorBase.java:52) ~[tomcat-embed-core-11.0.22.jar:11.0.22]
	at org.apache.tomcat.util.threads.ThreadPoolExecutor.runWorker(ThreadPoolExecutor.java:946) ~[tomcat-embed-core-11.0.22.jar:11.0.22]
	at org.apache.tomcat.util.threads.ThreadPoolExecutor$Worker.run(ThreadPoolExecutor.java:480) ~[tomcat-embed-core-11.0.22.jar:11.0.22]
	at org.apache.tomcat.util.threads.TaskThread$WrappingRunnable.run(TaskThread.java:57) ~[tomcat-embed-core-11.0.22.jar:11.0.22]
	at java.base/java.lang.Thread.run(Thread.java:1474) ~[na:na]

2026-07-24T13:57:42.831+05:30  INFO 20399 --- [ConfigServer] [SpringApplicationShutdownHook] o.s.c.n.e.s.EurekaServiceRegistry        : Unregistering application CONFIGSERVER with eureka with status DOWN
2026-07-24T13:57:42.836+05:30  INFO 20399 --- [ConfigServer] [SpringApplicationShutdownHook] o.s.boot.tomcat.GracefulShutdown         : Commencing graceful shutdown. Waiting for active requests to complete
2026-07-24T13:57:42.838+05:30  INFO 20399 --- [ConfigServer] [tomcat-shutdown] o.s.boot.tomcat.GracefulShutdown         : Graceful shutdown complete
2026-07-24T13:57:42.843+05:30  INFO 20399 --- [ConfigServer] [SpringApplicationShutdownHook] o.s.a.r.l.SimpleMessageListenerContainer : Waiting for workers to finish.
2026-07-24T13:57:43.160+05:30  INFO 20399 --- [ConfigServer] [SpringApplicationShutdownHook] o.s.a.r.l.SimpleMessageListenerContainer : Successfully waited for workers to finish.
2026-07-24T13:57:43.160+05:30  INFO 20399 --- [ConfigServer] [SpringApplicationShutdownHook] o.s.i.a.i.AmqpInboundChannelAdapter      : stopped bean 'inbound.springCloudBus.anonymous.VNXUk-zcT1OX8_Cze0YAEA'
2026-07-24T13:57:43.162+05:30  INFO 20399 --- [ConfigServer] [SpringApplicationShutdownHook] o.s.c.stream.binder.BinderErrorChannel   : Channel 'ConfigServer.rabbit-1045909404.springCloudBusInput.errors' has 1 subscriber(s).
2026-07-24T13:57:43.163+05:30  INFO 20399 --- [ConfigServer] [SpringApplicationShutdownHook] o.s.c.stream.binder.BinderErrorChannel   : Channel 'ConfigServer.rabbit-1045909404.springCloudBusInput.errors' has 0 subscriber(s).
2026-07-24T13:57:43.174+05:30  INFO 20399 --- [ConfigServer] [SpringApplicationShutdownHook] o.s.i.endpoint.EventDrivenConsumer       : Removing {logging-channel-adapter:_org.springframework.integration.errorLogger} as a subscriber to the 'errorChannel' channel
2026-07-24T13:57:43.175+05:30  INFO 20399 --- [ConfigServer] [SpringApplicationShutdownHook] o.s.i.channel.PublishSubscribeChannel    : Channel 'ConfigServer.errorChannel' has 0 subscriber(s).
2026-07-24T13:57:43.175+05:30  INFO 20399 --- [ConfigServer] [SpringApplicationShutdownHook] o.s.i.endpoint.EventDrivenConsumer       : stopped bean '_org.springframework.integration.errorLogger'
2026-07-24T13:57:45.270+05:30  INFO 20646 --- [ConfigServer] [main] c.a.c.ConfigServerApplication            : Starting ConfigServerApplication using Java 25.0.3 with PID 20646 (/home/ishonpanda/Desktop/CAREER/PROJECTS/ECOMM/Ecomm-microservice/ConfigServer/target/classes started by ishonpanda in /home/ishonpanda/Desktop/CAREER/PROJECTS/ECOMM/Ecomm-microservice)
2026-07-24T13:57:45.272+05:30  INFO 20646 --- [ConfigServer] [main] c.a.c.ConfigServerApplication            : The following 1 profile is active: "native"
2026-07-24T13:57:46.257+05:30  INFO 20646 --- [ConfigServer] [main] faultConfiguringBeanFactoryPostProcessor : No bean named 'errorChannel' has been explicitly defined. Therefore, a default PublishSubscribeChannel will be created.
2026-07-24T13:57:46.261+05:30  INFO 20646 --- [ConfigServer] [main] faultConfiguringBeanFactoryPostProcessor : No bean named 'integrationHeaderChannelRegistry' has been explicitly defined. Therefore, a default DefaultHeaderChannelRegistry will be created.
2026-07-24T13:57:46.306+05:30  INFO 20646 --- [ConfigServer] [main] o.s.cloud.context.scope.GenericScope     : BeanFactory id=be9661ff-f471-3658-beef-1371c569d9e7
2026-07-24T13:57:46.562+05:30  INFO 20646 --- [ConfigServer] [main] o.s.boot.tomcat.TomcatWebServer          : Tomcat initialized with port 8888 (http)
2026-07-24T13:57:46.571+05:30  INFO 20646 --- [ConfigServer] [main] o.apache.catalina.core.StandardService   : Starting service [Tomcat]
2026-07-24T13:57:46.571+05:30  INFO 20646 --- [ConfigServer] [main] o.apache.catalina.core.StandardEngine    : Starting Servlet engine: [Apache Tomcat/11.0.22]
2026-07-24T13:57:46.606+05:30  INFO 20646 --- [ConfigServer] [main] b.w.c.s.WebApplicationContextInitializer : Root WebApplicationContext: initialization completed in 1293 ms
2026-07-24T13:57:47.377+05:30  INFO 20646 --- [ConfigServer] [main] o.s.c.s.m.DirectWithAttributesChannel    : Channel 'ConfigServer.springCloudBusInput' has 1 subscriber(s).
2026-07-24T13:57:47.856+05:30  INFO 20646 --- [ConfigServer] [main] DiscoveryClientOptionalArgsConfiguration : Eureka HTTP Client uses RestClient.
2026-07-24T13:57:48.011+05:30  WARN 20646 --- [ConfigServer] [main] iguration$LoadBalancerCaffeineWarnLogger : Spring Cloud LoadBalancer is currently working with the default cache. While this cache implementation is useful for development and tests, it's recommended to use Caffeine cache in production.You can switch to using Caffeine cache, by adding it and org.springframework.cache.caffeine.CaffeineCacheManager to the classpath.
2026-07-24T13:57:48.018+05:30  INFO 20646 --- [ConfigServer] [main] o.s.b.a.e.web.EndpointLinksResolver      : Exposing 6 endpoints beneath base path '/actuator'
2026-07-24T13:57:48.121+05:30  INFO 20646 --- [ConfigServer] [main] figuration$IntegrationJmxConfiguration$1 : Registering MessageChannel errorChannel
2026-07-24T13:57:48.126+05:30  INFO 20646 --- [ConfigServer] [main] figuration$IntegrationJmxConfiguration$1 : Registering MessageChannel springCloudBusInput
2026-07-24T13:57:48.130+05:30  INFO 20646 --- [ConfigServer] [main] figuration$IntegrationJmxConfiguration$1 : Registering MessageChannel nullChannel
2026-07-24T13:57:48.133+05:30  INFO 20646 --- [ConfigServer] [main] figuration$IntegrationJmxConfiguration$1 : Registering MessageHandler _org.springframework.integration.errorLogger
2026-07-24T13:57:48.141+05:30  INFO 20646 --- [ConfigServer] [main] o.s.i.endpoint.EventDrivenConsumer       : Adding {logging-channel-adapter:_org.springframework.integration.errorLogger} as a subscriber to the 'errorChannel' channel
2026-07-24T13:57:48.141+05:30  INFO 20646 --- [ConfigServer] [main] o.s.i.channel.PublishSubscribeChannel    : Channel 'ConfigServer.errorChannel' has 1 subscriber(s).
2026-07-24T13:57:48.141+05:30  INFO 20646 --- [ConfigServer] [main] o.s.i.endpoint.EventDrivenConsumer       : started bean '_org.springframework.integration.errorLogger'
2026-07-24T13:57:48.155+05:30  INFO 20646 --- [ConfigServer] [main] o.s.c.n.eureka.InstanceInfoFactory       : Setting initial instance status as: STARTING
2026-07-24T13:57:48.171+05:30  INFO 20646 --- [ConfigServer] [main] com.netflix.discovery.DiscoveryClient    : Initializing Eureka in region us-east-1
2026-07-24T13:57:48.174+05:30  INFO 20646 --- [ConfigServer] [main] c.n.d.s.r.aws.ConfigClusterResolver      : Resolving eureka endpoints via configuration
2026-07-24T13:57:48.179+05:30  INFO 20646 --- [ConfigServer] [main] com.netflix.discovery.DiscoveryClient    : Disable delta property : false
2026-07-24T13:57:48.179+05:30  INFO 20646 --- [ConfigServer] [main] com.netflix.discovery.DiscoveryClient    : Single vip registry refresh property : null
2026-07-24T13:57:48.179+05:30  INFO 20646 --- [ConfigServer] [main] com.netflix.discovery.DiscoveryClient    : Force full registry fetch : false
2026-07-24T13:57:48.180+05:30  INFO 20646 --- [ConfigServer] [main] com.netflix.discovery.DiscoveryClient    : Application is null : false
2026-07-24T13:57:48.180+05:30  INFO 20646 --- [ConfigServer] [main] com.netflix.discovery.DiscoveryClient    : Registered Applications size is zero : true
2026-07-24T13:57:48.180+05:30  INFO 20646 --- [ConfigServer] [main] com.netflix.discovery.DiscoveryClient    : Application version is -1: true
2026-07-24T13:57:48.180+05:30  INFO 20646 --- [ConfigServer] [main] com.netflix.discovery.DiscoveryClient    : Getting all instance registry info from the eureka server
2026-07-24T13:57:48.380+05:30  INFO 20646 --- [ConfigServer] [main] com.netflix.discovery.DiscoveryClient    : The response status is 200
2026-07-24T13:57:48.383+05:30  INFO 20646 --- [ConfigServer] [main] com.netflix.discovery.DiscoveryClient    : Starting heartbeat executor: renew interval is: 5
2026-07-24T13:57:48.385+05:30  INFO 20646 --- [ConfigServer] [main] c.n.discovery.InstanceInfoReplicator     : InstanceInfoReplicator onDemand update allowed rate per min is 4
2026-07-24T13:57:48.395+05:30  INFO 20646 --- [ConfigServer] [main] com.netflix.discovery.DiscoveryClient    : Discovery Client initialized at timestamp 1784881668386 with initial instances count: 0
2026-07-24T13:57:48.400+05:30  INFO 20646 --- [ConfigServer] [main] o.s.c.n.e.s.EurekaServiceRegistry        : Registering application CONFIGSERVER with eureka with status UP
2026-07-24T13:57:48.401+05:30  INFO 20646 --- [ConfigServer] [main] com.netflix.discovery.DiscoveryClient    : Saw local status change event StatusChangeEvent [timestamp=1784881668401, current=UP, previous=STARTING]
2026-07-24T13:57:48.402+05:30  INFO 20646 --- [ConfigServer] [DiscoveryClient-InstanceInfoReplicator-%d] com.netflix.discovery.DiscoveryClient    : DiscoveryClient_CONFIGSERVER/fedora:ConfigServer:8888: registering service...
2026-07-24T13:57:48.405+05:30  INFO 20646 --- [ConfigServer] [main] o.s.c.s.binder.DefaultBinderFactory      : Creating binder: rabbit
2026-07-24T13:57:48.405+05:30  INFO 20646 --- [ConfigServer] [main] o.s.c.s.binder.DefaultBinderFactory      : Constructing binder child context for rabbit
2026-07-24T13:57:48.448+05:30  INFO 20646 --- [ConfigServer] [DiscoveryClient-InstanceInfoReplicator-%d] com.netflix.discovery.DiscoveryClient    : DiscoveryClient_CONFIGSERVER/fedora:ConfigServer:8888 - registration status: 204
2026-07-24T13:57:48.485+05:30  INFO 20646 --- [ConfigServer] [main] o.s.c.s.binder.DefaultBinderFactory      : Caching the binder: rabbit
2026-07-24T13:57:48.495+05:30  INFO 20646 --- [ConfigServer] [main] c.s.b.r.p.RabbitExchangeQueueProvisioner : declaring queue for inbound: springCloudBus.anonymous.CGNcJQZOSf-3FlPe2cm-aA, bound to: springCloudBus
2026-07-24T13:57:48.499+05:30  INFO 20646 --- [ConfigServer] [main] o.s.a.r.c.CachingConnectionFactory       : Attempting to connect to: [localhost:5672]
2026-07-24T13:57:48.527+05:30  INFO 20646 --- [ConfigServer] [main] o.s.a.r.c.CachingConnectionFactory       : Created new connection: rabbitConnectionFactory#35d4035f:0/SimpleConnection@5929059c [delegate=amqp://guest@127.0.0.1:5672/, localPort=36654]
2026-07-24T13:57:48.566+05:30  INFO 20646 --- [ConfigServer] [main] o.s.c.stream.binder.BinderErrorChannel   : Channel 'rabbit-96594432.springCloudBusInput.errors' has 1 subscriber(s).
2026-07-24T13:57:48.567+05:30  INFO 20646 --- [ConfigServer] [main] o.s.c.stream.binder.BinderErrorChannel   : Channel 'rabbit-96594432.springCloudBusInput.errors' has 2 subscriber(s).
2026-07-24T13:57:48.581+05:30  INFO 20646 --- [ConfigServer] [main] o.s.i.a.i.AmqpInboundChannelAdapter      : started bean 'inbound.springCloudBus.anonymous.CGNcJQZOSf-3FlPe2cm-aA'
2026-07-24T13:57:48.592+05:30  INFO 20646 --- [ConfigServer] [main] o.s.boot.tomcat.TomcatWebServer          : Tomcat started on port 8888 (http) with context path '/'
2026-07-24T13:57:48.593+05:30  INFO 20646 --- [ConfigServer] [main] .s.c.n.e.s.EurekaAutoServiceRegistration : Updating port to 8888
2026-07-24T13:57:48.621+05:30  INFO 20646 --- [ConfigServer] [main] figuration$IntegrationJmxConfiguration$1 : Registering MessageChannel rabbit-96594432.springCloudBusInput.errors
2026-07-24T13:57:48.635+05:30  INFO 20646 --- [ConfigServer] [main] c.a.c.ConfigServerApplication            : Started ConfigServerApplication in 3.742 seconds (process running for 4.562)
2026-07-24T13:57:48.808+05:30  INFO 20646 --- [ConfigServer] [RMI TCP Connection(3)-192.168.0.186] o.a.c.c.C.[Tomcat].[localhost].[/]       : Initializing Spring DispatcherServlet 'dispatcherServlet'
2026-07-24T13:57:48.808+05:30  INFO 20646 --- [ConfigServer] [RMI TCP Connection(3)-192.168.0.186] o.s.web.servlet.DispatcherServlet        : Initializing Servlet 'dispatcherServlet'
2026-07-24T13:57:48.811+05:30  INFO 20646 --- [ConfigServer] [RMI TCP Connection(3)-192.168.0.186] o.s.web.servlet.DispatcherServlet        : Completed initialization in 3 ms
2026-07-24T13:58:03.391+05:30  INFO 20646 --- [ConfigServer] [http-nio-8888-exec-2] o.s.c.c.s.e.NativeEnvironmentRepository  : Adding property source: Config resource 'file [/home/ishonpanda/Desktop/CAREER/PROJECTS/ECOMM/Ecomm-microservice/ConfigServer/src/main/resources/config/UserModule-dev.yaml]' via location 'file:///home/ishonpanda/Desktop/CAREER/PROJECTS/ECOMM/Ecomm-microservice/ConfigServer/src/main/resources/config/'
2026-07-24T13:58:18.384+05:30  INFO 20646 --- [ConfigServer] [DiscoveryClient-CacheRefreshExecutor-%d] com.netflix.discovery.DiscoveryClient    : Disable delta property : false
2026-07-24T13:58:18.384+05:30  INFO 20646 --- [ConfigServer] [DiscoveryClient-CacheRefreshExecutor-%d] com.netflix.discovery.DiscoveryClient    : Single vip registry refresh property : null
2026-07-24T13:58:18.385+05:30  INFO 20646 --- [ConfigServer] [DiscoveryClient-CacheRefreshExecutor-%d] com.netflix.discovery.DiscoveryClient    : Force full registry fetch : false
2026-07-24T13:58:18.385+05:30  INFO 20646 --- [ConfigServer] [DiscoveryClient-CacheRefreshExecutor-%d] com.netflix.discovery.DiscoveryClient    : Application is null : false
2026-07-24T13:58:18.385+05:30  INFO 20646 --- [ConfigServer] [DiscoveryClient-CacheRefreshExecutor-%d] com.netflix.discovery.DiscoveryClient    : Registered Applications size is zero : true
2026-07-24T13:58:18.385+05:30  INFO 20646 --- [ConfigServer] [DiscoveryClient-CacheRefreshExecutor-%d] com.netflix.discovery.DiscoveryClient    : Application version is -1: false
2026-07-24T13:58:18.385+05:30  INFO 20646 --- [ConfigServer] [DiscoveryClient-CacheRefreshExecutor-%d] com.netflix.discovery.DiscoveryClient    : Getting all instance registry info from the eureka server
2026-07-24T13:58:18.405+05:30  INFO 20646 --- [ConfigServer] [DiscoveryClient-CacheRefreshExecutor-%d] com.netflix.discovery.DiscoveryClient    : The response status is 200
2026-07-24T13:59:44.665+05:30  INFO 20646 --- [ConfigServer] [SpringApplicationShutdownHook] o.s.c.n.e.s.EurekaServiceRegistry        : Unregistering application CONFIGSERVER with eureka with status DOWN
2026-07-24T13:59:44.666+05:30  INFO 20646 --- [ConfigServer] [SpringApplicationShutdownHook] com.netflix.discovery.DiscoveryClient    : Saw local status change event StatusChangeEvent [timestamp=1784881784666, current=DOWN, previous=UP]
2026-07-24T13:59:44.666+05:30  INFO 20646 --- [ConfigServer] [DiscoveryClient-InstanceInfoReplicator-%d] com.netflix.discovery.DiscoveryClient    : DiscoveryClient_CONFIGSERVER/fedora:ConfigServer:8888: registering service...
2026-07-24T13:59:44.671+05:30  INFO 20646 --- [ConfigServer] [DiscoveryClient-InstanceInfoReplicator-%d] com.netflix.discovery.DiscoveryClient    : DiscoveryClient_CONFIGSERVER/fedora:ConfigServer:8888 - registration status: 204
2026-07-24T13:59:44.673+05:30  INFO 20646 --- [ConfigServer] [SpringApplicationShutdownHook] o.s.boot.tomcat.GracefulShutdown         : Commencing graceful shutdown. Waiting for active requests to complete
2026-07-24T13:59:44.677+05:30  INFO 20646 --- [ConfigServer] [tomcat-shutdown] o.s.boot.tomcat.GracefulShutdown         : Graceful shutdown complete
2026-07-24T13:59:44.687+05:30  INFO 20646 --- [ConfigServer] [SpringApplicationShutdownHook] o.s.a.r.l.SimpleMessageListenerContainer : Waiting for workers to finish.
2026-07-24T13:59:45.605+05:30  INFO 20646 --- [ConfigServer] [SpringApplicationShutdownHook] o.s.a.r.l.SimpleMessageListenerContainer : Successfully waited for workers to finish.
2026-07-24T13:59:45.606+05:30  INFO 20646 --- [ConfigServer] [SpringApplicationShutdownHook] o.s.i.a.i.AmqpInboundChannelAdapter      : stopped bean 'inbound.springCloudBus.anonymous.CGNcJQZOSf-3FlPe2cm-aA'
2026-07-24T13:59:45.608+05:30  INFO 20646 --- [ConfigServer] [SpringApplicationShutdownHook] o.s.c.stream.binder.BinderErrorChannel   : Channel 'ConfigServer.rabbit-96594432.springCloudBusInput.errors' has 1 subscriber(s).
2026-07-24T13:59:45.609+05:30  INFO 20646 --- [ConfigServer] [SpringApplicationShutdownHook] o.s.c.stream.binder.BinderErrorChannel   : Channel 'ConfigServer.rabbit-96594432.springCloudBusInput.errors' has 0 subscriber(s).
2026-07-24T13:59:45.619+05:30  INFO 20646 --- [ConfigServer] [SpringApplicationShutdownHook] o.s.i.endpoint.EventDrivenConsumer       : Removing {logging-channel-adapter:_org.springframework.integration.errorLogger} as a subscriber to the 'errorChannel' channel
2026-07-24T13:59:45.620+05:30  INFO 20646 --- [ConfigServer] [SpringApplicationShutdownHook] o.s.i.channel.PublishSubscribeChannel    : Channel 'ConfigServer.errorChannel' has 0 subscriber(s).
2026-07-24T13:59:45.620+05:30  INFO 20646 --- [ConfigServer] [SpringApplicationShutdownHook] o.s.i.endpoint.EventDrivenConsumer       : stopped bean '_org.springframework.integration.errorLogger'
2026-07-24T13:59:45.628+05:30  INFO 20646 --- [ConfigServer] [SpringApplicationShutdownHook] com.netflix.discovery.DiscoveryClient    : Shutting down DiscoveryClient ...
2026-07-24T13:59:48.431+05:30  INFO 20646 --- [ConfigServer] [DiscoveryClient-CacheRefreshExecutor-%d] c.n.d.s.t.d.RedirectingEurekaHttpClient  : Request execution error. endpoint=DefaultEndpoint{ serviceUrl='http://localhost:8761/eureka/} exception=I/O error on GET request for "http://localhost:8761/eureka/apps/delta": Connect to http://localhost:8761 failed: Connection refused

org.springframework.web.client.ResourceAccessException: I/O error on GET request for "http://localhost:8761/eureka/apps/delta": Connect to http://localhost:8761 failed: Connection refused
	at org.springframework.web.client.DefaultRestClient$DefaultRequestBodyUriSpec.createResourceAccessException(DefaultRestClient.java:779) ~[spring-web-7.0.8.jar:7.0.8]
	at org.springframework.web.client.DefaultRestClient$DefaultRequestBodyUriSpec.exchangeInternal(DefaultRestClient.java:624) ~[spring-web-7.0.8.jar:7.0.8]
	at org.springframework.web.client.DefaultRestClient$DefaultRequestBodyUriSpec.exchange(DefaultRestClient.java:572) ~[spring-web-7.0.8.jar:7.0.8]
	at org.springframework.web.client.RestClient$RequestHeadersSpec.exchange(RestClient.java:747) ~[spring-web-7.0.8.jar:7.0.8]
	at org.springframework.web.client.DefaultRestClient$DefaultResponseSpec.executeAndExtract(DefaultRestClient.java:924) ~[spring-web-7.0.8.jar:7.0.8]
	at org.springframework.web.client.DefaultRestClient$DefaultResponseSpec.toEntityInternal(DefaultRestClient.java:870) ~[spring-web-7.0.8.jar:7.0.8]
	at org.springframework.web.client.DefaultRestClient$DefaultResponseSpec.toEntity(DefaultRestClient.java:859) ~[spring-web-7.0.8.jar:7.0.8]
	at org.springframework.cloud.netflix.eureka.http.RestClientEurekaHttpClient.getApplicationsInternal(RestClientEurekaHttpClient.java:201) ~[spring-cloud-netflix-eureka-client-5.0.2.jar:5.0.2]
	at org.springframework.cloud.netflix.eureka.http.RestClientEurekaHttpClient.getDelta(RestClientEurekaHttpClient.java:142) ~[spring-cloud-netflix-eureka-client-5.0.2.jar:5.0.2]
	at com.netflix.discovery.shared.transport.decorator.EurekaHttpClientDecorator$7.execute(EurekaHttpClientDecorator.java:152) ~[eureka-client-2.0.6.jar:2.0.6]
	at com.netflix.discovery.shared.transport.decorator.RedirectingEurekaHttpClient.execute(RedirectingEurekaHttpClient.java:90) ~[eureka-client-2.0.6.jar:2.0.6]
	at com.netflix.discovery.shared.transport.decorator.EurekaHttpClientDecorator.getDelta(EurekaHttpClientDecorator.java:149) ~[eureka-client-2.0.6.jar:2.0.6]
	at com.netflix.discovery.shared.transport.decorator.EurekaHttpClientDecorator$7.execute(EurekaHttpClientDecorator.java:152) ~[eureka-client-2.0.6.jar:2.0.6]
	at com.netflix.discovery.shared.transport.decorator.RetryableEurekaHttpClient.execute(RetryableEurekaHttpClient.java:120) ~[eureka-client-2.0.6.jar:2.0.6]
	at com.netflix.discovery.shared.transport.decorator.EurekaHttpClientDecorator.getDelta(EurekaHttpClientDecorator.java:149) ~[eureka-client-2.0.6.jar:2.0.6]
	at com.netflix.discovery.shared.transport.decorator.EurekaHttpClientDecorator$7.execute(EurekaHttpClientDecorator.java:152) ~[eureka-client-2.0.6.jar:2.0.6]
	at com.netflix.discovery.shared.transport.decorator.SessionedEurekaHttpClient.execute(SessionedEurekaHttpClient.java:76) ~[eureka-client-2.0.6.jar:2.0.6]
	at com.netflix.discovery.shared.transport.decorator.EurekaHttpClientDecorator.getDelta(EurekaHttpClientDecorator.java:149) ~[eureka-client-2.0.6.jar:2.0.6]
	at com.netflix.discovery.DiscoveryClient.getAndUpdateDelta(DiscoveryClient.java:1095) ~[eureka-client-2.0.6.jar:2.0.6]
	at com.netflix.discovery.DiscoveryClient.fetchRegistry(DiscoveryClient.java:978) ~[eureka-client-2.0.6.jar:2.0.6]
	at com.netflix.discovery.DiscoveryClient.refreshRegistry(DiscoveryClient.java:1489) ~[eureka-client-2.0.6.jar:2.0.6]
	at com.netflix.discovery.DiscoveryClient$CacheRefreshThread.run(DiscoveryClient.java:1457) ~[eureka-client-2.0.6.jar:2.0.6]
	at java.base/java.util.concurrent.Executors$RunnableAdapter.call(Executors.java:545) ~[na:na]
	at java.base/java.util.concurrent.FutureTask.run(FutureTask.java:328) ~[na:na]
	at java.base/java.util.concurrent.ThreadPoolExecutor.runWorker(ThreadPoolExecutor.java:1090) ~[na:na]
	at java.base/java.util.concurrent.ThreadPoolExecutor$Worker.run(ThreadPoolExecutor.java:614) ~[na:na]
	at java.base/java.lang.Thread.run(Thread.java:1474) ~[na:na]
Caused by: org.apache.hc.client5.http.HttpHostConnectException: Connect to http://localhost:8761 failed: Connection refused
	at java.base/sun.nio.ch.Net.pollConnect(Native Method) ~[na:na]
	at java.base/sun.nio.ch.Net.pollConnectNow(Net.java:639) ~[na:na]
	at java.base/sun.nio.ch.NioSocketImpl.timedFinishConnect(NioSocketImpl.java:543) ~[na:na]
	at java.base/sun.nio.ch.NioSocketImpl.connect(NioSocketImpl.java:594) ~[na:na]
	at java.base/java.net.SocksSocketImpl.connect(SocksSocketImpl.java:284) ~[na:na]
	at java.base/java.net.Socket.connect(Socket.java:659) ~[na:na]
	at org.apache.hc.client5.http.impl.io.DefaultHttpClientConnectionOperator.connect(DefaultHttpClientConnectionOperator.java:219) ~[httpclient5-5.6.1.jar:5.6.1]
	at org.apache.hc.client5.http.impl.io.PoolingHttpClientConnectionManager.connect(PoolingHttpClientConnectionManager.java:547) ~[httpclient5-5.6.1.jar:5.6.1]
	at org.apache.hc.client5.http.impl.classic.InternalExecRuntime.connectEndpoint(InternalExecRuntime.java:164) ~[httpclient5-5.6.1.jar:5.6.1]
	at org.apache.hc.client5.http.impl.classic.InternalExecRuntime.connectEndpoint(InternalExecRuntime.java:174) ~[httpclient5-5.6.1.jar:5.6.1]
	at org.apache.hc.client5.http.impl.classic.ConnectExec.execute(ConnectExec.java:144) ~[httpclient5-5.6.1.jar:5.6.1]
	at org.apache.hc.client5.http.impl.classic.ExecChainElement.execute(ExecChainElement.java:51) ~[httpclient5-5.6.1.jar:5.6.1]
	at org.apache.hc.client5.http.impl.classic.ProtocolExec.execute(ProtocolExec.java:192) ~[httpclient5-5.6.1.jar:5.6.1]
	at org.apache.hc.client5.http.impl.classic.ExecChainElement.execute(ExecChainElement.java:51) ~[httpclient5-5.6.1.jar:5.6.1]
	at org.apache.hc.client5.http.impl.classic.ContentCompressionExec.execute(ContentCompressionExec.java:138) ~[httpclient5-5.6.1.jar:5.6.1]
	at org.apache.hc.client5.http.impl.classic.ExecChainElement.execute(ExecChainElement.java:51) ~[httpclient5-5.6.1.jar:5.6.1]
	at org.apache.hc.client5.http.impl.classic.HttpRequestRetryExec.execute(HttpRequestRetryExec.java:112) ~[httpclient5-5.6.1.jar:5.6.1]
	at org.apache.hc.client5.http.impl.classic.ExecChainElement.execute(ExecChainElement.java:51) ~[httpclient5-5.6.1.jar:5.6.1]
	at org.apache.hc.client5.http.impl.classic.RedirectExec.execute(RedirectExec.java:110) ~[httpclient5-5.6.1.jar:5.6.1]
	at org.apache.hc.client5.http.impl.classic.ExecChainElement.execute(ExecChainElement.java:51) ~[httpclient5-5.6.1.jar:5.6.1]
	at org.apache.hc.client5.http.impl.classic.InternalHttpClient.doExecute(InternalHttpClient.java:185) ~[httpclient5-5.6.1.jar:5.6.1]
	at org.apache.hc.client5.http.impl.classic.CloseableHttpClient.execute(CloseableHttpClient.java:87) ~[httpclient5-5.6.1.jar:5.6.1]
	at org.apache.hc.client5.http.impl.classic.CloseableHttpClient.execute(CloseableHttpClient.java:55) ~[httpclient5-5.6.1.jar:5.6.1]
	at org.apache.hc.client5.http.classic.HttpClient.executeOpen(HttpClient.java:183) ~[httpclient5-5.6.1.jar:5.6.1]
	at org.springframework.http.client.HttpComponentsClientHttpRequest.executeInternal(HttpComponentsClientHttpRequest.java:99) ~[spring-web-7.0.8.jar:7.0.8]
	at org.springframework.http.client.AbstractStreamingClientHttpRequest.executeInternal(AbstractStreamingClientHttpRequest.java:87) ~[spring-web-7.0.8.jar:7.0.8]
	at org.springframework.http.client.AbstractClientHttpRequest.execute(AbstractClientHttpRequest.java:80) ~[spring-web-7.0.8.jar:7.0.8]
	at org.springframework.http.client.AbstractBufferingClientHttpRequest.executeWithRequestAndBody(AbstractBufferingClientHttpRequest.java:89) ~[spring-web-7.0.8.jar:7.0.8]
	at org.springframework.http.client.InterceptingClientHttpRequest$EndOfChainRequestExecution.execute(InterceptingClientHttpRequest.java:102) ~[spring-web-7.0.8.jar:7.0.8]
	at org.springframework.cloud.netflix.eureka.http.RestClientTransportClientFactory.lambda$newClient$2(RestClientTransportClientFactory.java:98) ~[spring-cloud-netflix-eureka-client-5.0.2.jar:5.0.2]
	at org.springframework.http.client.ClientHttpRequestInterceptor.lambda$apply$0(ClientHttpRequestInterceptor.java:89) ~[spring-web-7.0.8.jar:7.0.8]
	at org.springframework.http.client.InterceptingClientHttpRequest.executeInternal(InterceptingClientHttpRequest.java:73) ~[spring-web-7.0.8.jar:7.0.8]
	at org.springframework.http.client.AbstractBufferingClientHttpRequest.executeInternal(AbstractBufferingClientHttpRequest.java:50) ~[spring-web-7.0.8.jar:7.0.8]
	at org.springframework.http.client.AbstractClientHttpRequest.execute(AbstractClientHttpRequest.java:80) ~[spring-web-7.0.8.jar:7.0.8]
	at org.springframework.web.client.DefaultRestClient$DefaultRequestBodyUriSpec.exchangeInternal(DefaultRestClient.java:614) ~[spring-web-7.0.8.jar:7.0.8]
	... 25 common frames omitted

2026-07-24T13:59:48.434+05:30  WARN 20646 --- [ConfigServer] [DiscoveryClient-CacheRefreshExecutor-%d] c.n.d.s.t.d.RetryableEurekaHttpClient    : Request execution failed with message: I/O error on GET request for "http://localhost:8761/eureka/apps/delta": Connect to http://localhost:8761 failed: Connection refused
2026-07-24T13:59:48.440+05:30  INFO 20646 --- [ConfigServer] [DiscoveryClient-CacheRefreshExecutor-%d] c.n.d.s.t.d.RedirectingEurekaHttpClient  : Request execution error. endpoint=DefaultEndpoint{ serviceUrl='http://localhost:8761/eureka/}, exception=I/O error on GET request for "http://localhost:8761/eureka/apps/delta": Connect to http://localhost:8761 failed: Connection refused

org.springframework.web.client.ResourceAccessException: I/O error on GET request for "http://localhost:8761/eureka/apps/delta": Connect to http://localhost:8761 failed: Connection refused
	at org.springframework.web.client.DefaultRestClient$DefaultRequestBodyUriSpec.createResourceAccessException(DefaultRestClient.java:779) ~[spring-web-7.0.8.jar:7.0.8]
	at org.springframework.web.client.DefaultRestClient$DefaultRequestBodyUriSpec.exchangeInternal(DefaultRestClient.java:624) ~[spring-web-7.0.8.jar:7.0.8]
	at org.springframework.web.client.DefaultRestClient$DefaultRequestBodyUriSpec.exchange(DefaultRestClient.java:572) ~[spring-web-7.0.8.jar:7.0.8]
	at org.springframework.web.client.RestClient$RequestHeadersSpec.exchange(RestClient.java:747) ~[spring-web-7.0.8.jar:7.0.8]
	at org.springframework.web.client.DefaultRestClient$DefaultResponseSpec.executeAndExtract(DefaultRestClient.java:924) ~[spring-web-7.0.8.jar:7.0.8]
	at org.springframework.web.client.DefaultRestClient$DefaultResponseSpec.toEntityInternal(DefaultRestClient.java:870) ~[spring-web-7.0.8.jar:7.0.8]
	at org.springframework.web.client.DefaultRestClient$DefaultResponseSpec.toEntity(DefaultRestClient.java:859) ~[spring-web-7.0.8.jar:7.0.8]
	at org.springframework.cloud.netflix.eureka.http.RestClientEurekaHttpClient.getApplicationsInternal(RestClientEurekaHttpClient.java:201) ~[spring-cloud-netflix-eureka-client-5.0.2.jar:5.0.2]
	at org.springframework.cloud.netflix.eureka.http.RestClientEurekaHttpClient.getDelta(RestClientEurekaHttpClient.java:142) ~[spring-cloud-netflix-eureka-client-5.0.2.jar:5.0.2]
	at com.netflix.discovery.shared.transport.decorator.EurekaHttpClientDecorator$7.execute(EurekaHttpClientDecorator.java:152) ~[eureka-client-2.0.6.jar:2.0.6]
	at com.netflix.discovery.shared.transport.decorator.RedirectingEurekaHttpClient.executeOnNewServer(RedirectingEurekaHttpClient.java:120) ~[eureka-client-2.0.6.jar:2.0.6]
	at com.netflix.discovery.shared.transport.decorator.RedirectingEurekaHttpClient.execute(RedirectingEurekaHttpClient.java:79) ~[eureka-client-2.0.6.jar:2.0.6]
	at com.netflix.discovery.shared.transport.decorator.EurekaHttpClientDecorator.getDelta(EurekaHttpClientDecorator.java:149) ~[eureka-client-2.0.6.jar:2.0.6]
	at com.netflix.discovery.shared.transport.decorator.EurekaHttpClientDecorator$7.execute(EurekaHttpClientDecorator.java:152) ~[eureka-client-2.0.6.jar:2.0.6]
	at com.netflix.discovery.shared.transport.decorator.RetryableEurekaHttpClient.execute(RetryableEurekaHttpClient.java:120) ~[eureka-client-2.0.6.jar:2.0.6]
	at com.netflix.discovery.shared.transport.decorator.EurekaHttpClientDecorator.getDelta(EurekaHttpClientDecorator.java:149) ~[eureka-client-2.0.6.jar:2.0.6]
	at com.netflix.discovery.shared.transport.decorator.EurekaHttpClientDecorator$7.execute(EurekaHttpClientDecorator.java:152) ~[eureka-client-2.0.6.jar:2.0.6]
	at com.netflix.discovery.shared.transport.decorator.SessionedEurekaHttpClient.execute(SessionedEurekaHttpClient.java:76) ~[eureka-client-2.0.6.jar:2.0.6]
	at com.netflix.discovery.shared.transport.decorator.EurekaHttpClientDecorator.getDelta(EurekaHttpClientDecorator.java:149) ~[eureka-client-2.0.6.jar:2.0.6]
	at com.netflix.discovery.DiscoveryClient.getAndUpdateDelta(DiscoveryClient.java:1095) ~[eureka-client-2.0.6.jar:2.0.6]
	at com.netflix.discovery.DiscoveryClient.fetchRegistry(DiscoveryClient.java:978) ~[eureka-client-2.0.6.jar:2.0.6]
	at com.netflix.discovery.DiscoveryClient.refreshRegistry(DiscoveryClient.java:1489) ~[eureka-client-2.0.6.jar:2.0.6]
	at com.netflix.discovery.DiscoveryClient$CacheRefreshThread.run(DiscoveryClient.java:1457) ~[eureka-client-2.0.6.jar:2.0.6]
	at java.base/java.util.concurrent.Executors$RunnableAdapter.call(Executors.java:545) ~[na:na]
	at java.base/java.util.concurrent.FutureTask.run(FutureTask.java:328) ~[na:na]
	at java.base/java.util.concurrent.ThreadPoolExecutor.runWorker(ThreadPoolExecutor.java:1090) ~[na:na]
	at java.base/java.util.concurrent.ThreadPoolExecutor$Worker.run(ThreadPoolExecutor.java:614) ~[na:na]
	at java.base/java.lang.Thread.run(Thread.java:1474) ~[na:na]
Caused by: org.apache.hc.client5.http.HttpHostConnectException: Connect to http://localhost:8761 failed: Connection refused
	at java.base/sun.nio.ch.Net.pollConnect(Native Method) ~[na:na]
	at java.base/sun.nio.ch.Net.pollConnectNow(Net.java:639) ~[na:na]
	at java.base/sun.nio.ch.NioSocketImpl.timedFinishConnect(NioSocketImpl.java:543) ~[na:na]
	at java.base/sun.nio.ch.NioSocketImpl.connect(NioSocketImpl.java:594) ~[na:na]
	at java.base/java.net.SocksSocketImpl.connect(SocksSocketImpl.java:284) ~[na:na]
	at java.base/java.net.Socket.connect(Socket.java:659) ~[na:na]
	at org.apache.hc.client5.http.impl.io.DefaultHttpClientConnectionOperator.connect(DefaultHttpClientConnectionOperator.java:219) ~[httpclient5-5.6.1.jar:5.6.1]
	at org.apache.hc.client5.http.impl.io.PoolingHttpClientConnectionManager.connect(PoolingHttpClientConnectionManager.java:547) ~[httpclient5-5.6.1.jar:5.6.1]
	at org.apache.hc.client5.http.impl.classic.InternalExecRuntime.connectEndpoint(InternalExecRuntime.java:164) ~[httpclient5-5.6.1.jar:5.6.1]
	at org.apache.hc.client5.http.impl.classic.InternalExecRuntime.connectEndpoint(InternalExecRuntime.java:174) ~[httpclient5-5.6.1.jar:5.6.1]
	at org.apache.hc.client5.http.impl.classic.ConnectExec.execute(ConnectExec.java:144) ~[httpclient5-5.6.1.jar:5.6.1]
	at org.apache.hc.client5.http.impl.classic.ExecChainElement.execute(ExecChainElement.java:51) ~[httpclient5-5.6.1.jar:5.6.1]
	at org.apache.hc.client5.http.impl.classic.ProtocolExec.execute(ProtocolExec.java:192) ~[httpclient5-5.6.1.jar:5.6.1]
	at org.apache.hc.client5.http.impl.classic.ExecChainElement.execute(ExecChainElement.java:51) ~[httpclient5-5.6.1.jar:5.6.1]
	at org.apache.hc.client5.http.impl.classic.ContentCompressionExec.execute(ContentCompressionExec.java:138) ~[httpclient5-5.6.1.jar:5.6.1]
	at org.apache.hc.client5.http.impl.classic.ExecChainElement.execute(ExecChainElement.java:51) ~[httpclient5-5.6.1.jar:5.6.1]
	at org.apache.hc.client5.http.impl.classic.HttpRequestRetryExec.execute(HttpRequestRetryExec.java:112) ~[httpclient5-5.6.1.jar:5.6.1]
	at org.apache.hc.client5.http.impl.classic.ExecChainElement.execute(ExecChainElement.java:51) ~[httpclient5-5.6.1.jar:5.6.1]
	at org.apache.hc.client5.http.impl.classic.RedirectExec.execute(RedirectExec.java:110) ~[httpclient5-5.6.1.jar:5.6.1]
	at org.apache.hc.client5.http.impl.classic.ExecChainElement.execute(ExecChainElement.java:51) ~[httpclient5-5.6.1.jar:5.6.1]
	at org.apache.hc.client5.http.impl.classic.InternalHttpClient.doExecute(InternalHttpClient.java:185) ~[httpclient5-5.6.1.jar:5.6.1]
	at org.apache.hc.client5.http.impl.classic.CloseableHttpClient.execute(CloseableHttpClient.java:87) ~[httpclient5-5.6.1.jar:5.6.1]
	at org.apache.hc.client5.http.impl.classic.CloseableHttpClient.execute(CloseableHttpClient.java:55) ~[httpclient5-5.6.1.jar:5.6.1]
	at org.apache.hc.client5.http.classic.HttpClient.executeOpen(HttpClient.java:183) ~[httpclient5-5.6.1.jar:5.6.1]
	at org.springframework.http.client.HttpComponentsClientHttpRequest.executeInternal(HttpComponentsClientHttpRequest.java:99) ~[spring-web-7.0.8.jar:7.0.8]
	at org.springframework.http.client.AbstractStreamingClientHttpRequest.executeInternal(AbstractStreamingClientHttpRequest.java:87) ~[spring-web-7.0.8.jar:7.0.8]
	at org.springframework.http.client.AbstractClientHttpRequest.execute(AbstractClientHttpRequest.java:80) ~[spring-web-7.0.8.jar:7.0.8]
	at org.springframework.http.client.AbstractBufferingClientHttpRequest.executeWithRequestAndBody(AbstractBufferingClientHttpRequest.java:89) ~[spring-web-7.0.8.jar:7.0.8]
	at org.springframework.http.client.InterceptingClientHttpRequest$EndOfChainRequestExecution.execute(InterceptingClientHttpRequest.java:102) ~[spring-web-7.0.8.jar:7.0.8]
	at org.springframework.cloud.netflix.eureka.http.RestClientTransportClientFactory.lambda$newClient$2(RestClientTransportClientFactory.java:98) ~[spring-cloud-netflix-eureka-client-5.0.2.jar:5.0.2]
	at org.springframework.http.client.ClientHttpRequestInterceptor.lambda$apply$0(ClientHttpRequestInterceptor.java:89) ~[spring-web-7.0.8.jar:7.0.8]
	at org.springframework.http.client.InterceptingClientHttpRequest.executeInternal(InterceptingClientHttpRequest.java:73) ~[spring-web-7.0.8.jar:7.0.8]
	at org.springframework.http.client.AbstractBufferingClientHttpRequest.executeInternal(AbstractBufferingClientHttpRequest.java:50) ~[spring-web-7.0.8.jar:7.0.8]
	at org.springframework.http.client.AbstractClientHttpRequest.execute(AbstractClientHttpRequest.java:80) ~[spring-web-7.0.8.jar:7.0.8]
	at org.springframework.web.client.DefaultRestClient$DefaultRequestBodyUriSpec.exchangeInternal(DefaultRestClient.java:614) ~[spring-web-7.0.8.jar:7.0.8]
	... 26 common frames omitted

2026-07-24T13:59:48.442+05:30  WARN 20646 --- [ConfigServer] [DiscoveryClient-CacheRefreshExecutor-%d] c.n.d.s.t.d.RetryableEurekaHttpClient    : Request execution failed with message: I/O error on GET request for "http://localhost:8761/eureka/apps/delta": Connect to http://localhost:8761 failed: Connection refused
2026-07-24T13:59:48.443+05:30  INFO 20646 --- [ConfigServer] [DiscoveryClient-CacheRefreshExecutor-%d] com.netflix.discovery.DiscoveryClient    : DiscoveryClient_CONFIGSERVER/fedora:ConfigServer:8888 - was unable to refresh its cache! This periodic background refresh will be retried in 30 seconds. status = Cannot execute request on any known server

com.netflix.discovery.shared.transport.TransportException: Cannot execute request on any known server
	at com.netflix.discovery.shared.transport.decorator.RetryableEurekaHttpClient.execute(RetryableEurekaHttpClient.java:112) ~[eureka-client-2.0.6.jar:2.0.6]
	at com.netflix.discovery.shared.transport.decorator.EurekaHttpClientDecorator.getDelta(EurekaHttpClientDecorator.java:149) ~[eureka-client-2.0.6.jar:2.0.6]
	at com.netflix.discovery.shared.transport.decorator.EurekaHttpClientDecorator$7.execute(EurekaHttpClientDecorator.java:152) ~[eureka-client-2.0.6.jar:2.0.6]
	at com.netflix.discovery.shared.transport.decorator.SessionedEurekaHttpClient.execute(SessionedEurekaHttpClient.java:76) ~[eureka-client-2.0.6.jar:2.0.6]
	at com.netflix.discovery.shared.transport.decorator.EurekaHttpClientDecorator.getDelta(EurekaHttpClientDecorator.java:149) ~[eureka-client-2.0.6.jar:2.0.6]
	at com.netflix.discovery.DiscoveryClient.getAndUpdateDelta(DiscoveryClient.java:1095) ~[eureka-client-2.0.6.jar:2.0.6]
	at com.netflix.discovery.DiscoveryClient.fetchRegistry(DiscoveryClient.java:978) ~[eureka-client-2.0.6.jar:2.0.6]
	at com.netflix.discovery.DiscoveryClient.refreshRegistry(DiscoveryClient.java:1489) ~[eureka-client-2.0.6.jar:2.0.6]
	at com.netflix.discovery.DiscoveryClient$CacheRefreshThread.run(DiscoveryClient.java:1457) ~[eureka-client-2.0.6.jar:2.0.6]
	at java.base/java.util.concurrent.Executors$RunnableAdapter.call(Executors.java:545) ~[na:na]
	at java.base/java.util.concurrent.FutureTask.run(FutureTask.java:328) ~[na:na]
	at java.base/java.util.concurrent.ThreadPoolExecutor.runWorker(ThreadPoolExecutor.java:1090) ~[na:na]
	at java.base/java.util.concurrent.ThreadPoolExecutor$Worker.run(ThreadPoolExecutor.java:614) ~[na:na]
	at java.base/java.lang.Thread.run(Thread.java:1474) ~[na:na]

2026-07-24T13:59:48.563+05:30  INFO 20646 --- [ConfigServer] [DiscoveryClient-HeartbeatExecutor-%d] c.n.d.s.t.d.RedirectingEurekaHttpClient  : Request execution error. endpoint=DefaultEndpoint{ serviceUrl='http://localhost:8761/eureka/} exception=I/O error on PUT request for "http://localhost:8761/eureka/apps/CONFIGSERVER/fedora:ConfigServer:8888": Connect to http://localhost:8761 failed: Connection refused

org.springframework.web.client.ResourceAccessException: I/O error on PUT request for "http://localhost:8761/eureka/apps/CONFIGSERVER/fedora:ConfigServer:8888": Connect to http://localhost:8761 failed: Connection refused
	at org.springframework.web.client.DefaultRestClient$DefaultRequestBodyUriSpec.createResourceAccessException(DefaultRestClient.java:779) ~[spring-web-7.0.8.jar:7.0.8]
	at org.springframework.web.client.DefaultRestClient$DefaultRequestBodyUriSpec.exchangeInternal(DefaultRestClient.java:624) ~[spring-web-7.0.8.jar:7.0.8]
	at org.springframework.web.client.DefaultRestClient$DefaultRequestBodyUriSpec.exchange(DefaultRestClient.java:572) ~[spring-web-7.0.8.jar:7.0.8]
	at org.springframework.web.client.RestClient$RequestHeadersSpec.exchange(RestClient.java:747) ~[spring-web-7.0.8.jar:7.0.8]
	at org.springframework.web.client.DefaultRestClient$DefaultResponseSpec.executeAndExtract(DefaultRestClient.java:924) ~[spring-web-7.0.8.jar:7.0.8]
	at org.springframework.web.client.DefaultRestClient$DefaultResponseSpec.toEntityInternal(DefaultRestClient.java:870) ~[spring-web-7.0.8.jar:7.0.8]
	at org.springframework.web.client.DefaultRestClient$DefaultResponseSpec.toEntity(DefaultRestClient.java:859) ~[spring-web-7.0.8.jar:7.0.8]
	at org.springframework.cloud.netflix.eureka.http.RestClientEurekaHttpClient.sendHeartBeat(RestClientEurekaHttpClient.java:91) ~[spring-cloud-netflix-eureka-client-5.0.2.jar:5.0.2]
	at com.netflix.discovery.shared.transport.decorator.EurekaHttpClientDecorator$3.execute(EurekaHttpClientDecorator.java:92) ~[eureka-client-2.0.6.jar:2.0.6]
	at com.netflix.discovery.shared.transport.decorator.RedirectingEurekaHttpClient.execute(RedirectingEurekaHttpClient.java:90) ~[eureka-client-2.0.6.jar:2.0.6]
	at com.netflix.discovery.shared.transport.decorator.EurekaHttpClientDecorator.sendHeartBeat(EurekaHttpClientDecorator.java:89) ~[eureka-client-2.0.6.jar:2.0.6]
	at com.netflix.discovery.shared.transport.decorator.EurekaHttpClientDecorator$3.execute(EurekaHttpClientDecorator.java:92) ~[eureka-client-2.0.6.jar:2.0.6]
	at com.netflix.discovery.shared.transport.decorator.RetryableEurekaHttpClient.execute(RetryableEurekaHttpClient.java:120) ~[eureka-client-2.0.6.jar:2.0.6]
	at com.netflix.discovery.shared.transport.decorator.EurekaHttpClientDecorator.sendHeartBeat(EurekaHttpClientDecorator.java:89) ~[eureka-client-2.0.6.jar:2.0.6]
	at com.netflix.discovery.shared.transport.decorator.EurekaHttpClientDecorator$3.execute(EurekaHttpClientDecorator.java:92) ~[eureka-client-2.0.6.jar:2.0.6]
	at com.netflix.discovery.shared.transport.decorator.SessionedEurekaHttpClient.execute(SessionedEurekaHttpClient.java:76) ~[eureka-client-2.0.6.jar:2.0.6]
	at com.netflix.discovery.shared.transport.decorator.EurekaHttpClientDecorator.sendHeartBeat(EurekaHttpClientDecorator.java:89) ~[eureka-client-2.0.6.jar:2.0.6]
	at com.netflix.discovery.DiscoveryClient.renew(DiscoveryClient.java:860) ~[eureka-client-2.0.6.jar:2.0.6]
	at com.netflix.discovery.DiscoveryClient$HeartbeatThread.run(DiscoveryClient.java:1418) ~[eureka-client-2.0.6.jar:2.0.6]
	at java.base/java.util.concurrent.Executors$RunnableAdapter.call(Executors.java:545) ~[na:na]
	at java.base/java.util.concurrent.FutureTask.run(FutureTask.java:328) ~[na:na]
	at java.base/java.util.concurrent.ThreadPoolExecutor.runWorker(ThreadPoolExecutor.java:1090) ~[na:na]
	at java.base/java.util.concurrent.ThreadPoolExecutor$Worker.run(ThreadPoolExecutor.java:614) ~[na:na]
	at java.base/java.lang.Thread.run(Thread.java:1474) ~[na:na]
Caused by: org.apache.hc.client5.http.HttpHostConnectException: Connect to http://localhost:8761 failed: Connection refused
	at java.base/sun.nio.ch.Net.pollConnect(Native Method) ~[na:na]
	at java.base/sun.nio.ch.Net.pollConnectNow(Net.java:639) ~[na:na]
	at java.base/sun.nio.ch.NioSocketImpl.timedFinishConnect(NioSocketImpl.java:543) ~[na:na]
	at java.base/sun.nio.ch.NioSocketImpl.connect(NioSocketImpl.java:594) ~[na:na]
	at java.base/java.net.SocksSocketImpl.connect(SocksSocketImpl.java:284) ~[na:na]
	at java.base/java.net.Socket.connect(Socket.java:659) ~[na:na]
	at org.apache.hc.client5.http.impl.io.DefaultHttpClientConnectionOperator.connect(DefaultHttpClientConnectionOperator.java:219) ~[httpclient5-5.6.1.jar:5.6.1]
	at org.apache.hc.client5.http.impl.io.PoolingHttpClientConnectionManager.connect(PoolingHttpClientConnectionManager.java:547) ~[httpclient5-5.6.1.jar:5.6.1]
	at org.apache.hc.client5.http.impl.classic.InternalExecRuntime.connectEndpoint(InternalExecRuntime.java:164) ~[httpclient5-5.6.1.jar:5.6.1]
	at org.apache.hc.client5.http.impl.classic.InternalExecRuntime.connectEndpoint(InternalExecRuntime.java:174) ~[httpclient5-5.6.1.jar:5.6.1]
	at org.apache.hc.client5.http.impl.classic.ConnectExec.execute(ConnectExec.java:144) ~[httpclient5-5.6.1.jar:5.6.1]
	at org.apache.hc.client5.http.impl.classic.ExecChainElement.execute(ExecChainElement.java:51) ~[httpclient5-5.6.1.jar:5.6.1]
	at org.apache.hc.client5.http.impl.classic.ProtocolExec.execute(ProtocolExec.java:192) ~[httpclient5-5.6.1.jar:5.6.1]
	at org.apache.hc.client5.http.impl.classic.ExecChainElement.execute(ExecChainElement.java:51) ~[httpclient5-5.6.1.jar:5.6.1]
	at org.apache.hc.client5.http.impl.classic.ContentCompressionExec.execute(ContentCompressionExec.java:138) ~[httpclient5-5.6.1.jar:5.6.1]
	at org.apache.hc.client5.http.impl.classic.ExecChainElement.execute(ExecChainElement.java:51) ~[httpclient5-5.6.1.jar:5.6.1]
	at org.apache.hc.client5.http.impl.classic.HttpRequestRetryExec.execute(HttpRequestRetryExec.java:112) ~[httpclient5-5.6.1.jar:5.6.1]
	at org.apache.hc.client5.http.impl.classic.ExecChainElement.execute(ExecChainElement.java:51) ~[httpclient5-5.6.1.jar:5.6.1]
	at org.apache.hc.client5.http.impl.classic.RedirectExec.execute(RedirectExec.java:110) ~[httpclient5-5.6.1.jar:5.6.1]
	at org.apache.hc.client5.http.impl.classic.ExecChainElement.execute(ExecChainElement.java:51) ~[httpclient5-5.6.1.jar:5.6.1]
	at org.apache.hc.client5.http.impl.classic.InternalHttpClient.doExecute(InternalHttpClient.java:185) ~[httpclient5-5.6.1.jar:5.6.1]
	at org.apache.hc.client5.http.impl.classic.CloseableHttpClient.execute(CloseableHttpClient.java:87) ~[httpclient5-5.6.1.jar:5.6.1]
	at org.apache.hc.client5.http.impl.classic.CloseableHttpClient.execute(CloseableHttpClient.java:55) ~[httpclient5-5.6.1.jar:5.6.1]
	at org.apache.hc.client5.http.classic.HttpClient.executeOpen(HttpClient.java:183) ~[httpclient5-5.6.1.jar:5.6.1]
	at org.springframework.http.client.HttpComponentsClientHttpRequest.executeInternal(HttpComponentsClientHttpRequest.java:99) ~[spring-web-7.0.8.jar:7.0.8]
	at org.springframework.http.client.AbstractStreamingClientHttpRequest.executeInternal(AbstractStreamingClientHttpRequest.java:87) ~[spring-web-7.0.8.jar:7.0.8]
	at org.springframework.http.client.AbstractClientHttpRequest.execute(AbstractClientHttpRequest.java:80) ~[spring-web-7.0.8.jar:7.0.8]
	at org.springframework.http.client.AbstractBufferingClientHttpRequest.executeWithRequestAndBody(AbstractBufferingClientHttpRequest.java:89) ~[spring-web-7.0.8.jar:7.0.8]
	at org.springframework.http.client.InterceptingClientHttpRequest$EndOfChainRequestExecution.execute(InterceptingClientHttpRequest.java:102) ~[spring-web-7.0.8.jar:7.0.8]
	at org.springframework.cloud.netflix.eureka.http.RestClientTransportClientFactory.lambda$newClient$2(RestClientTransportClientFactory.java:98) ~[spring-cloud-netflix-eureka-client-5.0.2.jar:5.0.2]
	at org.springframework.http.client.ClientHttpRequestInterceptor.lambda$apply$0(ClientHttpRequestInterceptor.java:89) ~[spring-web-7.0.8.jar:7.0.8]
	at org.springframework.http.client.InterceptingClientHttpRequest.executeInternal(InterceptingClientHttpRequest.java:73) ~[spring-web-7.0.8.jar:7.0.8]
	at org.springframework.http.client.AbstractBufferingClientHttpRequest.executeInternal(AbstractBufferingClientHttpRequest.java:50) ~[spring-web-7.0.8.jar:7.0.8]
	at org.springframework.http.client.AbstractClientHttpRequest.execute(AbstractClientHttpRequest.java:80) ~[spring-web-7.0.8.jar:7.0.8]
	at org.springframework.web.client.DefaultRestClient$DefaultRequestBodyUriSpec.exchangeInternal(DefaultRestClient.java:614) ~[spring-web-7.0.8.jar:7.0.8]
	... 22 common frames omitted

2026-07-24T13:59:48.566+05:30  WARN 20646 --- [ConfigServer] [DiscoveryClient-HeartbeatExecutor-%d] c.n.d.s.t.d.RetryableEurekaHttpClient    : Request execution failed with message: I/O error on PUT request for "http://localhost:8761/eureka/apps/CONFIGSERVER/fedora:ConfigServer:8888": Connect to http://localhost:8761 failed: Connection refused
2026-07-24T13:59:48.575+05:30  INFO 20646 --- [ConfigServer] [DiscoveryClient-HeartbeatExecutor-%d] c.n.d.s.t.d.RedirectingEurekaHttpClient  : Request execution error. endpoint=DefaultEndpoint{ serviceUrl='http://localhost:8761/eureka/}, exception=I/O error on PUT request for "http://localhost:8761/eureka/apps/CONFIGSERVER/fedora:ConfigServer:8888": Connect to http://localhost:8761 failed: Connection refused

org.springframework.web.client.ResourceAccessException: I/O error on PUT request for "http://localhost:8761/eureka/apps/CONFIGSERVER/fedora:ConfigServer:8888": Connect to http://localhost:8761 failed: Connection refused
	at org.springframework.web.client.DefaultRestClient$DefaultRequestBodyUriSpec.createResourceAccessException(DefaultRestClient.java:779) ~[spring-web-7.0.8.jar:7.0.8]
	at org.springframework.web.client.DefaultRestClient$DefaultRequestBodyUriSpec.exchangeInternal(DefaultRestClient.java:624) ~[spring-web-7.0.8.jar:7.0.8]
	at org.springframework.web.client.DefaultRestClient$DefaultRequestBodyUriSpec.exchange(DefaultRestClient.java:572) ~[spring-web-7.0.8.jar:7.0.8]
	at org.springframework.web.client.RestClient$RequestHeadersSpec.exchange(RestClient.java:747) ~[spring-web-7.0.8.jar:7.0.8]
	at org.springframework.web.client.DefaultRestClient$DefaultResponseSpec.executeAndExtract(DefaultRestClient.java:924) ~[spring-web-7.0.8.jar:7.0.8]
	at org.springframework.web.client.DefaultRestClient$DefaultResponseSpec.toEntityInternal(DefaultRestClient.java:870) ~[spring-web-7.0.8.jar:7.0.8]
	at org.springframework.web.client.DefaultRestClient$DefaultResponseSpec.toEntity(DefaultRestClient.java:859) ~[spring-web-7.0.8.jar:7.0.8]
	at org.springframework.cloud.netflix.eureka.http.RestClientEurekaHttpClient.sendHeartBeat(RestClientEurekaHttpClient.java:91) ~[spring-cloud-netflix-eureka-client-5.0.2.jar:5.0.2]
	at com.netflix.discovery.shared.transport.decorator.EurekaHttpClientDecorator$3.execute(EurekaHttpClientDecorator.java:92) ~[eureka-client-2.0.6.jar:2.0.6]
	at com.netflix.discovery.shared.transport.decorator.RedirectingEurekaHttpClient.executeOnNewServer(RedirectingEurekaHttpClient.java:120) ~[eureka-client-2.0.6.jar:2.0.6]
	at com.netflix.discovery.shared.transport.decorator.RedirectingEurekaHttpClient.execute(RedirectingEurekaHttpClient.java:79) ~[eureka-client-2.0.6.jar:2.0.6]
	at com.netflix.discovery.shared.transport.decorator.EurekaHttpClientDecorator.sendHeartBeat(EurekaHttpClientDecorator.java:89) ~[eureka-client-2.0.6.jar:2.0.6]
	at com.netflix.discovery.shared.transport.decorator.EurekaHttpClientDecorator$3.execute(EurekaHttpClientDecorator.java:92) ~[eureka-client-2.0.6.jar:2.0.6]
	at com.netflix.discovery.shared.transport.decorator.RetryableEurekaHttpClient.execute(RetryableEurekaHttpClient.java:120) ~[eureka-client-2.0.6.jar:2.0.6]
	at com.netflix.discovery.shared.transport.decorator.EurekaHttpClientDecorator.sendHeartBeat(EurekaHttpClientDecorator.java:89) ~[eureka-client-2.0.6.jar:2.0.6]
	at com.netflix.discovery.shared.transport.decorator.EurekaHttpClientDecorator$3.execute(EurekaHttpClientDecorator.java:92) ~[eureka-client-2.0.6.jar:2.0.6]
	at com.netflix.discovery.shared.transport.decorator.SessionedEurekaHttpClient.execute(SessionedEurekaHttpClient.java:76) ~[eureka-client-2.0.6.jar:2.0.6]
	at com.netflix.discovery.shared.transport.decorator.EurekaHttpClientDecorator.sendHeartBeat(EurekaHttpClientDecorator.java:89) ~[eureka-client-2.0.6.jar:2.0.6]
	at com.netflix.discovery.DiscoveryClient.renew(DiscoveryClient.java:860) ~[eureka-client-2.0.6.jar:2.0.6]
	at com.netflix.discovery.DiscoveryClient$HeartbeatThread.run(DiscoveryClient.java:1418) ~[eureka-client-2.0.6.jar:2.0.6]
	at java.base/java.util.concurrent.Executors$RunnableAdapter.call(Executors.java:545) ~[na:na]
	at java.base/java.util.concurrent.FutureTask.run(FutureTask.java:328) ~[na:na]
	at java.base/java.util.concurrent.ThreadPoolExecutor.runWorker(ThreadPoolExecutor.java:1090) ~[na:na]
	at java.base/java.util.concurrent.ThreadPoolExecutor$Worker.run(ThreadPoolExecutor.java:614) ~[na:na]
	at java.base/java.lang.Thread.run(Thread.java:1474) ~[na:na]
Caused by: org.apache.hc.client5.http.HttpHostConnectException: Connect to http://localhost:8761 failed: Connection refused
	at java.base/sun.nio.ch.Net.pollConnect(Native Method) ~[na:na]
	at java.base/sun.nio.ch.Net.pollConnectNow(Net.java:639) ~[na:na]
	at java.base/sun.nio.ch.NioSocketImpl.timedFinishConnect(NioSocketImpl.java:543) ~[na:na]
	at java.base/sun.nio.ch.NioSocketImpl.connect(NioSocketImpl.java:594) ~[na:na]
	at java.base/java.net.SocksSocketImpl.connect(SocksSocketImpl.java:284) ~[na:na]
	at java.base/java.net.Socket.connect(Socket.java:659) ~[na:na]
	at org.apache.hc.client5.http.impl.io.DefaultHttpClientConnectionOperator.connect(DefaultHttpClientConnectionOperator.java:219) ~[httpclient5-5.6.1.jar:5.6.1]
	at org.apache.hc.client5.http.impl.io.PoolingHttpClientConnectionManager.connect(PoolingHttpClientConnectionManager.java:547) ~[httpclient5-5.6.1.jar:5.6.1]
	at org.apache.hc.client5.http.impl.classic.InternalExecRuntime.connectEndpoint(InternalExecRuntime.java:164) ~[httpclient5-5.6.1.jar:5.6.1]
	at org.apache.hc.client5.http.impl.classic.InternalExecRuntime.connectEndpoint(InternalExecRuntime.java:174) ~[httpclient5-5.6.1.jar:5.6.1]
	at org.apache.hc.client5.http.impl.classic.ConnectExec.execute(ConnectExec.java:144) ~[httpclient5-5.6.1.jar:5.6.1]
	at org.apache.hc.client5.http.impl.classic.ExecChainElement.execute(ExecChainElement.java:51) ~[httpclient5-5.6.1.jar:5.6.1]
	at org.apache.hc.client5.http.impl.classic.ProtocolExec.execute(ProtocolExec.java:192) ~[httpclient5-5.6.1.jar:5.6.1]
	at org.apache.hc.client5.http.impl.classic.ExecChainElement.execute(ExecChainElement.java:51) ~[httpclient5-5.6.1.jar:5.6.1]
	at org.apache.hc.client5.http.impl.classic.ContentCompressionExec.execute(ContentCompressionExec.java:138) ~[httpclient5-5.6.1.jar:5.6.1]
	at org.apache.hc.client5.http.impl.classic.ExecChainElement.execute(ExecChainElement.java:51) ~[httpclient5-5.6.1.jar:5.6.1]
	at org.apache.hc.client5.http.impl.classic.HttpRequestRetryExec.execute(HttpRequestRetryExec.java:112) ~[httpclient5-5.6.1.jar:5.6.1]
	at org.apache.hc.client5.http.impl.classic.ExecChainElement.execute(ExecChainElement.java:51) ~[httpclient5-5.6.1.jar:5.6.1]
	at org.apache.hc.client5.http.impl.classic.RedirectExec.execute(RedirectExec.java:110) ~[httpclient5-5.6.1.jar:5.6.1]
	at org.apache.hc.client5.http.impl.classic.ExecChainElement.execute(ExecChainElement.java:51) ~[httpclient5-5.6.1.jar:5.6.1]
	at org.apache.hc.client5.http.impl.classic.InternalHttpClient.doExecute(InternalHttpClient.java:185) ~[httpclient5-5.6.1.jar:5.6.1]
	at org.apache.hc.client5.http.impl.classic.CloseableHttpClient.execute(CloseableHttpClient.java:87) ~[httpclient5-5.6.1.jar:5.6.1]
	at org.apache.hc.client5.http.impl.classic.CloseableHttpClient.execute(CloseableHttpClient.java:55) ~[httpclient5-5.6.1.jar:5.6.1]
	at org.apache.hc.client5.http.classic.HttpClient.executeOpen(HttpClient.java:183) ~[httpclient5-5.6.1.jar:5.6.1]
	at org.springframework.http.client.HttpComponentsClientHttpRequest.executeInternal(HttpComponentsClientHttpRequest.java:99) ~[spring-web-7.0.8.jar:7.0.8]
	at org.springframework.http.client.AbstractStreamingClientHttpRequest.executeInternal(AbstractStreamingClientHttpRequest.java:87) ~[spring-web-7.0.8.jar:7.0.8]
	at org.springframework.http.client.AbstractClientHttpRequest.execute(AbstractClientHttpRequest.java:80) ~[spring-web-7.0.8.jar:7.0.8]
	at org.springframework.http.client.AbstractBufferingClientHttpRequest.executeWithRequestAndBody(AbstractBufferingClientHttpRequest.java:89) ~[spring-web-7.0.8.jar:7.0.8]
	at org.springframework.http.client.InterceptingClientHttpRequest$EndOfChainRequestExecution.execute(InterceptingClientHttpRequest.java:102) ~[spring-web-7.0.8.jar:7.0.8]
	at org.springframework.cloud.netflix.eureka.http.RestClientTransportClientFactory.lambda$newClient$2(RestClientTransportClientFactory.java:98) ~[spring-cloud-netflix-eureka-client-5.0.2.jar:5.0.2]
	at org.springframework.http.client.ClientHttpRequestInterceptor.lambda$apply$0(ClientHttpRequestInterceptor.java:89) ~[spring-web-7.0.8.jar:7.0.8]
	at org.springframework.http.client.InterceptingClientHttpRequest.executeInternal(InterceptingClientHttpRequest.java:73) ~[spring-web-7.0.8.jar:7.0.8]
	at org.springframework.http.client.AbstractBufferingClientHttpRequest.executeInternal(AbstractBufferingClientHttpRequest.java:50) ~[spring-web-7.0.8.jar:7.0.8]
	at org.springframework.http.client.AbstractClientHttpRequest.execute(AbstractClientHttpRequest.java:80) ~[spring-web-7.0.8.jar:7.0.8]
	at org.springframework.web.client.DefaultRestClient$DefaultRequestBodyUriSpec.exchangeInternal(DefaultRestClient.java:614) ~[spring-web-7.0.8.jar:7.0.8]
	... 23 common frames omitted

2026-07-24T13:59:48.576+05:30  WARN 20646 --- [ConfigServer] [DiscoveryClient-HeartbeatExecutor-%d] c.n.d.s.t.d.RetryableEurekaHttpClient    : Request execution failed with message: I/O error on PUT request for "http://localhost:8761/eureka/apps/CONFIGSERVER/fedora:ConfigServer:8888": Connect to http://localhost:8761 failed: Connection refused
2026-07-24T13:59:48.577+05:30 ERROR 20646 --- [ConfigServer] [DiscoveryClient-HeartbeatExecutor-%d] com.netflix.discovery.DiscoveryClient    : DiscoveryClient_CONFIGSERVER/fedora:ConfigServer:8888 - was unable to send heartbeat!

com.netflix.discovery.shared.transport.TransportException: Cannot execute request on any known server
	at com.netflix.discovery.shared.transport.decorator.RetryableEurekaHttpClient.execute(RetryableEurekaHttpClient.java:112) ~[eureka-client-2.0.6.jar:2.0.6]
	at com.netflix.discovery.shared.transport.decorator.EurekaHttpClientDecorator.sendHeartBeat(EurekaHttpClientDecorator.java:89) ~[eureka-client-2.0.6.jar:2.0.6]
	at com.netflix.discovery.shared.transport.decorator.EurekaHttpClientDecorator$3.execute(EurekaHttpClientDecorator.java:92) ~[eureka-client-2.0.6.jar:2.0.6]
	at com.netflix.discovery.shared.transport.decorator.SessionedEurekaHttpClient.execute(SessionedEurekaHttpClient.java:76) ~[eureka-client-2.0.6.jar:2.0.6]
	at com.netflix.discovery.shared.transport.decorator.EurekaHttpClientDecorator.sendHeartBeat(EurekaHttpClientDecorator.java:89) ~[eureka-client-2.0.6.jar:2.0.6]
	at com.netflix.discovery.DiscoveryClient.renew(DiscoveryClient.java:860) ~[eureka-client-2.0.6.jar:2.0.6]
	at com.netflix.discovery.DiscoveryClient$HeartbeatThread.run(DiscoveryClient.java:1418) ~[eureka-client-2.0.6.jar:2.0.6]
	at java.base/java.util.concurrent.Executors$RunnableAdapter.call(Executors.java:545) ~[na:na]
	at java.base/java.util.concurrent.FutureTask.run(FutureTask.java:328) ~[na:na]
	at java.base/java.util.concurrent.ThreadPoolExecutor.runWorker(ThreadPoolExecutor.java:1090) ~[na:na]
	at java.base/java.util.concurrent.ThreadPoolExecutor$Worker.run(ThreadPoolExecutor.java:614) ~[na:na]
	at java.base/java.lang.Thread.run(Thread.java:1474) ~[na:na]

2026-07-24T13:59:48.629+05:30  INFO 20646 --- [ConfigServer] [SpringApplicationShutdownHook] com.netflix.discovery.DiscoveryClient    : Unregistering ...
2026-07-24T13:59:48.638+05:30  INFO 20646 --- [ConfigServer] [SpringApplicationShutdownHook] c.n.d.s.t.d.RedirectingEurekaHttpClient  : Request execution error. endpoint=DefaultEndpoint{ serviceUrl='http://localhost:8761/eureka/}, exception=I/O error on DELETE request for "http://localhost:8761/eureka/apps/CONFIGSERVER/fedora:ConfigServer:8888": Connect to http://localhost:8761 failed: Connection refused

org.springframework.web.client.ResourceAccessException: I/O error on DELETE request for "http://localhost:8761/eureka/apps/CONFIGSERVER/fedora:ConfigServer:8888": Connect to http://localhost:8761 failed: Connection refused
	at org.springframework.web.client.DefaultRestClient$DefaultRequestBodyUriSpec.createResourceAccessException(DefaultRestClient.java:779) ~[spring-web-7.0.8.jar:7.0.8]
	at org.springframework.web.client.DefaultRestClient$DefaultRequestBodyUriSpec.exchangeInternal(DefaultRestClient.java:624) ~[spring-web-7.0.8.jar:7.0.8]
	at org.springframework.web.client.DefaultRestClient$DefaultRequestBodyUriSpec.exchange(DefaultRestClient.java:572) ~[spring-web-7.0.8.jar:7.0.8]
	at org.springframework.web.client.RestClient$RequestHeadersSpec.exchange(RestClient.java:747) ~[spring-web-7.0.8.jar:7.0.8]
	at org.springframework.web.client.DefaultRestClient$DefaultResponseSpec.executeAndExtract(DefaultRestClient.java:924) ~[spring-web-7.0.8.jar:7.0.8]
	at org.springframework.web.client.DefaultRestClient$DefaultResponseSpec.toBodilessEntity(DefaultRestClient.java:888) ~[spring-web-7.0.8.jar:7.0.8]
	at org.springframework.cloud.netflix.eureka.http.RestClientEurekaHttpClient.cancel(RestClientEurekaHttpClient.java:73) ~[spring-cloud-netflix-eureka-client-5.0.2.jar:5.0.2]
	at com.netflix.discovery.shared.transport.decorator.EurekaHttpClientDecorator$2.execute(EurekaHttpClientDecorator.java:74) ~[eureka-client-2.0.6.jar:2.0.6]
	at com.netflix.discovery.shared.transport.decorator.RedirectingEurekaHttpClient.executeOnNewServer(RedirectingEurekaHttpClient.java:120) ~[eureka-client-2.0.6.jar:2.0.6]
	at com.netflix.discovery.shared.transport.decorator.RedirectingEurekaHttpClient.execute(RedirectingEurekaHttpClient.java:79) ~[eureka-client-2.0.6.jar:2.0.6]
	at com.netflix.discovery.shared.transport.decorator.EurekaHttpClientDecorator.cancel(EurekaHttpClientDecorator.java:71) ~[eureka-client-2.0.6.jar:2.0.6]
	at com.netflix.discovery.shared.transport.decorator.EurekaHttpClientDecorator$2.execute(EurekaHttpClientDecorator.java:74) ~[eureka-client-2.0.6.jar:2.0.6]
	at com.netflix.discovery.shared.transport.decorator.RetryableEurekaHttpClient.execute(RetryableEurekaHttpClient.java:120) ~[eureka-client-2.0.6.jar:2.0.6]
	at com.netflix.discovery.shared.transport.decorator.EurekaHttpClientDecorator.cancel(EurekaHttpClientDecorator.java:71) ~[eureka-client-2.0.6.jar:2.0.6]
	at com.netflix.discovery.shared.transport.decorator.EurekaHttpClientDecorator$2.execute(EurekaHttpClientDecorator.java:74) ~[eureka-client-2.0.6.jar:2.0.6]
	at com.netflix.discovery.shared.transport.decorator.SessionedEurekaHttpClient.execute(SessionedEurekaHttpClient.java:76) ~[eureka-client-2.0.6.jar:2.0.6]
	at com.netflix.discovery.shared.transport.decorator.EurekaHttpClientDecorator.cancel(EurekaHttpClientDecorator.java:71) ~[eureka-client-2.0.6.jar:2.0.6]
	at com.netflix.discovery.DiscoveryClient.unregister(DiscoveryClient.java:934) ~[eureka-client-2.0.6.jar:2.0.6]
	at com.netflix.discovery.DiscoveryClient.shutdown(DiscoveryClient.java:915) ~[eureka-client-2.0.6.jar:2.0.6]
	at java.base/jdk.internal.reflect.DirectMethodHandleAccessor.invoke(DirectMethodHandleAccessor.java:104) ~[na:na]
	at java.base/java.lang.reflect.Method.invoke(Method.java:565) ~[na:na]
	at org.springframework.beans.factory.annotation.InitDestroyAnnotationBeanPostProcessor$LifecycleMethod.invoke(InitDestroyAnnotationBeanPostProcessor.java:453) ~[spring-beans-7.0.8.jar:7.0.8]
	at org.springframework.beans.factory.annotation.InitDestroyAnnotationBeanPostProcessor$LifecycleMetadata.invokeDestroyMethods(InitDestroyAnnotationBeanPostProcessor.java:411) ~[spring-beans-7.0.8.jar:7.0.8]
	at org.springframework.beans.factory.annotation.InitDestroyAnnotationBeanPostProcessor.postProcessBeforeDestruction(InitDestroyAnnotationBeanPostProcessor.java:237) ~[spring-beans-7.0.8.jar:7.0.8]
	at org.springframework.beans.factory.support.DisposableBeanAdapter.destroy(DisposableBeanAdapter.java:200) ~[spring-beans-7.0.8.jar:7.0.8]
	at org.springframework.beans.factory.support.DisposableBeanAdapter.run(DisposableBeanAdapter.java:193) ~[spring-beans-7.0.8.jar:7.0.8]
	at org.springframework.cloud.context.scope.GenericScope$BeanLifecycleWrapper.destroy(GenericScope.java:387) ~[spring-cloud-context-5.0.2.jar:5.0.2]
	at org.springframework.cloud.context.scope.GenericScope.destroy(GenericScope.java:134) ~[spring-cloud-context-5.0.2.jar:5.0.2]
	at org.springframework.beans.factory.support.DisposableBeanAdapter.destroy(DisposableBeanAdapter.java:209) ~[spring-beans-7.0.8.jar:7.0.8]
	at org.springframework.beans.factory.support.DefaultSingletonBeanRegistry.destroyBean(DefaultSingletonBeanRegistry.java:795) ~[spring-beans-7.0.8.jar:7.0.8]
	at org.springframework.beans.factory.support.DefaultSingletonBeanRegistry.destroySingleton(DefaultSingletonBeanRegistry.java:745) ~[spring-beans-7.0.8.jar:7.0.8]
	at org.springframework.beans.factory.support.DefaultListableBeanFactory.destroySingleton(DefaultListableBeanFactory.java:1507) ~[spring-beans-7.0.8.jar:7.0.8]
	at org.springframework.beans.factory.support.DefaultSingletonBeanRegistry.destroySingletons(DefaultSingletonBeanRegistry.java:704) ~[spring-beans-7.0.8.jar:7.0.8]
	at org.springframework.beans.factory.support.DefaultListableBeanFactory.destroySingletons(DefaultListableBeanFactory.java:1500) ~[spring-beans-7.0.8.jar:7.0.8]
	at org.springframework.context.support.AbstractApplicationContext.destroyBeans(AbstractApplicationContext.java:1246) ~[spring-context-7.0.8.jar:7.0.8]
	at org.springframework.context.support.AbstractApplicationContext.doClose(AbstractApplicationContext.java:1207) ~[spring-context-7.0.8.jar:7.0.8]
	at org.springframework.boot.web.server.servlet.context.ServletWebServerApplicationContext.doClose(ServletWebServerApplicationContext.java:176) ~[spring-boot-web-server-4.1.0.jar:4.1.0]
	at org.springframework.context.support.AbstractApplicationContext.close(AbstractApplicationContext.java:1153) ~[spring-context-7.0.8.jar:7.0.8]
	at org.springframework.boot.SpringApplicationShutdownHook.closeAndWait(SpringApplicationShutdownHook.java:147) ~[spring-boot-4.1.0.jar:4.1.0]
	at java.base/java.lang.Iterable.forEach(Iterable.java:75) ~[na:na]
	at org.springframework.boot.SpringApplicationShutdownHook.run(SpringApplicationShutdownHook.java:116) ~[spring-boot-4.1.0.jar:4.1.0]
	at java.base/java.lang.Thread.run(Thread.java:1474) ~[na:na]
Caused by: org.apache.hc.client5.http.HttpHostConnectException: Connect to http://localhost:8761 failed: Connection refused
	at java.base/sun.nio.ch.Net.pollConnect(Native Method) ~[na:na]
	at java.base/sun.nio.ch.Net.pollConnectNow(Net.java:639) ~[na:na]
	at java.base/sun.nio.ch.NioSocketImpl.timedFinishConnect(NioSocketImpl.java:543) ~[na:na]
	at java.base/sun.nio.ch.NioSocketImpl.connect(NioSocketImpl.java:594) ~[na:na]
	at java.base/java.net.SocksSocketImpl.connect(SocksSocketImpl.java:284) ~[na:na]
	at java.base/java.net.Socket.connect(Socket.java:659) ~[na:na]
	at org.apache.hc.client5.http.impl.io.DefaultHttpClientConnectionOperator.connect(DefaultHttpClientConnectionOperator.java:219) ~[httpclient5-5.6.1.jar:5.6.1]
	at org.apache.hc.client5.http.impl.io.PoolingHttpClientConnectionManager.connect(PoolingHttpClientConnectionManager.java:547) ~[httpclient5-5.6.1.jar:5.6.1]
	at org.apache.hc.client5.http.impl.classic.InternalExecRuntime.connectEndpoint(InternalExecRuntime.java:164) ~[httpclient5-5.6.1.jar:5.6.1]
	at org.apache.hc.client5.http.impl.classic.InternalExecRuntime.connectEndpoint(InternalExecRuntime.java:174) ~[httpclient5-5.6.1.jar:5.6.1]
	at org.apache.hc.client5.http.impl.classic.ConnectExec.execute(ConnectExec.java:144) ~[httpclient5-5.6.1.jar:5.6.1]
	at org.apache.hc.client5.http.impl.classic.ExecChainElement.execute(ExecChainElement.java:51) ~[httpclient5-5.6.1.jar:5.6.1]
	at org.apache.hc.client5.http.impl.classic.ProtocolExec.execute(ProtocolExec.java:192) ~[httpclient5-5.6.1.jar:5.6.1]
	at org.apache.hc.client5.http.impl.classic.ExecChainElement.execute(ExecChainElement.java:51) ~[httpclient5-5.6.1.jar:5.6.1]
	at org.apache.hc.client5.http.impl.classic.ContentCompressionExec.execute(ContentCompressionExec.java:138) ~[httpclient5-5.6.1.jar:5.6.1]
	at org.apache.hc.client5.http.impl.classic.ExecChainElement.execute(ExecChainElement.java:51) ~[httpclient5-5.6.1.jar:5.6.1]
	at org.apache.hc.client5.http.impl.classic.HttpRequestRetryExec.execute(HttpRequestRetryExec.java:112) ~[httpclient5-5.6.1.jar:5.6.1]
	at org.apache.hc.client5.http.impl.classic.ExecChainElement.execute(ExecChainElement.java:51) ~[httpclient5-5.6.1.jar:5.6.1]
	at org.apache.hc.client5.http.impl.classic.RedirectExec.execute(RedirectExec.java:110) ~[httpclient5-5.6.1.jar:5.6.1]
	at org.apache.hc.client5.http.impl.classic.ExecChainElement.execute(ExecChainElement.java:51) ~[httpclient5-5.6.1.jar:5.6.1]
	at org.apache.hc.client5.http.impl.classic.InternalHttpClient.doExecute(InternalHttpClient.java:185) ~[httpclient5-5.6.1.jar:5.6.1]
	at org.apache.hc.client5.http.impl.classic.CloseableHttpClient.execute(CloseableHttpClient.java:87) ~[httpclient5-5.6.1.jar:5.6.1]
	at org.apache.hc.client5.http.impl.classic.CloseableHttpClient.execute(CloseableHttpClient.java:55) ~[httpclient5-5.6.1.jar:5.6.1]
	at org.apache.hc.client5.http.classic.HttpClient.executeOpen(HttpClient.java:183) ~[httpclient5-5.6.1.jar:5.6.1]
	at org.springframework.http.client.HttpComponentsClientHttpRequest.executeInternal(HttpComponentsClientHttpRequest.java:99) ~[spring-web-7.0.8.jar:7.0.8]
	at org.springframework.http.client.AbstractStreamingClientHttpRequest.executeInternal(AbstractStreamingClientHttpRequest.java:87) ~[spring-web-7.0.8.jar:7.0.8]
	at org.springframework.http.client.AbstractClientHttpRequest.execute(AbstractClientHttpRequest.java:80) ~[spring-web-7.0.8.jar:7.0.8]
	at org.springframework.http.client.AbstractBufferingClientHttpRequest.executeWithRequestAndBody(AbstractBufferingClientHttpRequest.java:89) ~[spring-web-7.0.8.jar:7.0.8]
	at org.springframework.http.client.InterceptingClientHttpRequest$EndOfChainRequestExecution.execute(InterceptingClientHttpRequest.java:102) ~[spring-web-7.0.8.jar:7.0.8]
	at org.springframework.cloud.netflix.eureka.http.RestClientTransportClientFactory.lambda$newClient$2(RestClientTransportClientFactory.java:98) ~[spring-cloud-netflix-eureka-client-5.0.2.jar:5.0.2]
	at org.springframework.http.client.ClientHttpRequestInterceptor.lambda$apply$0(ClientHttpRequestInterceptor.java:89) ~[spring-web-7.0.8.jar:7.0.8]
	at org.springframework.http.client.InterceptingClientHttpRequest.executeInternal(InterceptingClientHttpRequest.java:73) ~[spring-web-7.0.8.jar:7.0.8]
	at org.springframework.http.client.AbstractBufferingClientHttpRequest.executeInternal(AbstractBufferingClientHttpRequest.java:50) ~[spring-web-7.0.8.jar:7.0.8]
	at org.springframework.http.client.AbstractClientHttpRequest.execute(AbstractClientHttpRequest.java:80) ~[spring-web-7.0.8.jar:7.0.8]
	at org.springframework.web.client.DefaultRestClient$DefaultRequestBodyUriSpec.exchangeInternal(DefaultRestClient.java:614) ~[spring-web-7.0.8.jar:7.0.8]
	... 40 common frames omitted

2026-07-24T13:59:48.640+05:30  WARN 20646 --- [ConfigServer] [SpringApplicationShutdownHook] c.n.d.s.t.d.RetryableEurekaHttpClient    : Request execution failed with message: I/O error on DELETE request for "http://localhost:8761/eureka/apps/CONFIGSERVER/fedora:ConfigServer:8888": Connect to http://localhost:8761 failed: Connection refused
2026-07-24T13:59:48.641+05:30 ERROR 20646 --- [ConfigServer] [SpringApplicationShutdownHook] com.netflix.discovery.DiscoveryClient    : DiscoveryClient_CONFIGSERVER/fedora:ConfigServer:8888 - de-registration failedCannot execute request on any known server

com.netflix.discovery.shared.transport.TransportException: Cannot execute request on any known server
	at com.netflix.discovery.shared.transport.decorator.RetryableEurekaHttpClient.execute(RetryableEurekaHttpClient.java:112) ~[eureka-client-2.0.6.jar:2.0.6]
	at com.netflix.discovery.shared.transport.decorator.EurekaHttpClientDecorator.cancel(EurekaHttpClientDecorator.java:71) ~[eureka-client-2.0.6.jar:2.0.6]
	at com.netflix.discovery.shared.transport.decorator.EurekaHttpClientDecorator$2.execute(EurekaHttpClientDecorator.java:74) ~[eureka-client-2.0.6.jar:2.0.6]
	at com.netflix.discovery.shared.transport.decorator.SessionedEurekaHttpClient.execute(SessionedEurekaHttpClient.java:76) ~[eureka-client-2.0.6.jar:2.0.6]
	at com.netflix.discovery.shared.transport.decorator.EurekaHttpClientDecorator.cancel(EurekaHttpClientDecorator.java:71) ~[eureka-client-2.0.6.jar:2.0.6]
	at com.netflix.discovery.DiscoveryClient.unregister(DiscoveryClient.java:934) ~[eureka-client-2.0.6.jar:2.0.6]
	at com.netflix.discovery.DiscoveryClient.shutdown(DiscoveryClient.java:915) ~[eureka-client-2.0.6.jar:2.0.6]
	at java.base/jdk.internal.reflect.DirectMethodHandleAccessor.invoke(DirectMethodHandleAccessor.java:104) ~[na:na]
	at java.base/java.lang.reflect.Method.invoke(Method.java:565) ~[na:na]
	at org.springframework.beans.factory.annotation.InitDestroyAnnotationBeanPostProcessor$LifecycleMethod.invoke(InitDestroyAnnotationBeanPostProcessor.java:453) ~[spring-beans-7.0.8.jar:7.0.8]
	at org.springframework.beans.factory.annotation.InitDestroyAnnotationBeanPostProcessor$LifecycleMetadata.invokeDestroyMethods(InitDestroyAnnotationBeanPostProcessor.java:411) ~[spring-beans-7.0.8.jar:7.0.8]
	at org.springframework.beans.factory.annotation.InitDestroyAnnotationBeanPostProcessor.postProcessBeforeDestruction(InitDestroyAnnotationBeanPostProcessor.java:237) ~[spring-beans-7.0.8.jar:7.0.8]
	at org.springframework.beans.factory.support.DisposableBeanAdapter.destroy(DisposableBeanAdapter.java:200) ~[spring-beans-7.0.8.jar:7.0.8]
	at org.springframework.beans.factory.support.DisposableBeanAdapter.run(DisposableBeanAdapter.java:193) ~[spring-beans-7.0.8.jar:7.0.8]
	at org.springframework.cloud.context.scope.GenericScope$BeanLifecycleWrapper.destroy(GenericScope.java:387) ~[spring-cloud-context-5.0.2.jar:5.0.2]
	at org.springframework.cloud.context.scope.GenericScope.destroy(GenericScope.java:134) ~[spring-cloud-context-5.0.2.jar:5.0.2]
	at org.springframework.beans.factory.support.DisposableBeanAdapter.destroy(DisposableBeanAdapter.java:209) ~[spring-beans-7.0.8.jar:7.0.8]
	at org.springframework.beans.factory.support.DefaultSingletonBeanRegistry.destroyBean(DefaultSingletonBeanRegistry.java:795) ~[spring-beans-7.0.8.jar:7.0.8]
	at org.springframework.beans.factory.support.DefaultSingletonBeanRegistry.destroySingleton(DefaultSingletonBeanRegistry.java:745) ~[spring-beans-7.0.8.jar:7.0.8]
	at org.springframework.beans.factory.support.DefaultListableBeanFactory.destroySingleton(DefaultListableBeanFactory.java:1507) ~[spring-beans-7.0.8.jar:7.0.8]
	at org.springframework.beans.factory.support.DefaultSingletonBeanRegistry.destroySingletons(DefaultSingletonBeanRegistry.java:704) ~[spring-beans-7.0.8.jar:7.0.8]
	at org.springframework.beans.factory.support.DefaultListableBeanFactory.destroySingletons(DefaultListableBeanFactory.java:1500) ~[spring-beans-7.0.8.jar:7.0.8]
	at org.springframework.context.support.AbstractApplicationContext.destroyBeans(AbstractApplicationContext.java:1246) ~[spring-context-7.0.8.jar:7.0.8]
	at org.springframework.context.support.AbstractApplicationContext.doClose(AbstractApplicationContext.java:1207) ~[spring-context-7.0.8.jar:7.0.8]
	at org.springframework.boot.web.server.servlet.context.ServletWebServerApplicationContext.doClose(ServletWebServerApplicationContext.java:176) ~[spring-boot-web-server-4.1.0.jar:4.1.0]
	at org.springframework.context.support.AbstractApplicationContext.close(AbstractApplicationContext.java:1153) ~[spring-context-7.0.8.jar:7.0.8]
	at org.springframework.boot.SpringApplicationShutdownHook.closeAndWait(SpringApplicationShutdownHook.java:147) ~[spring-boot-4.1.0.jar:4.1.0]
	at java.base/java.lang.Iterable.forEach(Iterable.java:75) ~[na:na]
	at org.springframework.boot.SpringApplicationShutdownHook.run(SpringApplicationShutdownHook.java:116) ~[spring-boot-4.1.0.jar:4.1.0]
	at java.base/java.lang.Thread.run(Thread.java:1474) ~[na:na]

2026-07-24T13:59:48.642+05:30  INFO 20646 --- [ConfigServer] [SpringApplicationShutdownHook] com.netflix.discovery.DiscoveryClient    : Completed shut down of DiscoveryClient
2026-07-24T14:01:19.412+05:30  INFO 21583 --- [ConfigServer] [main] c.a.c.ConfigServerApplication            : Starting ConfigServerApplication using Java 25.0.3 with PID 21583 (/home/ishonpanda/Desktop/CAREER/PROJECTS/ECOMM/Ecomm-microservice/ConfigServer/target/classes started by ishonpanda in /home/ishonpanda/Desktop/CAREER/PROJECTS/ECOMM/Ecomm-microservice)
2026-07-24T14:01:19.414+05:30  INFO 21583 --- [ConfigServer] [main] c.a.c.ConfigServerApplication            : The following 1 profile is active: "native"
2026-07-24T14:01:20.390+05:30  INFO 21583 --- [ConfigServer] [main] faultConfiguringBeanFactoryPostProcessor : No bean named 'errorChannel' has been explicitly defined. Therefore, a default PublishSubscribeChannel will be created.
2026-07-24T14:01:20.394+05:30  INFO 21583 --- [ConfigServer] [main] faultConfiguringBeanFactoryPostProcessor : No bean named 'integrationHeaderChannelRegistry' has been explicitly defined. Therefore, a default DefaultHeaderChannelRegistry will be created.
2026-07-24T14:01:20.429+05:30  INFO 21583 --- [ConfigServer] [main] o.s.cloud.context.scope.GenericScope     : BeanFactory id=c4b8097d-c985-3d20-94e0-46852382da37
2026-07-24T14:01:20.677+05:30  INFO 21583 --- [ConfigServer] [main] o.s.boot.tomcat.TomcatWebServer          : Tomcat initialized with port 8888 (http)
2026-07-24T14:01:20.688+05:30  INFO 21583 --- [ConfigServer] [main] o.apache.catalina.core.StandardService   : Starting service [Tomcat]
2026-07-24T14:01:20.688+05:30  INFO 21583 --- [ConfigServer] [main] o.apache.catalina.core.StandardEngine    : Starting Servlet engine: [Apache Tomcat/11.0.22]
2026-07-24T14:01:20.719+05:30  INFO 21583 --- [ConfigServer] [main] b.w.c.s.WebApplicationContextInitializer : Root WebApplicationContext: initialization completed in 1262 ms
2026-07-24T14:01:21.381+05:30  INFO 21583 --- [ConfigServer] [main] o.s.c.s.m.DirectWithAttributesChannel    : Channel 'ConfigServer.springCloudBusInput' has 1 subscriber(s).
2026-07-24T14:01:21.803+05:30  INFO 21583 --- [ConfigServer] [main] DiscoveryClientOptionalArgsConfiguration : Eureka HTTP Client uses RestClient.
2026-07-24T14:01:21.921+05:30  WARN 21583 --- [ConfigServer] [main] iguration$LoadBalancerCaffeineWarnLogger : Spring Cloud LoadBalancer is currently working with the default cache. While this cache implementation is useful for development and tests, it's recommended to use Caffeine cache in production.You can switch to using Caffeine cache, by adding it and org.springframework.cache.caffeine.CaffeineCacheManager to the classpath.
2026-07-24T14:01:21.928+05:30  INFO 21583 --- [ConfigServer] [main] o.s.b.a.e.web.EndpointLinksResolver      : Exposing 6 endpoints beneath base path '/actuator'
2026-07-24T14:01:22.022+05:30  INFO 21583 --- [ConfigServer] [main] figuration$IntegrationJmxConfiguration$1 : Registering MessageChannel errorChannel
2026-07-24T14:01:22.027+05:30  INFO 21583 --- [ConfigServer] [main] figuration$IntegrationJmxConfiguration$1 : Registering MessageChannel springCloudBusInput
2026-07-24T14:01:22.031+05:30  INFO 21583 --- [ConfigServer] [main] figuration$IntegrationJmxConfiguration$1 : Registering MessageChannel nullChannel
2026-07-24T14:01:22.034+05:30  INFO 21583 --- [ConfigServer] [main] figuration$IntegrationJmxConfiguration$1 : Registering MessageHandler _org.springframework.integration.errorLogger
2026-07-24T14:01:22.041+05:30  INFO 21583 --- [ConfigServer] [main] o.s.i.endpoint.EventDrivenConsumer       : Adding {logging-channel-adapter:_org.springframework.integration.errorLogger} as a subscriber to the 'errorChannel' channel
2026-07-24T14:01:22.041+05:30  INFO 21583 --- [ConfigServer] [main] o.s.i.channel.PublishSubscribeChannel    : Channel 'ConfigServer.errorChannel' has 1 subscriber(s).
2026-07-24T14:01:22.042+05:30  INFO 21583 --- [ConfigServer] [main] o.s.i.endpoint.EventDrivenConsumer       : started bean '_org.springframework.integration.errorLogger'
2026-07-24T14:01:22.058+05:30  INFO 21583 --- [ConfigServer] [main] o.s.c.n.eureka.InstanceInfoFactory       : Setting initial instance status as: STARTING
2026-07-24T14:01:22.075+05:30  INFO 21583 --- [ConfigServer] [main] com.netflix.discovery.DiscoveryClient    : Initializing Eureka in region us-east-1
2026-07-24T14:01:22.079+05:30  INFO 21583 --- [ConfigServer] [main] c.n.d.s.r.aws.ConfigClusterResolver      : Resolving eureka endpoints via configuration
2026-07-24T14:01:22.087+05:30  INFO 21583 --- [ConfigServer] [main] com.netflix.discovery.DiscoveryClient    : Disable delta property : false
2026-07-24T14:01:22.087+05:30  INFO 21583 --- [ConfigServer] [main] com.netflix.discovery.DiscoveryClient    : Single vip registry refresh property : null
2026-07-24T14:01:22.087+05:30  INFO 21583 --- [ConfigServer] [main] com.netflix.discovery.DiscoveryClient    : Force full registry fetch : false
2026-07-24T14:01:22.087+05:30  INFO 21583 --- [ConfigServer] [main] com.netflix.discovery.DiscoveryClient    : Application is null : false
2026-07-24T14:01:22.087+05:30  INFO 21583 --- [ConfigServer] [main] com.netflix.discovery.DiscoveryClient    : Registered Applications size is zero : true
2026-07-24T14:01:22.087+05:30  INFO 21583 --- [ConfigServer] [main] com.netflix.discovery.DiscoveryClient    : Application version is -1: true
2026-07-24T14:01:22.087+05:30  INFO 21583 --- [ConfigServer] [main] com.netflix.discovery.DiscoveryClient    : Getting all instance registry info from the eureka server
2026-07-24T14:01:22.390+05:30  INFO 21583 --- [ConfigServer] [main] com.netflix.discovery.DiscoveryClient    : The response status is 200
2026-07-24T14:01:22.391+05:30  INFO 21583 --- [ConfigServer] [main] com.netflix.discovery.DiscoveryClient    : Starting heartbeat executor: renew interval is: 5
2026-07-24T14:01:22.392+05:30  INFO 21583 --- [ConfigServer] [main] c.n.discovery.InstanceInfoReplicator     : InstanceInfoReplicator onDemand update allowed rate per min is 4
2026-07-24T14:01:22.393+05:30  INFO 21583 --- [ConfigServer] [main] com.netflix.discovery.DiscoveryClient    : Discovery Client initialized at timestamp 1784881882393 with initial instances count: 0
2026-07-24T14:01:22.395+05:30  INFO 21583 --- [ConfigServer] [main] o.s.c.n.e.s.EurekaServiceRegistry        : Registering application CONFIGSERVER with eureka with status UP
2026-07-24T14:01:22.396+05:30  INFO 21583 --- [ConfigServer] [main] com.netflix.discovery.DiscoveryClient    : Saw local status change event StatusChangeEvent [timestamp=1784881882396, current=UP, previous=STARTING]
2026-07-24T14:01:22.397+05:30  INFO 21583 --- [ConfigServer] [DiscoveryClient-InstanceInfoReplicator-%d] com.netflix.discovery.DiscoveryClient    : DiscoveryClient_CONFIGSERVER/fedora:ConfigServer:8888: registering service...
2026-07-24T14:01:22.398+05:30  INFO 21583 --- [ConfigServer] [main] o.s.c.s.binder.DefaultBinderFactory      : Creating binder: rabbit
2026-07-24T14:01:22.398+05:30  INFO 21583 --- [ConfigServer] [main] o.s.c.s.binder.DefaultBinderFactory      : Constructing binder child context for rabbit
2026-07-24T14:01:22.473+05:30  INFO 21583 --- [ConfigServer] [main] o.s.c.s.binder.DefaultBinderFactory      : Caching the binder: rabbit
2026-07-24T14:01:22.485+05:30  INFO 21583 --- [ConfigServer] [main] c.s.b.r.p.RabbitExchangeQueueProvisioner : declaring queue for inbound: springCloudBus.anonymous.02uY8dM6Q4OMi8I5ITg17g, bound to: springCloudBus
2026-07-24T14:01:22.490+05:30  INFO 21583 --- [ConfigServer] [main] o.s.a.r.c.CachingConnectionFactory       : Attempting to connect to: [localhost:5672]
2026-07-24T14:01:22.511+05:30  INFO 21583 --- [ConfigServer] [DiscoveryClient-InstanceInfoReplicator-%d] com.netflix.discovery.DiscoveryClient    : DiscoveryClient_CONFIGSERVER/fedora:ConfigServer:8888 - registration status: 204
2026-07-24T14:01:22.521+05:30  INFO 21583 --- [ConfigServer] [main] o.s.a.r.c.CachingConnectionFactory       : Created new connection: rabbitConnectionFactory#1f12d5e0:0/SimpleConnection@1fe2c5ad [delegate=amqp://guest@127.0.0.1:5672/, localPort=35150]
2026-07-24T14:01:22.562+05:30  INFO 21583 --- [ConfigServer] [main] o.s.c.stream.binder.BinderErrorChannel   : Channel 'rabbit-1867721054.springCloudBusInput.errors' has 1 subscriber(s).
2026-07-24T14:01:22.563+05:30  INFO 21583 --- [ConfigServer] [main] o.s.c.stream.binder.BinderErrorChannel   : Channel 'rabbit-1867721054.springCloudBusInput.errors' has 2 subscriber(s).
2026-07-24T14:01:22.577+05:30  INFO 21583 --- [ConfigServer] [main] o.s.i.a.i.AmqpInboundChannelAdapter      : started bean 'inbound.springCloudBus.anonymous.02uY8dM6Q4OMi8I5ITg17g'
2026-07-24T14:01:22.586+05:30  INFO 21583 --- [ConfigServer] [main] o.s.boot.tomcat.TomcatWebServer          : Tomcat started on port 8888 (http) with context path '/'
2026-07-24T14:01:22.587+05:30  INFO 21583 --- [ConfigServer] [main] .s.c.n.e.s.EurekaAutoServiceRegistration : Updating port to 8888
2026-07-24T14:01:22.612+05:30  INFO 21583 --- [ConfigServer] [main] figuration$IntegrationJmxConfiguration$1 : Registering MessageChannel rabbit-1867721054.springCloudBusInput.errors
2026-07-24T14:01:22.627+05:30  INFO 21583 --- [ConfigServer] [main] c.a.c.ConfigServerApplication            : Started ConfigServerApplication in 3.585 seconds (process running for 4.157)
2026-07-24T14:01:22.740+05:30  INFO 21583 --- [ConfigServer] [RMI TCP Connection(1)-192.168.0.186] o.a.c.c.C.[Tomcat].[localhost].[/]       : Initializing Spring DispatcherServlet 'dispatcherServlet'
2026-07-24T14:01:22.741+05:30  INFO 21583 --- [ConfigServer] [RMI TCP Connection(1)-192.168.0.186] o.s.web.servlet.DispatcherServlet        : Initializing Servlet 'dispatcherServlet'
2026-07-24T14:01:22.743+05:30  INFO 21583 --- [ConfigServer] [RMI TCP Connection(1)-192.168.0.186] o.s.web.servlet.DispatcherServlet        : Completed initialization in 2 ms
2026-07-24T14:01:29.672+05:30  INFO 21583 --- [ConfigServer] [http-nio-8888-exec-1] o.s.c.s.m.DirectWithAttributesChannel    : Channel 'ConfigServer.springCloudBusOutput' has 1 subscriber(s).
2026-07-24T14:01:29.692+05:30  INFO 21583 --- [ConfigServer] [http-nio-8888-exec-1] o.s.a.r.c.CachingConnectionFactory       : Attempting to connect to: [localhost:5672]
2026-07-24T14:01:29.695+05:30  INFO 21583 --- [ConfigServer] [http-nio-8888-exec-1] o.s.a.r.c.CachingConnectionFactory       : Created new connection: rabbitConnectionFactory.publisher#25be3b3a:0/SimpleConnection@3b1bd060 [delegate=amqp://guest@127.0.0.1:5672/, localPort=38090]
2026-07-24T14:01:29.698+05:30  INFO 21583 --- [ConfigServer] [http-nio-8888-exec-1] o.s.amqp.rabbit.core.RabbitAdmin         : Auto-declaring a non-durable, auto-delete, or exclusive Queue (springCloudBus.anonymous.02uY8dM6Q4OMi8I5ITg17g) durable:false, auto-delete:true, exclusive:true. It will be redeclared if the broker stops and is restarted while the connection factory is alive, but all messages will be lost.
2026-07-24T14:01:29.709+05:30  INFO 21583 --- [ConfigServer] [http-nio-8888-exec-1] o.s.cloud.bus.event.RefreshListener      : Received remote refresh request.
2026-07-24T14:01:29.798+05:30  WARN 21583 --- [ConfigServer] [http-nio-8888-exec-1] .s.c.c.p.ConfigurationPropertiesRebinder : Cannot create default instance of org.springframework.cloud.config.server.config.ConfigServerHealthIndicator for reset; skipping property reset

org.springframework.beans.BeanInstantiationException: Failed to instantiate [org.springframework.cloud.config.server.config.ConfigServerHealthIndicator]: No default constructor found
	at org.springframework.beans.BeanUtils.instantiateClass(BeanUtils.java:143) ~[spring-beans-7.0.8.jar:7.0.8]
	at org.springframework.cloud.context.properties.ConfigurationPropertiesRebinder.resetBeanToDefaults(ConfigurationPropertiesRebinder.java:192) ~[spring-cloud-context-5.0.2.jar:5.0.2]
	at org.springframework.cloud.context.properties.ConfigurationPropertiesRebinder.rebind(ConfigurationPropertiesRebinder.java:167) ~[spring-cloud-context-5.0.2.jar:5.0.2]
	at org.springframework.cloud.context.properties.ConfigurationPropertiesRebinder.rebind(ConfigurationPropertiesRebinder.java:111) ~[spring-cloud-context-5.0.2.jar:5.0.2]
	at org.springframework.cloud.context.properties.ConfigurationPropertiesRebinder.rebind(ConfigurationPropertiesRebinder.java:99) ~[spring-cloud-context-5.0.2.jar:5.0.2]
	at org.springframework.cloud.context.properties.ConfigurationPropertiesRebinder.onApplicationEvent(ConfigurationPropertiesRebinder.java:261) ~[spring-cloud-context-5.0.2.jar:5.0.2]
	at org.springframework.cloud.context.properties.ConfigurationPropertiesRebinder.onApplicationEvent(ConfigurationPropertiesRebinder.java:65) ~[spring-cloud-context-5.0.2.jar:5.0.2]
	at org.springframework.context.event.SimpleApplicationEventMulticaster.doInvokeListener(SimpleApplicationEventMulticaster.java:180) ~[spring-context-7.0.8.jar:7.0.8]
	at org.springframework.context.event.SimpleApplicationEventMulticaster.invokeListener(SimpleApplicationEventMulticaster.java:173) ~[spring-context-7.0.8.jar:7.0.8]
	at org.springframework.context.event.SimpleApplicationEventMulticaster.multicastEvent(SimpleApplicationEventMulticaster.java:151) ~[spring-context-7.0.8.jar:7.0.8]
	at org.springframework.context.support.AbstractApplicationContext.publishEvent(AbstractApplicationContext.java:448) ~[spring-context-7.0.8.jar:7.0.8]
	at org.springframework.context.support.AbstractApplicationContext.publishEvent(AbstractApplicationContext.java:381) ~[spring-context-7.0.8.jar:7.0.8]
	at org.springframework.cloud.context.refresh.ContextRefresher.refreshEnvironment(ContextRefresher.java:103) ~[spring-cloud-context-5.0.2.jar:5.0.2]
	at org.springframework.cloud.context.refresh.ContextRefresher.refresh(ContextRefresher.java:94) ~[spring-cloud-context-5.0.2.jar:5.0.2]
	at org.springframework.cloud.bus.event.RefreshListener.onApplicationEvent(RefreshListener.java:49) ~[spring-cloud-bus-5.0.2.jar:5.0.2]
	at org.springframework.cloud.bus.event.RefreshListener.onApplicationEvent(RefreshListener.java:32) ~[spring-cloud-bus-5.0.2.jar:5.0.2]
	at org.springframework.context.event.SimpleApplicationEventMulticaster.doInvokeListener(SimpleApplicationEventMulticaster.java:180) ~[spring-context-7.0.8.jar:7.0.8]
	at org.springframework.context.event.SimpleApplicationEventMulticaster.invokeListener(SimpleApplicationEventMulticaster.java:173) ~[spring-context-7.0.8.jar:7.0.8]
	at org.springframework.context.event.SimpleApplicationEventMulticaster.multicastEvent(SimpleApplicationEventMulticaster.java:151) ~[spring-context-7.0.8.jar:7.0.8]
	at org.springframework.context.support.AbstractApplicationContext.publishEvent(AbstractApplicationContext.java:448) ~[spring-context-7.0.8.jar:7.0.8]
	at org.springframework.context.support.AbstractApplicationContext.publishEvent(AbstractApplicationContext.java:381) ~[spring-context-7.0.8.jar:7.0.8]
	at org.springframework.cloud.bus.endpoint.AbstractBusEndpoint.publish(AbstractBusEndpoint.java:54) ~[spring-cloud-bus-5.0.2.jar:5.0.2]
	at org.springframework.cloud.bus.endpoint.RefreshBusEndpoint.busRefresh(RefreshBusEndpoint.java:46) ~[spring-cloud-bus-5.0.2.jar:5.0.2]
	at java.base/jdk.internal.reflect.DirectMethodHandleAccessor.invoke(DirectMethodHandleAccessor.java:104) ~[na:na]
	at java.base/java.lang.reflect.Method.invoke(Method.java:565) ~[na:na]
	at org.springframework.util.ReflectionUtils.invokeMethod(ReflectionUtils.java:281) ~[spring-core-7.0.8.jar:7.0.8]
	at org.springframework.boot.actuate.endpoint.invoke.reflect.ReflectiveOperationInvoker.invoke(ReflectiveOperationInvoker.java:76) ~[spring-boot-actuator-4.0.7.jar:4.0.7]
	at org.springframework.boot.actuate.endpoint.annotation.AbstractDiscoveredOperation.invoke(AbstractDiscoveredOperation.java:62) ~[spring-boot-actuator-4.0.7.jar:4.0.7]
	at org.springframework.boot.webmvc.actuate.endpoint.web.AbstractWebMvcEndpointHandlerMapping$ServletWebOperationAdapter.handle(AbstractWebMvcEndpointHandlerMapping.java:347) ~[spring-boot-webmvc-4.0.7.jar:4.0.7]
	at org.springframework.boot.webmvc.actuate.endpoint.web.AbstractWebMvcEndpointHandlerMapping$OperationHandler.handle(AbstractWebMvcEndpointHandlerMapping.java:476) ~[spring-boot-webmvc-4.0.7.jar:4.0.7]
	at java.base/jdk.internal.reflect.DirectMethodHandleAccessor.invoke(DirectMethodHandleAccessor.java:104) ~[na:na]
	at java.base/java.lang.reflect.Method.invoke(Method.java:565) ~[na:na]
	at org.springframework.web.method.support.InvocableHandlerMethod.doInvoke(InvocableHandlerMethod.java:252) ~[spring-web-7.0.8.jar:7.0.8]
	at org.springframework.web.method.support.InvocableHandlerMethod.invokeForRequest(InvocableHandlerMethod.java:184) ~[spring-web-7.0.8.jar:7.0.8]
	at org.springframework.web.servlet.mvc.method.annotation.ServletInvocableHandlerMethod.invokeAndHandle(ServletInvocableHandlerMethod.java:117) ~[spring-webmvc-7.0.8.jar:7.0.8]
	at org.springframework.web.servlet.mvc.method.annotation.RequestMappingHandlerAdapter.invokeHandlerMethod(RequestMappingHandlerAdapter.java:934) ~[spring-webmvc-7.0.8.jar:7.0.8]
	at org.springframework.web.servlet.mvc.method.annotation.RequestMappingHandlerAdapter.handleInternal(RequestMappingHandlerAdapter.java:853) ~[spring-webmvc-7.0.8.jar:7.0.8]
	at org.springframework.web.servlet.mvc.method.AbstractHandlerMethodAdapter.handle(AbstractHandlerMethodAdapter.java:86) ~[spring-webmvc-7.0.8.jar:7.0.8]
	at org.springframework.web.servlet.DispatcherServlet.doDispatch(DispatcherServlet.java:963) ~[spring-webmvc-7.0.8.jar:7.0.8]
	at org.springframework.web.servlet.DispatcherServlet.doService(DispatcherServlet.java:866) ~[spring-webmvc-7.0.8.jar:7.0.8]
	at org.springframework.web.servlet.FrameworkServlet.processRequest(FrameworkServlet.java:1000) ~[spring-webmvc-7.0.8.jar:7.0.8]
	at org.springframework.web.servlet.FrameworkServlet.doPost(FrameworkServlet.java:903) ~[spring-webmvc-7.0.8.jar:7.0.8]
	at jakarta.servlet.http.HttpServlet.service(HttpServlet.java:649) ~[tomcat-embed-core-11.0.22.jar:6.1]
	at org.springframework.web.servlet.FrameworkServlet.service(FrameworkServlet.java:874) ~[spring-webmvc-7.0.8.jar:7.0.8]
	at jakarta.servlet.http.HttpServlet.service(HttpServlet.java:710) ~[tomcat-embed-core-11.0.22.jar:6.1]
	at org.apache.catalina.core.ApplicationFilterChain.doFilter(ApplicationFilterChain.java:128) ~[tomcat-embed-core-11.0.22.jar:11.0.22]
	at org.apache.tomcat.websocket.server.WsFilter.doFilter(WsFilter.java:53) ~[tomcat-embed-websocket-11.0.22.jar:11.0.22]
	at org.apache.catalina.core.ApplicationFilterChain.doFilter(ApplicationFilterChain.java:107) ~[tomcat-embed-core-11.0.22.jar:11.0.22]
	at org.springframework.web.filter.RequestContextFilter.doFilterInternal(RequestContextFilter.java:100) ~[spring-web-7.0.8.jar:7.0.8]
	at org.springframework.web.filter.OncePerRequestFilter.doFilter(OncePerRequestFilter.java:116) ~[spring-web-7.0.8.jar:7.0.8]
	at org.apache.catalina.core.ApplicationFilterChain.doFilter(ApplicationFilterChain.java:107) ~[tomcat-embed-core-11.0.22.jar:11.0.22]
	at org.springframework.web.filter.FormContentFilter.doFilterInternal(FormContentFilter.java:93) ~[spring-web-7.0.8.jar:7.0.8]
	at org.springframework.web.filter.OncePerRequestFilter.doFilter(OncePerRequestFilter.java:116) ~[spring-web-7.0.8.jar:7.0.8]
	at org.apache.catalina.core.ApplicationFilterChain.doFilter(ApplicationFilterChain.java:107) ~[tomcat-embed-core-11.0.22.jar:11.0.22]
	at org.springframework.web.filter.ServerHttpObservationFilter.doFilterInternal(ServerHttpObservationFilter.java:110) ~[spring-web-7.0.8.jar:7.0.8]
	at org.springframework.web.filter.OncePerRequestFilter.doFilter(OncePerRequestFilter.java:116) ~[spring-web-7.0.8.jar:7.0.8]
	at org.apache.catalina.core.ApplicationFilterChain.doFilter(ApplicationFilterChain.java:107) ~[tomcat-embed-core-11.0.22.jar:11.0.22]
	at org.springframework.web.filter.CharacterEncodingFilter.doFilterInternal(CharacterEncodingFilter.java:199) ~[spring-web-7.0.8.jar:7.0.8]
	at org.springframework.web.filter.OncePerRequestFilter.doFilter(OncePerRequestFilter.java:116) ~[spring-web-7.0.8.jar:7.0.8]
	at org.apache.catalina.core.ApplicationFilterChain.doFilter(ApplicationFilterChain.java:107) ~[tomcat-embed-core-11.0.22.jar:11.0.22]
	at org.apache.catalina.core.StandardWrapperValve.invoke(StandardWrapperValve.java:165) ~[tomcat-embed-core-11.0.22.jar:11.0.22]
	at org.apache.catalina.core.StandardContextValve.invoke(StandardContextValve.java:77) ~[tomcat-embed-core-11.0.22.jar:11.0.22]
	at org.apache.catalina.authenticator.AuthenticatorBase.invoke(AuthenticatorBase.java:492) ~[tomcat-embed-core-11.0.22.jar:11.0.22]
	at org.apache.catalina.core.StandardHostValve.invoke(StandardHostValve.java:113) ~[tomcat-embed-core-11.0.22.jar:11.0.22]
	at org.apache.catalina.valves.ErrorReportValve.invoke(ErrorReportValve.java:83) ~[tomcat-embed-core-11.0.22.jar:11.0.22]
	at org.apache.catalina.core.StandardEngineValve.invoke(StandardEngineValve.java:72) ~[tomcat-embed-core-11.0.22.jar:11.0.22]
	at org.apache.catalina.connector.CoyoteAdapter.service(CoyoteAdapter.java:341) ~[tomcat-embed-core-11.0.22.jar:11.0.22]
	at org.apache.coyote.http11.Http11Processor.service(Http11Processor.java:397) ~[tomcat-embed-core-11.0.22.jar:11.0.22]
	at org.apache.coyote.AbstractProcessorLight.process(AbstractProcessorLight.java:63) ~[tomcat-embed-core-11.0.22.jar:11.0.22]
	at org.apache.coyote.AbstractProtocol$ConnectionHandler.process(AbstractProtocol.java:1272) ~[tomcat-embed-core-11.0.22.jar:11.0.22]
	at org.apache.tomcat.util.net.NioEndpoint$SocketProcessor.doRun(NioEndpoint.java:1801) ~[tomcat-embed-core-11.0.22.jar:11.0.22]
	at org.apache.tomcat.util.net.SocketProcessorBase.run(SocketProcessorBase.java:52) ~[tomcat-embed-core-11.0.22.jar:11.0.22]
	at org.apache.tomcat.util.threads.ThreadPoolExecutor.runWorker(ThreadPoolExecutor.java:946) ~[tomcat-embed-core-11.0.22.jar:11.0.22]
	at org.apache.tomcat.util.threads.ThreadPoolExecutor$Worker.run(ThreadPoolExecutor.java:480) ~[tomcat-embed-core-11.0.22.jar:11.0.22]
	at org.apache.tomcat.util.threads.TaskThread$WrappingRunnable.run(TaskThread.java:57) ~[tomcat-embed-core-11.0.22.jar:11.0.22]
	at java.base/java.lang.Thread.run(Thread.java:1474) ~[na:na]
Caused by: java.lang.NoSuchMethodException: org.springframework.cloud.config.server.config.ConfigServerHealthIndicator.<init>()
	at java.base/java.lang.Class.getConstructor0(Class.java:3187) ~[na:na]
	at java.base/java.lang.Class.getDeclaredConstructor(Class.java:2491) ~[na:na]
	at org.springframework.beans.BeanUtils.instantiateClass(BeanUtils.java:138) ~[spring-beans-7.0.8.jar:7.0.8]
	... 75 common frames omitted

2026-07-24T14:01:29.835+05:30  INFO 21583 --- [ConfigServer] [http-nio-8888-exec-1] com.netflix.discovery.DiscoveryClient    : Shutting down DiscoveryClient ...
2026-07-24T14:01:32.835+05:30  INFO 21583 --- [ConfigServer] [http-nio-8888-exec-1] com.netflix.discovery.DiscoveryClient    : Unregistering ...
2026-07-24T14:01:32.843+05:30  INFO 21583 --- [ConfigServer] [http-nio-8888-exec-1] com.netflix.discovery.DiscoveryClient    : DiscoveryClient_CONFIGSERVER/fedora:ConfigServer:8888 - deregister  status: 200
2026-07-24T14:01:32.844+05:30  INFO 21583 --- [ConfigServer] [http-nio-8888-exec-1] com.netflix.discovery.DiscoveryClient    : Completed shut down of DiscoveryClient
2026-07-24T14:01:32.845+05:30  WARN 21583 --- [ConfigServer] [http-nio-8888-exec-1] com.netflix.appinfo.InstanceInfo         : Passed in hostname is blank, not setting it
2026-07-24T14:01:32.845+05:30  INFO 21583 --- [ConfigServer] [http-nio-8888-exec-1] o.s.c.n.eureka.InstanceInfoFactory       : Setting initial instance status as: STARTING
2026-07-24T14:01:32.846+05:30  INFO 21583 --- [ConfigServer] [http-nio-8888-exec-1] com.netflix.discovery.DiscoveryClient    : Initializing Eureka in region us-east-1
2026-07-24T14:01:32.846+05:30  INFO 21583 --- [ConfigServer] [http-nio-8888-exec-1] c.n.d.s.r.aws.ConfigClusterResolver      : Resolving eureka endpoints via configuration
2026-07-24T14:01:32.846+05:30  INFO 21583 --- [ConfigServer] [http-nio-8888-exec-1] com.netflix.discovery.DiscoveryClient    : Disable delta property : false
2026-07-24T14:01:32.846+05:30  INFO 21583 --- [ConfigServer] [http-nio-8888-exec-1] com.netflix.discovery.DiscoveryClient    : Single vip registry refresh property : null
2026-07-24T14:01:32.846+05:30  INFO 21583 --- [ConfigServer] [http-nio-8888-exec-1] com.netflix.discovery.DiscoveryClient    : Force full registry fetch : false
2026-07-24T14:01:32.846+05:30  INFO 21583 --- [ConfigServer] [http-nio-8888-exec-1] com.netflix.discovery.DiscoveryClient    : Application is null : false
2026-07-24T14:01:32.846+05:30  INFO 21583 --- [ConfigServer] [http-nio-8888-exec-1] com.netflix.discovery.DiscoveryClient    : Registered Applications size is zero : true
2026-07-24T14:01:32.846+05:30  INFO 21583 --- [ConfigServer] [http-nio-8888-exec-1] com.netflix.discovery.DiscoveryClient    : Application version is -1: true
2026-07-24T14:01:32.846+05:30  INFO 21583 --- [ConfigServer] [http-nio-8888-exec-1] com.netflix.discovery.DiscoveryClient    : Getting all instance registry info from the eureka server
2026-07-24T14:01:32.868+05:30  INFO 21583 --- [ConfigServer] [http-nio-8888-exec-1] com.netflix.discovery.DiscoveryClient    : The response status is 200
2026-07-24T14:01:32.868+05:30 ERROR 21583 --- [ConfigServer] [http-nio-8888-exec-1] com.netflix.discovery.DiscoveryClient    : Fetch registry error at startup: Cannot invoke "Object.hashCode()" because "key" is null
2026-07-24T14:01:32.871+05:30 ERROR 21583 --- [ConfigServer] [http-nio-8888-exec-1] o.a.c.c.C.[.[.[/].[dispatcherServlet]    : Servlet.service() for servlet [dispatcherServlet] in context with path [] threw exception [Request processing failed: org.springframework.beans.factory.BeanCreationException: Error creating bean with name 'scopedTarget.eurekaClient' defined in class path resource [org/springframework/cloud/netflix/eureka/EurekaClientAutoConfiguration$RefreshableEurekaClientConfiguration.class]: Failed to instantiate [com.netflix.discovery.EurekaClient]: Factory method 'eurekaClient' threw exception with message: java.lang.NullPointerException: Cannot invoke "Object.hashCode()" because "key" is null] with root cause

java.lang.NullPointerException: Cannot invoke "Object.hashCode()" because "key" is null
	at java.base/java.util.concurrent.ConcurrentHashMap.get(ConcurrentHashMap.java:948) ~[na:na]
	at com.netflix.discovery.shared.Application.getByInstanceId(Application.java:181) ~[eureka-client-2.0.6.jar:2.0.6]
	at com.netflix.discovery.DiscoveryClient.updateInstanceRemoteStatus(DiscoveryClient.java:1006) ~[eureka-client-2.0.6.jar:2.0.6]
	at com.netflix.discovery.DiscoveryClient.fetchRegistry(DiscoveryClient.java:994) ~[eureka-client-2.0.6.jar:2.0.6]
	at com.netflix.discovery.DiscoveryClient.<init>(DiscoveryClient.java:419) ~[eureka-client-2.0.6.jar:2.0.6]
	at com.netflix.discovery.DiscoveryClient.<init>(DiscoveryClient.java:254) ~[eureka-client-2.0.6.jar:2.0.6]
	at com.netflix.discovery.DiscoveryClient.<init>(DiscoveryClient.java:249) ~[eureka-client-2.0.6.jar:2.0.6]
	at org.springframework.cloud.netflix.eureka.CloudEurekaClient.<init>(CloudEurekaClient.java:68) ~[spring-cloud-netflix-eureka-client-5.0.2.jar:5.0.2]
	at org.springframework.cloud.netflix.eureka.EurekaClientAutoConfiguration$RefreshableEurekaClientConfiguration.eurekaClient(EurekaClientAutoConfiguration.java:324) ~[spring-cloud-netflix-eureka-client-5.0.2.jar:5.0.2]
	at java.base/jdk.internal.reflect.DirectMethodHandleAccessor.invoke(DirectMethodHandleAccessor.java:104) ~[na:na]
	at java.base/java.lang.reflect.Method.invoke(Method.java:565) ~[na:na]
	at org.springframework.beans.factory.support.SimpleInstantiationStrategy.lambda$instantiate$0(SimpleInstantiationStrategy.java:155) ~[spring-beans-7.0.8.jar:7.0.8]
	at org.springframework.beans.factory.support.SimpleInstantiationStrategy.instantiateWithFactoryMethod(SimpleInstantiationStrategy.java:72) ~[spring-beans-7.0.8.jar:7.0.8]
	at org.springframework.beans.factory.support.SimpleInstantiationStrategy.instantiate(SimpleInstantiationStrategy.java:152) ~[spring-beans-7.0.8.jar:7.0.8]
	at org.springframework.beans.factory.support.ConstructorResolver.instantiate(ConstructorResolver.java:653) ~[spring-beans-7.0.8.jar:7.0.8]
	at org.springframework.beans.factory.support.ConstructorResolver.instantiateUsingFactoryMethod(ConstructorResolver.java:645) ~[spring-beans-7.0.8.jar:7.0.8]
	at org.springframework.beans.factory.support.AbstractAutowireCapableBeanFactory.instantiateUsingFactoryMethod(AbstractAutowireCapableBeanFactory.java:1360) ~[spring-beans-7.0.8.jar:7.0.8]
	at org.springframework.beans.factory.support.AbstractAutowireCapableBeanFactory.createBeanInstance(AbstractAutowireCapableBeanFactory.java:1192) ~[spring-beans-7.0.8.jar:7.0.8]
	at org.springframework.beans.factory.support.AbstractAutowireCapableBeanFactory.doCreateBean(AbstractAutowireCapableBeanFactory.java:565) ~[spring-beans-7.0.8.jar:7.0.8]
	at org.springframework.beans.factory.support.AbstractAutowireCapableBeanFactory.createBean(AbstractAutowireCapableBeanFactory.java:525) ~[spring-beans-7.0.8.jar:7.0.8]
	at org.springframework.beans.factory.support.AbstractBeanFactory.lambda$doGetBean$1(AbstractBeanFactory.java:372) ~[spring-beans-7.0.8.jar:7.0.8]
	at org.springframework.cloud.context.scope.GenericScope$BeanLifecycleWrapper.getBean(GenericScope.java:373) ~[spring-cloud-context-5.0.2.jar:5.0.2]
	at org.springframework.cloud.context.scope.GenericScope.get(GenericScope.java:177) ~[spring-cloud-context-5.0.2.jar:5.0.2]
	at org.springframework.beans.factory.support.AbstractBeanFactory.doGetBean(AbstractBeanFactory.java:369) ~[spring-beans-7.0.8.jar:7.0.8]
	at org.springframework.beans.factory.support.AbstractBeanFactory.getBean(AbstractBeanFactory.java:196) ~[spring-beans-7.0.8.jar:7.0.8]
	at org.springframework.aop.target.SimpleBeanTargetSource.getTarget(SimpleBeanTargetSource.java:35) ~[spring-aop-7.0.8.jar:7.0.8]
	at org.springframework.aop.framework.JdkDynamicAopProxy.invoke(JdkDynamicAopProxy.java:202) ~[spring-aop-7.0.8.jar:7.0.8]
	at jdk.proxy2/jdk.proxy2.$Proxy102.getApplications(Unknown Source) ~[na:na]
	at org.springframework.cloud.netflix.eureka.EurekaDiscoveryClientConfiguration$EurekaClientConfigurationRefresher.onApplicationEvent(EurekaDiscoveryClientConfiguration.java:91) ~[spring-cloud-netflix-eureka-client-5.0.2.jar:5.0.2]
	at org.springframework.cloud.netflix.eureka.EurekaDiscoveryClientConfiguration$EurekaClientConfigurationRefresher.onApplicationEvent(EurekaDiscoveryClientConfiguration.java:75) ~[spring-cloud-netflix-eureka-client-5.0.2.jar:5.0.2]
	at org.springframework.context.event.SimpleApplicationEventMulticaster.doInvokeListener(SimpleApplicationEventMulticaster.java:180) ~[spring-context-7.0.8.jar:7.0.8]
	at org.springframework.context.event.SimpleApplicationEventMulticaster.invokeListener(SimpleApplicationEventMulticaster.java:173) ~[spring-context-7.0.8.jar:7.0.8]
	at org.springframework.context.event.SimpleApplicationEventMulticaster.multicastEvent(SimpleApplicationEventMulticaster.java:151) ~[spring-context-7.0.8.jar:7.0.8]
	at org.springframework.context.support.AbstractApplicationContext.publishEvent(AbstractApplicationContext.java:448) ~[spring-context-7.0.8.jar:7.0.8]
	at org.springframework.context.support.AbstractApplicationContext.publishEvent(AbstractApplicationContext.java:381) ~[spring-context-7.0.8.jar:7.0.8]
	at org.springframework.cloud.context.scope.refresh.RefreshScope.refreshAll(RefreshScope.java:169) ~[spring-cloud-context-5.0.2.jar:5.0.2]
	at org.springframework.cloud.context.refresh.ContextRefresher.refresh(ContextRefresher.java:95) ~[spring-cloud-context-5.0.2.jar:5.0.2]
	at org.springframework.cloud.bus.event.RefreshListener.onApplicationEvent(RefreshListener.java:49) ~[spring-cloud-bus-5.0.2.jar:5.0.2]
	at org.springframework.cloud.bus.event.RefreshListener.onApplicationEvent(RefreshListener.java:32) ~[spring-cloud-bus-5.0.2.jar:5.0.2]
	at org.springframework.context.event.SimpleApplicationEventMulticaster.doInvokeListener(SimpleApplicationEventMulticaster.java:180) ~[spring-context-7.0.8.jar:7.0.8]
	at org.springframework.context.event.SimpleApplicationEventMulticaster.invokeListener(SimpleApplicationEventMulticaster.java:173) ~[spring-context-7.0.8.jar:7.0.8]
	at org.springframework.context.event.SimpleApplicationEventMulticaster.multicastEvent(SimpleApplicationEventMulticaster.java:151) ~[spring-context-7.0.8.jar:7.0.8]
	at org.springframework.context.support.AbstractApplicationContext.publishEvent(AbstractApplicationContext.java:448) ~[spring-context-7.0.8.jar:7.0.8]
	at org.springframework.context.support.AbstractApplicationContext.publishEvent(AbstractApplicationContext.java:381) ~[spring-context-7.0.8.jar:7.0.8]
	at org.springframework.cloud.bus.endpoint.AbstractBusEndpoint.publish(AbstractBusEndpoint.java:54) ~[spring-cloud-bus-5.0.2.jar:5.0.2]
	at org.springframework.cloud.bus.endpoint.RefreshBusEndpoint.busRefresh(RefreshBusEndpoint.java:46) ~[spring-cloud-bus-5.0.2.jar:5.0.2]
	at java.base/jdk.internal.reflect.DirectMethodHandleAccessor.invoke(DirectMethodHandleAccessor.java:104) ~[na:na]
	at java.base/java.lang.reflect.Method.invoke(Method.java:565) ~[na:na]
	at org.springframework.util.ReflectionUtils.invokeMethod(ReflectionUtils.java:281) ~[spring-core-7.0.8.jar:7.0.8]
	at org.springframework.boot.actuate.endpoint.invoke.reflect.ReflectiveOperationInvoker.invoke(ReflectiveOperationInvoker.java:76) ~[spring-boot-actuator-4.0.7.jar:4.0.7]
	at org.springframework.boot.actuate.endpoint.annotation.AbstractDiscoveredOperation.invoke(AbstractDiscoveredOperation.java:62) ~[spring-boot-actuator-4.0.7.jar:4.0.7]
	at org.springframework.boot.webmvc.actuate.endpoint.web.AbstractWebMvcEndpointHandlerMapping$ServletWebOperationAdapter.handle(AbstractWebMvcEndpointHandlerMapping.java:347) ~[spring-boot-webmvc-4.0.7.jar:4.0.7]
	at org.springframework.boot.webmvc.actuate.endpoint.web.AbstractWebMvcEndpointHandlerMapping$OperationHandler.handle(AbstractWebMvcEndpointHandlerMapping.java:476) ~[spring-boot-webmvc-4.0.7.jar:4.0.7]
	at java.base/jdk.internal.reflect.DirectMethodHandleAccessor.invoke(DirectMethodHandleAccessor.java:104) ~[na:na]
	at java.base/java.lang.reflect.Method.invoke(Method.java:565) ~[na:na]
	at org.springframework.web.method.support.InvocableHandlerMethod.doInvoke(InvocableHandlerMethod.java:252) ~[spring-web-7.0.8.jar:7.0.8]
	at org.springframework.web.method.support.InvocableHandlerMethod.invokeForRequest(InvocableHandlerMethod.java:184) ~[spring-web-7.0.8.jar:7.0.8]
	at org.springframework.web.servlet.mvc.method.annotation.ServletInvocableHandlerMethod.invokeAndHandle(ServletInvocableHandlerMethod.java:117) ~[spring-webmvc-7.0.8.jar:7.0.8]
	at org.springframework.web.servlet.mvc.method.annotation.RequestMappingHandlerAdapter.invokeHandlerMethod(RequestMappingHandlerAdapter.java:934) ~[spring-webmvc-7.0.8.jar:7.0.8]
	at org.springframework.web.servlet.mvc.method.annotation.RequestMappingHandlerAdapter.handleInternal(RequestMappingHandlerAdapter.java:853) ~[spring-webmvc-7.0.8.jar:7.0.8]
	at org.springframework.web.servlet.mvc.method.AbstractHandlerMethodAdapter.handle(AbstractHandlerMethodAdapter.java:86) ~[spring-webmvc-7.0.8.jar:7.0.8]
	at org.springframework.web.servlet.DispatcherServlet.doDispatch(DispatcherServlet.java:963) ~[spring-webmvc-7.0.8.jar:7.0.8]
	at org.springframework.web.servlet.DispatcherServlet.doService(DispatcherServlet.java:866) ~[spring-webmvc-7.0.8.jar:7.0.8]
	at org.springframework.web.servlet.FrameworkServlet.processRequest(FrameworkServlet.java:1000) ~[spring-webmvc-7.0.8.jar:7.0.8]
	at org.springframework.web.servlet.FrameworkServlet.doPost(FrameworkServlet.java:903) ~[spring-webmvc-7.0.8.jar:7.0.8]
	at jakarta.servlet.http.HttpServlet.service(HttpServlet.java:649) ~[tomcat-embed-core-11.0.22.jar:6.1]
	at org.springframework.web.servlet.FrameworkServlet.service(FrameworkServlet.java:874) ~[spring-webmvc-7.0.8.jar:7.0.8]
	at jakarta.servlet.http.HttpServlet.service(HttpServlet.java:710) ~[tomcat-embed-core-11.0.22.jar:6.1]
	at org.apache.catalina.core.ApplicationFilterChain.doFilter(ApplicationFilterChain.java:128) ~[tomcat-embed-core-11.0.22.jar:11.0.22]
	at org.apache.tomcat.websocket.server.WsFilter.doFilter(WsFilter.java:53) ~[tomcat-embed-websocket-11.0.22.jar:11.0.22]
	at org.apache.catalina.core.ApplicationFilterChain.doFilter(ApplicationFilterChain.java:107) ~[tomcat-embed-core-11.0.22.jar:11.0.22]
	at org.springframework.web.filter.RequestContextFilter.doFilterInternal(RequestContextFilter.java:100) ~[spring-web-7.0.8.jar:7.0.8]
	at org.springframework.web.filter.OncePerRequestFilter.doFilter(OncePerRequestFilter.java:116) ~[spring-web-7.0.8.jar:7.0.8]
	at org.apache.catalina.core.ApplicationFilterChain.doFilter(ApplicationFilterChain.java:107) ~[tomcat-embed-core-11.0.22.jar:11.0.22]
	at org.springframework.web.filter.FormContentFilter.doFilterInternal(FormContentFilter.java:93) ~[spring-web-7.0.8.jar:7.0.8]
	at org.springframework.web.filter.OncePerRequestFilter.doFilter(OncePerRequestFilter.java:116) ~[spring-web-7.0.8.jar:7.0.8]
	at org.apache.catalina.core.ApplicationFilterChain.doFilter(ApplicationFilterChain.java:107) ~[tomcat-embed-core-11.0.22.jar:11.0.22]
	at org.springframework.web.filter.ServerHttpObservationFilter.doFilterInternal(ServerHttpObservationFilter.java:110) ~[spring-web-7.0.8.jar:7.0.8]
	at org.springframework.web.filter.OncePerRequestFilter.doFilter(OncePerRequestFilter.java:116) ~[spring-web-7.0.8.jar:7.0.8]
	at org.apache.catalina.core.ApplicationFilterChain.doFilter(ApplicationFilterChain.java:107) ~[tomcat-embed-core-11.0.22.jar:11.0.22]
	at org.springframework.web.filter.CharacterEncodingFilter.doFilterInternal(CharacterEncodingFilter.java:199) ~[spring-web-7.0.8.jar:7.0.8]
	at org.springframework.web.filter.OncePerRequestFilter.doFilter(OncePerRequestFilter.java:116) ~[spring-web-7.0.8.jar:7.0.8]
	at org.apache.catalina.core.ApplicationFilterChain.doFilter(ApplicationFilterChain.java:107) ~[tomcat-embed-core-11.0.22.jar:11.0.22]
	at org.apache.catalina.core.StandardWrapperValve.invoke(StandardWrapperValve.java:165) ~[tomcat-embed-core-11.0.22.jar:11.0.22]
	at org.apache.catalina.core.StandardContextValve.invoke(StandardContextValve.java:77) ~[tomcat-embed-core-11.0.22.jar:11.0.22]
	at org.apache.catalina.authenticator.AuthenticatorBase.invoke(AuthenticatorBase.java:492) ~[tomcat-embed-core-11.0.22.jar:11.0.22]
	at org.apache.catalina.core.StandardHostValve.invoke(StandardHostValve.java:113) ~[tomcat-embed-core-11.0.22.jar:11.0.22]
	at org.apache.catalina.valves.ErrorReportValve.invoke(ErrorReportValve.java:83) ~[tomcat-embed-core-11.0.22.jar:11.0.22]
	at org.apache.catalina.core.StandardEngineValve.invoke(StandardEngineValve.java:72) ~[tomcat-embed-core-11.0.22.jar:11.0.22]
	at org.apache.catalina.connector.CoyoteAdapter.service(CoyoteAdapter.java:341) ~[tomcat-embed-core-11.0.22.jar:11.0.22]
	at org.apache.coyote.http11.Http11Processor.service(Http11Processor.java:397) ~[tomcat-embed-core-11.0.22.jar:11.0.22]
	at org.apache.coyote.AbstractProcessorLight.process(AbstractProcessorLight.java:63) ~[tomcat-embed-core-11.0.22.jar:11.0.22]
	at org.apache.coyote.AbstractProtocol$ConnectionHandler.process(AbstractProtocol.java:1272) ~[tomcat-embed-core-11.0.22.jar:11.0.22]
	at org.apache.tomcat.util.net.NioEndpoint$SocketProcessor.doRun(NioEndpoint.java:1801) ~[tomcat-embed-core-11.0.22.jar:11.0.22]
	at org.apache.tomcat.util.net.SocketProcessorBase.run(SocketProcessorBase.java:52) ~[tomcat-embed-core-11.0.22.jar:11.0.22]
	at org.apache.tomcat.util.threads.ThreadPoolExecutor.runWorker(ThreadPoolExecutor.java:946) ~[tomcat-embed-core-11.0.22.jar:11.0.22]
	at org.apache.tomcat.util.threads.ThreadPoolExecutor$Worker.run(ThreadPoolExecutor.java:480) ~[tomcat-embed-core-11.0.22.jar:11.0.22]
	at org.apache.tomcat.util.threads.TaskThread$WrappingRunnable.run(TaskThread.java:57) ~[tomcat-embed-core-11.0.22.jar:11.0.22]
	at java.base/java.lang.Thread.run(Thread.java:1474) ~[na:na]

2026-07-24T14:02:18.700+05:30  INFO 21583 --- [ConfigServer] [SpringApplicationShutdownHook] o.s.c.n.e.s.EurekaServiceRegistry        : Unregistering application CONFIGSERVER with eureka with status DOWN
2026-07-24T14:02:18.707+05:30  INFO 21583 --- [ConfigServer] [SpringApplicationShutdownHook] o.s.boot.tomcat.GracefulShutdown         : Commencing graceful shutdown. Waiting for active requests to complete
2026-07-24T14:02:18.710+05:30  INFO 21583 --- [ConfigServer] [tomcat-shutdown] o.s.boot.tomcat.GracefulShutdown         : Graceful shutdown complete
2026-07-24T14:02:18.718+05:30  INFO 21583 --- [ConfigServer] [SpringApplicationShutdownHook] o.s.a.r.l.SimpleMessageListenerContainer : Waiting for workers to finish.
2026-07-24T14:02:18.763+05:30  INFO 21583 --- [ConfigServer] [SpringApplicationShutdownHook] o.s.a.r.l.SimpleMessageListenerContainer : Successfully waited for workers to finish.
2026-07-24T14:02:18.763+05:30  INFO 21583 --- [ConfigServer] [SpringApplicationShutdownHook] o.s.i.a.i.AmqpInboundChannelAdapter      : stopped bean 'inbound.springCloudBus.anonymous.02uY8dM6Q4OMi8I5ITg17g'
2026-07-24T14:02:18.765+05:30  INFO 21583 --- [ConfigServer] [SpringApplicationShutdownHook] o.s.c.stream.binder.BinderErrorChannel   : Channel 'ConfigServer.rabbit-1867721054.springCloudBusInput.errors' has 1 subscriber(s).
2026-07-24T14:02:18.766+05:30  INFO 21583 --- [ConfigServer] [SpringApplicationShutdownHook] o.s.c.stream.binder.BinderErrorChannel   : Channel 'ConfigServer.rabbit-1867721054.springCloudBusInput.errors' has 0 subscriber(s).
2026-07-24T14:02:18.777+05:30  INFO 21583 --- [ConfigServer] [SpringApplicationShutdownHook] o.s.i.endpoint.EventDrivenConsumer       : Removing {logging-channel-adapter:_org.springframework.integration.errorLogger} as a subscriber to the 'errorChannel' channel
2026-07-24T14:02:18.777+05:30  INFO 21583 --- [ConfigServer] [SpringApplicationShutdownHook] o.s.i.channel.PublishSubscribeChannel    : Channel 'ConfigServer.errorChannel' has 0 subscriber(s).
2026-07-24T14:02:18.777+05:30  INFO 21583 --- [ConfigServer] [SpringApplicationShutdownHook] o.s.i.endpoint.EventDrivenConsumer       : stopped bean '_org.springframework.integration.errorLogger'
