2026-07-24T13:39:18.553+05:30  INFO 16229 --- [UserModule] [main] o.s.c.c.c.ConfigServerConfigDataLoader   : Fetching config from server at : http://localhost:8888
2026-07-24T13:39:18.554+05:30  INFO 16229 --- [UserModule] [main] o.s.c.c.c.ConfigServerConfigDataLoader   : Located environment: name=UserModule, profiles=[default], label=null, version=null, state=null
2026-07-24T13:39:18.555+05:30  INFO 16229 --- [UserModule] [main] o.s.c.c.c.ConfigServerConfigDataLoader   : Fetching config from server at : http://localhost:8888
2026-07-24T13:39:18.555+05:30  INFO 16229 --- [UserModule] [main] o.s.c.c.c.ConfigServerConfigDataLoader   : Located environment: name=UserModule, profiles=[dev], label=null, version=null, state=null
2026-07-24T13:39:18.570+05:30 ERROR 16229 --- [UserModule] [main] o.s.b.d.LoggingFailureAnalysisReporter   : 

***************************
APPLICATION FAILED TO START
***************************

Description:

Failed to bind properties under 'logging.level' to java.util.Map<java.lang.String, org.springframework.boot.logging.LogLevel>:

    Property: logging.level
    Value: "INFO"
    Origin: Config Server file:/home/ishonpanda/Desktop/CAREER/PROJECTS/ECOMM/Ecomm-microservice/ConfigServer/src/main/resources/config/UserModule-dev.yaml:34:10
    Reason: org.springframework.core.convert.ConverterNotFoundException: No converter found capable of converting from type [java.lang.String] to type [java.util.Map<java.lang.String, org.springframework.boot.logging.LogLevel>]

Action:

Update your application's configuration

2026-07-24T13:39:31.950+05:30  INFO 16319 --- [UserModule] [main] o.s.c.c.c.ConfigServerConfigDataLoader   : Fetching config from server at : http://localhost:8888
2026-07-24T13:39:31.952+05:30  INFO 16319 --- [UserModule] [main] o.s.c.c.c.ConfigServerConfigDataLoader   : Located environment: name=UserModule, profiles=[default], label=null, version=null, state=null
2026-07-24T13:39:31.952+05:30  INFO 16319 --- [UserModule] [main] o.s.c.c.c.ConfigServerConfigDataLoader   : Fetching config from server at : http://localhost:8888
2026-07-24T13:39:31.953+05:30  INFO 16319 --- [UserModule] [main] o.s.c.c.c.ConfigServerConfigDataLoader   : Located environment: name=UserModule, profiles=[dev], label=null, version=null, state=null
2026-07-24T13:39:31.966+05:30 ERROR 16319 --- [UserModule] [main] o.s.b.d.LoggingFailureAnalysisReporter   : 

***************************
APPLICATION FAILED TO START
***************************

Description:

Failed to bind properties under 'logging.level' to java.util.Map<java.lang.String, org.springframework.boot.logging.LogLevel>:

    Property: logging.level
    Value: "INFO"
    Origin: Config Server file:/home/ishonpanda/Desktop/CAREER/PROJECTS/ECOMM/Ecomm-microservice/ConfigServer/src/main/resources/config/UserModule-dev.yaml:34:10
    Reason: org.springframework.core.convert.ConverterNotFoundException: No converter found capable of converting from type [java.lang.String] to type [java.util.Map<java.lang.String, org.springframework.boot.logging.LogLevel>]

Action:

Update your application's configuration

2026-07-24T13:40:42.791+05:30  INFO 16612 --- [UserModule] [main] c.ecommerce.app.UserModuleApplication    : Starting UserModuleApplication using Java 25.0.3 with PID 16612 (/home/ishonpanda/Desktop/CAREER/PROJECTS/ECOMM/Ecomm-microservice/UserModule/target/classes started by ishonpanda in /home/ishonpanda/Desktop/CAREER/PROJECTS/ECOMM/Ecomm-microservice)
2026-07-24T13:40:42.793+05:30  INFO 16612 --- [UserModule] [main] c.ecommerce.app.UserModuleApplication    : The following 1 profile is active: "dev"
2026-07-24T13:40:42.821+05:30  INFO 16612 --- [UserModule] [main] o.s.c.c.c.ConfigServerConfigDataLoader   : Fetching config from server at : http://localhost:8888
2026-07-24T13:40:42.821+05:30  INFO 16612 --- [UserModule] [main] o.s.c.c.c.ConfigServerConfigDataLoader   : Located environment: name=UserModule, profiles=[default], label=null, version=null, state=null
2026-07-24T13:40:42.822+05:30  INFO 16612 --- [UserModule] [main] o.s.c.c.c.ConfigServerConfigDataLoader   : Fetching config from server at : http://localhost:8888
2026-07-24T13:40:42.822+05:30  INFO 16612 --- [UserModule] [main] o.s.c.c.c.ConfigServerConfigDataLoader   : Located environment: name=UserModule, profiles=[dev], label=null, version=null, state=null
2026-07-24T13:40:43.491+05:30  INFO 16612 --- [UserModule] [main] .s.d.r.c.RepositoryConfigurationDelegate : Bootstrapping Spring Data MongoDB repositories in DEFAULT mode.
2026-07-24T13:40:43.575+05:30  INFO 16612 --- [UserModule] [main] .s.d.r.c.RepositoryConfigurationDelegate : Finished Spring Data repository scanning in 79 ms. Found 2 MongoDB repository interfaces.
2026-07-24T13:40:43.792+05:30  INFO 16612 --- [UserModule] [main] faultConfiguringBeanFactoryPostProcessor : No bean named 'errorChannel' has been explicitly defined. Therefore, a default PublishSubscribeChannel will be created.
2026-07-24T13:40:43.796+05:30  INFO 16612 --- [UserModule] [main] faultConfiguringBeanFactoryPostProcessor : No bean named 'integrationHeaderChannelRegistry' has been explicitly defined. Therefore, a default DefaultHeaderChannelRegistry will be created.
2026-07-24T13:40:43.852+05:30  INFO 16612 --- [UserModule] [main] o.s.cloud.context.scope.GenericScope     : BeanFactory id=d4d7e6bb-50fb-3975-837f-968140aab5ab
2026-07-24T13:40:44.095+05:30  INFO 16612 --- [UserModule] [main] o.s.boot.tomcat.TomcatWebServer          : Tomcat initialized with port 8082 (http)
2026-07-24T13:40:44.104+05:30  INFO 16612 --- [UserModule] [main] o.apache.catalina.core.StandardService   : Starting service [Tomcat]
2026-07-24T13:40:44.104+05:30  INFO 16612 --- [UserModule] [main] o.apache.catalina.core.StandardEngine    : Starting Servlet engine: [Apache Tomcat/11.0.22]
2026-07-24T13:40:44.132+05:30  INFO 16612 --- [UserModule] [main] b.w.c.s.WebApplicationContextInitializer : Root WebApplicationContext: initialization completed in 1308 ms
2026-07-24T13:40:44.421+05:30  INFO 16612 --- [UserModule] [main] org.mongodb.driver.client                : MongoClient with metadata {"driver": {"name": "mongo-java-driver|spring-boot|sync", "version": "5.8.0"}, "os": {"type": "Linux", "name": "Linux", "architecture": "amd64", "version": "7.1.4-204.fc44.x86_64"}, "platform": "Java/Red Hat, Inc./25.0.3+9"} created with settings MongoClientSettings{readPreference=primary, writeConcern=WriteConcern{w=null, wTimeout=null ms, journal=null}, retryWrites=true, retryReads=true, readConcern=ReadConcern{level=null}, credential=null, transportSettings=null, commandListeners=[io.micrometer.core.instrument.binder.mongodb.MongoMetricsCommandListener@3346e906], codecRegistry=ProvidersCodecRegistry{codecProviders=[ValueCodecProvider{}, BsonValueCodecProvider{}, DBRefCodecProvider{}, DBObjectCodecProvider{}, DocumentCodecProvider{}, CollectionCodecProvider{}, IterableCodecProvider{}, MapCodecProvider{}, GeoJsonCodecProvider{}, GridFSFileCodecProvider{}, Jsr310CodecProvider{}, JsonObjectCodecProvider{}, BsonCodecProvider{}, com.mongodb.client.model.mql.ExpressionCodecProvider@443ac5b8, com.mongodb.Jep395RecordCodecProvider@126d0868, com.mongodb.KotlinCodecProvider@753e4eb5, EnumCodecProvider{}]}, loggerSettings=LoggerSettings{maxDocumentLength=1000}, clusterSettings={hosts=[localhost:27017], srvServiceName=mongodb, mode=SINGLE, requiredClusterType=UNKNOWN, requiredReplicaSetName='null', serverSelector='null', clusterListeners='[]', serverSelectionTimeout='30000 ms', localThreshold='15 ms'}, socketSettings=SocketSettings{connectTimeoutMS=10000, readTimeoutMS=0, receiveBufferSize=0, proxySettings=ProxySettings{host=null, port=null, username=null, password=null}}, heartbeatSocketSettings=SocketSettings{connectTimeoutMS=10000, readTimeoutMS=10000, receiveBufferSize=0, proxySettings=ProxySettings{host=null, port=null, username=null, password=null}}, connectionPoolSettings=ConnectionPoolSettings{maxSize=100, minSize=0, maxWaitTimeMS=120000, maxConnectionLifeTimeMS=0, maxConnectionIdleTimeMS=0, maintenanceInitialDelayMS=0, maintenanceFrequencyMS=60000, connectionPoolListeners=[io.micrometer.core.instrument.binder.mongodb.MongoMetricsConnectionPoolListener@713497cd], maxConnecting=2}, serverSettings=ServerSettings{heartbeatFrequencyMS=10000, minHeartbeatFrequencyMS=500, serverMonitoringMode=AUTO, serverListeners='[]', serverMonitorListeners='[]'}, sslSettings=SslSettings{enabled=false, invalidHostNameAllowed=false, context=null}, applicationName='null', compressorList=[], uuidRepresentation=UNSPECIFIED, serverApi=null, autoEncryptionSettings=null, dnsClient=null, inetAddressResolver=null, contextProvider=null, timeoutMS=null}
2026-07-24T13:40:44.431+05:30  INFO 16612 --- [UserModule] [cluster-6a631e04a3b062d962c46676-localhost:27017] org.mongodb.driver.cluster               : Monitor thread successfully connected to server with description ServerDescription{address=localhost:27017, type=STANDALONE, cryptd=false, state=CONNECTED, ok=true, minWireVersion=0, maxWireVersion=27, maxDocumentSize=16777216, logicalSessionTimeoutMinutes=30, roundTripTimeNanos=12311899, minRoundTripTimeNanos=0}
2026-07-24T13:40:45.062+05:30  INFO 16612 --- [UserModule] [main] o.s.c.s.m.DirectWithAttributesChannel    : Channel 'UserModule.springCloudBusInput' has 1 subscriber(s).
2026-07-24T13:40:45.452+05:30  INFO 16612 --- [UserModule] [main] DiscoveryClientOptionalArgsConfiguration : Eureka HTTP Client uses RestClient.
2026-07-24T13:40:45.482+05:30  WARN 16612 --- [UserModule] [main] iguration$LoadBalancerCaffeineWarnLogger : Spring Cloud LoadBalancer is currently working with the default cache. While this cache implementation is useful for development and tests, it's recommended to use Caffeine cache in production.You can switch to using Caffeine cache, by adding it and org.springframework.cache.caffeine.CaffeineCacheManager to the classpath.
2026-07-24T13:40:45.487+05:30  INFO 16612 --- [UserModule] [main] o.s.b.a.e.web.EndpointLinksResolver      : Exposing 5 endpoints beneath base path '/actuator'
2026-07-24T13:40:45.569+05:30  INFO 16612 --- [UserModule] [main] figuration$IntegrationJmxConfiguration$1 : Registering MessageChannel errorChannel
2026-07-24T13:40:45.573+05:30  INFO 16612 --- [UserModule] [main] figuration$IntegrationJmxConfiguration$1 : Registering MessageChannel springCloudBusInput
2026-07-24T13:40:45.576+05:30  INFO 16612 --- [UserModule] [main] figuration$IntegrationJmxConfiguration$1 : Registering MessageChannel nullChannel
2026-07-24T13:40:45.579+05:30  INFO 16612 --- [UserModule] [main] figuration$IntegrationJmxConfiguration$1 : Registering MessageHandler _org.springframework.integration.errorLogger
2026-07-24T13:40:45.586+05:30  INFO 16612 --- [UserModule] [main] o.s.i.endpoint.EventDrivenConsumer       : Adding {logging-channel-adapter:_org.springframework.integration.errorLogger} as a subscriber to the 'errorChannel' channel
2026-07-24T13:40:45.587+05:30  INFO 16612 --- [UserModule] [main] o.s.i.channel.PublishSubscribeChannel    : Channel 'UserModule.errorChannel' has 1 subscriber(s).
2026-07-24T13:40:45.587+05:30  INFO 16612 --- [UserModule] [main] o.s.i.endpoint.EventDrivenConsumer       : started bean '_org.springframework.integration.errorLogger'
2026-07-24T13:40:45.599+05:30  INFO 16612 --- [UserModule] [main] o.s.c.n.eureka.InstanceInfoFactory       : Setting initial instance status as: STARTING
2026-07-24T13:40:45.614+05:30  INFO 16612 --- [UserModule] [main] com.netflix.discovery.DiscoveryClient    : Initializing Eureka in region us-east-1
2026-07-24T13:40:45.616+05:30  INFO 16612 --- [UserModule] [main] c.n.d.s.r.aws.ConfigClusterResolver      : Resolving eureka endpoints via configuration
2026-07-24T13:40:45.624+05:30  INFO 16612 --- [UserModule] [main] com.netflix.discovery.DiscoveryClient    : Disable delta property : false
2026-07-24T13:40:45.624+05:30  INFO 16612 --- [UserModule] [main] com.netflix.discovery.DiscoveryClient    : Single vip registry refresh property : null
2026-07-24T13:40:45.624+05:30  INFO 16612 --- [UserModule] [main] com.netflix.discovery.DiscoveryClient    : Force full registry fetch : false
2026-07-24T13:40:45.624+05:30  INFO 16612 --- [UserModule] [main] com.netflix.discovery.DiscoveryClient    : Application is null : false
2026-07-24T13:40:45.624+05:30  INFO 16612 --- [UserModule] [main] com.netflix.discovery.DiscoveryClient    : Registered Applications size is zero : true
2026-07-24T13:40:45.624+05:30  INFO 16612 --- [UserModule] [main] com.netflix.discovery.DiscoveryClient    : Application version is -1: true
2026-07-24T13:40:45.624+05:30  INFO 16612 --- [UserModule] [main] com.netflix.discovery.DiscoveryClient    : Getting all instance registry info from the eureka server
2026-07-24T13:40:45.826+05:30  INFO 16612 --- [UserModule] [main] com.netflix.discovery.DiscoveryClient    : The response status is 200
2026-07-24T13:40:45.828+05:30  INFO 16612 --- [UserModule] [main] com.netflix.discovery.DiscoveryClient    : Starting heartbeat executor: renew interval is: 5
2026-07-24T13:40:45.829+05:30  INFO 16612 --- [UserModule] [main] c.n.discovery.InstanceInfoReplicator     : InstanceInfoReplicator onDemand update allowed rate per min is 4
2026-07-24T13:40:45.830+05:30  INFO 16612 --- [UserModule] [main] com.netflix.discovery.DiscoveryClient    : Discovery Client initialized at timestamp 1784880645830 with initial instances count: 1
2026-07-24T13:40:45.832+05:30  INFO 16612 --- [UserModule] [main] o.s.c.n.e.s.EurekaServiceRegistry        : Registering application USERMODULE with eureka with status UP
2026-07-24T13:40:45.833+05:30  INFO 16612 --- [UserModule] [main] com.netflix.discovery.DiscoveryClient    : Saw local status change event StatusChangeEvent [timestamp=1784880645833, current=UP, previous=STARTING]
2026-07-24T13:40:45.834+05:30  INFO 16612 --- [UserModule] [DiscoveryClient-InstanceInfoReplicator-%d] com.netflix.discovery.DiscoveryClient    : DiscoveryClient_USERMODULE/fedora:UserModule:8082: registering service...
2026-07-24T13:40:45.835+05:30  INFO 16612 --- [UserModule] [main] o.s.c.s.binder.DefaultBinderFactory      : Creating binder: rabbit
2026-07-24T13:40:45.835+05:30  INFO 16612 --- [UserModule] [main] o.s.c.s.binder.DefaultBinderFactory      : Constructing binder child context for rabbit
2026-07-24T13:40:45.867+05:30  INFO 16612 --- [UserModule] [DiscoveryClient-InstanceInfoReplicator-%d] com.netflix.discovery.DiscoveryClient    : DiscoveryClient_USERMODULE/fedora:UserModule:8082 - registration status: 204
2026-07-24T13:40:45.907+05:30  INFO 16612 --- [UserModule] [main] o.s.c.s.binder.DefaultBinderFactory      : Caching the binder: rabbit
2026-07-24T13:40:45.915+05:30  INFO 16612 --- [UserModule] [main] c.s.b.r.p.RabbitExchangeQueueProvisioner : declaring queue for inbound: springCloudBus.anonymous.vtlTvYoqTOGE1kH5qPgjDg, bound to: springCloudBus
2026-07-24T13:40:45.919+05:30  INFO 16612 --- [UserModule] [main] o.s.a.r.c.CachingConnectionFactory       : Attempting to connect to: [localhost:5672]
2026-07-24T13:40:45.948+05:30  INFO 16612 --- [UserModule] [main] o.s.a.r.c.CachingConnectionFactory       : Created new connection: rabbitConnectionFactory#75bbe39d:0/SimpleConnection@6aefb242 [delegate=amqp://guest@127.0.0.1:5672/, localPort=58972]
2026-07-24T13:40:45.988+05:30  INFO 16612 --- [UserModule] [main] o.s.c.stream.binder.BinderErrorChannel   : Channel 'rabbit-1674536087.springCloudBusInput.errors' has 1 subscriber(s).
2026-07-24T13:40:45.989+05:30  INFO 16612 --- [UserModule] [main] o.s.c.stream.binder.BinderErrorChannel   : Channel 'rabbit-1674536087.springCloudBusInput.errors' has 2 subscriber(s).
2026-07-24T13:40:46.004+05:30  INFO 16612 --- [UserModule] [main] o.s.i.a.i.AmqpInboundChannelAdapter      : started bean 'inbound.springCloudBus.anonymous.vtlTvYoqTOGE1kH5qPgjDg'
2026-07-24T13:40:46.013+05:30  INFO 16612 --- [UserModule] [main] o.s.boot.tomcat.TomcatWebServer          : Tomcat started on port 8082 (http) with context path '/'
2026-07-24T13:40:46.014+05:30  INFO 16612 --- [UserModule] [main] .s.c.n.e.s.EurekaAutoServiceRegistration : Updating port to 8082
2026-07-24T13:40:46.035+05:30  INFO 16612 --- [UserModule] [main] figuration$IntegrationJmxConfiguration$1 : Registering MessageChannel rabbit-1674536087.springCloudBusInput.errors
2026-07-24T13:40:46.056+05:30  INFO 16612 --- [UserModule] [main] c.ecommerce.app.UserModuleApplication    : Started UserModuleApplication in 4.024 seconds (process running for 4.602)
2026-07-24T13:40:46.155+05:30  INFO 16612 --- [UserModule] [RMI TCP Connection(2)-192.168.0.186] o.a.c.c.C.[Tomcat].[localhost].[/]       : Initializing Spring DispatcherServlet 'dispatcherServlet'
2026-07-24T13:40:46.156+05:30  INFO 16612 --- [UserModule] [RMI TCP Connection(2)-192.168.0.186] o.s.web.servlet.DispatcherServlet        : Initializing Servlet 'dispatcherServlet'
2026-07-24T13:40:46.159+05:30  INFO 16612 --- [UserModule] [RMI TCP Connection(2)-192.168.0.186] o.s.web.servlet.DispatcherServlet        : Completed initialization in 3 ms
2026-07-24T13:41:57.467+05:30  INFO 16612 --- [UserModule] [SpringApplicationShutdownHook] o.s.c.n.e.s.EurekaServiceRegistry        : Unregistering application USERMODULE with eureka with status DOWN
2026-07-24T13:41:57.467+05:30  INFO 16612 --- [UserModule] [SpringApplicationShutdownHook] com.netflix.discovery.DiscoveryClient    : Saw local status change event StatusChangeEvent [timestamp=1784880717467, current=DOWN, previous=UP]
2026-07-24T13:41:57.467+05:30  INFO 16612 --- [UserModule] [DiscoveryClient-InstanceInfoReplicator-%d] com.netflix.discovery.DiscoveryClient    : DiscoveryClient_USERMODULE/fedora:UserModule:8082: registering service...
2026-07-24T13:41:57.471+05:30  INFO 16612 --- [UserModule] [SpringApplicationShutdownHook] o.s.boot.tomcat.GracefulShutdown         : Commencing graceful shutdown. Waiting for active requests to complete
2026-07-24T13:41:57.472+05:30  INFO 16612 --- [UserModule] [DiscoveryClient-InstanceInfoReplicator-%d] com.netflix.discovery.DiscoveryClient    : DiscoveryClient_USERMODULE/fedora:UserModule:8082 - registration status: 204
2026-07-24T13:41:57.474+05:30  INFO 16612 --- [UserModule] [tomcat-shutdown] o.s.boot.tomcat.GracefulShutdown         : Graceful shutdown complete
2026-07-24T13:41:57.478+05:30  INFO 16612 --- [UserModule] [SpringApplicationShutdownHook] o.s.a.r.l.SimpleMessageListenerContainer : Waiting for workers to finish.
2026-07-24T13:41:58.016+05:30  INFO 16612 --- [UserModule] [SpringApplicationShutdownHook] o.s.a.r.l.SimpleMessageListenerContainer : Successfully waited for workers to finish.
2026-07-24T13:41:58.018+05:30  INFO 16612 --- [UserModule] [SpringApplicationShutdownHook] o.s.i.a.i.AmqpInboundChannelAdapter      : stopped bean 'inbound.springCloudBus.anonymous.vtlTvYoqTOGE1kH5qPgjDg'
2026-07-24T13:41:58.023+05:30  INFO 16612 --- [UserModule] [SpringApplicationShutdownHook] o.s.c.stream.binder.BinderErrorChannel   : Channel 'UserModule.rabbit-1674536087.springCloudBusInput.errors' has 1 subscriber(s).
2026-07-24T13:41:58.025+05:30  INFO 16612 --- [UserModule] [SpringApplicationShutdownHook] o.s.c.stream.binder.BinderErrorChannel   : Channel 'UserModule.rabbit-1674536087.springCloudBusInput.errors' has 0 subscriber(s).
2026-07-24T13:41:58.042+05:30  INFO 16612 --- [UserModule] [SpringApplicationShutdownHook] o.s.i.endpoint.EventDrivenConsumer       : Removing {logging-channel-adapter:_org.springframework.integration.errorLogger} as a subscriber to the 'errorChannel' channel
2026-07-24T13:41:58.042+05:30  INFO 16612 --- [UserModule] [SpringApplicationShutdownHook] o.s.i.channel.PublishSubscribeChannel    : Channel 'UserModule.errorChannel' has 0 subscriber(s).
2026-07-24T13:41:58.042+05:30  INFO 16612 --- [UserModule] [SpringApplicationShutdownHook] o.s.i.endpoint.EventDrivenConsumer       : stopped bean '_org.springframework.integration.errorLogger'
2026-07-24T13:41:58.057+05:30  INFO 16612 --- [UserModule] [SpringApplicationShutdownHook] com.netflix.discovery.DiscoveryClient    : Shutting down DiscoveryClient ...
2026-07-24T13:42:01.057+05:30  INFO 16612 --- [UserModule] [SpringApplicationShutdownHook] com.netflix.discovery.DiscoveryClient    : Unregistering ...
2026-07-24T13:42:01.065+05:30  INFO 16612 --- [UserModule] [SpringApplicationShutdownHook] com.netflix.discovery.DiscoveryClient    : DiscoveryClient_USERMODULE/fedora:UserModule:8082 - deregister  status: 200
2026-07-24T13:42:01.066+05:30  INFO 16612 --- [UserModule] [SpringApplicationShutdownHook] com.netflix.discovery.DiscoveryClient    : Completed shut down of DiscoveryClient
2026-07-24T13:44:51.724+05:30  INFO 17510 --- [UserModule] [main] c.ecommerce.app.UserModuleApplication    : Starting UserModuleApplication using Java 25.0.3 with PID 17510 (/home/ishonpanda/Desktop/CAREER/PROJECTS/ECOMM/Ecomm-microservice/UserModule/target/classes started by ishonpanda in /home/ishonpanda/Desktop/CAREER/PROJECTS/ECOMM/Ecomm-microservice)
2026-07-24T13:44:51.726+05:30  INFO 17510 --- [UserModule] [main] c.ecommerce.app.UserModuleApplication    : The following 1 profile is active: "dev"
2026-07-24T13:44:51.753+05:30  INFO 17510 --- [UserModule] [main] o.s.c.c.c.ConfigServerConfigDataLoader   : Fetching config from server at : http://localhost:8888
2026-07-24T13:44:51.753+05:30  INFO 17510 --- [UserModule] [main] o.s.c.c.c.ConfigServerConfigDataLoader   : Located environment: name=UserModule, profiles=[default], label=null, version=null, state=null
2026-07-24T13:44:51.754+05:30  INFO 17510 --- [UserModule] [main] o.s.c.c.c.ConfigServerConfigDataLoader   : Fetching config from server at : http://localhost:8888
2026-07-24T13:44:51.754+05:30  INFO 17510 --- [UserModule] [main] o.s.c.c.c.ConfigServerConfigDataLoader   : Located environment: name=UserModule, profiles=[dev], label=null, version=null, state=null
2026-07-24T13:44:52.436+05:30  INFO 17510 --- [UserModule] [main] .s.d.r.c.RepositoryConfigurationDelegate : Bootstrapping Spring Data MongoDB repositories in DEFAULT mode.
2026-07-24T13:44:52.514+05:30  INFO 17510 --- [UserModule] [main] .s.d.r.c.RepositoryConfigurationDelegate : Finished Spring Data repository scanning in 72 ms. Found 2 MongoDB repository interfaces.
2026-07-24T13:44:52.743+05:30  INFO 17510 --- [UserModule] [main] faultConfiguringBeanFactoryPostProcessor : No bean named 'errorChannel' has been explicitly defined. Therefore, a default PublishSubscribeChannel will be created.
2026-07-24T13:44:52.747+05:30  INFO 17510 --- [UserModule] [main] faultConfiguringBeanFactoryPostProcessor : No bean named 'integrationHeaderChannelRegistry' has been explicitly defined. Therefore, a default DefaultHeaderChannelRegistry will be created.
2026-07-24T13:44:52.800+05:30  INFO 17510 --- [UserModule] [main] o.s.cloud.context.scope.GenericScope     : BeanFactory id=d4d7e6bb-50fb-3975-837f-968140aab5ab
2026-07-24T13:44:53.054+05:30  INFO 17510 --- [UserModule] [main] o.s.boot.tomcat.TomcatWebServer          : Tomcat initialized with port 8082 (http)
2026-07-24T13:44:53.064+05:30  INFO 17510 --- [UserModule] [main] o.apache.catalina.core.StandardService   : Starting service [Tomcat]
2026-07-24T13:44:53.065+05:30  INFO 17510 --- [UserModule] [main] o.apache.catalina.core.StandardEngine    : Starting Servlet engine: [Apache Tomcat/11.0.22]
2026-07-24T13:44:53.102+05:30  INFO 17510 --- [UserModule] [main] b.w.c.s.WebApplicationContextInitializer : Root WebApplicationContext: initialization completed in 1347 ms
2026-07-24T13:44:53.366+05:30  INFO 17510 --- [UserModule] [main] org.mongodb.driver.client                : MongoClient with metadata {"driver": {"name": "mongo-java-driver|spring-boot|sync", "version": "5.8.0"}, "os": {"type": "Linux", "name": "Linux", "architecture": "amd64", "version": "7.1.4-204.fc44.x86_64"}, "platform": "Java/Red Hat, Inc./25.0.3+9"} created with settings MongoClientSettings{readPreference=primary, writeConcern=WriteConcern{w=null, wTimeout=null ms, journal=null}, retryWrites=true, retryReads=true, readConcern=ReadConcern{level=null}, credential=null, transportSettings=null, commandListeners=[io.micrometer.core.instrument.binder.mongodb.MongoMetricsCommandListener@3346e906], codecRegistry=ProvidersCodecRegistry{codecProviders=[ValueCodecProvider{}, BsonValueCodecProvider{}, DBRefCodecProvider{}, DBObjectCodecProvider{}, DocumentCodecProvider{}, CollectionCodecProvider{}, IterableCodecProvider{}, MapCodecProvider{}, GeoJsonCodecProvider{}, GridFSFileCodecProvider{}, Jsr310CodecProvider{}, JsonObjectCodecProvider{}, BsonCodecProvider{}, com.mongodb.client.model.mql.ExpressionCodecProvider@443ac5b8, com.mongodb.Jep395RecordCodecProvider@126d0868, com.mongodb.KotlinCodecProvider@753e4eb5, EnumCodecProvider{}]}, loggerSettings=LoggerSettings{maxDocumentLength=1000}, clusterSettings={hosts=[localhost:27017], srvServiceName=mongodb, mode=SINGLE, requiredClusterType=UNKNOWN, requiredReplicaSetName='null', serverSelector='null', clusterListeners='[]', serverSelectionTimeout='30000 ms', localThreshold='15 ms'}, socketSettings=SocketSettings{connectTimeoutMS=10000, readTimeoutMS=0, receiveBufferSize=0, proxySettings=ProxySettings{host=null, port=null, username=null, password=null}}, heartbeatSocketSettings=SocketSettings{connectTimeoutMS=10000, readTimeoutMS=10000, receiveBufferSize=0, proxySettings=ProxySettings{host=null, port=null, username=null, password=null}}, connectionPoolSettings=ConnectionPoolSettings{maxSize=100, minSize=0, maxWaitTimeMS=120000, maxConnectionLifeTimeMS=0, maxConnectionIdleTimeMS=0, maintenanceInitialDelayMS=0, maintenanceFrequencyMS=60000, connectionPoolListeners=[io.micrometer.core.instrument.binder.mongodb.MongoMetricsConnectionPoolListener@713497cd], maxConnecting=2}, serverSettings=ServerSettings{heartbeatFrequencyMS=10000, minHeartbeatFrequencyMS=500, serverMonitoringMode=AUTO, serverListeners='[]', serverMonitorListeners='[]'}, sslSettings=SslSettings{enabled=false, invalidHostNameAllowed=false, context=null}, applicationName='null', compressorList=[], uuidRepresentation=UNSPECIFIED, serverApi=null, autoEncryptionSettings=null, dnsClient=null, inetAddressResolver=null, contextProvider=null, timeoutMS=null}
2026-07-24T13:44:53.377+05:30  INFO 17510 --- [UserModule] [cluster-6a631efdf4f290bcfbdaa725-localhost:27017] org.mongodb.driver.cluster               : Monitor thread successfully connected to server with description ServerDescription{address=localhost:27017, type=STANDALONE, cryptd=false, state=CONNECTED, ok=true, minWireVersion=0, maxWireVersion=27, maxDocumentSize=16777216, logicalSessionTimeoutMinutes=30, roundTripTimeNanos=11839433, minRoundTripTimeNanos=0}
2026-07-24T13:44:54.013+05:30  INFO 17510 --- [UserModule] [main] o.s.c.s.m.DirectWithAttributesChannel    : Channel 'UserModule.springCloudBusInput' has 1 subscriber(s).
2026-07-24T13:44:54.402+05:30  INFO 17510 --- [UserModule] [main] DiscoveryClientOptionalArgsConfiguration : Eureka HTTP Client uses RestClient.
2026-07-24T13:44:54.430+05:30  WARN 17510 --- [UserModule] [main] iguration$LoadBalancerCaffeineWarnLogger : Spring Cloud LoadBalancer is currently working with the default cache. While this cache implementation is useful for development and tests, it's recommended to use Caffeine cache in production.You can switch to using Caffeine cache, by adding it and org.springframework.cache.caffeine.CaffeineCacheManager to the classpath.
2026-07-24T13:44:54.435+05:30  INFO 17510 --- [UserModule] [main] o.s.b.a.e.web.EndpointLinksResolver      : Exposing 5 endpoints beneath base path '/actuator'
2026-07-24T13:44:54.520+05:30  INFO 17510 --- [UserModule] [main] figuration$IntegrationJmxConfiguration$1 : Registering MessageChannel errorChannel
2026-07-24T13:44:54.525+05:30  INFO 17510 --- [UserModule] [main] figuration$IntegrationJmxConfiguration$1 : Registering MessageChannel springCloudBusInput
2026-07-24T13:44:54.528+05:30  INFO 17510 --- [UserModule] [main] figuration$IntegrationJmxConfiguration$1 : Registering MessageChannel nullChannel
2026-07-24T13:44:54.531+05:30  INFO 17510 --- [UserModule] [main] figuration$IntegrationJmxConfiguration$1 : Registering MessageHandler _org.springframework.integration.errorLogger
2026-07-24T13:44:54.538+05:30  INFO 17510 --- [UserModule] [main] o.s.i.endpoint.EventDrivenConsumer       : Adding {logging-channel-adapter:_org.springframework.integration.errorLogger} as a subscriber to the 'errorChannel' channel
2026-07-24T13:44:54.538+05:30  INFO 17510 --- [UserModule] [main] o.s.i.channel.PublishSubscribeChannel    : Channel 'UserModule.errorChannel' has 1 subscriber(s).
2026-07-24T13:44:54.539+05:30  INFO 17510 --- [UserModule] [main] o.s.i.endpoint.EventDrivenConsumer       : started bean '_org.springframework.integration.errorLogger'
2026-07-24T13:44:54.550+05:30  INFO 17510 --- [UserModule] [main] o.s.c.n.eureka.InstanceInfoFactory       : Setting initial instance status as: STARTING
2026-07-24T13:44:54.565+05:30  INFO 17510 --- [UserModule] [main] com.netflix.discovery.DiscoveryClient    : Initializing Eureka in region us-east-1
2026-07-24T13:44:54.568+05:30  INFO 17510 --- [UserModule] [main] c.n.d.s.r.aws.ConfigClusterResolver      : Resolving eureka endpoints via configuration
2026-07-24T13:44:54.575+05:30  INFO 17510 --- [UserModule] [main] com.netflix.discovery.DiscoveryClient    : Disable delta property : false
2026-07-24T13:44:54.575+05:30  INFO 17510 --- [UserModule] [main] com.netflix.discovery.DiscoveryClient    : Single vip registry refresh property : null
2026-07-24T13:44:54.575+05:30  INFO 17510 --- [UserModule] [main] com.netflix.discovery.DiscoveryClient    : Force full registry fetch : false
2026-07-24T13:44:54.575+05:30  INFO 17510 --- [UserModule] [main] com.netflix.discovery.DiscoveryClient    : Application is null : false
2026-07-24T13:44:54.575+05:30  INFO 17510 --- [UserModule] [main] com.netflix.discovery.DiscoveryClient    : Registered Applications size is zero : true
2026-07-24T13:44:54.575+05:30  INFO 17510 --- [UserModule] [main] com.netflix.discovery.DiscoveryClient    : Application version is -1: true
2026-07-24T13:44:54.575+05:30  INFO 17510 --- [UserModule] [main] com.netflix.discovery.DiscoveryClient    : Getting all instance registry info from the eureka server
2026-07-24T13:44:54.757+05:30  INFO 17510 --- [UserModule] [main] com.netflix.discovery.DiscoveryClient    : The response status is 200
2026-07-24T13:44:54.758+05:30  INFO 17510 --- [UserModule] [main] com.netflix.discovery.DiscoveryClient    : Starting heartbeat executor: renew interval is: 5
2026-07-24T13:44:54.759+05:30  INFO 17510 --- [UserModule] [main] c.n.discovery.InstanceInfoReplicator     : InstanceInfoReplicator onDemand update allowed rate per min is 4
2026-07-24T13:44:54.760+05:30  INFO 17510 --- [UserModule] [main] com.netflix.discovery.DiscoveryClient    : Discovery Client initialized at timestamp 1784880894760 with initial instances count: 0
2026-07-24T13:44:54.762+05:30  INFO 17510 --- [UserModule] [main] o.s.c.n.e.s.EurekaServiceRegistry        : Registering application USERMODULE with eureka with status UP
2026-07-24T13:44:54.763+05:30  INFO 17510 --- [UserModule] [main] com.netflix.discovery.DiscoveryClient    : Saw local status change event StatusChangeEvent [timestamp=1784880894763, current=UP, previous=STARTING]
2026-07-24T13:44:54.764+05:30  INFO 17510 --- [UserModule] [DiscoveryClient-InstanceInfoReplicator-%d] com.netflix.discovery.DiscoveryClient    : DiscoveryClient_USERMODULE/fedora:UserModule:8082: registering service...
2026-07-24T13:44:54.765+05:30  INFO 17510 --- [UserModule] [main] o.s.c.s.binder.DefaultBinderFactory      : Creating binder: rabbit
2026-07-24T13:44:54.765+05:30  INFO 17510 --- [UserModule] [main] o.s.c.s.binder.DefaultBinderFactory      : Constructing binder child context for rabbit
2026-07-24T13:44:54.793+05:30  INFO 17510 --- [UserModule] [DiscoveryClient-InstanceInfoReplicator-%d] com.netflix.discovery.DiscoveryClient    : DiscoveryClient_USERMODULE/fedora:UserModule:8082 - registration status: 204
2026-07-24T13:44:54.832+05:30  INFO 17510 --- [UserModule] [main] o.s.c.s.binder.DefaultBinderFactory      : Caching the binder: rabbit
2026-07-24T13:44:54.840+05:30  INFO 17510 --- [UserModule] [main] c.s.b.r.p.RabbitExchangeQueueProvisioner : declaring queue for inbound: springCloudBus.anonymous.MZ25pErvQXy_ipgNvRUQew, bound to: springCloudBus
2026-07-24T13:44:54.843+05:30  INFO 17510 --- [UserModule] [main] o.s.a.r.c.CachingConnectionFactory       : Attempting to connect to: [localhost:5672]
2026-07-24T13:44:54.871+05:30  INFO 17510 --- [UserModule] [main] o.s.a.r.c.CachingConnectionFactory       : Created new connection: rabbitConnectionFactory#1a0e5c0c:0/SimpleConnection@7e00a43e [delegate=amqp://guest@127.0.0.1:5672/, localPort=47656]
2026-07-24T13:44:54.909+05:30  INFO 17510 --- [UserModule] [main] o.s.c.stream.binder.BinderErrorChannel   : Channel 'rabbit-1014923261.springCloudBusInput.errors' has 1 subscriber(s).
2026-07-24T13:44:54.910+05:30  INFO 17510 --- [UserModule] [main] o.s.c.stream.binder.BinderErrorChannel   : Channel 'rabbit-1014923261.springCloudBusInput.errors' has 2 subscriber(s).
2026-07-24T13:44:54.924+05:30  INFO 17510 --- [UserModule] [main] o.s.i.a.i.AmqpInboundChannelAdapter      : started bean 'inbound.springCloudBus.anonymous.MZ25pErvQXy_ipgNvRUQew'
2026-07-24T13:44:54.933+05:30  INFO 17510 --- [UserModule] [main] o.s.boot.tomcat.TomcatWebServer          : Tomcat started on port 8082 (http) with context path '/'
2026-07-24T13:44:54.934+05:30  INFO 17510 --- [UserModule] [main] .s.c.n.e.s.EurekaAutoServiceRegistration : Updating port to 8082
2026-07-24T13:44:54.958+05:30  INFO 17510 --- [UserModule] [main] figuration$IntegrationJmxConfiguration$1 : Registering MessageChannel rabbit-1014923261.springCloudBusInput.errors
2026-07-24T13:44:54.977+05:30  INFO 17510 --- [UserModule] [main] c.ecommerce.app.UserModuleApplication    : Started UserModuleApplication in 3.985 seconds (process running for 4.559)
2026-07-24T13:44:55.104+05:30  INFO 17510 --- [UserModule] [RMI TCP Connection(4)-192.168.0.186] o.a.c.c.C.[Tomcat].[localhost].[/]       : Initializing Spring DispatcherServlet 'dispatcherServlet'
2026-07-24T13:44:55.104+05:30  INFO 17510 --- [UserModule] [RMI TCP Connection(4)-192.168.0.186] o.s.web.servlet.DispatcherServlet        : Initializing Servlet 'dispatcherServlet'
2026-07-24T13:44:55.107+05:30  INFO 17510 --- [UserModule] [RMI TCP Connection(4)-192.168.0.186] o.s.web.servlet.DispatcherServlet        : Completed initialization in 3 ms
2026-07-24T13:45:24.758+05:30  INFO 17510 --- [UserModule] [DiscoveryClient-CacheRefreshExecutor-%d] com.netflix.discovery.DiscoveryClient    : Disable delta property : false
2026-07-24T13:45:24.759+05:30  INFO 17510 --- [UserModule] [DiscoveryClient-CacheRefreshExecutor-%d] com.netflix.discovery.DiscoveryClient    : Single vip registry refresh property : null
2026-07-24T13:45:24.759+05:30  INFO 17510 --- [UserModule] [DiscoveryClient-CacheRefreshExecutor-%d] com.netflix.discovery.DiscoveryClient    : Force full registry fetch : false
2026-07-24T13:45:24.759+05:30  INFO 17510 --- [UserModule] [DiscoveryClient-CacheRefreshExecutor-%d] com.netflix.discovery.DiscoveryClient    : Application is null : false
2026-07-24T13:45:24.760+05:30  INFO 17510 --- [UserModule] [DiscoveryClient-CacheRefreshExecutor-%d] com.netflix.discovery.DiscoveryClient    : Registered Applications size is zero : true
2026-07-24T13:45:24.760+05:30  INFO 17510 --- [UserModule] [DiscoveryClient-CacheRefreshExecutor-%d] com.netflix.discovery.DiscoveryClient    : Application version is -1: false
2026-07-24T13:45:24.760+05:30  INFO 17510 --- [UserModule] [DiscoveryClient-CacheRefreshExecutor-%d] com.netflix.discovery.DiscoveryClient    : Getting all instance registry info from the eureka server
2026-07-24T13:45:24.788+05:30  INFO 17510 --- [UserModule] [DiscoveryClient-CacheRefreshExecutor-%d] com.netflix.discovery.DiscoveryClient    : The response status is 200
2026-07-24T13:47:10.387+05:30  INFO 17510 --- [UserModule] [springCloudBus.anonymous.MZ25pErvQXy_ipgNvRUQew-1] o.s.cloud.bus.event.RefreshListener      : Received remote refresh request.
2026-07-24T13:47:10.401+05:30  INFO 17510 --- [UserModule] [springCloudBus.anonymous.MZ25pErvQXy_ipgNvRUQew-1] o.s.c.c.c.ConfigServerConfigDataLoader   : Fetching config from server at : http://localhost:8888
2026-07-24T13:47:10.413+05:30  INFO 17510 --- [UserModule] [springCloudBus.anonymous.MZ25pErvQXy_ipgNvRUQew-1] o.s.c.c.c.ConfigServerConfigDataLoader   : Located environment: name=UserModule, profiles=[default], label=null, version=null, state=null
2026-07-24T13:47:10.420+05:30  INFO 17510 --- [UserModule] [springCloudBus.anonymous.MZ25pErvQXy_ipgNvRUQew-1] o.s.c.c.c.ConfigServerConfigDataLoader   : Fetching config from server at : http://localhost:8888
2026-07-24T13:47:10.431+05:30  INFO 17510 --- [UserModule] [springCloudBus.anonymous.MZ25pErvQXy_ipgNvRUQew-1] o.s.c.c.c.ConfigServerConfigDataLoader   : Located environment: name=UserModule, profiles=[dev], label=null, version=null, state=null
2026-07-24T13:47:10.518+05:30  INFO 17510 --- [UserModule] [springCloudBus.anonymous.MZ25pErvQXy_ipgNvRUQew-1] com.netflix.discovery.DiscoveryClient    : Shutting down DiscoveryClient ...
2026-07-24T13:47:13.519+05:30  INFO 17510 --- [UserModule] [springCloudBus.anonymous.MZ25pErvQXy_ipgNvRUQew-1] com.netflix.discovery.DiscoveryClient    : Unregistering ...
2026-07-24T13:47:13.526+05:30  INFO 17510 --- [UserModule] [springCloudBus.anonymous.MZ25pErvQXy_ipgNvRUQew-1] com.netflix.discovery.DiscoveryClient    : DiscoveryClient_USERMODULE/fedora:UserModule:8082 - deregister  status: 200
2026-07-24T13:47:13.527+05:30  INFO 17510 --- [UserModule] [springCloudBus.anonymous.MZ25pErvQXy_ipgNvRUQew-1] com.netflix.discovery.DiscoveryClient    : Completed shut down of DiscoveryClient
2026-07-24T13:47:13.528+05:30  WARN 17510 --- [UserModule] [springCloudBus.anonymous.MZ25pErvQXy_ipgNvRUQew-1] com.netflix.appinfo.InstanceInfo         : Passed in hostname is blank, not setting it
2026-07-24T13:47:13.528+05:30  INFO 17510 --- [UserModule] [springCloudBus.anonymous.MZ25pErvQXy_ipgNvRUQew-1] o.s.c.n.eureka.InstanceInfoFactory       : Setting initial instance status as: STARTING
2026-07-24T13:47:13.529+05:30  INFO 17510 --- [UserModule] [springCloudBus.anonymous.MZ25pErvQXy_ipgNvRUQew-1] com.netflix.discovery.DiscoveryClient    : Initializing Eureka in region us-east-1
2026-07-24T13:47:13.529+05:30  INFO 17510 --- [UserModule] [springCloudBus.anonymous.MZ25pErvQXy_ipgNvRUQew-1] c.n.d.s.r.aws.ConfigClusterResolver      : Resolving eureka endpoints via configuration
2026-07-24T13:47:13.529+05:30  INFO 17510 --- [UserModule] [springCloudBus.anonymous.MZ25pErvQXy_ipgNvRUQew-1] com.netflix.discovery.DiscoveryClient    : Disable delta property : false
2026-07-24T13:47:13.529+05:30  INFO 17510 --- [UserModule] [springCloudBus.anonymous.MZ25pErvQXy_ipgNvRUQew-1] com.netflix.discovery.DiscoveryClient    : Single vip registry refresh property : null
2026-07-24T13:47:13.529+05:30  INFO 17510 --- [UserModule] [springCloudBus.anonymous.MZ25pErvQXy_ipgNvRUQew-1] com.netflix.discovery.DiscoveryClient    : Force full registry fetch : false
2026-07-24T13:47:13.529+05:30  INFO 17510 --- [UserModule] [springCloudBus.anonymous.MZ25pErvQXy_ipgNvRUQew-1] com.netflix.discovery.DiscoveryClient    : Application is null : false
2026-07-24T13:47:13.529+05:30  INFO 17510 --- [UserModule] [springCloudBus.anonymous.MZ25pErvQXy_ipgNvRUQew-1] com.netflix.discovery.DiscoveryClient    : Registered Applications size is zero : true
2026-07-24T13:47:13.529+05:30  INFO 17510 --- [UserModule] [springCloudBus.anonymous.MZ25pErvQXy_ipgNvRUQew-1] com.netflix.discovery.DiscoveryClient    : Application version is -1: true
2026-07-24T13:47:13.529+05:30  INFO 17510 --- [UserModule] [springCloudBus.anonymous.MZ25pErvQXy_ipgNvRUQew-1] com.netflix.discovery.DiscoveryClient    : Getting all instance registry info from the eureka server
2026-07-24T13:47:13.541+05:30  INFO 17510 --- [UserModule] [springCloudBus.anonymous.MZ25pErvQXy_ipgNvRUQew-1] com.netflix.discovery.DiscoveryClient    : The response status is 200
2026-07-24T13:47:13.542+05:30 ERROR 17510 --- [UserModule] [springCloudBus.anonymous.MZ25pErvQXy_ipgNvRUQew-1] com.netflix.discovery.DiscoveryClient    : Fetch registry error at startup: Cannot invoke "Object.hashCode()" because "key" is null
2026-07-24T13:47:14.551+05:30  INFO 17510 --- [UserModule] [springCloudBus.anonymous.MZ25pErvQXy_ipgNvRUQew-1] o.s.cloud.bus.event.RefreshListener      : Received remote refresh request.
2026-07-24T13:47:14.563+05:30  INFO 17510 --- [UserModule] [springCloudBus.anonymous.MZ25pErvQXy_ipgNvRUQew-1] o.s.c.c.c.ConfigServerConfigDataLoader   : Fetching config from server at : http://localhost:8888
2026-07-24T13:47:14.574+05:30  INFO 17510 --- [UserModule] [springCloudBus.anonymous.MZ25pErvQXy_ipgNvRUQew-1] o.s.c.c.c.ConfigServerConfigDataLoader   : Located environment: name=UserModule, profiles=[default], label=null, version=null, state=null
2026-07-24T13:47:14.579+05:30  INFO 17510 --- [UserModule] [springCloudBus.anonymous.MZ25pErvQXy_ipgNvRUQew-1] o.s.c.c.c.ConfigServerConfigDataLoader   : Fetching config from server at : http://localhost:8888
2026-07-24T13:47:14.588+05:30  INFO 17510 --- [UserModule] [springCloudBus.anonymous.MZ25pErvQXy_ipgNvRUQew-1] o.s.c.c.c.ConfigServerConfigDataLoader   : Located environment: name=UserModule, profiles=[dev], label=null, version=null, state=null
2026-07-24T13:47:14.623+05:30  WARN 17510 --- [UserModule] [springCloudBus.anonymous.MZ25pErvQXy_ipgNvRUQew-1] com.netflix.appinfo.InstanceInfo         : Passed in hostname is blank, not setting it
2026-07-24T13:47:14.623+05:30  INFO 17510 --- [UserModule] [springCloudBus.anonymous.MZ25pErvQXy_ipgNvRUQew-1] o.s.c.n.eureka.InstanceInfoFactory       : Setting initial instance status as: STARTING
2026-07-24T13:47:14.624+05:30  INFO 17510 --- [UserModule] [springCloudBus.anonymous.MZ25pErvQXy_ipgNvRUQew-1] com.netflix.discovery.DiscoveryClient    : Initializing Eureka in region us-east-1
2026-07-24T13:47:14.624+05:30  INFO 17510 --- [UserModule] [springCloudBus.anonymous.MZ25pErvQXy_ipgNvRUQew-1] c.n.d.s.r.aws.ConfigClusterResolver      : Resolving eureka endpoints via configuration
2026-07-24T13:47:14.624+05:30  INFO 17510 --- [UserModule] [springCloudBus.anonymous.MZ25pErvQXy_ipgNvRUQew-1] com.netflix.discovery.DiscoveryClient    : Disable delta property : false
2026-07-24T13:47:14.624+05:30  INFO 17510 --- [UserModule] [springCloudBus.anonymous.MZ25pErvQXy_ipgNvRUQew-1] com.netflix.discovery.DiscoveryClient    : Single vip registry refresh property : null
2026-07-24T13:47:14.624+05:30  INFO 17510 --- [UserModule] [springCloudBus.anonymous.MZ25pErvQXy_ipgNvRUQew-1] com.netflix.discovery.DiscoveryClient    : Force full registry fetch : false
2026-07-24T13:47:14.624+05:30  INFO 17510 --- [UserModule] [springCloudBus.anonymous.MZ25pErvQXy_ipgNvRUQew-1] com.netflix.discovery.DiscoveryClient    : Application is null : false
2026-07-24T13:47:14.624+05:30  INFO 17510 --- [UserModule] [springCloudBus.anonymous.MZ25pErvQXy_ipgNvRUQew-1] com.netflix.discovery.DiscoveryClient    : Registered Applications size is zero : true
2026-07-24T13:47:14.624+05:30  INFO 17510 --- [UserModule] [springCloudBus.anonymous.MZ25pErvQXy_ipgNvRUQew-1] com.netflix.discovery.DiscoveryClient    : Application version is -1: true
2026-07-24T13:47:14.624+05:30  INFO 17510 --- [UserModule] [springCloudBus.anonymous.MZ25pErvQXy_ipgNvRUQew-1] com.netflix.discovery.DiscoveryClient    : Getting all instance registry info from the eureka server
2026-07-24T13:47:14.635+05:30  INFO 17510 --- [UserModule] [springCloudBus.anonymous.MZ25pErvQXy_ipgNvRUQew-1] com.netflix.discovery.DiscoveryClient    : The response status is 200
2026-07-24T13:47:14.635+05:30 ERROR 17510 --- [UserModule] [springCloudBus.anonymous.MZ25pErvQXy_ipgNvRUQew-1] com.netflix.discovery.DiscoveryClient    : Fetch registry error at startup: Cannot invoke "Object.hashCode()" because "key" is null
2026-07-24T13:47:16.640+05:30  INFO 17510 --- [UserModule] [springCloudBus.anonymous.MZ25pErvQXy_ipgNvRUQew-1] o.s.cloud.bus.event.RefreshListener      : Received remote refresh request.
2026-07-24T13:47:16.652+05:30  INFO 17510 --- [UserModule] [springCloudBus.anonymous.MZ25pErvQXy_ipgNvRUQew-1] o.s.c.c.c.ConfigServerConfigDataLoader   : Fetching config from server at : http://localhost:8888
2026-07-24T13:47:16.663+05:30  INFO 17510 --- [UserModule] [springCloudBus.anonymous.MZ25pErvQXy_ipgNvRUQew-1] o.s.c.c.c.ConfigServerConfigDataLoader   : Located environment: name=UserModule, profiles=[default], label=null, version=null, state=null
2026-07-24T13:47:16.671+05:30  INFO 17510 --- [UserModule] [springCloudBus.anonymous.MZ25pErvQXy_ipgNvRUQew-1] o.s.c.c.c.ConfigServerConfigDataLoader   : Fetching config from server at : http://localhost:8888
2026-07-24T13:47:16.681+05:30  INFO 17510 --- [UserModule] [springCloudBus.anonymous.MZ25pErvQXy_ipgNvRUQew-1] o.s.c.c.c.ConfigServerConfigDataLoader   : Located environment: name=UserModule, profiles=[dev], label=null, version=null, state=null
2026-07-24T13:47:16.712+05:30  WARN 17510 --- [UserModule] [springCloudBus.anonymous.MZ25pErvQXy_ipgNvRUQew-1] com.netflix.appinfo.InstanceInfo         : Passed in hostname is blank, not setting it
2026-07-24T13:47:16.712+05:30  INFO 17510 --- [UserModule] [springCloudBus.anonymous.MZ25pErvQXy_ipgNvRUQew-1] o.s.c.n.eureka.InstanceInfoFactory       : Setting initial instance status as: STARTING
2026-07-24T13:47:16.713+05:30  INFO 17510 --- [UserModule] [springCloudBus.anonymous.MZ25pErvQXy_ipgNvRUQew-1] com.netflix.discovery.DiscoveryClient    : Initializing Eureka in region us-east-1
2026-07-24T13:47:16.713+05:30  INFO 17510 --- [UserModule] [springCloudBus.anonymous.MZ25pErvQXy_ipgNvRUQew-1] c.n.d.s.r.aws.ConfigClusterResolver      : Resolving eureka endpoints via configuration
2026-07-24T13:47:16.713+05:30  INFO 17510 --- [UserModule] [springCloudBus.anonymous.MZ25pErvQXy_ipgNvRUQew-1] com.netflix.discovery.DiscoveryClient    : Disable delta property : false
2026-07-24T13:47:16.713+05:30  INFO 17510 --- [UserModule] [springCloudBus.anonymous.MZ25pErvQXy_ipgNvRUQew-1] com.netflix.discovery.DiscoveryClient    : Single vip registry refresh property : null
2026-07-24T13:47:16.713+05:30  INFO 17510 --- [UserModule] [springCloudBus.anonymous.MZ25pErvQXy_ipgNvRUQew-1] com.netflix.discovery.DiscoveryClient    : Force full registry fetch : false
2026-07-24T13:47:16.713+05:30  INFO 17510 --- [UserModule] [springCloudBus.anonymous.MZ25pErvQXy_ipgNvRUQew-1] com.netflix.discovery.DiscoveryClient    : Application is null : false
2026-07-24T13:47:16.713+05:30  INFO 17510 --- [UserModule] [springCloudBus.anonymous.MZ25pErvQXy_ipgNvRUQew-1] com.netflix.discovery.DiscoveryClient    : Registered Applications size is zero : true
2026-07-24T13:47:16.713+05:30  INFO 17510 --- [UserModule] [springCloudBus.anonymous.MZ25pErvQXy_ipgNvRUQew-1] com.netflix.discovery.DiscoveryClient    : Application version is -1: true
2026-07-24T13:47:16.713+05:30  INFO 17510 --- [UserModule] [springCloudBus.anonymous.MZ25pErvQXy_ipgNvRUQew-1] com.netflix.discovery.DiscoveryClient    : Getting all instance registry info from the eureka server
2026-07-24T13:47:16.722+05:30  INFO 17510 --- [UserModule] [springCloudBus.anonymous.MZ25pErvQXy_ipgNvRUQew-1] com.netflix.discovery.DiscoveryClient    : The response status is 200
2026-07-24T13:47:16.723+05:30 ERROR 17510 --- [UserModule] [springCloudBus.anonymous.MZ25pErvQXy_ipgNvRUQew-1] com.netflix.discovery.DiscoveryClient    : Fetch registry error at startup: Cannot invoke "Object.hashCode()" because "key" is null
2026-07-24T13:47:16.727+05:30 ERROR 17510 --- [UserModule] [springCloudBus.anonymous.MZ25pErvQXy_ipgNvRUQew-1] o.s.integration.handler.LoggingHandler   : org.springframework.messaging.MessagingException: Retry policy for operation 'org.springframework.integration.amqp.inbound.AmqpInboundChannelAdapter$Listener$$Lambda/0x000000001db651c8' exhausted; aborting execution
	at org.springframework.integration.core.ErrorMessagePublisher.determinePayload(ErrorMessagePublisher.java:186)
	at org.springframework.integration.core.ErrorMessagePublisher.publish(ErrorMessagePublisher.java:162)
	at org.springframework.integration.handler.advice.ErrorMessageSendingRecoverer.recover(ErrorMessageSendingRecoverer.java:79)
	at org.springframework.integration.amqp.inbound.AmqpInboundChannelAdapter$Listener.onMessage(AmqpInboundChannelAdapter.java:413)
	at org.springframework.amqp.rabbit.listener.AbstractMessageListenerContainer.doInvokeListener(AbstractMessageListenerContainer.java:1691)
	at org.springframework.amqp.rabbit.listener.AbstractMessageListenerContainer.actualInvokeListener(AbstractMessageListenerContainer.java:1620)
	at org.springframework.amqp.rabbit.listener.AbstractMessageListenerContainer.invokeListener(AbstractMessageListenerContainer.java:1603)
	at org.springframework.amqp.rabbit.listener.AbstractMessageListenerContainer.doExecuteListener(AbstractMessageListenerContainer.java:1594)
	at org.springframework.amqp.rabbit.listener.AbstractMessageListenerContainer.executeListenerAndHandleException(AbstractMessageListenerContainer.java:1541)
	at org.springframework.amqp.rabbit.listener.AbstractMessageListenerContainer.lambda$executeListener$1(AbstractMessageListenerContainer.java:1519)
	at io.micrometer.observation.Observation.observe(Observation.java:569)
	at org.springframework.amqp.rabbit.listener.AbstractMessageListenerContainer.executeListener(AbstractMessageListenerContainer.java:1519)
	at org.springframework.amqp.rabbit.listener.SimpleMessageListenerContainer.doReceiveAndExecute(SimpleMessageListenerContainer.java:1158)
	at org.springframework.amqp.rabbit.listener.SimpleMessageListenerContainer.receiveAndExecute(SimpleMessageListenerContainer.java:1103)
	at org.springframework.amqp.rabbit.listener.SimpleMessageListenerContainer$AsyncMessageProcessingConsumer.mainLoop(SimpleMessageListenerContainer.java:1511)
	at org.springframework.amqp.rabbit.listener.SimpleMessageListenerContainer$AsyncMessageProcessingConsumer.run(SimpleMessageListenerContainer.java:1405)
	at java.base/java.lang.Thread.run(Thread.java:1474)
Caused by: org.springframework.core.retry.RetryException: Retry policy for operation 'org.springframework.integration.amqp.inbound.AmqpInboundChannelAdapter$Listener$$Lambda/0x000000001db651c8' exhausted; aborting execution
	at org.springframework.core.retry.RetryTemplate.execute(RetryTemplate.java:197)
	at org.springframework.integration.amqp.inbound.AmqpInboundChannelAdapter$Listener.onMessage(AmqpInboundChannelAdapter.java:400)
	... 13 more
	Suppressed: org.springframework.messaging.MessageHandlingException: error occurred in message handler [org.springframework.cloud.stream.function.FunctionConfiguration$FunctionToDestinationBinder$1@5a406fd1], failedMessage=GenericMessage [payload=byte[212], headers={amqp_receivedDeliveryMode=PERSISTENT, amqp_receivedExchange=springCloudBus, amqp_deliveryTag=1, deliveryAttempt=3, amqp_consumerQueue=springCloudBus.anonymous.MZ25pErvQXy_ipgNvRUQew, amqp_redelivered=false, amqp_receivedRoutingKey=springCloudBus, amqp_timestamp=Fri Jul 24 13:47:10 IST 2026, amqp_messageId=fd1f4a83-e8a2-2a74-09c9-6aebc6952dc7, amqp_retryCount=0, id=470c68f0-4d48-a9fb-8504-8be510b3814f, amqp_consumerTag=amq.ctag-mapT0lB4OnaN5DRzuKPcFQ, sourceData=(Body:'[B@555aecec(byte[212])' MessageProperties [headers={}, timestamp=Fri Jul 24 13:47:10 IST 2026, messageId=fd1f4a83-e8a2-2a74-09c9-6aebc6952dc7, contentType=application/json, contentLength=0, receivedDeliveryMode=PERSISTENT, priority=0, redelivered=false, receivedExchange=springCloudBus, receivedRoutingKey=springCloudBus, deliveryTag=1, consumerTag=amq.ctag-mapT0lB4OnaN5DRzuKPcFQ, consumerQueue=springCloudBus.anonymous.MZ25pErvQXy_ipgNvRUQew]), contentType=application/json, timestamp=1784881030375}]
		at org.springframework.integration.support.utils.IntegrationUtils.wrapInHandlingExceptionIfNecessary(IntegrationUtils.java:190)
		at org.springframework.integration.handler.AbstractMessageHandler.doHandleMessage(AbstractMessageHandler.java:105)
		at org.springframework.integration.handler.AbstractMessageHandler.handleMessage(AbstractMessageHandler.java:70)
		at org.springframework.integration.dispatcher.AbstractDispatcher.tryOptimizedDispatch(AbstractDispatcher.java:133)
		at org.springframework.integration.dispatcher.UnicastingDispatcher.doDispatch(UnicastingDispatcher.java:150)
		at org.springframework.integration.dispatcher.UnicastingDispatcher.dispatch(UnicastingDispatcher.java:123)
		at org.springframework.integration.channel.AbstractSubscribableChannel.doSend(AbstractSubscribableChannel.java:72)
		at org.springframework.integration.channel.AbstractMessageChannel.sendInternal(AbstractMessageChannel.java:438)
		at org.springframework.integration.channel.AbstractMessageChannel.sendWithMetrics(AbstractMessageChannel.java:409)
		at org.springframework.integration.channel.AbstractMessageChannel.send(AbstractMessageChannel.java:338)
		at org.springframework.integration.channel.AbstractMessageChannel.send(AbstractMessageChannel.java:310)
		at org.springframework.messaging.core.GenericMessagingTemplate.doSend(GenericMessagingTemplate.java:187)
		at org.springframework.messaging.core.GenericMessagingTemplate.doSend(GenericMessagingTemplate.java:166)
		at org.springframework.messaging.core.GenericMessagingTemplate.doSend(GenericMessagingTemplate.java:47)
		at org.springframework.messaging.core.AbstractMessageSendingTemplate.send(AbstractMessageSendingTemplate.java:108)
		at org.springframework.integration.endpoint.MessageProducerSupport.sendMessageWithTracking(MessageProducerSupport.java:278)
		at org.springframework.integration.endpoint.MessageProducerSupport.sendMessage(MessageProducerSupport.java:267)
		at org.springframework.integration.amqp.inbound.AmqpInboundChannelAdapter.access$000(AmqpInboundChannelAdapter.java:71)
		at org.springframework.integration.amqp.inbound.AmqpInboundChannelAdapter$Listener.lambda$onMessage$0(AmqpInboundChannelAdapter.java:407)
		at org.springframework.core.retry.RetryTemplate.execute(RetryTemplate.java:135)
		... 14 more
	Caused by: org.springframework.beans.factory.BeanCreationException: Error creating bean with name 'scopedTarget.eurekaClient' defined in class path resource [org/springframework/cloud/netflix/eureka/EurekaClientAutoConfiguration$RefreshableEurekaClientConfiguration.class]: Failed to instantiate [com.netflix.discovery.EurekaClient]: Factory method 'eurekaClient' threw exception with message: java.lang.NullPointerException: Cannot invoke "Object.hashCode()" because "key" is null
		at org.springframework.beans.factory.support.ConstructorResolver.instantiate(ConstructorResolver.java:657)
		at org.springframework.beans.factory.support.ConstructorResolver.instantiateUsingFactoryMethod(ConstructorResolver.java:645)
		at org.springframework.beans.factory.support.AbstractAutowireCapableBeanFactory.instantiateUsingFactoryMethod(AbstractAutowireCapableBeanFactory.java:1360)
		at org.springframework.beans.factory.support.AbstractAutowireCapableBeanFactory.createBeanInstance(AbstractAutowireCapableBeanFactory.java:1192)
		at org.springframework.beans.factory.support.AbstractAutowireCapableBeanFactory.doCreateBean(AbstractAutowireCapableBeanFactory.java:565)
		at org.springframework.beans.factory.support.AbstractAutowireCapableBeanFactory.createBean(AbstractAutowireCapableBeanFactory.java:525)
		at org.springframework.beans.factory.support.AbstractBeanFactory.lambda$doGetBean$1(AbstractBeanFactory.java:372)
		at org.springframework.cloud.context.scope.GenericScope$BeanLifecycleWrapper.getBean(GenericScope.java:373)
		at org.springframework.cloud.context.scope.GenericScope.get(GenericScope.java:177)
		at org.springframework.beans.factory.support.AbstractBeanFactory.doGetBean(AbstractBeanFactory.java:369)
		at org.springframework.beans.factory.support.AbstractBeanFactory.getBean(AbstractBeanFactory.java:196)
		at org.springframework.aop.target.SimpleBeanTargetSource.getTarget(SimpleBeanTargetSource.java:35)
		at org.springframework.aop.framework.JdkDynamicAopProxy.invoke(JdkDynamicAopProxy.java:202)
		at jdk.proxy2/jdk.proxy2.$Proxy118.getApplications(Unknown Source)
		at org.springframework.cloud.netflix.eureka.EurekaDiscoveryClientConfiguration$EurekaClientConfigurationRefresher.onApplicationEvent(EurekaDiscoveryClientConfiguration.java:91)
		at org.springframework.cloud.netflix.eureka.EurekaDiscoveryClientConfiguration$EurekaClientConfigurationRefresher.onApplicationEvent(EurekaDiscoveryClientConfiguration.java:75)
		at org.springframework.context.event.SimpleApplicationEventMulticaster.doInvokeListener(SimpleApplicationEventMulticaster.java:180)
		at org.springframework.context.event.SimpleApplicationEventMulticaster.invokeListener(SimpleApplicationEventMulticaster.java:173)
		at org.springframework.context.event.SimpleApplicationEventMulticaster.multicastEvent(SimpleApplicationEventMulticaster.java:151)
		at org.springframework.context.support.AbstractApplicationContext.publishEvent(AbstractApplicationContext.java:448)
		at org.springframework.context.support.AbstractApplicationContext.publishEvent(AbstractApplicationContext.java:381)
		at org.springframework.cloud.context.scope.refresh.RefreshScope.refreshAll(RefreshScope.java:169)
		at org.springframework.cloud.context.refresh.ContextRefresher.refresh(ContextRefresher.java:95)
		at org.springframework.cloud.bus.event.RefreshListener.onApplicationEvent(RefreshListener.java:49)
		at org.springframework.cloud.bus.event.RefreshListener.onApplicationEvent(RefreshListener.java:32)
		at org.springframework.context.event.SimpleApplicationEventMulticaster.doInvokeListener(SimpleApplicationEventMulticaster.java:180)
		at org.springframework.context.event.SimpleApplicationEventMulticaster.invokeListener(SimpleApplicationEventMulticaster.java:173)
		at org.springframework.context.event.SimpleApplicationEventMulticaster.multicastEvent(SimpleApplicationEventMulticaster.java:151)
		at org.springframework.context.support.AbstractApplicationContext.publishEvent(AbstractApplicationContext.java:448)
		at org.springframework.context.support.AbstractApplicationContext.publishEvent(AbstractApplicationContext.java:381)
		at org.springframework.cloud.bus.BusConsumer.accept(BusConsumer.java:71)
		at org.springframework.cloud.bus.BusConsumer.accept(BusConsumer.java:31)
		at org.springframework.cloud.function.context.catalog.SimpleFunctionRegistry$FunctionInvocationWrapper.invokeConsumer(SimpleFunctionRegistry.java:1129)
		at org.springframework.cloud.function.context.catalog.SimpleFunctionRegistry$FunctionInvocationWrapper.doApply(SimpleFunctionRegistry.java:829)
		at org.springframework.cloud.function.context.catalog.SimpleFunctionRegistry$FunctionInvocationWrapper.apply(SimpleFunctionRegistry.java:656)
		at org.springframework.cloud.function.observability.ObservationFunctionAroundWrapper.lambda$nonReactorStream$0(ObservationFunctionAroundWrapper.java:50)
		at io.micrometer.observation.Observation.observe(Observation.java:634)
		at org.springframework.cloud.function.observability.ObservationFunctionAroundWrapper.nonReactorStream(ObservationFunctionAroundWrapper.java:50)
		at org.springframework.cloud.function.observability.ObservationFunctionAroundWrapper.doApply(ObservationFunctionAroundWrapper.java:45)
		at org.springframework.cloud.function.context.catalog.FunctionAroundWrapper.apply(FunctionAroundWrapper.java:45)
		at org.springframework.cloud.function.context.catalog.SimpleFunctionRegistry$FunctionInvocationWrapper.apply(SimpleFunctionRegistry.java:653)
		at org.springframework.cloud.stream.function.PartitionAwareFunctionWrapper.apply(PartitionAwareFunctionWrapper.java:92)
		at org.springframework.cloud.stream.function.FunctionConfiguration$FunctionWrapper.apply(FunctionConfiguration.java:830)
		at org.springframework.cloud.stream.function.FunctionConfiguration$FunctionToDestinationBinder$1.handleMessageInternal(FunctionConfiguration.java:668)
		at org.springframework.integration.handler.AbstractMessageHandler.doHandleMessage(AbstractMessageHandler.java:102)
		... 32 more
	Caused by: org.springframework.beans.BeanInstantiationException: Failed to instantiate [com.netflix.discovery.EurekaClient]: Factory method 'eurekaClient' threw exception with message: java.lang.NullPointerException: Cannot invoke "Object.hashCode()" because "key" is null
		at org.springframework.beans.factory.support.SimpleInstantiationStrategy.lambda$instantiate$0(SimpleInstantiationStrategy.java:183)
		at org.springframework.beans.factory.support.SimpleInstantiationStrategy.instantiateWithFactoryMethod(SimpleInstantiationStrategy.java:72)
		at org.springframework.beans.factory.support.SimpleInstantiationStrategy.instantiate(SimpleInstantiationStrategy.java:152)
		at org.springframework.beans.factory.support.ConstructorResolver.instantiate(ConstructorResolver.java:653)
		... 76 more
	Caused by: java.lang.IllegalStateException: java.lang.NullPointerException: Cannot invoke "Object.hashCode()" because "key" is null
		at com.netflix.discovery.DiscoveryClient.<init>(DiscoveryClient.java:433)
		at com.netflix.discovery.DiscoveryClient.<init>(DiscoveryClient.java:254)
		at com.netflix.discovery.DiscoveryClient.<init>(DiscoveryClient.java:249)
		at org.springframework.cloud.netflix.eureka.CloudEurekaClient.<init>(CloudEurekaClient.java:68)
		at org.springframework.cloud.netflix.eureka.EurekaClientAutoConfiguration$RefreshableEurekaClientConfiguration.eurekaClient(EurekaClientAutoConfiguration.java:324)
		at java.base/jdk.internal.reflect.DirectMethodHandleAccessor.invoke(DirectMethodHandleAccessor.java:104)
		at java.base/java.lang.reflect.Method.invoke(Method.java:565)
		at org.springframework.beans.factory.support.SimpleInstantiationStrategy.lambda$instantiate$0(SimpleInstantiationStrategy.java:155)
		... 79 more
	Caused by: java.lang.NullPointerException: Cannot invoke "Object.hashCode()" because "key" is null
		at java.base/java.util.concurrent.ConcurrentHashMap.get(ConcurrentHashMap.java:948)
		at com.netflix.discovery.shared.Application.getByInstanceId(Application.java:181)
		at com.netflix.discovery.DiscoveryClient.updateInstanceRemoteStatus(DiscoveryClient.java:1006)
		at com.netflix.discovery.DiscoveryClient.fetchRegistry(DiscoveryClient.java:994)
		at com.netflix.discovery.DiscoveryClient.<init>(DiscoveryClient.java:419)
		... 86 more
	Suppressed: org.springframework.messaging.MessageHandlingException: error occurred in message handler [org.springframework.cloud.stream.function.FunctionConfiguration$FunctionToDestinationBinder$1@5a406fd1], failedMessage=GenericMessage [payload=byte[212], headers={amqp_receivedDeliveryMode=PERSISTENT, amqp_receivedExchange=springCloudBus, amqp_deliveryTag=1, deliveryAttempt=3, amqp_consumerQueue=springCloudBus.anonymous.MZ25pErvQXy_ipgNvRUQew, amqp_redelivered=false, amqp_receivedRoutingKey=springCloudBus, amqp_timestamp=Fri Jul 24 13:47:10 IST 2026, amqp_messageId=fd1f4a83-e8a2-2a74-09c9-6aebc6952dc7, amqp_retryCount=0, id=470c68f0-4d48-a9fb-8504-8be510b3814f, amqp_consumerTag=amq.ctag-mapT0lB4OnaN5DRzuKPcFQ, sourceData=(Body:'[B@555aecec(byte[212])' MessageProperties [headers={}, timestamp=Fri Jul 24 13:47:10 IST 2026, messageId=fd1f4a83-e8a2-2a74-09c9-6aebc6952dc7, contentType=application/json, contentLength=0, receivedDeliveryMode=PERSISTENT, priority=0, redelivered=false, receivedExchange=springCloudBus, receivedRoutingKey=springCloudBus, deliveryTag=1, consumerTag=amq.ctag-mapT0lB4OnaN5DRzuKPcFQ, consumerQueue=springCloudBus.anonymous.MZ25pErvQXy_ipgNvRUQew]), contentType=application/json, timestamp=1784881030375}]
		at org.springframework.integration.support.utils.IntegrationUtils.wrapInHandlingExceptionIfNecessary(IntegrationUtils.java:190)
		at org.springframework.integration.handler.AbstractMessageHandler.doHandleMessage(AbstractMessageHandler.java:105)
		at org.springframework.integration.handler.AbstractMessageHandler.handleMessage(AbstractMessageHandler.java:70)
		at org.springframework.integration.dispatcher.AbstractDispatcher.tryOptimizedDispatch(AbstractDispatcher.java:133)
		at org.springframework.integration.dispatcher.UnicastingDispatcher.doDispatch(UnicastingDispatcher.java:150)
		at org.springframework.integration.dispatcher.UnicastingDispatcher.dispatch(UnicastingDispatcher.java:123)
		at org.springframework.integration.channel.AbstractSubscribableChannel.doSend(AbstractSubscribableChannel.java:72)
		at org.springframework.integration.channel.AbstractMessageChannel.sendInternal(AbstractMessageChannel.java:438)
		at org.springframework.integration.channel.AbstractMessageChannel.sendWithMetrics(AbstractMessageChannel.java:409)
		at org.springframework.integration.channel.AbstractMessageChannel.send(AbstractMessageChannel.java:338)
		at org.springframework.integration.channel.AbstractMessageChannel.send(AbstractMessageChannel.java:310)
		at org.springframework.messaging.core.GenericMessagingTemplate.doSend(GenericMessagingTemplate.java:187)
		at org.springframework.messaging.core.GenericMessagingTemplate.doSend(GenericMessagingTemplate.java:166)
		at org.springframework.messaging.core.GenericMessagingTemplate.doSend(GenericMessagingTemplate.java:47)
		at org.springframework.messaging.core.AbstractMessageSendingTemplate.send(AbstractMessageSendingTemplate.java:108)
		at org.springframework.integration.endpoint.MessageProducerSupport.sendMessageWithTracking(MessageProducerSupport.java:278)
		at org.springframework.integration.endpoint.MessageProducerSupport.sendMessage(MessageProducerSupport.java:267)
		at org.springframework.integration.amqp.inbound.AmqpInboundChannelAdapter.access$000(AmqpInboundChannelAdapter.java:71)
		at org.springframework.integration.amqp.inbound.AmqpInboundChannelAdapter$Listener.lambda$onMessage$0(AmqpInboundChannelAdapter.java:407)
		at org.springframework.core.retry.RetryTemplate.execute(RetryTemplate.java:174)
		... 14 more
	Caused by: org.springframework.beans.factory.BeanCreationException: Error creating bean with name 'scopedTarget.eurekaClient' defined in class path resource [org/springframework/cloud/netflix/eureka/EurekaClientAutoConfiguration$RefreshableEurekaClientConfiguration.class]: Failed to instantiate [com.netflix.discovery.EurekaClient]: Factory method 'eurekaClient' threw exception with message: java.lang.NullPointerException: Cannot invoke "Object.hashCode()" because "key" is null
		at org.springframework.beans.factory.support.ConstructorResolver.instantiate(ConstructorResolver.java:657)
		at org.springframework.beans.factory.support.ConstructorResolver.instantiateUsingFactoryMethod(ConstructorResolver.java:645)
		at org.springframework.beans.factory.support.AbstractAutowireCapableBeanFactory.instantiateUsingFactoryMethod(AbstractAutowireCapableBeanFactory.java:1360)
		at org.springframework.beans.factory.support.AbstractAutowireCapableBeanFactory.createBeanInstance(AbstractAutowireCapableBeanFactory.java:1192)
		at org.springframework.beans.factory.support.AbstractAutowireCapableBeanFactory.doCreateBean(AbstractAutowireCapableBeanFactory.java:565)
		at org.springframework.beans.factory.support.AbstractAutowireCapableBeanFactory.createBean(AbstractAutowireCapableBeanFactory.java:525)
		at org.springframework.beans.factory.support.AbstractBeanFactory.lambda$doGetBean$1(AbstractBeanFactory.java:372)
		at org.springframework.cloud.context.scope.GenericScope$BeanLifecycleWrapper.getBean(GenericScope.java:373)
		at org.springframework.cloud.context.scope.GenericScope.get(GenericScope.java:177)
		at org.springframework.beans.factory.support.AbstractBeanFactory.doGetBean(AbstractBeanFactory.java:369)
		at org.springframework.beans.factory.support.AbstractBeanFactory.getBean(AbstractBeanFactory.java:196)
		at org.springframework.aop.target.SimpleBeanTargetSource.getTarget(SimpleBeanTargetSource.java:35)
		at org.springframework.aop.framework.JdkDynamicAopProxy.invoke(JdkDynamicAopProxy.java:202)
		at jdk.proxy2/jdk.proxy2.$Proxy118.getApplications(Unknown Source)
		at org.springframework.cloud.netflix.eureka.EurekaDiscoveryClientConfiguration$EurekaClientConfigurationRefresher.onApplicationEvent(EurekaDiscoveryClientConfiguration.java:91)
		at org.springframework.cloud.netflix.eureka.EurekaDiscoveryClientConfiguration$EurekaClientConfigurationRefresher.onApplicationEvent(EurekaDiscoveryClientConfiguration.java:75)
		at org.springframework.context.event.SimpleApplicationEventMulticaster.doInvokeListener(SimpleApplicationEventMulticaster.java:180)
		at org.springframework.context.event.SimpleApplicationEventMulticaster.invokeListener(SimpleApplicationEventMulticaster.java:173)
		at org.springframework.context.event.SimpleApplicationEventMulticaster.multicastEvent(SimpleApplicationEventMulticaster.java:151)
		at org.springframework.context.support.AbstractApplicationContext.publishEvent(AbstractApplicationContext.java:448)
		at org.springframework.context.support.AbstractApplicationContext.publishEvent(AbstractApplicationContext.java:381)
		at org.springframework.cloud.context.scope.refresh.RefreshScope.refreshAll(RefreshScope.java:169)
		at org.springframework.cloud.context.refresh.ContextRefresher.refresh(ContextRefresher.java:95)
		at org.springframework.cloud.bus.event.RefreshListener.onApplicationEvent(RefreshListener.java:49)
		at org.springframework.cloud.bus.event.RefreshListener.onApplicationEvent(RefreshListener.java:32)
		at org.springframework.context.event.SimpleApplicationEventMulticaster.doInvokeListener(SimpleApplicationEventMulticaster.java:180)
		at org.springframework.context.event.SimpleApplicationEventMulticaster.invokeListener(SimpleApplicationEventMulticaster.java:173)
		at org.springframework.context.event.SimpleApplicationEventMulticaster.multicastEvent(SimpleApplicationEventMulticaster.java:151)
		at org.springframework.context.support.AbstractApplicationContext.publishEvent(AbstractApplicationContext.java:448)
		at org.springframework.context.support.AbstractApplicationContext.publishEvent(AbstractApplicationContext.java:381)
		at org.springframework.cloud.bus.BusConsumer.accept(BusConsumer.java:71)
		at org.springframework.cloud.bus.BusConsumer.accept(BusConsumer.java:31)
		at org.springframework.cloud.function.context.catalog.SimpleFunctionRegistry$FunctionInvocationWrapper.invokeConsumer(SimpleFunctionRegistry.java:1129)
		at org.springframework.cloud.function.context.catalog.SimpleFunctionRegistry$FunctionInvocationWrapper.doApply(SimpleFunctionRegistry.java:829)
		at org.springframework.cloud.function.context.catalog.SimpleFunctionRegistry$FunctionInvocationWrapper.apply(SimpleFunctionRegistry.java:656)
		at org.springframework.cloud.function.observability.ObservationFunctionAroundWrapper.lambda$nonReactorStream$0(ObservationFunctionAroundWrapper.java:50)
		at io.micrometer.observation.Observation.observe(Observation.java:634)
		at org.springframework.cloud.function.observability.ObservationFunctionAroundWrapper.nonReactorStream(ObservationFunctionAroundWrapper.java:50)
		at org.springframework.cloud.function.observability.ObservationFunctionAroundWrapper.doApply(ObservationFunctionAroundWrapper.java:45)
		at org.springframework.cloud.function.context.catalog.FunctionAroundWrapper.apply(FunctionAroundWrapper.java:45)
		at org.springframework.cloud.function.context.catalog.SimpleFunctionRegistry$FunctionInvocationWrapper.apply(SimpleFunctionRegistry.java:653)
		at org.springframework.cloud.stream.function.PartitionAwareFunctionWrapper.apply(PartitionAwareFunctionWrapper.java:92)
		at org.springframework.cloud.stream.function.FunctionConfiguration$FunctionWrapper.apply(FunctionConfiguration.java:830)
		at org.springframework.cloud.stream.function.FunctionConfiguration$FunctionToDestinationBinder$1.handleMessageInternal(FunctionConfiguration.java:668)
		at org.springframework.integration.handler.AbstractMessageHandler.doHandleMessage(AbstractMessageHandler.java:102)
		... 32 more
	Caused by: org.springframework.beans.BeanInstantiationException: Failed to instantiate [com.netflix.discovery.EurekaClient]: Factory method 'eurekaClient' threw exception with message: java.lang.NullPointerException: Cannot invoke "Object.hashCode()" because "key" is null
		at org.springframework.beans.factory.support.SimpleInstantiationStrategy.lambda$instantiate$0(SimpleInstantiationStrategy.java:183)
		at org.springframework.beans.factory.support.SimpleInstantiationStrategy.instantiateWithFactoryMethod(SimpleInstantiationStrategy.java:72)
		at org.springframework.beans.factory.support.SimpleInstantiationStrategy.instantiate(SimpleInstantiationStrategy.java:152)
		at org.springframework.beans.factory.support.ConstructorResolver.instantiate(ConstructorResolver.java:653)
		... 76 more
	Caused by: java.lang.IllegalStateException: java.lang.NullPointerException: Cannot invoke "Object.hashCode()" because "key" is null
		at com.netflix.discovery.DiscoveryClient.<init>(DiscoveryClient.java:433)
		at com.netflix.discovery.DiscoveryClient.<init>(DiscoveryClient.java:254)
		at com.netflix.discovery.DiscoveryClient.<init>(DiscoveryClient.java:249)
		at org.springframework.cloud.netflix.eureka.CloudEurekaClient.<init>(CloudEurekaClient.java:68)
		at org.springframework.cloud.netflix.eureka.EurekaClientAutoConfiguration$RefreshableEurekaClientConfiguration.eurekaClient(EurekaClientAutoConfiguration.java:324)
		at java.base/jdk.internal.reflect.DirectMethodHandleAccessor.invoke(DirectMethodHandleAccessor.java:104)
		at java.base/java.lang.reflect.Method.invoke(Method.java:565)
		at org.springframework.beans.factory.support.SimpleInstantiationStrategy.lambda$instantiate$0(SimpleInstantiationStrategy.java:155)
		... 79 more
	Caused by: java.lang.NullPointerException: Cannot invoke "Object.hashCode()" because "key" is null
		at java.base/java.util.concurrent.ConcurrentHashMap.get(ConcurrentHashMap.java:948)
		at com.netflix.discovery.shared.Application.getByInstanceId(Application.java:181)
		at com.netflix.discovery.DiscoveryClient.updateInstanceRemoteStatus(DiscoveryClient.java:1006)
		at com.netflix.discovery.DiscoveryClient.fetchRegistry(DiscoveryClient.java:994)
		at com.netflix.discovery.DiscoveryClient.<init>(DiscoveryClient.java:419)
		... 86 more
Caused by: org.springframework.messaging.MessageHandlingException: error occurred in message handler [org.springframework.cloud.stream.function.FunctionConfiguration$FunctionToDestinationBinder$1@5a406fd1], failedMessage=GenericMessage [payload=byte[212], headers={amqp_receivedDeliveryMode=PERSISTENT, amqp_receivedExchange=springCloudBus, amqp_deliveryTag=1, deliveryAttempt=3, amqp_consumerQueue=springCloudBus.anonymous.MZ25pErvQXy_ipgNvRUQew, amqp_redelivered=false, amqp_receivedRoutingKey=springCloudBus, amqp_timestamp=Fri Jul 24 13:47:10 IST 2026, amqp_messageId=fd1f4a83-e8a2-2a74-09c9-6aebc6952dc7, amqp_retryCount=0, id=470c68f0-4d48-a9fb-8504-8be510b3814f, amqp_consumerTag=amq.ctag-mapT0lB4OnaN5DRzuKPcFQ, sourceData=(Body:'[B@555aecec(byte[212])' MessageProperties [headers={}, timestamp=Fri Jul 24 13:47:10 IST 2026, messageId=fd1f4a83-e8a2-2a74-09c9-6aebc6952dc7, contentType=application/json, contentLength=0, receivedDeliveryMode=PERSISTENT, priority=0, redelivered=false, receivedExchange=springCloudBus, receivedRoutingKey=springCloudBus, deliveryTag=1, consumerTag=amq.ctag-mapT0lB4OnaN5DRzuKPcFQ, consumerQueue=springCloudBus.anonymous.MZ25pErvQXy_ipgNvRUQew]), contentType=application/json, timestamp=1784881030375}]
	at org.springframework.integration.support.utils.IntegrationUtils.wrapInHandlingExceptionIfNecessary(IntegrationUtils.java:190)
	at org.springframework.integration.handler.AbstractMessageHandler.doHandleMessage(AbstractMessageHandler.java:105)
	at org.springframework.integration.handler.AbstractMessageHandler.handleMessage(AbstractMessageHandler.java:70)
	at org.springframework.integration.dispatcher.AbstractDispatcher.tryOptimizedDispatch(AbstractDispatcher.java:133)
	at org.springframework.integration.dispatcher.UnicastingDispatcher.doDispatch(UnicastingDispatcher.java:150)
	at org.springframework.integration.dispatcher.UnicastingDispatcher.dispatch(UnicastingDispatcher.java:123)
	at org.springframework.integration.channel.AbstractSubscribableChannel.doSend(AbstractSubscribableChannel.java:72)
	at org.springframework.integration.channel.AbstractMessageChannel.sendInternal(AbstractMessageChannel.java:438)
	at org.springframework.integration.channel.AbstractMessageChannel.sendWithMetrics(AbstractMessageChannel.java:409)
	at org.springframework.integration.channel.AbstractMessageChannel.send(AbstractMessageChannel.java:338)
	at org.springframework.integration.channel.AbstractMessageChannel.send(AbstractMessageChannel.java:310)
	at org.springframework.messaging.core.GenericMessagingTemplate.doSend(GenericMessagingTemplate.java:187)
	at org.springframework.messaging.core.GenericMessagingTemplate.doSend(GenericMessagingTemplate.java:166)
	at org.springframework.messaging.core.GenericMessagingTemplate.doSend(GenericMessagingTemplate.java:47)
	at org.springframework.messaging.core.AbstractMessageSendingTemplate.send(AbstractMessageSendingTemplate.java:108)
	at org.springframework.integration.endpoint.MessageProducerSupport.sendMessageWithTracking(MessageProducerSupport.java:278)
	at org.springframework.integration.endpoint.MessageProducerSupport.sendMessage(MessageProducerSupport.java:267)
	at org.springframework.integration.amqp.inbound.AmqpInboundChannelAdapter.access$000(AmqpInboundChannelAdapter.java:71)
	at org.springframework.integration.amqp.inbound.AmqpInboundChannelAdapter$Listener.lambda$onMessage$0(AmqpInboundChannelAdapter.java:407)
	at org.springframework.core.retry.RetryTemplate.execute(RetryTemplate.java:174)
	... 14 more
Caused by: org.springframework.beans.factory.BeanCreationException: Error creating bean with name 'scopedTarget.eurekaClient' defined in class path resource [org/springframework/cloud/netflix/eureka/EurekaClientAutoConfiguration$RefreshableEurekaClientConfiguration.class]: Failed to instantiate [com.netflix.discovery.EurekaClient]: Factory method 'eurekaClient' threw exception with message: java.lang.NullPointerException: Cannot invoke "Object.hashCode()" because "key" is null
	at org.springframework.beans.factory.support.ConstructorResolver.instantiate(ConstructorResolver.java:657)
	at org.springframework.beans.factory.support.ConstructorResolver.instantiateUsingFactoryMethod(ConstructorResolver.java:645)
	at org.springframework.beans.factory.support.AbstractAutowireCapableBeanFactory.instantiateUsingFactoryMethod(AbstractAutowireCapableBeanFactory.java:1360)
	at org.springframework.beans.factory.support.AbstractAutowireCapableBeanFactory.createBeanInstance(AbstractAutowireCapableBeanFactory.java:1192)
	at org.springframework.beans.factory.support.AbstractAutowireCapableBeanFactory.doCreateBean(AbstractAutowireCapableBeanFactory.java:565)
	at org.springframework.beans.factory.support.AbstractAutowireCapableBeanFactory.createBean(AbstractAutowireCapableBeanFactory.java:525)
	at org.springframework.beans.factory.support.AbstractBeanFactory.lambda$doGetBean$1(AbstractBeanFactory.java:372)
	at org.springframework.cloud.context.scope.GenericScope$BeanLifecycleWrapper.getBean(GenericScope.java:373)
	at org.springframework.cloud.context.scope.GenericScope.get(GenericScope.java:177)
	at org.springframework.beans.factory.support.AbstractBeanFactory.doGetBean(AbstractBeanFactory.java:369)
	at org.springframework.beans.factory.support.AbstractBeanFactory.getBean(AbstractBeanFactory.java:196)
	at org.springframework.aop.target.SimpleBeanTargetSource.getTarget(SimpleBeanTargetSource.java:35)
	at org.springframework.aop.framework.JdkDynamicAopProxy.invoke(JdkDynamicAopProxy.java:202)
	at jdk.proxy2/jdk.proxy2.$Proxy118.getApplications(Unknown Source)
	at org.springframework.cloud.netflix.eureka.EurekaDiscoveryClientConfiguration$EurekaClientConfigurationRefresher.onApplicationEvent(EurekaDiscoveryClientConfiguration.java:91)
	at org.springframework.cloud.netflix.eureka.EurekaDiscoveryClientConfiguration$EurekaClientConfigurationRefresher.onApplicationEvent(EurekaDiscoveryClientConfiguration.java:75)
	at org.springframework.context.event.SimpleApplicationEventMulticaster.doInvokeListener(SimpleApplicationEventMulticaster.java:180)
	at org.springframework.context.event.SimpleApplicationEventMulticaster.invokeListener(SimpleApplicationEventMulticaster.java:173)
	at org.springframework.context.event.SimpleApplicationEventMulticaster.multicastEvent(SimpleApplicationEventMulticaster.java:151)
	at org.springframework.context.support.AbstractApplicationContext.publishEvent(AbstractApplicationContext.java:448)
	at org.springframework.context.support.AbstractApplicationContext.publishEvent(AbstractApplicationContext.java:381)
	at org.springframework.cloud.context.scope.refresh.RefreshScope.refreshAll(RefreshScope.java:169)
	at org.springframework.cloud.context.refresh.ContextRefresher.refresh(ContextRefresher.java:95)
	at org.springframework.cloud.bus.event.RefreshListener.onApplicationEvent(RefreshListener.java:49)
	at org.springframework.cloud.bus.event.RefreshListener.onApplicationEvent(RefreshListener.java:32)
	at org.springframework.context.event.SimpleApplicationEventMulticaster.doInvokeListener(SimpleApplicationEventMulticaster.java:180)
	at org.springframework.context.event.SimpleApplicationEventMulticaster.invokeListener(SimpleApplicationEventMulticaster.java:173)
	at org.springframework.context.event.SimpleApplicationEventMulticaster.multicastEvent(SimpleApplicationEventMulticaster.java:151)
	at org.springframework.context.support.AbstractApplicationContext.publishEvent(AbstractApplicationContext.java:448)
	at org.springframework.context.support.AbstractApplicationContext.publishEvent(AbstractApplicationContext.java:381)
	at org.springframework.cloud.bus.BusConsumer.accept(BusConsumer.java:71)
	at org.springframework.cloud.bus.BusConsumer.accept(BusConsumer.java:31)
	at org.springframework.cloud.function.context.catalog.SimpleFunctionRegistry$FunctionInvocationWrapper.invokeConsumer(SimpleFunctionRegistry.java:1129)
	at org.springframework.cloud.function.context.catalog.SimpleFunctionRegistry$FunctionInvocationWrapper.doApply(SimpleFunctionRegistry.java:829)
	at org.springframework.cloud.function.context.catalog.SimpleFunctionRegistry$FunctionInvocationWrapper.apply(SimpleFunctionRegistry.java:656)
	at org.springframework.cloud.function.observability.ObservationFunctionAroundWrapper.lambda$nonReactorStream$0(ObservationFunctionAroundWrapper.java:50)
	at io.micrometer.observation.Observation.observe(Observation.java:634)
	at org.springframework.cloud.function.observability.ObservationFunctionAroundWrapper.nonReactorStream(ObservationFunctionAroundWrapper.java:50)
	at org.springframework.cloud.function.observability.ObservationFunctionAroundWrapper.doApply(ObservationFunctionAroundWrapper.java:45)
	at org.springframework.cloud.function.context.catalog.FunctionAroundWrapper.apply(FunctionAroundWrapper.java:45)
	at org.springframework.cloud.function.context.catalog.SimpleFunctionRegistry$FunctionInvocationWrapper.apply(SimpleFunctionRegistry.java:653)
	at org.springframework.cloud.stream.function.PartitionAwareFunctionWrapper.apply(PartitionAwareFunctionWrapper.java:92)
	at org.springframework.cloud.stream.function.FunctionConfiguration$FunctionWrapper.apply(FunctionConfiguration.java:830)
	at org.springframework.cloud.stream.function.FunctionConfiguration$FunctionToDestinationBinder$1.handleMessageInternal(FunctionConfiguration.java:668)
	at org.springframework.integration.handler.AbstractMessageHandler.doHandleMessage(AbstractMessageHandler.java:102)
	... 32 more
Caused by: org.springframework.beans.BeanInstantiationException: Failed to instantiate [com.netflix.discovery.EurekaClient]: Factory method 'eurekaClient' threw exception with message: java.lang.NullPointerException: Cannot invoke "Object.hashCode()" because "key" is null
	at org.springframework.beans.factory.support.SimpleInstantiationStrategy.lambda$instantiate$0(SimpleInstantiationStrategy.java:183)
	at org.springframework.beans.factory.support.SimpleInstantiationStrategy.instantiateWithFactoryMethod(SimpleInstantiationStrategy.java:72)
	at org.springframework.beans.factory.support.SimpleInstantiationStrategy.instantiate(SimpleInstantiationStrategy.java:152)
	at org.springframework.beans.factory.support.ConstructorResolver.instantiate(ConstructorResolver.java:653)
	... 76 more
Caused by: java.lang.IllegalStateException: java.lang.NullPointerException: Cannot invoke "Object.hashCode()" because "key" is null
	at com.netflix.discovery.DiscoveryClient.<init>(DiscoveryClient.java:433)
	at com.netflix.discovery.DiscoveryClient.<init>(DiscoveryClient.java:254)
	at com.netflix.discovery.DiscoveryClient.<init>(DiscoveryClient.java:249)
	at org.springframework.cloud.netflix.eureka.CloudEurekaClient.<init>(CloudEurekaClient.java:68)
	at org.springframework.cloud.netflix.eureka.EurekaClientAutoConfiguration$RefreshableEurekaClientConfiguration.eurekaClient(EurekaClientAutoConfiguration.java:324)
	at java.base/jdk.internal.reflect.DirectMethodHandleAccessor.invoke(DirectMethodHandleAccessor.java:104)
	at java.base/java.lang.reflect.Method.invoke(Method.java:565)
	at org.springframework.beans.factory.support.SimpleInstantiationStrategy.lambda$instantiate$0(SimpleInstantiationStrategy.java:155)
	... 79 more
Caused by: java.lang.NullPointerException: Cannot invoke "Object.hashCode()" because "key" is null
	at java.base/java.util.concurrent.ConcurrentHashMap.get(ConcurrentHashMap.java:948)
	at com.netflix.discovery.shared.Application.getByInstanceId(Application.java:181)
	at com.netflix.discovery.DiscoveryClient.updateInstanceRemoteStatus(DiscoveryClient.java:1006)
	at com.netflix.discovery.DiscoveryClient.fetchRegistry(DiscoveryClient.java:994)
	at com.netflix.discovery.DiscoveryClient.<init>(DiscoveryClient.java:419)
	... 86 more

2026-07-24T13:47:16.727+05:30  INFO 17510 --- [UserModule] [springCloudBus.anonymous.MZ25pErvQXy_ipgNvRUQew-1] o.s.a.r.c.CachingConnectionFactory       : Attempting to connect to: [localhost:5672]
2026-07-24T13:47:16.730+05:30  INFO 17510 --- [UserModule] [springCloudBus.anonymous.MZ25pErvQXy_ipgNvRUQew-1] o.s.a.r.c.CachingConnectionFactory       : Created new connection: rabbitConnectionFactory.publisher#46b33b3a:0/SimpleConnection@698f9586 [delegate=amqp://guest@127.0.0.1:5672/, localPort=57348]
2026-07-24T13:47:16.733+05:30  INFO 17510 --- [UserModule] [springCloudBus.anonymous.MZ25pErvQXy_ipgNvRUQew-1] o.s.amqp.rabbit.core.RabbitAdmin         : Auto-declaring a non-durable, auto-delete, or exclusive Queue (springCloudBus.anonymous.MZ25pErvQXy_ipgNvRUQew) durable:false, auto-delete:true, exclusive:true. It will be redeclared if the broker stops and is restarted while the connection factory is alive, but all messages will be lost.
2026-07-24T13:47:16.740+05:30  WARN 17510 --- [UserModule] [springCloudBus.anonymous.MZ25pErvQXy_ipgNvRUQew-1] o.s.c.s.b.r.RabbitMessageChannelBinder   : 'republishToDlq' is true, but the 'DLX' dead letter exchange is not present; disabling 'republishToDlq'
2026-07-24T13:48:12.825+05:30  INFO 17510 --- [UserModule] [springCloudBus.anonymous.MZ25pErvQXy_ipgNvRUQew-1] o.s.cloud.bus.event.RefreshListener      : Received remote refresh request.
2026-07-24T13:48:12.831+05:30  INFO 17510 --- [UserModule] [springCloudBus.anonymous.MZ25pErvQXy_ipgNvRUQew-1] o.s.c.c.c.ConfigServerConfigDataLoader   : Fetching config from server at : http://localhost:8888
2026-07-24T13:48:12.839+05:30  INFO 17510 --- [UserModule] [springCloudBus.anonymous.MZ25pErvQXy_ipgNvRUQew-1] o.s.c.c.c.ConfigServerConfigDataLoader   : Located environment: name=UserModule, profiles=[default], label=null, version=null, state=null
2026-07-24T13:48:12.844+05:30  INFO 17510 --- [UserModule] [springCloudBus.anonymous.MZ25pErvQXy_ipgNvRUQew-1] o.s.c.c.c.ConfigServerConfigDataLoader   : Fetching config from server at : http://localhost:8888
2026-07-24T13:48:12.853+05:30  INFO 17510 --- [UserModule] [springCloudBus.anonymous.MZ25pErvQXy_ipgNvRUQew-1] o.s.c.c.c.ConfigServerConfigDataLoader   : Located environment: name=UserModule, profiles=[dev], label=null, version=null, state=null
2026-07-24T13:48:12.891+05:30  WARN 17510 --- [UserModule] [springCloudBus.anonymous.MZ25pErvQXy_ipgNvRUQew-1] com.netflix.appinfo.InstanceInfo         : Passed in hostname is blank, not setting it
2026-07-24T13:48:12.891+05:30  INFO 17510 --- [UserModule] [springCloudBus.anonymous.MZ25pErvQXy_ipgNvRUQew-1] o.s.c.n.eureka.InstanceInfoFactory       : Setting initial instance status as: STARTING
2026-07-24T13:48:12.891+05:30  INFO 17510 --- [UserModule] [springCloudBus.anonymous.MZ25pErvQXy_ipgNvRUQew-1] com.netflix.discovery.DiscoveryClient    : Initializing Eureka in region us-east-1
2026-07-24T13:48:12.891+05:30  INFO 17510 --- [UserModule] [springCloudBus.anonymous.MZ25pErvQXy_ipgNvRUQew-1] c.n.d.s.r.aws.ConfigClusterResolver      : Resolving eureka endpoints via configuration
2026-07-24T13:48:12.892+05:30  INFO 17510 --- [UserModule] [springCloudBus.anonymous.MZ25pErvQXy_ipgNvRUQew-1] com.netflix.discovery.DiscoveryClient    : Disable delta property : false
2026-07-24T13:48:12.892+05:30  INFO 17510 --- [UserModule] [springCloudBus.anonymous.MZ25pErvQXy_ipgNvRUQew-1] com.netflix.discovery.DiscoveryClient    : Single vip registry refresh property : null
2026-07-24T13:48:12.892+05:30  INFO 17510 --- [UserModule] [springCloudBus.anonymous.MZ25pErvQXy_ipgNvRUQew-1] com.netflix.discovery.DiscoveryClient    : Force full registry fetch : false
2026-07-24T13:48:12.892+05:30  INFO 17510 --- [UserModule] [springCloudBus.anonymous.MZ25pErvQXy_ipgNvRUQew-1] com.netflix.discovery.DiscoveryClient    : Application is null : false
2026-07-24T13:48:12.892+05:30  INFO 17510 --- [UserModule] [springCloudBus.anonymous.MZ25pErvQXy_ipgNvRUQew-1] com.netflix.discovery.DiscoveryClient    : Registered Applications size is zero : true
2026-07-24T13:48:12.892+05:30  INFO 17510 --- [UserModule] [springCloudBus.anonymous.MZ25pErvQXy_ipgNvRUQew-1] com.netflix.discovery.DiscoveryClient    : Application version is -1: true
2026-07-24T13:48:12.892+05:30  INFO 17510 --- [UserModule] [springCloudBus.anonymous.MZ25pErvQXy_ipgNvRUQew-1] com.netflix.discovery.DiscoveryClient    : Getting all instance registry info from the eureka server
2026-07-24T13:48:12.904+05:30  INFO 17510 --- [UserModule] [springCloudBus.anonymous.MZ25pErvQXy_ipgNvRUQew-1] com.netflix.discovery.DiscoveryClient    : The response status is 200
2026-07-24T13:48:12.905+05:30  INFO 17510 --- [UserModule] [springCloudBus.anonymous.MZ25pErvQXy_ipgNvRUQew-1] com.netflix.discovery.DiscoveryClient    : Starting heartbeat executor: renew interval is: 5
2026-07-24T13:48:12.905+05:30  INFO 17510 --- [UserModule] [springCloudBus.anonymous.MZ25pErvQXy_ipgNvRUQew-1] c.n.discovery.InstanceInfoReplicator     : InstanceInfoReplicator onDemand update allowed rate per min is 4
2026-07-24T13:48:12.905+05:30  INFO 17510 --- [UserModule] [springCloudBus.anonymous.MZ25pErvQXy_ipgNvRUQew-1] com.netflix.discovery.DiscoveryClient    : Discovery Client initialized at timestamp 1784881092905 with initial instances count: 0
2026-07-24T13:48:12.907+05:30  INFO 17510 --- [UserModule] [springCloudBus.anonymous.MZ25pErvQXy_ipgNvRUQew-1] o.s.c.n.e.s.EurekaServiceRegistry        : Unregistering application USERMODULE with eureka with status DOWN
2026-07-24T13:48:12.907+05:30  INFO 17510 --- [UserModule] [springCloudBus.anonymous.MZ25pErvQXy_ipgNvRUQew-1] com.netflix.discovery.DiscoveryClient    : Saw local status change event StatusChangeEvent [timestamp=1784881092907, current=DOWN, previous=STARTING]
2026-07-24T13:48:12.907+05:30  INFO 17510 --- [UserModule] [DiscoveryClient-InstanceInfoReplicator-%d] com.netflix.discovery.DiscoveryClient    : DiscoveryClient_USERMODULE/null: registering service...
2026-07-24T13:48:12.907+05:30  INFO 17510 --- [UserModule] [springCloudBus.anonymous.MZ25pErvQXy_ipgNvRUQew-1] o.s.c.n.e.s.EurekaServiceRegistry        : Registering application USERMODULE with eureka with status UP
2026-07-24T13:48:12.908+05:30  INFO 17510 --- [UserModule] [springCloudBus.anonymous.MZ25pErvQXy_ipgNvRUQew-1] com.netflix.discovery.DiscoveryClient    : Saw local status change event StatusChangeEvent [timestamp=1784881092908, current=UP, previous=DOWN]
2026-07-24T13:48:12.908+05:30  INFO 17510 --- [UserModule] [springCloudBus.anonymous.MZ25pErvQXy_ipgNvRUQew-1] o.s.cloud.bus.event.RefreshListener      : Keys refreshed []
2026-07-24T13:48:12.919+05:30  WARN 17510 --- [UserModule] [DiscoveryClient-InstanceInfoReplicator-%d] c.n.d.s.t.d.RetryableEurekaHttpClient    : Request execution failure with status code 400; retrying on another server if available
2026-07-24T13:48:12.921+05:30  INFO 17510 --- [UserModule] [springCloudBus.anonymous.MZ25pErvQXy_ipgNvRUQew-1] o.s.c.s.m.DirectWithAttributesChannel    : Channel 'UserModule.springCloudBusOutput' has 1 subscriber(s).
2026-07-24T13:48:12.919+05:30  WARN 17510 --- [UserModule] [DiscoveryClient-InstanceInfoReplicator-%d] com.netflix.discovery.DiscoveryClient    : DiscoveryClient_USERMODULE/null - registration failed Cannot execute request on any known server

com.netflix.discovery.shared.transport.TransportException: Cannot execute request on any known server
	at com.netflix.discovery.shared.transport.decorator.RetryableEurekaHttpClient.execute(RetryableEurekaHttpClient.java:112) ~[eureka-client-2.0.6.jar:2.0.6]
	at com.netflix.discovery.shared.transport.decorator.EurekaHttpClientDecorator.register(EurekaHttpClientDecorator.java:56) ~[eureka-client-2.0.6.jar:2.0.6]
	at com.netflix.discovery.shared.transport.decorator.EurekaHttpClientDecorator$1.execute(EurekaHttpClientDecorator.java:59) ~[eureka-client-2.0.6.jar:2.0.6]
	at com.netflix.discovery.shared.transport.decorator.SessionedEurekaHttpClient.execute(SessionedEurekaHttpClient.java:76) ~[eureka-client-2.0.6.jar:2.0.6]
	at com.netflix.discovery.shared.transport.decorator.EurekaHttpClientDecorator.register(EurekaHttpClientDecorator.java:56) ~[eureka-client-2.0.6.jar:2.0.6]
	at com.netflix.discovery.DiscoveryClient.register(DiscoveryClient.java:843) ~[eureka-client-2.0.6.jar:2.0.6]
	at com.netflix.discovery.InstanceInfoReplicator.run(InstanceInfoReplicator.java:125) ~[eureka-client-2.0.6.jar:2.0.6]
	at com.netflix.discovery.InstanceInfoReplicator$2.run(InstanceInfoReplicator.java:105) ~[eureka-client-2.0.6.jar:2.0.6]
	at java.base/java.util.concurrent.Executors$RunnableAdapter.call(Executors.java:545) ~[na:na]
	at java.base/java.util.concurrent.FutureTask.run(FutureTask.java:328) ~[na:na]
	at java.base/java.util.concurrent.ScheduledThreadPoolExecutor$ScheduledFutureTask.run(ScheduledThreadPoolExecutor.java:309) ~[na:na]
	at java.base/java.util.concurrent.ThreadPoolExecutor.runWorker(ThreadPoolExecutor.java:1090) ~[na:na]
	at java.base/java.util.concurrent.ThreadPoolExecutor$Worker.run(ThreadPoolExecutor.java:614) ~[na:na]
	at java.base/java.lang.Thread.run(Thread.java:1474) ~[na:na]

2026-07-24T13:48:12.922+05:30  WARN 17510 --- [UserModule] [DiscoveryClient-InstanceInfoReplicator-%d] c.n.discovery.InstanceInfoReplicator     : There was a problem with the instance info replicator

com.netflix.discovery.shared.transport.TransportException: Cannot execute request on any known server
	at com.netflix.discovery.shared.transport.decorator.RetryableEurekaHttpClient.execute(RetryableEurekaHttpClient.java:112) ~[eureka-client-2.0.6.jar:2.0.6]
	at com.netflix.discovery.shared.transport.decorator.EurekaHttpClientDecorator.register(EurekaHttpClientDecorator.java:56) ~[eureka-client-2.0.6.jar:2.0.6]
	at com.netflix.discovery.shared.transport.decorator.EurekaHttpClientDecorator$1.execute(EurekaHttpClientDecorator.java:59) ~[eureka-client-2.0.6.jar:2.0.6]
	at com.netflix.discovery.shared.transport.decorator.SessionedEurekaHttpClient.execute(SessionedEurekaHttpClient.java:76) ~[eureka-client-2.0.6.jar:2.0.6]
	at com.netflix.discovery.shared.transport.decorator.EurekaHttpClientDecorator.register(EurekaHttpClientDecorator.java:56) ~[eureka-client-2.0.6.jar:2.0.6]
	at com.netflix.discovery.DiscoveryClient.register(DiscoveryClient.java:843) ~[eureka-client-2.0.6.jar:2.0.6]
	at com.netflix.discovery.InstanceInfoReplicator.run(InstanceInfoReplicator.java:125) ~[eureka-client-2.0.6.jar:2.0.6]
	at com.netflix.discovery.InstanceInfoReplicator$2.run(InstanceInfoReplicator.java:105) ~[eureka-client-2.0.6.jar:2.0.6]
	at java.base/java.util.concurrent.Executors$RunnableAdapter.call(Executors.java:545) ~[na:na]
	at java.base/java.util.concurrent.FutureTask.run(FutureTask.java:328) ~[na:na]
	at java.base/java.util.concurrent.ScheduledThreadPoolExecutor$ScheduledFutureTask.run(ScheduledThreadPoolExecutor.java:309) ~[na:na]
	at java.base/java.util.concurrent.ThreadPoolExecutor.runWorker(ThreadPoolExecutor.java:1090) ~[na:na]
	at java.base/java.util.concurrent.ThreadPoolExecutor$Worker.run(ThreadPoolExecutor.java:614) ~[na:na]
	at java.base/java.lang.Thread.run(Thread.java:1474) ~[na:na]

2026-07-24T13:48:12.922+05:30  INFO 17510 --- [UserModule] [DiscoveryClient-InstanceInfoReplicator-%d] com.netflix.discovery.DiscoveryClient    : DiscoveryClient_USERMODULE/null: registering service...
2026-07-24T13:48:12.930+05:30  WARN 17510 --- [UserModule] [DiscoveryClient-InstanceInfoReplicator-%d] c.n.d.s.t.d.RetryableEurekaHttpClient    : Request execution failure with status code 400; retrying on another server if available
2026-07-24T13:48:12.930+05:30  WARN 17510 --- [UserModule] [DiscoveryClient-InstanceInfoReplicator-%d] com.netflix.discovery.DiscoveryClient    : DiscoveryClient_USERMODULE/null - registration failed Cannot execute request on any known server

com.netflix.discovery.shared.transport.TransportException: Cannot execute request on any known server
	at com.netflix.discovery.shared.transport.decorator.RetryableEurekaHttpClient.execute(RetryableEurekaHttpClient.java:112) ~[eureka-client-2.0.6.jar:2.0.6]
	at com.netflix.discovery.shared.transport.decorator.EurekaHttpClientDecorator.register(EurekaHttpClientDecorator.java:56) ~[eureka-client-2.0.6.jar:2.0.6]
	at com.netflix.discovery.shared.transport.decorator.EurekaHttpClientDecorator$1.execute(EurekaHttpClientDecorator.java:59) ~[eureka-client-2.0.6.jar:2.0.6]
	at com.netflix.discovery.shared.transport.decorator.SessionedEurekaHttpClient.execute(SessionedEurekaHttpClient.java:76) ~[eureka-client-2.0.6.jar:2.0.6]
	at com.netflix.discovery.shared.transport.decorator.EurekaHttpClientDecorator.register(EurekaHttpClientDecorator.java:56) ~[eureka-client-2.0.6.jar:2.0.6]
	at com.netflix.discovery.DiscoveryClient.register(DiscoveryClient.java:843) ~[eureka-client-2.0.6.jar:2.0.6]
	at com.netflix.discovery.InstanceInfoReplicator.run(InstanceInfoReplicator.java:125) ~[eureka-client-2.0.6.jar:2.0.6]
	at com.netflix.discovery.InstanceInfoReplicator$2.run(InstanceInfoReplicator.java:105) ~[eureka-client-2.0.6.jar:2.0.6]
	at java.base/java.util.concurrent.Executors$RunnableAdapter.call(Executors.java:545) ~[na:na]
	at java.base/java.util.concurrent.FutureTask.run(FutureTask.java:328) ~[na:na]
	at java.base/java.util.concurrent.ScheduledThreadPoolExecutor$ScheduledFutureTask.run(ScheduledThreadPoolExecutor.java:309) ~[na:na]
	at java.base/java.util.concurrent.ThreadPoolExecutor.runWorker(ThreadPoolExecutor.java:1090) ~[na:na]
	at java.base/java.util.concurrent.ThreadPoolExecutor$Worker.run(ThreadPoolExecutor.java:614) ~[na:na]
	at java.base/java.lang.Thread.run(Thread.java:1474) ~[na:na]

2026-07-24T13:48:12.930+05:30  WARN 17510 --- [UserModule] [DiscoveryClient-InstanceInfoReplicator-%d] c.n.discovery.InstanceInfoReplicator     : There was a problem with the instance info replicator

com.netflix.discovery.shared.transport.TransportException: Cannot execute request on any known server
	at com.netflix.discovery.shared.transport.decorator.RetryableEurekaHttpClient.execute(RetryableEurekaHttpClient.java:112) ~[eureka-client-2.0.6.jar:2.0.6]
	at com.netflix.discovery.shared.transport.decorator.EurekaHttpClientDecorator.register(EurekaHttpClientDecorator.java:56) ~[eureka-client-2.0.6.jar:2.0.6]
	at com.netflix.discovery.shared.transport.decorator.EurekaHttpClientDecorator$1.execute(EurekaHttpClientDecorator.java:59) ~[eureka-client-2.0.6.jar:2.0.6]
	at com.netflix.discovery.shared.transport.decorator.SessionedEurekaHttpClient.execute(SessionedEurekaHttpClient.java:76) ~[eureka-client-2.0.6.jar:2.0.6]
	at com.netflix.discovery.shared.transport.decorator.EurekaHttpClientDecorator.register(EurekaHttpClientDecorator.java:56) ~[eureka-client-2.0.6.jar:2.0.6]
	at com.netflix.discovery.DiscoveryClient.register(DiscoveryClient.java:843) ~[eureka-client-2.0.6.jar:2.0.6]
	at com.netflix.discovery.InstanceInfoReplicator.run(InstanceInfoReplicator.java:125) ~[eureka-client-2.0.6.jar:2.0.6]
	at com.netflix.discovery.InstanceInfoReplicator$2.run(InstanceInfoReplicator.java:105) ~[eureka-client-2.0.6.jar:2.0.6]
	at java.base/java.util.concurrent.Executors$RunnableAdapter.call(Executors.java:545) ~[na:na]
	at java.base/java.util.concurrent.FutureTask.run(FutureTask.java:328) ~[na:na]
	at java.base/java.util.concurrent.ScheduledThreadPoolExecutor$ScheduledFutureTask.run(ScheduledThreadPoolExecutor.java:309) ~[na:na]
	at java.base/java.util.concurrent.ThreadPoolExecutor.runWorker(ThreadPoolExecutor.java:1090) ~[na:na]
	at java.base/java.util.concurrent.ThreadPoolExecutor$Worker.run(ThreadPoolExecutor.java:614) ~[na:na]
	at java.base/java.lang.Thread.run(Thread.java:1474) ~[na:na]

2026-07-24T13:48:17.956+05:30  INFO 17510 --- [UserModule] [DiscoveryClient-HeartbeatExecutor-%d] c.n.d.s.t.d.RedirectingEurekaHttpClient  : Request execution error. endpoint=DefaultEndpoint{ serviceUrl='http://localhost:8761/eureka/}, exception=Error while extracting response for type [com.netflix.appinfo.InstanceInfo] and content type [application/json]

org.springframework.web.client.RestClientException: Error while extracting response for type [com.netflix.appinfo.InstanceInfo] and content type [application/json]
	at org.springframework.web.client.DefaultRestClient.readWithMessageConverters(DefaultRestClient.java:274) ~[spring-web-7.0.8.jar:7.0.8]
	at org.springframework.web.client.DefaultRestClient$DefaultResponseSpec.readBody(DefaultRestClient.java:931) ~[spring-web-7.0.8.jar:7.0.8]
	at org.springframework.web.client.DefaultRestClient$DefaultResponseSpec.lambda$toEntityInternal$0(DefaultRestClient.java:871) ~[spring-web-7.0.8.jar:7.0.8]
	at org.springframework.web.client.DefaultRestClient$DefaultRequestBodyUriSpec.exchangeInternal(DefaultRestClient.java:617) ~[spring-web-7.0.8.jar:7.0.8]
	at org.springframework.web.client.DefaultRestClient$DefaultRequestBodyUriSpec.exchange(DefaultRestClient.java:572) ~[spring-web-7.0.8.jar:7.0.8]
	at org.springframework.web.client.RestClient$RequestHeadersSpec.exchange(RestClient.java:747) ~[spring-web-7.0.8.jar:7.0.8]
	at org.springframework.web.client.DefaultRestClient$DefaultResponseSpec.executeAndExtract(DefaultRestClient.java:924) ~[spring-web-7.0.8.jar:7.0.8]
	at org.springframework.web.client.DefaultRestClient$DefaultResponseSpec.toEntityInternal(DefaultRestClient.java:870) ~[spring-web-7.0.8.jar:7.0.8]
	at org.springframework.web.client.DefaultRestClient$DefaultResponseSpec.toEntity(DefaultRestClient.java:859) ~[spring-web-7.0.8.jar:7.0.8]
	at org.springframework.cloud.netflix.eureka.http.RestClientEurekaHttpClient.sendHeartBeat(RestClientEurekaHttpClient.java:91) ~[spring-cloud-netflix-eureka-client-5.0.2.jar:5.0.2]
	at com.netflix.discovery.shared.transport.decorator.EurekaHttpClientDecorator$3.execute(EurekaHttpClientDecorator.java:92) ~[eureka-client-2.0.6.jar:2.0.6]
	at com.netflix.discovery.shared.transport.decorator.RedirectingEurekaHttpClient.executeOnNewServer(RedirectingEurekaHttpClient.java:120) ~[eureka-client-2.0.6.jar:2.0.6]
	at com.netflix.discovery.shared.transport.decorator.RedirectingEurekaHttpClient.execute(RedirectingEurekaHttpClient.java:79) ~[eureka-client-2.0.6.jar:2.0.6]
	at com.netflix.discovery.shared.transport.decorator.EurekaHttpClientDecorator.sendHeartBeat(EurekaHttpClientDecorator.java:89) ~[eureka-client-2.0.6.jar:2.0.6]
	at com.netflix.discovery.shared.transport.decorator.EurekaHttpClientDecorator$3.execute(EurekaHttpClientDecorator.java:92) ~[eureka-client-2.0.6.jar:2.0.6]
	at com.netflix.discovery.shared.transport.decorator.RetryableEurekaHttpClient.execute(RetryableEurekaHttpClient.java:120) ~[eureka-client-2.0.6.jar:2.0.6]
	at com.netflix.discovery.shared.transport.decorator.EurekaHttpClientDecorator.sendHeartBeat(EurekaHttpClientDecorator.java:89) ~[eureka-client-2.0.6.jar:2.0.6]
	at com.netflix.discovery.shared.transport.decorator.EurekaHttpClientDecorator$3.execute(EurekaHttpClientDecorator.java:92) ~[eureka-client-2.0.6.jar:2.0.6]
	at com.netflix.discovery.shared.transport.decorator.SessionedEurekaHttpClient.execute(SessionedEurekaHttpClient.java:76) ~[eureka-client-2.0.6.jar:2.0.6]
	at com.netflix.discovery.shared.transport.decorator.EurekaHttpClientDecorator.sendHeartBeat(EurekaHttpClientDecorator.java:89) ~[eureka-client-2.0.6.jar:2.0.6]
	at com.netflix.discovery.DiscoveryClient.renew(DiscoveryClient.java:860) ~[eureka-client-2.0.6.jar:2.0.6]
	at com.netflix.discovery.DiscoveryClient$HeartbeatThread.run(DiscoveryClient.java:1418) ~[eureka-client-2.0.6.jar:2.0.6]
	at java.base/java.util.concurrent.Executors$RunnableAdapter.call(Executors.java:545) ~[na:na]
	at java.base/java.util.concurrent.FutureTask.run(FutureTask.java:328) ~[na:na]
	at java.base/java.util.concurrent.ThreadPoolExecutor.runWorker(ThreadPoolExecutor.java:1090) ~[na:na]
	at java.base/java.util.concurrent.ThreadPoolExecutor$Worker.run(ThreadPoolExecutor.java:614) ~[na:na]
	at java.base/java.lang.Thread.run(Thread.java:1474) ~[na:na]
Caused by: org.springframework.http.converter.HttpMessageNotReadableException: JSON parse error: Root name ('timestamp') does not match expected ('instance') for type `com.netflix.appinfo.InstanceInfo`
	at org.springframework.http.converter.json.AbstractJackson2HttpMessageConverter.readJavaType(AbstractJackson2HttpMessageConverter.java:408) ~[spring-web-7.0.8.jar:7.0.8]
	at org.springframework.http.converter.json.AbstractJackson2HttpMessageConverter.read(AbstractJackson2HttpMessageConverter.java:356) ~[spring-web-7.0.8.jar:7.0.8]
	at org.springframework.web.client.DefaultRestClient.readWithMessageConverters(DefaultRestClient.java:237) ~[spring-web-7.0.8.jar:7.0.8]
	... 26 common frames omitted
Caused by: com.fasterxml.jackson.databind.exc.MismatchedInputException: Root name ('timestamp') does not match expected ('instance') for type `com.netflix.appinfo.InstanceInfo`
 at [Source: REDACTED (`StreamReadFeature.INCLUDE_SOURCE_IN_LOCATION` disabled); line: 1, column: 2] (through reference chain: com.netflix.appinfo.InstanceInfo["timestamp"])
	at com.fasterxml.jackson.databind.exc.MismatchedInputException.from(MismatchedInputException.java:76) ~[jackson-databind-2.21.4.jar:2.21.4]
	at com.fasterxml.jackson.databind.DeserializationContext.reportPropertyInputMismatch(DeserializationContext.java:1849) ~[jackson-databind-2.21.4.jar:2.21.4]
	at com.fasterxml.jackson.databind.DeserializationContext.reportPropertyInputMismatch(DeserializationContext.java:1865) ~[jackson-databind-2.21.4.jar:2.21.4]
	at com.fasterxml.jackson.databind.deser.DefaultDeserializationContext._unwrapAndDeserialize(DefaultDeserializationContext.java:367) ~[jackson-databind-2.21.4.jar:2.21.4]
	at com.fasterxml.jackson.databind.deser.DefaultDeserializationContext.readRootValue(DefaultDeserializationContext.java:339) ~[jackson-databind-2.21.4.jar:2.21.4]
	at com.fasterxml.jackson.databind.ObjectReader._bindAndClose(ObjectReader.java:2148) ~[jackson-databind-2.21.4.jar:2.21.4]
	at com.fasterxml.jackson.databind.ObjectReader.readValue(ObjectReader.java:1504) ~[jackson-databind-2.21.4.jar:2.21.4]
	at org.springframework.http.converter.json.AbstractJackson2HttpMessageConverter.readJavaType(AbstractJackson2HttpMessageConverter.java:397) ~[spring-web-7.0.8.jar:7.0.8]
	... 28 common frames omitted

2026-07-24T13:48:17.957+05:30  WARN 17510 --- [UserModule] [DiscoveryClient-HeartbeatExecutor-%d] c.n.d.s.t.d.RetryableEurekaHttpClient    : Request execution failed with message: Error while extracting response for type [com.netflix.appinfo.InstanceInfo] and content type [application/json]
2026-07-24T13:48:17.957+05:30 ERROR 17510 --- [UserModule] [DiscoveryClient-HeartbeatExecutor-%d] com.netflix.discovery.DiscoveryClient    : DiscoveryClient_USERMODULE/null - was unable to send heartbeat!

com.netflix.discovery.shared.transport.TransportException: Cannot execute request on any known server
	at com.netflix.discovery.shared.transport.decorator.RetryableEurekaHttpClient.execute(RetryableEurekaHttpClient.java:112) ~[eureka-client-2.0.6.jar:2.0.6]
	at com.netflix.discovery.shared.transport.decorator.EurekaHttpClientDecorator.sendHeartBeat(EurekaHttpClientDecorator.java:89) ~[eureka-client-2.0.6.jar:2.0.6]
	at com.netflix.discovery.shared.transport.decorator.EurekaHttpClientDecorator$3.execute(EurekaHttpClientDecorator.java:92) ~[eureka-client-2.0.6.jar:2.0.6]
	at com.netflix.discovery.shared.transport.decorator.SessionedEurekaHttpClient.execute(SessionedEurekaHttpClient.java:76) ~[eureka-client-2.0.6.jar:2.0.6]
	at com.netflix.discovery.shared.transport.decorator.EurekaHttpClientDecorator.sendHeartBeat(EurekaHttpClientDecorator.java:89) ~[eureka-client-2.0.6.jar:2.0.6]
	at com.netflix.discovery.DiscoveryClient.renew(DiscoveryClient.java:860) ~[eureka-client-2.0.6.jar:2.0.6]
	at com.netflix.discovery.DiscoveryClient$HeartbeatThread.run(DiscoveryClient.java:1418) ~[eureka-client-2.0.6.jar:2.0.6]
	at java.base/java.util.concurrent.Executors$RunnableAdapter.call(Executors.java:545) ~[na:na]
	at java.base/java.util.concurrent.FutureTask.run(FutureTask.java:328) ~[na:na]
	at java.base/java.util.concurrent.ThreadPoolExecutor.runWorker(ThreadPoolExecutor.java:1090) ~[na:na]
	at java.base/java.util.concurrent.ThreadPoolExecutor$Worker.run(ThreadPoolExecutor.java:614) ~[na:na]
	at java.base/java.lang.Thread.run(Thread.java:1474) ~[na:na]

2026-07-24T13:48:22.971+05:30  INFO 17510 --- [UserModule] [DiscoveryClient-HeartbeatExecutor-%d] c.n.d.s.t.d.RedirectingEurekaHttpClient  : Request execution error. endpoint=DefaultEndpoint{ serviceUrl='http://localhost:8761/eureka/}, exception=Error while extracting response for type [com.netflix.appinfo.InstanceInfo] and content type [application/json]

org.springframework.web.client.RestClientException: Error while extracting response for type [com.netflix.appinfo.InstanceInfo] and content type [application/json]
	at org.springframework.web.client.DefaultRestClient.readWithMessageConverters(DefaultRestClient.java:274) ~[spring-web-7.0.8.jar:7.0.8]
	at org.springframework.web.client.DefaultRestClient$DefaultResponseSpec.readBody(DefaultRestClient.java:931) ~[spring-web-7.0.8.jar:7.0.8]
	at org.springframework.web.client.DefaultRestClient$DefaultResponseSpec.lambda$toEntityInternal$0(DefaultRestClient.java:871) ~[spring-web-7.0.8.jar:7.0.8]
	at org.springframework.web.client.DefaultRestClient$DefaultRequestBodyUriSpec.exchangeInternal(DefaultRestClient.java:617) ~[spring-web-7.0.8.jar:7.0.8]
	at org.springframework.web.client.DefaultRestClient$DefaultRequestBodyUriSpec.exchange(DefaultRestClient.java:572) ~[spring-web-7.0.8.jar:7.0.8]
	at org.springframework.web.client.RestClient$RequestHeadersSpec.exchange(RestClient.java:747) ~[spring-web-7.0.8.jar:7.0.8]
	at org.springframework.web.client.DefaultRestClient$DefaultResponseSpec.executeAndExtract(DefaultRestClient.java:924) ~[spring-web-7.0.8.jar:7.0.8]
	at org.springframework.web.client.DefaultRestClient$DefaultResponseSpec.toEntityInternal(DefaultRestClient.java:870) ~[spring-web-7.0.8.jar:7.0.8]
	at org.springframework.web.client.DefaultRestClient$DefaultResponseSpec.toEntity(DefaultRestClient.java:859) ~[spring-web-7.0.8.jar:7.0.8]
	at org.springframework.cloud.netflix.eureka.http.RestClientEurekaHttpClient.sendHeartBeat(RestClientEurekaHttpClient.java:91) ~[spring-cloud-netflix-eureka-client-5.0.2.jar:5.0.2]
	at com.netflix.discovery.shared.transport.decorator.EurekaHttpClientDecorator$3.execute(EurekaHttpClientDecorator.java:92) ~[eureka-client-2.0.6.jar:2.0.6]
	at com.netflix.discovery.shared.transport.decorator.RedirectingEurekaHttpClient.executeOnNewServer(RedirectingEurekaHttpClient.java:120) ~[eureka-client-2.0.6.jar:2.0.6]
	at com.netflix.discovery.shared.transport.decorator.RedirectingEurekaHttpClient.execute(RedirectingEurekaHttpClient.java:79) ~[eureka-client-2.0.6.jar:2.0.6]
	at com.netflix.discovery.shared.transport.decorator.EurekaHttpClientDecorator.sendHeartBeat(EurekaHttpClientDecorator.java:89) ~[eureka-client-2.0.6.jar:2.0.6]
	at com.netflix.discovery.shared.transport.decorator.EurekaHttpClientDecorator$3.execute(EurekaHttpClientDecorator.java:92) ~[eureka-client-2.0.6.jar:2.0.6]
	at com.netflix.discovery.shared.transport.decorator.RetryableEurekaHttpClient.execute(RetryableEurekaHttpClient.java:120) ~[eureka-client-2.0.6.jar:2.0.6]
	at com.netflix.discovery.shared.transport.decorator.EurekaHttpClientDecorator.sendHeartBeat(EurekaHttpClientDecorator.java:89) ~[eureka-client-2.0.6.jar:2.0.6]
	at com.netflix.discovery.shared.transport.decorator.EurekaHttpClientDecorator$3.execute(EurekaHttpClientDecorator.java:92) ~[eureka-client-2.0.6.jar:2.0.6]
	at com.netflix.discovery.shared.transport.decorator.SessionedEurekaHttpClient.execute(SessionedEurekaHttpClient.java:76) ~[eureka-client-2.0.6.jar:2.0.6]
	at com.netflix.discovery.shared.transport.decorator.EurekaHttpClientDecorator.sendHeartBeat(EurekaHttpClientDecorator.java:89) ~[eureka-client-2.0.6.jar:2.0.6]
	at com.netflix.discovery.DiscoveryClient.renew(DiscoveryClient.java:860) ~[eureka-client-2.0.6.jar:2.0.6]
	at com.netflix.discovery.DiscoveryClient$HeartbeatThread.run(DiscoveryClient.java:1418) ~[eureka-client-2.0.6.jar:2.0.6]
	at java.base/java.util.concurrent.Executors$RunnableAdapter.call(Executors.java:545) ~[na:na]
	at java.base/java.util.concurrent.FutureTask.run(FutureTask.java:328) ~[na:na]
	at java.base/java.util.concurrent.ThreadPoolExecutor.runWorker(ThreadPoolExecutor.java:1090) ~[na:na]
	at java.base/java.util.concurrent.ThreadPoolExecutor$Worker.run(ThreadPoolExecutor.java:614) ~[na:na]
	at java.base/java.lang.Thread.run(Thread.java:1474) ~[na:na]
Caused by: org.springframework.http.converter.HttpMessageNotReadableException: JSON parse error: Root name ('timestamp') does not match expected ('instance') for type `com.netflix.appinfo.InstanceInfo`
	at org.springframework.http.converter.json.AbstractJackson2HttpMessageConverter.readJavaType(AbstractJackson2HttpMessageConverter.java:408) ~[spring-web-7.0.8.jar:7.0.8]
	at org.springframework.http.converter.json.AbstractJackson2HttpMessageConverter.read(AbstractJackson2HttpMessageConverter.java:356) ~[spring-web-7.0.8.jar:7.0.8]
	at org.springframework.web.client.DefaultRestClient.readWithMessageConverters(DefaultRestClient.java:237) ~[spring-web-7.0.8.jar:7.0.8]
	... 26 common frames omitted
Caused by: com.fasterxml.jackson.databind.exc.MismatchedInputException: Root name ('timestamp') does not match expected ('instance') for type `com.netflix.appinfo.InstanceInfo`
 at [Source: REDACTED (`StreamReadFeature.INCLUDE_SOURCE_IN_LOCATION` disabled); line: 1, column: 2] (through reference chain: com.netflix.appinfo.InstanceInfo["timestamp"])
	at com.fasterxml.jackson.databind.exc.MismatchedInputException.from(MismatchedInputException.java:76) ~[jackson-databind-2.21.4.jar:2.21.4]
	at com.fasterxml.jackson.databind.DeserializationContext.reportPropertyInputMismatch(DeserializationContext.java:1849) ~[jackson-databind-2.21.4.jar:2.21.4]
	at com.fasterxml.jackson.databind.DeserializationContext.reportPropertyInputMismatch(DeserializationContext.java:1865) ~[jackson-databind-2.21.4.jar:2.21.4]
	at com.fasterxml.jackson.databind.deser.DefaultDeserializationContext._unwrapAndDeserialize(DefaultDeserializationContext.java:367) ~[jackson-databind-2.21.4.jar:2.21.4]
	at com.fasterxml.jackson.databind.deser.DefaultDeserializationContext.readRootValue(DefaultDeserializationContext.java:339) ~[jackson-databind-2.21.4.jar:2.21.4]
	at com.fasterxml.jackson.databind.ObjectReader._bindAndClose(ObjectReader.java:2148) ~[jackson-databind-2.21.4.jar:2.21.4]
	at com.fasterxml.jackson.databind.ObjectReader.readValue(ObjectReader.java:1504) ~[jackson-databind-2.21.4.jar:2.21.4]
	at org.springframework.http.converter.json.AbstractJackson2HttpMessageConverter.readJavaType(AbstractJackson2HttpMessageConverter.java:397) ~[spring-web-7.0.8.jar:7.0.8]
	... 28 common frames omitted

2026-07-24T13:48:22.973+05:30  WARN 17510 --- [UserModule] [DiscoveryClient-HeartbeatExecutor-%d] c.n.d.s.t.d.RetryableEurekaHttpClient    : Request execution failed with message: Error while extracting response for type [com.netflix.appinfo.InstanceInfo] and content type [application/json]
2026-07-24T13:48:22.973+05:30 ERROR 17510 --- [UserModule] [DiscoveryClient-HeartbeatExecutor-%d] com.netflix.discovery.DiscoveryClient    : DiscoveryClient_USERMODULE/null - was unable to send heartbeat!

com.netflix.discovery.shared.transport.TransportException: Cannot execute request on any known server
	at com.netflix.discovery.shared.transport.decorator.RetryableEurekaHttpClient.execute(RetryableEurekaHttpClient.java:112) ~[eureka-client-2.0.6.jar:2.0.6]
	at com.netflix.discovery.shared.transport.decorator.EurekaHttpClientDecorator.sendHeartBeat(EurekaHttpClientDecorator.java:89) ~[eureka-client-2.0.6.jar:2.0.6]
	at com.netflix.discovery.shared.transport.decorator.EurekaHttpClientDecorator$3.execute(EurekaHttpClientDecorator.java:92) ~[eureka-client-2.0.6.jar:2.0.6]
	at com.netflix.discovery.shared.transport.decorator.SessionedEurekaHttpClient.execute(SessionedEurekaHttpClient.java:76) ~[eureka-client-2.0.6.jar:2.0.6]
	at com.netflix.discovery.shared.transport.decorator.EurekaHttpClientDecorator.sendHeartBeat(EurekaHttpClientDecorator.java:89) ~[eureka-client-2.0.6.jar:2.0.6]
	at com.netflix.discovery.DiscoveryClient.renew(DiscoveryClient.java:860) ~[eureka-client-2.0.6.jar:2.0.6]
	at com.netflix.discovery.DiscoveryClient$HeartbeatThread.run(DiscoveryClient.java:1418) ~[eureka-client-2.0.6.jar:2.0.6]
	at java.base/java.util.concurrent.Executors$RunnableAdapter.call(Executors.java:545) ~[na:na]
	at java.base/java.util.concurrent.FutureTask.run(FutureTask.java:328) ~[na:na]
	at java.base/java.util.concurrent.ThreadPoolExecutor.runWorker(ThreadPoolExecutor.java:1090) ~[na:na]
	at java.base/java.util.concurrent.ThreadPoolExecutor$Worker.run(ThreadPoolExecutor.java:614) ~[na:na]
	at java.base/java.lang.Thread.run(Thread.java:1474) ~[na:na]

2026-07-24T13:48:27.994+05:30  INFO 17510 --- [UserModule] [DiscoveryClient-HeartbeatExecutor-%d] c.n.d.s.t.d.RedirectingEurekaHttpClient  : Request execution error. endpoint=DefaultEndpoint{ serviceUrl='http://localhost:8761/eureka/}, exception=Error while extracting response for type [com.netflix.appinfo.InstanceInfo] and content type [application/json]

org.springframework.web.client.RestClientException: Error while extracting response for type [com.netflix.appinfo.InstanceInfo] and content type [application/json]
	at org.springframework.web.client.DefaultRestClient.readWithMessageConverters(DefaultRestClient.java:274) ~[spring-web-7.0.8.jar:7.0.8]
	at org.springframework.web.client.DefaultRestClient$DefaultResponseSpec.readBody(DefaultRestClient.java:931) ~[spring-web-7.0.8.jar:7.0.8]
	at org.springframework.web.client.DefaultRestClient$DefaultResponseSpec.lambda$toEntityInternal$0(DefaultRestClient.java:871) ~[spring-web-7.0.8.jar:7.0.8]
	at org.springframework.web.client.DefaultRestClient$DefaultRequestBodyUriSpec.exchangeInternal(DefaultRestClient.java:617) ~[spring-web-7.0.8.jar:7.0.8]
	at org.springframework.web.client.DefaultRestClient$DefaultRequestBodyUriSpec.exchange(DefaultRestClient.java:572) ~[spring-web-7.0.8.jar:7.0.8]
	at org.springframework.web.client.RestClient$RequestHeadersSpec.exchange(RestClient.java:747) ~[spring-web-7.0.8.jar:7.0.8]
	at org.springframework.web.client.DefaultRestClient$DefaultResponseSpec.executeAndExtract(DefaultRestClient.java:924) ~[spring-web-7.0.8.jar:7.0.8]
	at org.springframework.web.client.DefaultRestClient$DefaultResponseSpec.toEntityInternal(DefaultRestClient.java:870) ~[spring-web-7.0.8.jar:7.0.8]
	at org.springframework.web.client.DefaultRestClient$DefaultResponseSpec.toEntity(DefaultRestClient.java:859) ~[spring-web-7.0.8.jar:7.0.8]
	at org.springframework.cloud.netflix.eureka.http.RestClientEurekaHttpClient.sendHeartBeat(RestClientEurekaHttpClient.java:91) ~[spring-cloud-netflix-eureka-client-5.0.2.jar:5.0.2]
	at com.netflix.discovery.shared.transport.decorator.EurekaHttpClientDecorator$3.execute(EurekaHttpClientDecorator.java:92) ~[eureka-client-2.0.6.jar:2.0.6]
	at com.netflix.discovery.shared.transport.decorator.RedirectingEurekaHttpClient.executeOnNewServer(RedirectingEurekaHttpClient.java:120) ~[eureka-client-2.0.6.jar:2.0.6]
	at com.netflix.discovery.shared.transport.decorator.RedirectingEurekaHttpClient.execute(RedirectingEurekaHttpClient.java:79) ~[eureka-client-2.0.6.jar:2.0.6]
	at com.netflix.discovery.shared.transport.decorator.EurekaHttpClientDecorator.sendHeartBeat(EurekaHttpClientDecorator.java:89) ~[eureka-client-2.0.6.jar:2.0.6]
	at com.netflix.discovery.shared.transport.decorator.EurekaHttpClientDecorator$3.execute(EurekaHttpClientDecorator.java:92) ~[eureka-client-2.0.6.jar:2.0.6]
	at com.netflix.discovery.shared.transport.decorator.RetryableEurekaHttpClient.execute(RetryableEurekaHttpClient.java:120) ~[eureka-client-2.0.6.jar:2.0.6]
	at com.netflix.discovery.shared.transport.decorator.EurekaHttpClientDecorator.sendHeartBeat(EurekaHttpClientDecorator.java:89) ~[eureka-client-2.0.6.jar:2.0.6]
	at com.netflix.discovery.shared.transport.decorator.EurekaHttpClientDecorator$3.execute(EurekaHttpClientDecorator.java:92) ~[eureka-client-2.0.6.jar:2.0.6]
	at com.netflix.discovery.shared.transport.decorator.SessionedEurekaHttpClient.execute(SessionedEurekaHttpClient.java:76) ~[eureka-client-2.0.6.jar:2.0.6]
	at com.netflix.discovery.shared.transport.decorator.EurekaHttpClientDecorator.sendHeartBeat(EurekaHttpClientDecorator.java:89) ~[eureka-client-2.0.6.jar:2.0.6]
	at com.netflix.discovery.DiscoveryClient.renew(DiscoveryClient.java:860) ~[eureka-client-2.0.6.jar:2.0.6]
	at com.netflix.discovery.DiscoveryClient$HeartbeatThread.run(DiscoveryClient.java:1418) ~[eureka-client-2.0.6.jar:2.0.6]
	at java.base/java.util.concurrent.Executors$RunnableAdapter.call(Executors.java:545) ~[na:na]
	at java.base/java.util.concurrent.FutureTask.run(FutureTask.java:328) ~[na:na]
	at java.base/java.util.concurrent.ThreadPoolExecutor.runWorker(ThreadPoolExecutor.java:1090) ~[na:na]
	at java.base/java.util.concurrent.ThreadPoolExecutor$Worker.run(ThreadPoolExecutor.java:614) ~[na:na]
	at java.base/java.lang.Thread.run(Thread.java:1474) ~[na:na]
Caused by: org.springframework.http.converter.HttpMessageNotReadableException: JSON parse error: Root name ('timestamp') does not match expected ('instance') for type `com.netflix.appinfo.InstanceInfo`
	at org.springframework.http.converter.json.AbstractJackson2HttpMessageConverter.readJavaType(AbstractJackson2HttpMessageConverter.java:408) ~[spring-web-7.0.8.jar:7.0.8]
	at org.springframework.http.converter.json.AbstractJackson2HttpMessageConverter.read(AbstractJackson2HttpMessageConverter.java:356) ~[spring-web-7.0.8.jar:7.0.8]
	at org.springframework.web.client.DefaultRestClient.readWithMessageConverters(DefaultRestClient.java:237) ~[spring-web-7.0.8.jar:7.0.8]
	... 26 common frames omitted
Caused by: com.fasterxml.jackson.databind.exc.MismatchedInputException: Root name ('timestamp') does not match expected ('instance') for type `com.netflix.appinfo.InstanceInfo`
 at [Source: REDACTED (`StreamReadFeature.INCLUDE_SOURCE_IN_LOCATION` disabled); line: 1, column: 2] (through reference chain: com.netflix.appinfo.InstanceInfo["timestamp"])
	at com.fasterxml.jackson.databind.exc.MismatchedInputException.from(MismatchedInputException.java:76) ~[jackson-databind-2.21.4.jar:2.21.4]
	at com.fasterxml.jackson.databind.DeserializationContext.reportPropertyInputMismatch(DeserializationContext.java:1849) ~[jackson-databind-2.21.4.jar:2.21.4]
	at com.fasterxml.jackson.databind.DeserializationContext.reportPropertyInputMismatch(DeserializationContext.java:1865) ~[jackson-databind-2.21.4.jar:2.21.4]
	at com.fasterxml.jackson.databind.deser.DefaultDeserializationContext._unwrapAndDeserialize(DefaultDeserializationContext.java:367) ~[jackson-databind-2.21.4.jar:2.21.4]
	at com.fasterxml.jackson.databind.deser.DefaultDeserializationContext.readRootValue(DefaultDeserializationContext.java:339) ~[jackson-databind-2.21.4.jar:2.21.4]
	at com.fasterxml.jackson.databind.ObjectReader._bindAndClose(ObjectReader.java:2148) ~[jackson-databind-2.21.4.jar:2.21.4]
	at com.fasterxml.jackson.databind.ObjectReader.readValue(ObjectReader.java:1504) ~[jackson-databind-2.21.4.jar:2.21.4]
	at org.springframework.http.converter.json.AbstractJackson2HttpMessageConverter.readJavaType(AbstractJackson2HttpMessageConverter.java:397) ~[spring-web-7.0.8.jar:7.0.8]
	... 28 common frames omitted

2026-07-24T13:48:27.995+05:30  WARN 17510 --- [UserModule] [DiscoveryClient-HeartbeatExecutor-%d] c.n.d.s.t.d.RetryableEurekaHttpClient    : Request execution failed with message: Error while extracting response for type [com.netflix.appinfo.InstanceInfo] and content type [application/json]
2026-07-24T13:48:27.995+05:30 ERROR 17510 --- [UserModule] [DiscoveryClient-HeartbeatExecutor-%d] com.netflix.discovery.DiscoveryClient    : DiscoveryClient_USERMODULE/null - was unable to send heartbeat!

com.netflix.discovery.shared.transport.TransportException: Cannot execute request on any known server
	at com.netflix.discovery.shared.transport.decorator.RetryableEurekaHttpClient.execute(RetryableEurekaHttpClient.java:112) ~[eureka-client-2.0.6.jar:2.0.6]
	at com.netflix.discovery.shared.transport.decorator.EurekaHttpClientDecorator.sendHeartBeat(EurekaHttpClientDecorator.java:89) ~[eureka-client-2.0.6.jar:2.0.6]
	at com.netflix.discovery.shared.transport.decorator.EurekaHttpClientDecorator$3.execute(EurekaHttpClientDecorator.java:92) ~[eureka-client-2.0.6.jar:2.0.6]
	at com.netflix.discovery.shared.transport.decorator.SessionedEurekaHttpClient.execute(SessionedEurekaHttpClient.java:76) ~[eureka-client-2.0.6.jar:2.0.6]
	at com.netflix.discovery.shared.transport.decorator.EurekaHttpClientDecorator.sendHeartBeat(EurekaHttpClientDecorator.java:89) ~[eureka-client-2.0.6.jar:2.0.6]
	at com.netflix.discovery.DiscoveryClient.renew(DiscoveryClient.java:860) ~[eureka-client-2.0.6.jar:2.0.6]
	at com.netflix.discovery.DiscoveryClient$HeartbeatThread.run(DiscoveryClient.java:1418) ~[eureka-client-2.0.6.jar:2.0.6]
	at java.base/java.util.concurrent.Executors$RunnableAdapter.call(Executors.java:545) ~[na:na]
	at java.base/java.util.concurrent.FutureTask.run(FutureTask.java:328) ~[na:na]
	at java.base/java.util.concurrent.ThreadPoolExecutor.runWorker(ThreadPoolExecutor.java:1090) ~[na:na]
	at java.base/java.util.concurrent.ThreadPoolExecutor$Worker.run(ThreadPoolExecutor.java:614) ~[na:na]
	at java.base/java.lang.Thread.run(Thread.java:1474) ~[na:na]

2026-07-24T13:48:33.008+05:30  INFO 17510 --- [UserModule] [DiscoveryClient-HeartbeatExecutor-%d] c.n.d.s.t.d.RedirectingEurekaHttpClient  : Request execution error. endpoint=DefaultEndpoint{ serviceUrl='http://localhost:8761/eureka/}, exception=Error while extracting response for type [com.netflix.appinfo.InstanceInfo] and content type [application/json]

org.springframework.web.client.RestClientException: Error while extracting response for type [com.netflix.appinfo.InstanceInfo] and content type [application/json]
	at org.springframework.web.client.DefaultRestClient.readWithMessageConverters(DefaultRestClient.java:274) ~[spring-web-7.0.8.jar:7.0.8]
	at org.springframework.web.client.DefaultRestClient$DefaultResponseSpec.readBody(DefaultRestClient.java:931) ~[spring-web-7.0.8.jar:7.0.8]
	at org.springframework.web.client.DefaultRestClient$DefaultResponseSpec.lambda$toEntityInternal$0(DefaultRestClient.java:871) ~[spring-web-7.0.8.jar:7.0.8]
	at org.springframework.web.client.DefaultRestClient$DefaultRequestBodyUriSpec.exchangeInternal(DefaultRestClient.java:617) ~[spring-web-7.0.8.jar:7.0.8]
	at org.springframework.web.client.DefaultRestClient$DefaultRequestBodyUriSpec.exchange(DefaultRestClient.java:572) ~[spring-web-7.0.8.jar:7.0.8]
	at org.springframework.web.client.RestClient$RequestHeadersSpec.exchange(RestClient.java:747) ~[spring-web-7.0.8.jar:7.0.8]
	at org.springframework.web.client.DefaultRestClient$DefaultResponseSpec.executeAndExtract(DefaultRestClient.java:924) ~[spring-web-7.0.8.jar:7.0.8]
	at org.springframework.web.client.DefaultRestClient$DefaultResponseSpec.toEntityInternal(DefaultRestClient.java:870) ~[spring-web-7.0.8.jar:7.0.8]
	at org.springframework.web.client.DefaultRestClient$DefaultResponseSpec.toEntity(DefaultRestClient.java:859) ~[spring-web-7.0.8.jar:7.0.8]
	at org.springframework.cloud.netflix.eureka.http.RestClientEurekaHttpClient.sendHeartBeat(RestClientEurekaHttpClient.java:91) ~[spring-cloud-netflix-eureka-client-5.0.2.jar:5.0.2]
	at com.netflix.discovery.shared.transport.decorator.EurekaHttpClientDecorator$3.execute(EurekaHttpClientDecorator.java:92) ~[eureka-client-2.0.6.jar:2.0.6]
	at com.netflix.discovery.shared.transport.decorator.RedirectingEurekaHttpClient.executeOnNewServer(RedirectingEurekaHttpClient.java:120) ~[eureka-client-2.0.6.jar:2.0.6]
	at com.netflix.discovery.shared.transport.decorator.RedirectingEurekaHttpClient.execute(RedirectingEurekaHttpClient.java:79) ~[eureka-client-2.0.6.jar:2.0.6]
	at com.netflix.discovery.shared.transport.decorator.EurekaHttpClientDecorator.sendHeartBeat(EurekaHttpClientDecorator.java:89) ~[eureka-client-2.0.6.jar:2.0.6]
	at com.netflix.discovery.shared.transport.decorator.EurekaHttpClientDecorator$3.execute(EurekaHttpClientDecorator.java:92) ~[eureka-client-2.0.6.jar:2.0.6]
	at com.netflix.discovery.shared.transport.decorator.RetryableEurekaHttpClient.execute(RetryableEurekaHttpClient.java:120) ~[eureka-client-2.0.6.jar:2.0.6]
	at com.netflix.discovery.shared.transport.decorator.EurekaHttpClientDecorator.sendHeartBeat(EurekaHttpClientDecorator.java:89) ~[eureka-client-2.0.6.jar:2.0.6]
	at com.netflix.discovery.shared.transport.decorator.EurekaHttpClientDecorator$3.execute(EurekaHttpClientDecorator.java:92) ~[eureka-client-2.0.6.jar:2.0.6]
	at com.netflix.discovery.shared.transport.decorator.SessionedEurekaHttpClient.execute(SessionedEurekaHttpClient.java:76) ~[eureka-client-2.0.6.jar:2.0.6]
	at com.netflix.discovery.shared.transport.decorator.EurekaHttpClientDecorator.sendHeartBeat(EurekaHttpClientDecorator.java:89) ~[eureka-client-2.0.6.jar:2.0.6]
	at com.netflix.discovery.DiscoveryClient.renew(DiscoveryClient.java:860) ~[eureka-client-2.0.6.jar:2.0.6]
	at com.netflix.discovery.DiscoveryClient$HeartbeatThread.run(DiscoveryClient.java:1418) ~[eureka-client-2.0.6.jar:2.0.6]
	at java.base/java.util.concurrent.Executors$RunnableAdapter.call(Executors.java:545) ~[na:na]
	at java.base/java.util.concurrent.FutureTask.run(FutureTask.java:328) ~[na:na]
	at java.base/java.util.concurrent.ThreadPoolExecutor.runWorker(ThreadPoolExecutor.java:1090) ~[na:na]
	at java.base/java.util.concurrent.ThreadPoolExecutor$Worker.run(ThreadPoolExecutor.java:614) ~[na:na]
	at java.base/java.lang.Thread.run(Thread.java:1474) ~[na:na]
Caused by: org.springframework.http.converter.HttpMessageNotReadableException: JSON parse error: Root name ('timestamp') does not match expected ('instance') for type `com.netflix.appinfo.InstanceInfo`
	at org.springframework.http.converter.json.AbstractJackson2HttpMessageConverter.readJavaType(AbstractJackson2HttpMessageConverter.java:408) ~[spring-web-7.0.8.jar:7.0.8]
	at org.springframework.http.converter.json.AbstractJackson2HttpMessageConverter.read(AbstractJackson2HttpMessageConverter.java:356) ~[spring-web-7.0.8.jar:7.0.8]
	at org.springframework.web.client.DefaultRestClient.readWithMessageConverters(DefaultRestClient.java:237) ~[spring-web-7.0.8.jar:7.0.8]
	... 26 common frames omitted
Caused by: com.fasterxml.jackson.databind.exc.MismatchedInputException: Root name ('timestamp') does not match expected ('instance') for type `com.netflix.appinfo.InstanceInfo`
 at [Source: REDACTED (`StreamReadFeature.INCLUDE_SOURCE_IN_LOCATION` disabled); line: 1, column: 2] (through reference chain: com.netflix.appinfo.InstanceInfo["timestamp"])
	at com.fasterxml.jackson.databind.exc.MismatchedInputException.from(MismatchedInputException.java:76) ~[jackson-databind-2.21.4.jar:2.21.4]
	at com.fasterxml.jackson.databind.DeserializationContext.reportPropertyInputMismatch(DeserializationContext.java:1849) ~[jackson-databind-2.21.4.jar:2.21.4]
	at com.fasterxml.jackson.databind.DeserializationContext.reportPropertyInputMismatch(DeserializationContext.java:1865) ~[jackson-databind-2.21.4.jar:2.21.4]
	at com.fasterxml.jackson.databind.deser.DefaultDeserializationContext._unwrapAndDeserialize(DefaultDeserializationContext.java:367) ~[jackson-databind-2.21.4.jar:2.21.4]
	at com.fasterxml.jackson.databind.deser.DefaultDeserializationContext.readRootValue(DefaultDeserializationContext.java:339) ~[jackson-databind-2.21.4.jar:2.21.4]
	at com.fasterxml.jackson.databind.ObjectReader._bindAndClose(ObjectReader.java:2148) ~[jackson-databind-2.21.4.jar:2.21.4]
	at com.fasterxml.jackson.databind.ObjectReader.readValue(ObjectReader.java:1504) ~[jackson-databind-2.21.4.jar:2.21.4]
	at org.springframework.http.converter.json.AbstractJackson2HttpMessageConverter.readJavaType(AbstractJackson2HttpMessageConverter.java:397) ~[spring-web-7.0.8.jar:7.0.8]
	... 28 common frames omitted

2026-07-24T13:48:33.009+05:30  WARN 17510 --- [UserModule] [DiscoveryClient-HeartbeatExecutor-%d] c.n.d.s.t.d.RetryableEurekaHttpClient    : Request execution failed with message: Error while extracting response for type [com.netflix.appinfo.InstanceInfo] and content type [application/json]
2026-07-24T13:48:33.009+05:30 ERROR 17510 --- [UserModule] [DiscoveryClient-HeartbeatExecutor-%d] com.netflix.discovery.DiscoveryClient    : DiscoveryClient_USERMODULE/null - was unable to send heartbeat!

com.netflix.discovery.shared.transport.TransportException: Cannot execute request on any known server
	at com.netflix.discovery.shared.transport.decorator.RetryableEurekaHttpClient.execute(RetryableEurekaHttpClient.java:112) ~[eureka-client-2.0.6.jar:2.0.6]
	at com.netflix.discovery.shared.transport.decorator.EurekaHttpClientDecorator.sendHeartBeat(EurekaHttpClientDecorator.java:89) ~[eureka-client-2.0.6.jar:2.0.6]
	at com.netflix.discovery.shared.transport.decorator.EurekaHttpClientDecorator$3.execute(EurekaHttpClientDecorator.java:92) ~[eureka-client-2.0.6.jar:2.0.6]
	at com.netflix.discovery.shared.transport.decorator.SessionedEurekaHttpClient.execute(SessionedEurekaHttpClient.java:76) ~[eureka-client-2.0.6.jar:2.0.6]
	at com.netflix.discovery.shared.transport.decorator.EurekaHttpClientDecorator.sendHeartBeat(EurekaHttpClientDecorator.java:89) ~[eureka-client-2.0.6.jar:2.0.6]
	at com.netflix.discovery.DiscoveryClient.renew(DiscoveryClient.java:860) ~[eureka-client-2.0.6.jar:2.0.6]
	at com.netflix.discovery.DiscoveryClient$HeartbeatThread.run(DiscoveryClient.java:1418) ~[eureka-client-2.0.6.jar:2.0.6]
	at java.base/java.util.concurrent.Executors$RunnableAdapter.call(Executors.java:545) ~[na:na]
	at java.base/java.util.concurrent.FutureTask.run(FutureTask.java:328) ~[na:na]
	at java.base/java.util.concurrent.ThreadPoolExecutor.runWorker(ThreadPoolExecutor.java:1090) ~[na:na]
	at java.base/java.util.concurrent.ThreadPoolExecutor$Worker.run(ThreadPoolExecutor.java:614) ~[na:na]
	at java.base/java.lang.Thread.run(Thread.java:1474) ~[na:na]

2026-07-24T13:48:38.029+05:30  INFO 17510 --- [UserModule] [DiscoveryClient-HeartbeatExecutor-%d] c.n.d.s.t.d.RedirectingEurekaHttpClient  : Request execution error. endpoint=DefaultEndpoint{ serviceUrl='http://localhost:8761/eureka/}, exception=Error while extracting response for type [com.netflix.appinfo.InstanceInfo] and content type [application/json]

org.springframework.web.client.RestClientException: Error while extracting response for type [com.netflix.appinfo.InstanceInfo] and content type [application/json]
	at org.springframework.web.client.DefaultRestClient.readWithMessageConverters(DefaultRestClient.java:274) ~[spring-web-7.0.8.jar:7.0.8]
	at org.springframework.web.client.DefaultRestClient$DefaultResponseSpec.readBody(DefaultRestClient.java:931) ~[spring-web-7.0.8.jar:7.0.8]
	at org.springframework.web.client.DefaultRestClient$DefaultResponseSpec.lambda$toEntityInternal$0(DefaultRestClient.java:871) ~[spring-web-7.0.8.jar:7.0.8]
	at org.springframework.web.client.DefaultRestClient$DefaultRequestBodyUriSpec.exchangeInternal(DefaultRestClient.java:617) ~[spring-web-7.0.8.jar:7.0.8]
	at org.springframework.web.client.DefaultRestClient$DefaultRequestBodyUriSpec.exchange(DefaultRestClient.java:572) ~[spring-web-7.0.8.jar:7.0.8]
	at org.springframework.web.client.RestClient$RequestHeadersSpec.exchange(RestClient.java:747) ~[spring-web-7.0.8.jar:7.0.8]
	at org.springframework.web.client.DefaultRestClient$DefaultResponseSpec.executeAndExtract(DefaultRestClient.java:924) ~[spring-web-7.0.8.jar:7.0.8]
	at org.springframework.web.client.DefaultRestClient$DefaultResponseSpec.toEntityInternal(DefaultRestClient.java:870) ~[spring-web-7.0.8.jar:7.0.8]
	at org.springframework.web.client.DefaultRestClient$DefaultResponseSpec.toEntity(DefaultRestClient.java:859) ~[spring-web-7.0.8.jar:7.0.8]
	at org.springframework.cloud.netflix.eureka.http.RestClientEurekaHttpClient.sendHeartBeat(RestClientEurekaHttpClient.java:91) ~[spring-cloud-netflix-eureka-client-5.0.2.jar:5.0.2]
	at com.netflix.discovery.shared.transport.decorator.EurekaHttpClientDecorator$3.execute(EurekaHttpClientDecorator.java:92) ~[eureka-client-2.0.6.jar:2.0.6]
	at com.netflix.discovery.shared.transport.decorator.RedirectingEurekaHttpClient.executeOnNewServer(RedirectingEurekaHttpClient.java:120) ~[eureka-client-2.0.6.jar:2.0.6]
	at com.netflix.discovery.shared.transport.decorator.RedirectingEurekaHttpClient.execute(RedirectingEurekaHttpClient.java:79) ~[eureka-client-2.0.6.jar:2.0.6]
	at com.netflix.discovery.shared.transport.decorator.EurekaHttpClientDecorator.sendHeartBeat(EurekaHttpClientDecorator.java:89) ~[eureka-client-2.0.6.jar:2.0.6]
	at com.netflix.discovery.shared.transport.decorator.EurekaHttpClientDecorator$3.execute(EurekaHttpClientDecorator.java:92) ~[eureka-client-2.0.6.jar:2.0.6]
	at com.netflix.discovery.shared.transport.decorator.RetryableEurekaHttpClient.execute(RetryableEurekaHttpClient.java:120) ~[eureka-client-2.0.6.jar:2.0.6]
	at com.netflix.discovery.shared.transport.decorator.EurekaHttpClientDecorator.sendHeartBeat(EurekaHttpClientDecorator.java:89) ~[eureka-client-2.0.6.jar:2.0.6]
	at com.netflix.discovery.shared.transport.decorator.EurekaHttpClientDecorator$3.execute(EurekaHttpClientDecorator.java:92) ~[eureka-client-2.0.6.jar:2.0.6]
	at com.netflix.discovery.shared.transport.decorator.SessionedEurekaHttpClient.execute(SessionedEurekaHttpClient.java:76) ~[eureka-client-2.0.6.jar:2.0.6]
	at com.netflix.discovery.shared.transport.decorator.EurekaHttpClientDecorator.sendHeartBeat(EurekaHttpClientDecorator.java:89) ~[eureka-client-2.0.6.jar:2.0.6]
	at com.netflix.discovery.DiscoveryClient.renew(DiscoveryClient.java:860) ~[eureka-client-2.0.6.jar:2.0.6]
	at com.netflix.discovery.DiscoveryClient$HeartbeatThread.run(DiscoveryClient.java:1418) ~[eureka-client-2.0.6.jar:2.0.6]
	at java.base/java.util.concurrent.Executors$RunnableAdapter.call(Executors.java:545) ~[na:na]
	at java.base/java.util.concurrent.FutureTask.run(FutureTask.java:328) ~[na:na]
	at java.base/java.util.concurrent.ThreadPoolExecutor.runWorker(ThreadPoolExecutor.java:1090) ~[na:na]
	at java.base/java.util.concurrent.ThreadPoolExecutor$Worker.run(ThreadPoolExecutor.java:614) ~[na:na]
	at java.base/java.lang.Thread.run(Thread.java:1474) ~[na:na]
Caused by: org.springframework.http.converter.HttpMessageNotReadableException: JSON parse error: Root name ('timestamp') does not match expected ('instance') for type `com.netflix.appinfo.InstanceInfo`
	at org.springframework.http.converter.json.AbstractJackson2HttpMessageConverter.readJavaType(AbstractJackson2HttpMessageConverter.java:408) ~[spring-web-7.0.8.jar:7.0.8]
	at org.springframework.http.converter.json.AbstractJackson2HttpMessageConverter.read(AbstractJackson2HttpMessageConverter.java:356) ~[spring-web-7.0.8.jar:7.0.8]
	at org.springframework.web.client.DefaultRestClient.readWithMessageConverters(DefaultRestClient.java:237) ~[spring-web-7.0.8.jar:7.0.8]
	... 26 common frames omitted
Caused by: com.fasterxml.jackson.databind.exc.MismatchedInputException: Root name ('timestamp') does not match expected ('instance') for type `com.netflix.appinfo.InstanceInfo`
 at [Source: REDACTED (`StreamReadFeature.INCLUDE_SOURCE_IN_LOCATION` disabled); line: 1, column: 2] (through reference chain: com.netflix.appinfo.InstanceInfo["timestamp"])
	at com.fasterxml.jackson.databind.exc.MismatchedInputException.from(MismatchedInputException.java:76) ~[jackson-databind-2.21.4.jar:2.21.4]
	at com.fasterxml.jackson.databind.DeserializationContext.reportPropertyInputMismatch(DeserializationContext.java:1849) ~[jackson-databind-2.21.4.jar:2.21.4]
	at com.fasterxml.jackson.databind.DeserializationContext.reportPropertyInputMismatch(DeserializationContext.java:1865) ~[jackson-databind-2.21.4.jar:2.21.4]
	at com.fasterxml.jackson.databind.deser.DefaultDeserializationContext._unwrapAndDeserialize(DefaultDeserializationContext.java:367) ~[jackson-databind-2.21.4.jar:2.21.4]
	at com.fasterxml.jackson.databind.deser.DefaultDeserializationContext.readRootValue(DefaultDeserializationContext.java:339) ~[jackson-databind-2.21.4.jar:2.21.4]
	at com.fasterxml.jackson.databind.ObjectReader._bindAndClose(ObjectReader.java:2148) ~[jackson-databind-2.21.4.jar:2.21.4]
	at com.fasterxml.jackson.databind.ObjectReader.readValue(ObjectReader.java:1504) ~[jackson-databind-2.21.4.jar:2.21.4]
	at org.springframework.http.converter.json.AbstractJackson2HttpMessageConverter.readJavaType(AbstractJackson2HttpMessageConverter.java:397) ~[spring-web-7.0.8.jar:7.0.8]
	... 28 common frames omitted

2026-07-24T13:48:38.030+05:30  WARN 17510 --- [UserModule] [DiscoveryClient-HeartbeatExecutor-%d] c.n.d.s.t.d.RetryableEurekaHttpClient    : Request execution failed with message: Error while extracting response for type [com.netflix.appinfo.InstanceInfo] and content type [application/json]
2026-07-24T13:48:38.030+05:30 ERROR 17510 --- [UserModule] [DiscoveryClient-HeartbeatExecutor-%d] com.netflix.discovery.DiscoveryClient    : DiscoveryClient_USERMODULE/null - was unable to send heartbeat!

com.netflix.discovery.shared.transport.TransportException: Cannot execute request on any known server
	at com.netflix.discovery.shared.transport.decorator.RetryableEurekaHttpClient.execute(RetryableEurekaHttpClient.java:112) ~[eureka-client-2.0.6.jar:2.0.6]
	at com.netflix.discovery.shared.transport.decorator.EurekaHttpClientDecorator.sendHeartBeat(EurekaHttpClientDecorator.java:89) ~[eureka-client-2.0.6.jar:2.0.6]
	at com.netflix.discovery.shared.transport.decorator.EurekaHttpClientDecorator$3.execute(EurekaHttpClientDecorator.java:92) ~[eureka-client-2.0.6.jar:2.0.6]
	at com.netflix.discovery.shared.transport.decorator.SessionedEurekaHttpClient.execute(SessionedEurekaHttpClient.java:76) ~[eureka-client-2.0.6.jar:2.0.6]
	at com.netflix.discovery.shared.transport.decorator.EurekaHttpClientDecorator.sendHeartBeat(EurekaHttpClientDecorator.java:89) ~[eureka-client-2.0.6.jar:2.0.6]
	at com.netflix.discovery.DiscoveryClient.renew(DiscoveryClient.java:860) ~[eureka-client-2.0.6.jar:2.0.6]
	at com.netflix.discovery.DiscoveryClient$HeartbeatThread.run(DiscoveryClient.java:1418) ~[eureka-client-2.0.6.jar:2.0.6]
	at java.base/java.util.concurrent.Executors$RunnableAdapter.call(Executors.java:545) ~[na:na]
	at java.base/java.util.concurrent.FutureTask.run(FutureTask.java:328) ~[na:na]
	at java.base/java.util.concurrent.ThreadPoolExecutor.runWorker(ThreadPoolExecutor.java:1090) ~[na:na]
	at java.base/java.util.concurrent.ThreadPoolExecutor$Worker.run(ThreadPoolExecutor.java:614) ~[na:na]
	at java.base/java.lang.Thread.run(Thread.java:1474) ~[na:na]

2026-07-24T13:48:42.905+05:30  INFO 17510 --- [UserModule] [DiscoveryClient-CacheRefreshExecutor-%d] com.netflix.discovery.DiscoveryClient    : Disable delta property : false
2026-07-24T13:48:42.906+05:30  INFO 17510 --- [UserModule] [DiscoveryClient-CacheRefreshExecutor-%d] com.netflix.discovery.DiscoveryClient    : Single vip registry refresh property : null
2026-07-24T13:48:42.906+05:30  INFO 17510 --- [UserModule] [DiscoveryClient-CacheRefreshExecutor-%d] com.netflix.discovery.DiscoveryClient    : Force full registry fetch : false
2026-07-24T13:48:42.906+05:30  INFO 17510 --- [UserModule] [DiscoveryClient-CacheRefreshExecutor-%d] com.netflix.discovery.DiscoveryClient    : Application is null : false
2026-07-24T13:48:42.906+05:30  INFO 17510 --- [UserModule] [DiscoveryClient-CacheRefreshExecutor-%d] com.netflix.discovery.DiscoveryClient    : Registered Applications size is zero : true
2026-07-24T13:48:42.906+05:30  INFO 17510 --- [UserModule] [DiscoveryClient-CacheRefreshExecutor-%d] com.netflix.discovery.DiscoveryClient    : Application version is -1: false
2026-07-24T13:48:42.906+05:30  INFO 17510 --- [UserModule] [DiscoveryClient-CacheRefreshExecutor-%d] com.netflix.discovery.DiscoveryClient    : Getting all instance registry info from the eureka server
2026-07-24T13:48:42.914+05:30  INFO 17510 --- [UserModule] [DiscoveryClient-CacheRefreshExecutor-%d] com.netflix.discovery.DiscoveryClient    : The response status is 200
2026-07-24T13:48:42.931+05:30  INFO 17510 --- [UserModule] [DiscoveryClient-InstanceInfoReplicator-%d] com.netflix.discovery.DiscoveryClient    : DiscoveryClient_USERMODULE/null: registering service...
2026-07-24T13:48:42.947+05:30  WARN 17510 --- [UserModule] [DiscoveryClient-InstanceInfoReplicator-%d] c.n.d.s.t.d.RetryableEurekaHttpClient    : Request execution failure with status code 400; retrying on another server if available
2026-07-24T13:48:42.947+05:30  WARN 17510 --- [UserModule] [DiscoveryClient-InstanceInfoReplicator-%d] com.netflix.discovery.DiscoveryClient    : DiscoveryClient_USERMODULE/null - registration failed Cannot execute request on any known server

com.netflix.discovery.shared.transport.TransportException: Cannot execute request on any known server
	at com.netflix.discovery.shared.transport.decorator.RetryableEurekaHttpClient.execute(RetryableEurekaHttpClient.java:112) ~[eureka-client-2.0.6.jar:2.0.6]
	at com.netflix.discovery.shared.transport.decorator.EurekaHttpClientDecorator.register(EurekaHttpClientDecorator.java:56) ~[eureka-client-2.0.6.jar:2.0.6]
	at com.netflix.discovery.shared.transport.decorator.EurekaHttpClientDecorator$1.execute(EurekaHttpClientDecorator.java:59) ~[eureka-client-2.0.6.jar:2.0.6]
	at com.netflix.discovery.shared.transport.decorator.SessionedEurekaHttpClient.execute(SessionedEurekaHttpClient.java:76) ~[eureka-client-2.0.6.jar:2.0.6]
	at com.netflix.discovery.shared.transport.decorator.EurekaHttpClientDecorator.register(EurekaHttpClientDecorator.java:56) ~[eureka-client-2.0.6.jar:2.0.6]
	at com.netflix.discovery.DiscoveryClient.register(DiscoveryClient.java:843) ~[eureka-client-2.0.6.jar:2.0.6]
	at com.netflix.discovery.InstanceInfoReplicator.run(InstanceInfoReplicator.java:125) ~[eureka-client-2.0.6.jar:2.0.6]
	at java.base/java.util.concurrent.Executors$RunnableAdapter.call(Executors.java:545) ~[na:na]
	at java.base/java.util.concurrent.FutureTask.run(FutureTask.java:328) ~[na:na]
	at java.base/java.util.concurrent.ScheduledThreadPoolExecutor$ScheduledFutureTask.run(ScheduledThreadPoolExecutor.java:309) ~[na:na]
	at java.base/java.util.concurrent.ThreadPoolExecutor.runWorker(ThreadPoolExecutor.java:1090) ~[na:na]
	at java.base/java.util.concurrent.ThreadPoolExecutor$Worker.run(ThreadPoolExecutor.java:614) ~[na:na]
	at java.base/java.lang.Thread.run(Thread.java:1474) ~[na:na]

2026-07-24T13:48:42.948+05:30  WARN 17510 --- [UserModule] [DiscoveryClient-InstanceInfoReplicator-%d] c.n.discovery.InstanceInfoReplicator     : There was a problem with the instance info replicator

com.netflix.discovery.shared.transport.TransportException: Cannot execute request on any known server
	at com.netflix.discovery.shared.transport.decorator.RetryableEurekaHttpClient.execute(RetryableEurekaHttpClient.java:112) ~[eureka-client-2.0.6.jar:2.0.6]
	at com.netflix.discovery.shared.transport.decorator.EurekaHttpClientDecorator.register(EurekaHttpClientDecorator.java:56) ~[eureka-client-2.0.6.jar:2.0.6]
	at com.netflix.discovery.shared.transport.decorator.EurekaHttpClientDecorator$1.execute(EurekaHttpClientDecorator.java:59) ~[eureka-client-2.0.6.jar:2.0.6]
	at com.netflix.discovery.shared.transport.decorator.SessionedEurekaHttpClient.execute(SessionedEurekaHttpClient.java:76) ~[eureka-client-2.0.6.jar:2.0.6]
	at com.netflix.discovery.shared.transport.decorator.EurekaHttpClientDecorator.register(EurekaHttpClientDecorator.java:56) ~[eureka-client-2.0.6.jar:2.0.6]
	at com.netflix.discovery.DiscoveryClient.register(DiscoveryClient.java:843) ~[eureka-client-2.0.6.jar:2.0.6]
	at com.netflix.discovery.InstanceInfoReplicator.run(InstanceInfoReplicator.java:125) ~[eureka-client-2.0.6.jar:2.0.6]
	at java.base/java.util.concurrent.Executors$RunnableAdapter.call(Executors.java:545) ~[na:na]
	at java.base/java.util.concurrent.FutureTask.run(FutureTask.java:328) ~[na:na]
	at java.base/java.util.concurrent.ScheduledThreadPoolExecutor$ScheduledFutureTask.run(ScheduledThreadPoolExecutor.java:309) ~[na:na]
	at java.base/java.util.concurrent.ThreadPoolExecutor.runWorker(ThreadPoolExecutor.java:1090) ~[na:na]
	at java.base/java.util.concurrent.ThreadPoolExecutor$Worker.run(ThreadPoolExecutor.java:614) ~[na:na]
	at java.base/java.lang.Thread.run(Thread.java:1474) ~[na:na]

2026-07-24T13:48:43.047+05:30  INFO 17510 --- [UserModule] [DiscoveryClient-HeartbeatExecutor-%d] c.n.d.s.t.d.RedirectingEurekaHttpClient  : Request execution error. endpoint=DefaultEndpoint{ serviceUrl='http://localhost:8761/eureka/}, exception=Error while extracting response for type [com.netflix.appinfo.InstanceInfo] and content type [application/json]

org.springframework.web.client.RestClientException: Error while extracting response for type [com.netflix.appinfo.InstanceInfo] and content type [application/json]
	at org.springframework.web.client.DefaultRestClient.readWithMessageConverters(DefaultRestClient.java:274) ~[spring-web-7.0.8.jar:7.0.8]
	at org.springframework.web.client.DefaultRestClient$DefaultResponseSpec.readBody(DefaultRestClient.java:931) ~[spring-web-7.0.8.jar:7.0.8]
	at org.springframework.web.client.DefaultRestClient$DefaultResponseSpec.lambda$toEntityInternal$0(DefaultRestClient.java:871) ~[spring-web-7.0.8.jar:7.0.8]
	at org.springframework.web.client.DefaultRestClient$DefaultRequestBodyUriSpec.exchangeInternal(DefaultRestClient.java:617) ~[spring-web-7.0.8.jar:7.0.8]
	at org.springframework.web.client.DefaultRestClient$DefaultRequestBodyUriSpec.exchange(DefaultRestClient.java:572) ~[spring-web-7.0.8.jar:7.0.8]
	at org.springframework.web.client.RestClient$RequestHeadersSpec.exchange(RestClient.java:747) ~[spring-web-7.0.8.jar:7.0.8]
	at org.springframework.web.client.DefaultRestClient$DefaultResponseSpec.executeAndExtract(DefaultRestClient.java:924) ~[spring-web-7.0.8.jar:7.0.8]
	at org.springframework.web.client.DefaultRestClient$DefaultResponseSpec.toEntityInternal(DefaultRestClient.java:870) ~[spring-web-7.0.8.jar:7.0.8]
	at org.springframework.web.client.DefaultRestClient$DefaultResponseSpec.toEntity(DefaultRestClient.java:859) ~[spring-web-7.0.8.jar:7.0.8]
	at org.springframework.cloud.netflix.eureka.http.RestClientEurekaHttpClient.sendHeartBeat(RestClientEurekaHttpClient.java:91) ~[spring-cloud-netflix-eureka-client-5.0.2.jar:5.0.2]
	at com.netflix.discovery.shared.transport.decorator.EurekaHttpClientDecorator$3.execute(EurekaHttpClientDecorator.java:92) ~[eureka-client-2.0.6.jar:2.0.6]
	at com.netflix.discovery.shared.transport.decorator.RedirectingEurekaHttpClient.executeOnNewServer(RedirectingEurekaHttpClient.java:120) ~[eureka-client-2.0.6.jar:2.0.6]
	at com.netflix.discovery.shared.transport.decorator.RedirectingEurekaHttpClient.execute(RedirectingEurekaHttpClient.java:79) ~[eureka-client-2.0.6.jar:2.0.6]
	at com.netflix.discovery.shared.transport.decorator.EurekaHttpClientDecorator.sendHeartBeat(EurekaHttpClientDecorator.java:89) ~[eureka-client-2.0.6.jar:2.0.6]
	at com.netflix.discovery.shared.transport.decorator.EurekaHttpClientDecorator$3.execute(EurekaHttpClientDecorator.java:92) ~[eureka-client-2.0.6.jar:2.0.6]
	at com.netflix.discovery.shared.transport.decorator.RetryableEurekaHttpClient.execute(RetryableEurekaHttpClient.java:120) ~[eureka-client-2.0.6.jar:2.0.6]
	at com.netflix.discovery.shared.transport.decorator.EurekaHttpClientDecorator.sendHeartBeat(EurekaHttpClientDecorator.java:89) ~[eureka-client-2.0.6.jar:2.0.6]
	at com.netflix.discovery.shared.transport.decorator.EurekaHttpClientDecorator$3.execute(EurekaHttpClientDecorator.java:92) ~[eureka-client-2.0.6.jar:2.0.6]
	at com.netflix.discovery.shared.transport.decorator.SessionedEurekaHttpClient.execute(SessionedEurekaHttpClient.java:76) ~[eureka-client-2.0.6.jar:2.0.6]
	at com.netflix.discovery.shared.transport.decorator.EurekaHttpClientDecorator.sendHeartBeat(EurekaHttpClientDecorator.java:89) ~[eureka-client-2.0.6.jar:2.0.6]
	at com.netflix.discovery.DiscoveryClient.renew(DiscoveryClient.java:860) ~[eureka-client-2.0.6.jar:2.0.6]
	at com.netflix.discovery.DiscoveryClient$HeartbeatThread.run(DiscoveryClient.java:1418) ~[eureka-client-2.0.6.jar:2.0.6]
	at java.base/java.util.concurrent.Executors$RunnableAdapter.call(Executors.java:545) ~[na:na]
	at java.base/java.util.concurrent.FutureTask.run(FutureTask.java:328) ~[na:na]
	at java.base/java.util.concurrent.ThreadPoolExecutor.runWorker(ThreadPoolExecutor.java:1090) ~[na:na]
	at java.base/java.util.concurrent.ThreadPoolExecutor$Worker.run(ThreadPoolExecutor.java:614) ~[na:na]
	at java.base/java.lang.Thread.run(Thread.java:1474) ~[na:na]
Caused by: org.springframework.http.converter.HttpMessageNotReadableException: JSON parse error: Root name ('timestamp') does not match expected ('instance') for type `com.netflix.appinfo.InstanceInfo`
	at org.springframework.http.converter.json.AbstractJackson2HttpMessageConverter.readJavaType(AbstractJackson2HttpMessageConverter.java:408) ~[spring-web-7.0.8.jar:7.0.8]
	at org.springframework.http.converter.json.AbstractJackson2HttpMessageConverter.read(AbstractJackson2HttpMessageConverter.java:356) ~[spring-web-7.0.8.jar:7.0.8]
	at org.springframework.web.client.DefaultRestClient.readWithMessageConverters(DefaultRestClient.java:237) ~[spring-web-7.0.8.jar:7.0.8]
	... 26 common frames omitted
Caused by: com.fasterxml.jackson.databind.exc.MismatchedInputException: Root name ('timestamp') does not match expected ('instance') for type `com.netflix.appinfo.InstanceInfo`
 at [Source: REDACTED (`StreamReadFeature.INCLUDE_SOURCE_IN_LOCATION` disabled); line: 1, column: 2] (through reference chain: com.netflix.appinfo.InstanceInfo["timestamp"])
	at com.fasterxml.jackson.databind.exc.MismatchedInputException.from(MismatchedInputException.java:76) ~[jackson-databind-2.21.4.jar:2.21.4]
	at com.fasterxml.jackson.databind.DeserializationContext.reportPropertyInputMismatch(DeserializationContext.java:1849) ~[jackson-databind-2.21.4.jar:2.21.4]
	at com.fasterxml.jackson.databind.DeserializationContext.reportPropertyInputMismatch(DeserializationContext.java:1865) ~[jackson-databind-2.21.4.jar:2.21.4]
	at com.fasterxml.jackson.databind.deser.DefaultDeserializationContext._unwrapAndDeserialize(DefaultDeserializationContext.java:367) ~[jackson-databind-2.21.4.jar:2.21.4]
	at com.fasterxml.jackson.databind.deser.DefaultDeserializationContext.readRootValue(DefaultDeserializationContext.java:339) ~[jackson-databind-2.21.4.jar:2.21.4]
	at com.fasterxml.jackson.databind.ObjectReader._bindAndClose(ObjectReader.java:2148) ~[jackson-databind-2.21.4.jar:2.21.4]
	at com.fasterxml.jackson.databind.ObjectReader.readValue(ObjectReader.java:1504) ~[jackson-databind-2.21.4.jar:2.21.4]
	at org.springframework.http.converter.json.AbstractJackson2HttpMessageConverter.readJavaType(AbstractJackson2HttpMessageConverter.java:397) ~[spring-web-7.0.8.jar:7.0.8]
	... 28 common frames omitted

2026-07-24T13:48:43.048+05:30  WARN 17510 --- [UserModule] [DiscoveryClient-HeartbeatExecutor-%d] c.n.d.s.t.d.RetryableEurekaHttpClient    : Request execution failed with message: Error while extracting response for type [com.netflix.appinfo.InstanceInfo] and content type [application/json]
2026-07-24T13:48:43.048+05:30 ERROR 17510 --- [UserModule] [DiscoveryClient-HeartbeatExecutor-%d] com.netflix.discovery.DiscoveryClient    : DiscoveryClient_USERMODULE/null - was unable to send heartbeat!

com.netflix.discovery.shared.transport.TransportException: Cannot execute request on any known server
	at com.netflix.discovery.shared.transport.decorator.RetryableEurekaHttpClient.execute(RetryableEurekaHttpClient.java:112) ~[eureka-client-2.0.6.jar:2.0.6]
	at com.netflix.discovery.shared.transport.decorator.EurekaHttpClientDecorator.sendHeartBeat(EurekaHttpClientDecorator.java:89) ~[eureka-client-2.0.6.jar:2.0.6]
	at com.netflix.discovery.shared.transport.decorator.EurekaHttpClientDecorator$3.execute(EurekaHttpClientDecorator.java:92) ~[eureka-client-2.0.6.jar:2.0.6]
	at com.netflix.discovery.shared.transport.decorator.SessionedEurekaHttpClient.execute(SessionedEurekaHttpClient.java:76) ~[eureka-client-2.0.6.jar:2.0.6]
	at com.netflix.discovery.shared.transport.decorator.EurekaHttpClientDecorator.sendHeartBeat(EurekaHttpClientDecorator.java:89) ~[eureka-client-2.0.6.jar:2.0.6]
	at com.netflix.discovery.DiscoveryClient.renew(DiscoveryClient.java:860) ~[eureka-client-2.0.6.jar:2.0.6]
	at com.netflix.discovery.DiscoveryClient$HeartbeatThread.run(DiscoveryClient.java:1418) ~[eureka-client-2.0.6.jar:2.0.6]
	at java.base/java.util.concurrent.Executors$RunnableAdapter.call(Executors.java:545) ~[na:na]
	at java.base/java.util.concurrent.FutureTask.run(FutureTask.java:328) ~[na:na]
	at java.base/java.util.concurrent.ThreadPoolExecutor.runWorker(ThreadPoolExecutor.java:1090) ~[na:na]
	at java.base/java.util.concurrent.ThreadPoolExecutor$Worker.run(ThreadPoolExecutor.java:614) ~[na:na]
	at java.base/java.lang.Thread.run(Thread.java:1474) ~[na:na]

2026-07-24T13:48:48.063+05:30  INFO 17510 --- [UserModule] [DiscoveryClient-HeartbeatExecutor-%d] c.n.d.s.t.d.RedirectingEurekaHttpClient  : Request execution error. endpoint=DefaultEndpoint{ serviceUrl='http://localhost:8761/eureka/}, exception=Error while extracting response for type [com.netflix.appinfo.InstanceInfo] and content type [application/json]

org.springframework.web.client.RestClientException: Error while extracting response for type [com.netflix.appinfo.InstanceInfo] and content type [application/json]
	at org.springframework.web.client.DefaultRestClient.readWithMessageConverters(DefaultRestClient.java:274) ~[spring-web-7.0.8.jar:7.0.8]
	at org.springframework.web.client.DefaultRestClient$DefaultResponseSpec.readBody(DefaultRestClient.java:931) ~[spring-web-7.0.8.jar:7.0.8]
	at org.springframework.web.client.DefaultRestClient$DefaultResponseSpec.lambda$toEntityInternal$0(DefaultRestClient.java:871) ~[spring-web-7.0.8.jar:7.0.8]
	at org.springframework.web.client.DefaultRestClient$DefaultRequestBodyUriSpec.exchangeInternal(DefaultRestClient.java:617) ~[spring-web-7.0.8.jar:7.0.8]
	at org.springframework.web.client.DefaultRestClient$DefaultRequestBodyUriSpec.exchange(DefaultRestClient.java:572) ~[spring-web-7.0.8.jar:7.0.8]
	at org.springframework.web.client.RestClient$RequestHeadersSpec.exchange(RestClient.java:747) ~[spring-web-7.0.8.jar:7.0.8]
	at org.springframework.web.client.DefaultRestClient$DefaultResponseSpec.executeAndExtract(DefaultRestClient.java:924) ~[spring-web-7.0.8.jar:7.0.8]
	at org.springframework.web.client.DefaultRestClient$DefaultResponseSpec.toEntityInternal(DefaultRestClient.java:870) ~[spring-web-7.0.8.jar:7.0.8]
	at org.springframework.web.client.DefaultRestClient$DefaultResponseSpec.toEntity(DefaultRestClient.java:859) ~[spring-web-7.0.8.jar:7.0.8]
	at org.springframework.cloud.netflix.eureka.http.RestClientEurekaHttpClient.sendHeartBeat(RestClientEurekaHttpClient.java:91) ~[spring-cloud-netflix-eureka-client-5.0.2.jar:5.0.2]
	at com.netflix.discovery.shared.transport.decorator.EurekaHttpClientDecorator$3.execute(EurekaHttpClientDecorator.java:92) ~[eureka-client-2.0.6.jar:2.0.6]
	at com.netflix.discovery.shared.transport.decorator.RedirectingEurekaHttpClient.executeOnNewServer(RedirectingEurekaHttpClient.java:120) ~[eureka-client-2.0.6.jar:2.0.6]
	at com.netflix.discovery.shared.transport.decorator.RedirectingEurekaHttpClient.execute(RedirectingEurekaHttpClient.java:79) ~[eureka-client-2.0.6.jar:2.0.6]
	at com.netflix.discovery.shared.transport.decorator.EurekaHttpClientDecorator.sendHeartBeat(EurekaHttpClientDecorator.java:89) ~[eureka-client-2.0.6.jar:2.0.6]
	at com.netflix.discovery.shared.transport.decorator.EurekaHttpClientDecorator$3.execute(EurekaHttpClientDecorator.java:92) ~[eureka-client-2.0.6.jar:2.0.6]
	at com.netflix.discovery.shared.transport.decorator.RetryableEurekaHttpClient.execute(RetryableEurekaHttpClient.java:120) ~[eureka-client-2.0.6.jar:2.0.6]
	at com.netflix.discovery.shared.transport.decorator.EurekaHttpClientDecorator.sendHeartBeat(EurekaHttpClientDecorator.java:89) ~[eureka-client-2.0.6.jar:2.0.6]
	at com.netflix.discovery.shared.transport.decorator.EurekaHttpClientDecorator$3.execute(EurekaHttpClientDecorator.java:92) ~[eureka-client-2.0.6.jar:2.0.6]
	at com.netflix.discovery.shared.transport.decorator.SessionedEurekaHttpClient.execute(SessionedEurekaHttpClient.java:76) ~[eureka-client-2.0.6.jar:2.0.6]
	at com.netflix.discovery.shared.transport.decorator.EurekaHttpClientDecorator.sendHeartBeat(EurekaHttpClientDecorator.java:89) ~[eureka-client-2.0.6.jar:2.0.6]
	at com.netflix.discovery.DiscoveryClient.renew(DiscoveryClient.java:860) ~[eureka-client-2.0.6.jar:2.0.6]
	at com.netflix.discovery.DiscoveryClient$HeartbeatThread.run(DiscoveryClient.java:1418) ~[eureka-client-2.0.6.jar:2.0.6]
	at java.base/java.util.concurrent.Executors$RunnableAdapter.call(Executors.java:545) ~[na:na]
	at java.base/java.util.concurrent.FutureTask.run(FutureTask.java:328) ~[na:na]
	at java.base/java.util.concurrent.ThreadPoolExecutor.runWorker(ThreadPoolExecutor.java:1090) ~[na:na]
	at java.base/java.util.concurrent.ThreadPoolExecutor$Worker.run(ThreadPoolExecutor.java:614) ~[na:na]
	at java.base/java.lang.Thread.run(Thread.java:1474) ~[na:na]
Caused by: org.springframework.http.converter.HttpMessageNotReadableException: JSON parse error: Root name ('timestamp') does not match expected ('instance') for type `com.netflix.appinfo.InstanceInfo`
	at org.springframework.http.converter.json.AbstractJackson2HttpMessageConverter.readJavaType(AbstractJackson2HttpMessageConverter.java:408) ~[spring-web-7.0.8.jar:7.0.8]
	at org.springframework.http.converter.json.AbstractJackson2HttpMessageConverter.read(AbstractJackson2HttpMessageConverter.java:356) ~[spring-web-7.0.8.jar:7.0.8]
	at org.springframework.web.client.DefaultRestClient.readWithMessageConverters(DefaultRestClient.java:237) ~[spring-web-7.0.8.jar:7.0.8]
	... 26 common frames omitted
Caused by: com.fasterxml.jackson.databind.exc.MismatchedInputException: Root name ('timestamp') does not match expected ('instance') for type `com.netflix.appinfo.InstanceInfo`
 at [Source: REDACTED (`StreamReadFeature.INCLUDE_SOURCE_IN_LOCATION` disabled); line: 1, column: 2] (through reference chain: com.netflix.appinfo.InstanceInfo["timestamp"])
	at com.fasterxml.jackson.databind.exc.MismatchedInputException.from(MismatchedInputException.java:76) ~[jackson-databind-2.21.4.jar:2.21.4]
	at com.fasterxml.jackson.databind.DeserializationContext.reportPropertyInputMismatch(DeserializationContext.java:1849) ~[jackson-databind-2.21.4.jar:2.21.4]
	at com.fasterxml.jackson.databind.DeserializationContext.reportPropertyInputMismatch(DeserializationContext.java:1865) ~[jackson-databind-2.21.4.jar:2.21.4]
	at com.fasterxml.jackson.databind.deser.DefaultDeserializationContext._unwrapAndDeserialize(DefaultDeserializationContext.java:367) ~[jackson-databind-2.21.4.jar:2.21.4]
	at com.fasterxml.jackson.databind.deser.DefaultDeserializationContext.readRootValue(DefaultDeserializationContext.java:339) ~[jackson-databind-2.21.4.jar:2.21.4]
	at com.fasterxml.jackson.databind.ObjectReader._bindAndClose(ObjectReader.java:2148) ~[jackson-databind-2.21.4.jar:2.21.4]
	at com.fasterxml.jackson.databind.ObjectReader.readValue(ObjectReader.java:1504) ~[jackson-databind-2.21.4.jar:2.21.4]
	at org.springframework.http.converter.json.AbstractJackson2HttpMessageConverter.readJavaType(AbstractJackson2HttpMessageConverter.java:397) ~[spring-web-7.0.8.jar:7.0.8]
	... 28 common frames omitted

2026-07-24T13:48:48.063+05:30  WARN 17510 --- [UserModule] [DiscoveryClient-HeartbeatExecutor-%d] c.n.d.s.t.d.RetryableEurekaHttpClient    : Request execution failed with message: Error while extracting response for type [com.netflix.appinfo.InstanceInfo] and content type [application/json]
2026-07-24T13:48:48.064+05:30 ERROR 17510 --- [UserModule] [DiscoveryClient-HeartbeatExecutor-%d] com.netflix.discovery.DiscoveryClient    : DiscoveryClient_USERMODULE/null - was unable to send heartbeat!

com.netflix.discovery.shared.transport.TransportException: Cannot execute request on any known server
	at com.netflix.discovery.shared.transport.decorator.RetryableEurekaHttpClient.execute(RetryableEurekaHttpClient.java:112) ~[eureka-client-2.0.6.jar:2.0.6]
	at com.netflix.discovery.shared.transport.decorator.EurekaHttpClientDecorator.sendHeartBeat(EurekaHttpClientDecorator.java:89) ~[eureka-client-2.0.6.jar:2.0.6]
	at com.netflix.discovery.shared.transport.decorator.EurekaHttpClientDecorator$3.execute(EurekaHttpClientDecorator.java:92) ~[eureka-client-2.0.6.jar:2.0.6]
	at com.netflix.discovery.shared.transport.decorator.SessionedEurekaHttpClient.execute(SessionedEurekaHttpClient.java:76) ~[eureka-client-2.0.6.jar:2.0.6]
	at com.netflix.discovery.shared.transport.decorator.EurekaHttpClientDecorator.sendHeartBeat(EurekaHttpClientDecorator.java:89) ~[eureka-client-2.0.6.jar:2.0.6]
	at com.netflix.discovery.DiscoveryClient.renew(DiscoveryClient.java:860) ~[eureka-client-2.0.6.jar:2.0.6]
	at com.netflix.discovery.DiscoveryClient$HeartbeatThread.run(DiscoveryClient.java:1418) ~[eureka-client-2.0.6.jar:2.0.6]
	at java.base/java.util.concurrent.Executors$RunnableAdapter.call(Executors.java:545) ~[na:na]
	at java.base/java.util.concurrent.FutureTask.run(FutureTask.java:328) ~[na:na]
	at java.base/java.util.concurrent.ThreadPoolExecutor.runWorker(ThreadPoolExecutor.java:1090) ~[na:na]
	at java.base/java.util.concurrent.ThreadPoolExecutor$Worker.run(ThreadPoolExecutor.java:614) ~[na:na]
	at java.base/java.lang.Thread.run(Thread.java:1474) ~[na:na]

2026-07-24T13:48:53.080+05:30  INFO 17510 --- [UserModule] [DiscoveryClient-HeartbeatExecutor-%d] c.n.d.s.t.d.RedirectingEurekaHttpClient  : Request execution error. endpoint=DefaultEndpoint{ serviceUrl='http://localhost:8761/eureka/}, exception=Error while extracting response for type [com.netflix.appinfo.InstanceInfo] and content type [application/json]

org.springframework.web.client.RestClientException: Error while extracting response for type [com.netflix.appinfo.InstanceInfo] and content type [application/json]
	at org.springframework.web.client.DefaultRestClient.readWithMessageConverters(DefaultRestClient.java:274) ~[spring-web-7.0.8.jar:7.0.8]
	at org.springframework.web.client.DefaultRestClient$DefaultResponseSpec.readBody(DefaultRestClient.java:931) ~[spring-web-7.0.8.jar:7.0.8]
	at org.springframework.web.client.DefaultRestClient$DefaultResponseSpec.lambda$toEntityInternal$0(DefaultRestClient.java:871) ~[spring-web-7.0.8.jar:7.0.8]
	at org.springframework.web.client.DefaultRestClient$DefaultRequestBodyUriSpec.exchangeInternal(DefaultRestClient.java:617) ~[spring-web-7.0.8.jar:7.0.8]
	at org.springframework.web.client.DefaultRestClient$DefaultRequestBodyUriSpec.exchange(DefaultRestClient.java:572) ~[spring-web-7.0.8.jar:7.0.8]
	at org.springframework.web.client.RestClient$RequestHeadersSpec.exchange(RestClient.java:747) ~[spring-web-7.0.8.jar:7.0.8]
	at org.springframework.web.client.DefaultRestClient$DefaultResponseSpec.executeAndExtract(DefaultRestClient.java:924) ~[spring-web-7.0.8.jar:7.0.8]
	at org.springframework.web.client.DefaultRestClient$DefaultResponseSpec.toEntityInternal(DefaultRestClient.java:870) ~[spring-web-7.0.8.jar:7.0.8]
	at org.springframework.web.client.DefaultRestClient$DefaultResponseSpec.toEntity(DefaultRestClient.java:859) ~[spring-web-7.0.8.jar:7.0.8]
	at org.springframework.cloud.netflix.eureka.http.RestClientEurekaHttpClient.sendHeartBeat(RestClientEurekaHttpClient.java:91) ~[spring-cloud-netflix-eureka-client-5.0.2.jar:5.0.2]
	at com.netflix.discovery.shared.transport.decorator.EurekaHttpClientDecorator$3.execute(EurekaHttpClientDecorator.java:92) ~[eureka-client-2.0.6.jar:2.0.6]
	at com.netflix.discovery.shared.transport.decorator.RedirectingEurekaHttpClient.executeOnNewServer(RedirectingEurekaHttpClient.java:120) ~[eureka-client-2.0.6.jar:2.0.6]
	at com.netflix.discovery.shared.transport.decorator.RedirectingEurekaHttpClient.execute(RedirectingEurekaHttpClient.java:79) ~[eureka-client-2.0.6.jar:2.0.6]
	at com.netflix.discovery.shared.transport.decorator.EurekaHttpClientDecorator.sendHeartBeat(EurekaHttpClientDecorator.java:89) ~[eureka-client-2.0.6.jar:2.0.6]
	at com.netflix.discovery.shared.transport.decorator.EurekaHttpClientDecorator$3.execute(EurekaHttpClientDecorator.java:92) ~[eureka-client-2.0.6.jar:2.0.6]
	at com.netflix.discovery.shared.transport.decorator.RetryableEurekaHttpClient.execute(RetryableEurekaHttpClient.java:120) ~[eureka-client-2.0.6.jar:2.0.6]
	at com.netflix.discovery.shared.transport.decorator.EurekaHttpClientDecorator.sendHeartBeat(EurekaHttpClientDecorator.java:89) ~[eureka-client-2.0.6.jar:2.0.6]
	at com.netflix.discovery.shared.transport.decorator.EurekaHttpClientDecorator$3.execute(EurekaHttpClientDecorator.java:92) ~[eureka-client-2.0.6.jar:2.0.6]
	at com.netflix.discovery.shared.transport.decorator.SessionedEurekaHttpClient.execute(SessionedEurekaHttpClient.java:76) ~[eureka-client-2.0.6.jar:2.0.6]
	at com.netflix.discovery.shared.transport.decorator.EurekaHttpClientDecorator.sendHeartBeat(EurekaHttpClientDecorator.java:89) ~[eureka-client-2.0.6.jar:2.0.6]
	at com.netflix.discovery.DiscoveryClient.renew(DiscoveryClient.java:860) ~[eureka-client-2.0.6.jar:2.0.6]
	at com.netflix.discovery.DiscoveryClient$HeartbeatThread.run(DiscoveryClient.java:1418) ~[eureka-client-2.0.6.jar:2.0.6]
	at java.base/java.util.concurrent.Executors$RunnableAdapter.call(Executors.java:545) ~[na:na]
	at java.base/java.util.concurrent.FutureTask.run(FutureTask.java:328) ~[na:na]
	at java.base/java.util.concurrent.ThreadPoolExecutor.runWorker(ThreadPoolExecutor.java:1090) ~[na:na]
	at java.base/java.util.concurrent.ThreadPoolExecutor$Worker.run(ThreadPoolExecutor.java:614) ~[na:na]
	at java.base/java.lang.Thread.run(Thread.java:1474) ~[na:na]
Caused by: org.springframework.http.converter.HttpMessageNotReadableException: JSON parse error: Root name ('timestamp') does not match expected ('instance') for type `com.netflix.appinfo.InstanceInfo`
	at org.springframework.http.converter.json.AbstractJackson2HttpMessageConverter.readJavaType(AbstractJackson2HttpMessageConverter.java:408) ~[spring-web-7.0.8.jar:7.0.8]
	at org.springframework.http.converter.json.AbstractJackson2HttpMessageConverter.read(AbstractJackson2HttpMessageConverter.java:356) ~[spring-web-7.0.8.jar:7.0.8]
	at org.springframework.web.client.DefaultRestClient.readWithMessageConverters(DefaultRestClient.java:237) ~[spring-web-7.0.8.jar:7.0.8]
	... 26 common frames omitted
Caused by: com.fasterxml.jackson.databind.exc.MismatchedInputException: Root name ('timestamp') does not match expected ('instance') for type `com.netflix.appinfo.InstanceInfo`
 at [Source: REDACTED (`StreamReadFeature.INCLUDE_SOURCE_IN_LOCATION` disabled); line: 1, column: 2] (through reference chain: com.netflix.appinfo.InstanceInfo["timestamp"])
	at com.fasterxml.jackson.databind.exc.MismatchedInputException.from(MismatchedInputException.java:76) ~[jackson-databind-2.21.4.jar:2.21.4]
	at com.fasterxml.jackson.databind.DeserializationContext.reportPropertyInputMismatch(DeserializationContext.java:1849) ~[jackson-databind-2.21.4.jar:2.21.4]
	at com.fasterxml.jackson.databind.DeserializationContext.reportPropertyInputMismatch(DeserializationContext.java:1865) ~[jackson-databind-2.21.4.jar:2.21.4]
	at com.fasterxml.jackson.databind.deser.DefaultDeserializationContext._unwrapAndDeserialize(DefaultDeserializationContext.java:367) ~[jackson-databind-2.21.4.jar:2.21.4]
	at com.fasterxml.jackson.databind.deser.DefaultDeserializationContext.readRootValue(DefaultDeserializationContext.java:339) ~[jackson-databind-2.21.4.jar:2.21.4]
	at com.fasterxml.jackson.databind.ObjectReader._bindAndClose(ObjectReader.java:2148) ~[jackson-databind-2.21.4.jar:2.21.4]
	at com.fasterxml.jackson.databind.ObjectReader.readValue(ObjectReader.java:1504) ~[jackson-databind-2.21.4.jar:2.21.4]
	at org.springframework.http.converter.json.AbstractJackson2HttpMessageConverter.readJavaType(AbstractJackson2HttpMessageConverter.java:397) ~[spring-web-7.0.8.jar:7.0.8]
	... 28 common frames omitted

2026-07-24T13:48:53.081+05:30  WARN 17510 --- [UserModule] [DiscoveryClient-HeartbeatExecutor-%d] c.n.d.s.t.d.RetryableEurekaHttpClient    : Request execution failed with message: Error while extracting response for type [com.netflix.appinfo.InstanceInfo] and content type [application/json]
2026-07-24T13:48:53.081+05:30 ERROR 17510 --- [UserModule] [DiscoveryClient-HeartbeatExecutor-%d] com.netflix.discovery.DiscoveryClient    : DiscoveryClient_USERMODULE/null - was unable to send heartbeat!

com.netflix.discovery.shared.transport.TransportException: Cannot execute request on any known server
	at com.netflix.discovery.shared.transport.decorator.RetryableEurekaHttpClient.execute(RetryableEurekaHttpClient.java:112) ~[eureka-client-2.0.6.jar:2.0.6]
	at com.netflix.discovery.shared.transport.decorator.EurekaHttpClientDecorator.sendHeartBeat(EurekaHttpClientDecorator.java:89) ~[eureka-client-2.0.6.jar:2.0.6]
	at com.netflix.discovery.shared.transport.decorator.EurekaHttpClientDecorator$3.execute(EurekaHttpClientDecorator.java:92) ~[eureka-client-2.0.6.jar:2.0.6]
	at com.netflix.discovery.shared.transport.decorator.SessionedEurekaHttpClient.execute(SessionedEurekaHttpClient.java:76) ~[eureka-client-2.0.6.jar:2.0.6]
	at com.netflix.discovery.shared.transport.decorator.EurekaHttpClientDecorator.sendHeartBeat(EurekaHttpClientDecorator.java:89) ~[eureka-client-2.0.6.jar:2.0.6]
	at com.netflix.discovery.DiscoveryClient.renew(DiscoveryClient.java:860) ~[eureka-client-2.0.6.jar:2.0.6]
	at com.netflix.discovery.DiscoveryClient$HeartbeatThread.run(DiscoveryClient.java:1418) ~[eureka-client-2.0.6.jar:2.0.6]
	at java.base/java.util.concurrent.Executors$RunnableAdapter.call(Executors.java:545) ~[na:na]
	at java.base/java.util.concurrent.FutureTask.run(FutureTask.java:328) ~[na:na]
	at java.base/java.util.concurrent.ThreadPoolExecutor.runWorker(ThreadPoolExecutor.java:1090) ~[na:na]
	at java.base/java.util.concurrent.ThreadPoolExecutor$Worker.run(ThreadPoolExecutor.java:614) ~[na:na]
	at java.base/java.lang.Thread.run(Thread.java:1474) ~[na:na]

2026-07-24T13:48:58.093+05:30  INFO 17510 --- [UserModule] [DiscoveryClient-HeartbeatExecutor-%d] c.n.d.s.t.d.RedirectingEurekaHttpClient  : Request execution error. endpoint=DefaultEndpoint{ serviceUrl='http://localhost:8761/eureka/}, exception=Error while extracting response for type [com.netflix.appinfo.InstanceInfo] and content type [application/json]

org.springframework.web.client.RestClientException: Error while extracting response for type [com.netflix.appinfo.InstanceInfo] and content type [application/json]
	at org.springframework.web.client.DefaultRestClient.readWithMessageConverters(DefaultRestClient.java:274) ~[spring-web-7.0.8.jar:7.0.8]
	at org.springframework.web.client.DefaultRestClient$DefaultResponseSpec.readBody(DefaultRestClient.java:931) ~[spring-web-7.0.8.jar:7.0.8]
	at org.springframework.web.client.DefaultRestClient$DefaultResponseSpec.lambda$toEntityInternal$0(DefaultRestClient.java:871) ~[spring-web-7.0.8.jar:7.0.8]
	at org.springframework.web.client.DefaultRestClient$DefaultRequestBodyUriSpec.exchangeInternal(DefaultRestClient.java:617) ~[spring-web-7.0.8.jar:7.0.8]
	at org.springframework.web.client.DefaultRestClient$DefaultRequestBodyUriSpec.exchange(DefaultRestClient.java:572) ~[spring-web-7.0.8.jar:7.0.8]
	at org.springframework.web.client.RestClient$RequestHeadersSpec.exchange(RestClient.java:747) ~[spring-web-7.0.8.jar:7.0.8]
	at org.springframework.web.client.DefaultRestClient$DefaultResponseSpec.executeAndExtract(DefaultRestClient.java:924) ~[spring-web-7.0.8.jar:7.0.8]
	at org.springframework.web.client.DefaultRestClient$DefaultResponseSpec.toEntityInternal(DefaultRestClient.java:870) ~[spring-web-7.0.8.jar:7.0.8]
	at org.springframework.web.client.DefaultRestClient$DefaultResponseSpec.toEntity(DefaultRestClient.java:859) ~[spring-web-7.0.8.jar:7.0.8]
	at org.springframework.cloud.netflix.eureka.http.RestClientEurekaHttpClient.sendHeartBeat(RestClientEurekaHttpClient.java:91) ~[spring-cloud-netflix-eureka-client-5.0.2.jar:5.0.2]
	at com.netflix.discovery.shared.transport.decorator.EurekaHttpClientDecorator$3.execute(EurekaHttpClientDecorator.java:92) ~[eureka-client-2.0.6.jar:2.0.6]
	at com.netflix.discovery.shared.transport.decorator.RedirectingEurekaHttpClient.executeOnNewServer(RedirectingEurekaHttpClient.java:120) ~[eureka-client-2.0.6.jar:2.0.6]
	at com.netflix.discovery.shared.transport.decorator.RedirectingEurekaHttpClient.execute(RedirectingEurekaHttpClient.java:79) ~[eureka-client-2.0.6.jar:2.0.6]
	at com.netflix.discovery.shared.transport.decorator.EurekaHttpClientDecorator.sendHeartBeat(EurekaHttpClientDecorator.java:89) ~[eureka-client-2.0.6.jar:2.0.6]
	at com.netflix.discovery.shared.transport.decorator.EurekaHttpClientDecorator$3.execute(EurekaHttpClientDecorator.java:92) ~[eureka-client-2.0.6.jar:2.0.6]
	at com.netflix.discovery.shared.transport.decorator.RetryableEurekaHttpClient.execute(RetryableEurekaHttpClient.java:120) ~[eureka-client-2.0.6.jar:2.0.6]
	at com.netflix.discovery.shared.transport.decorator.EurekaHttpClientDecorator.sendHeartBeat(EurekaHttpClientDecorator.java:89) ~[eureka-client-2.0.6.jar:2.0.6]
	at com.netflix.discovery.shared.transport.decorator.EurekaHttpClientDecorator$3.execute(EurekaHttpClientDecorator.java:92) ~[eureka-client-2.0.6.jar:2.0.6]
	at com.netflix.discovery.shared.transport.decorator.SessionedEurekaHttpClient.execute(SessionedEurekaHttpClient.java:76) ~[eureka-client-2.0.6.jar:2.0.6]
	at com.netflix.discovery.shared.transport.decorator.EurekaHttpClientDecorator.sendHeartBeat(EurekaHttpClientDecorator.java:89) ~[eureka-client-2.0.6.jar:2.0.6]
	at com.netflix.discovery.DiscoveryClient.renew(DiscoveryClient.java:860) ~[eureka-client-2.0.6.jar:2.0.6]
	at com.netflix.discovery.DiscoveryClient$HeartbeatThread.run(DiscoveryClient.java:1418) ~[eureka-client-2.0.6.jar:2.0.6]
	at java.base/java.util.concurrent.Executors$RunnableAdapter.call(Executors.java:545) ~[na:na]
	at java.base/java.util.concurrent.FutureTask.run(FutureTask.java:328) ~[na:na]
	at java.base/java.util.concurrent.ThreadPoolExecutor.runWorker(ThreadPoolExecutor.java:1090) ~[na:na]
	at java.base/java.util.concurrent.ThreadPoolExecutor$Worker.run(ThreadPoolExecutor.java:614) ~[na:na]
	at java.base/java.lang.Thread.run(Thread.java:1474) ~[na:na]
Caused by: org.springframework.http.converter.HttpMessageNotReadableException: JSON parse error: Root name ('timestamp') does not match expected ('instance') for type `com.netflix.appinfo.InstanceInfo`
	at org.springframework.http.converter.json.AbstractJackson2HttpMessageConverter.readJavaType(AbstractJackson2HttpMessageConverter.java:408) ~[spring-web-7.0.8.jar:7.0.8]
	at org.springframework.http.converter.json.AbstractJackson2HttpMessageConverter.read(AbstractJackson2HttpMessageConverter.java:356) ~[spring-web-7.0.8.jar:7.0.8]
	at org.springframework.web.client.DefaultRestClient.readWithMessageConverters(DefaultRestClient.java:237) ~[spring-web-7.0.8.jar:7.0.8]
	... 26 common frames omitted
Caused by: com.fasterxml.jackson.databind.exc.MismatchedInputException: Root name ('timestamp') does not match expected ('instance') for type `com.netflix.appinfo.InstanceInfo`
 at [Source: REDACTED (`StreamReadFeature.INCLUDE_SOURCE_IN_LOCATION` disabled); line: 1, column: 2] (through reference chain: com.netflix.appinfo.InstanceInfo["timestamp"])
	at com.fasterxml.jackson.databind.exc.MismatchedInputException.from(MismatchedInputException.java:76) ~[jackson-databind-2.21.4.jar:2.21.4]
	at com.fasterxml.jackson.databind.DeserializationContext.reportPropertyInputMismatch(DeserializationContext.java:1849) ~[jackson-databind-2.21.4.jar:2.21.4]
	at com.fasterxml.jackson.databind.DeserializationContext.reportPropertyInputMismatch(DeserializationContext.java:1865) ~[jackson-databind-2.21.4.jar:2.21.4]
	at com.fasterxml.jackson.databind.deser.DefaultDeserializationContext._unwrapAndDeserialize(DefaultDeserializationContext.java:367) ~[jackson-databind-2.21.4.jar:2.21.4]
	at com.fasterxml.jackson.databind.deser.DefaultDeserializationContext.readRootValue(DefaultDeserializationContext.java:339) ~[jackson-databind-2.21.4.jar:2.21.4]
	at com.fasterxml.jackson.databind.ObjectReader._bindAndClose(ObjectReader.java:2148) ~[jackson-databind-2.21.4.jar:2.21.4]
	at com.fasterxml.jackson.databind.ObjectReader.readValue(ObjectReader.java:1504) ~[jackson-databind-2.21.4.jar:2.21.4]
	at org.springframework.http.converter.json.AbstractJackson2HttpMessageConverter.readJavaType(AbstractJackson2HttpMessageConverter.java:397) ~[spring-web-7.0.8.jar:7.0.8]
	... 28 common frames omitted

2026-07-24T13:48:58.094+05:30  WARN 17510 --- [UserModule] [DiscoveryClient-HeartbeatExecutor-%d] c.n.d.s.t.d.RetryableEurekaHttpClient    : Request execution failed with message: Error while extracting response for type [com.netflix.appinfo.InstanceInfo] and content type [application/json]
2026-07-24T13:48:58.094+05:30 ERROR 17510 --- [UserModule] [DiscoveryClient-HeartbeatExecutor-%d] com.netflix.discovery.DiscoveryClient    : DiscoveryClient_USERMODULE/null - was unable to send heartbeat!

com.netflix.discovery.shared.transport.TransportException: Cannot execute request on any known server
	at com.netflix.discovery.shared.transport.decorator.RetryableEurekaHttpClient.execute(RetryableEurekaHttpClient.java:112) ~[eureka-client-2.0.6.jar:2.0.6]
	at com.netflix.discovery.shared.transport.decorator.EurekaHttpClientDecorator.sendHeartBeat(EurekaHttpClientDecorator.java:89) ~[eureka-client-2.0.6.jar:2.0.6]
	at com.netflix.discovery.shared.transport.decorator.EurekaHttpClientDecorator$3.execute(EurekaHttpClientDecorator.java:92) ~[eureka-client-2.0.6.jar:2.0.6]
	at com.netflix.discovery.shared.transport.decorator.SessionedEurekaHttpClient.execute(SessionedEurekaHttpClient.java:76) ~[eureka-client-2.0.6.jar:2.0.6]
	at com.netflix.discovery.shared.transport.decorator.EurekaHttpClientDecorator.sendHeartBeat(EurekaHttpClientDecorator.java:89) ~[eureka-client-2.0.6.jar:2.0.6]
	at com.netflix.discovery.DiscoveryClient.renew(DiscoveryClient.java:860) ~[eureka-client-2.0.6.jar:2.0.6]
	at com.netflix.discovery.DiscoveryClient$HeartbeatThread.run(DiscoveryClient.java:1418) ~[eureka-client-2.0.6.jar:2.0.6]
	at java.base/java.util.concurrent.Executors$RunnableAdapter.call(Executors.java:545) ~[na:na]
	at java.base/java.util.concurrent.FutureTask.run(FutureTask.java:328) ~[na:na]
	at java.base/java.util.concurrent.ThreadPoolExecutor.runWorker(ThreadPoolExecutor.java:1090) ~[na:na]
	at java.base/java.util.concurrent.ThreadPoolExecutor$Worker.run(ThreadPoolExecutor.java:614) ~[na:na]
	at java.base/java.lang.Thread.run(Thread.java:1474) ~[na:na]

2026-07-24T13:49:03.106+05:30  INFO 17510 --- [UserModule] [DiscoveryClient-HeartbeatExecutor-%d] c.n.d.s.t.d.RedirectingEurekaHttpClient  : Request execution error. endpoint=DefaultEndpoint{ serviceUrl='http://localhost:8761/eureka/}, exception=Error while extracting response for type [com.netflix.appinfo.InstanceInfo] and content type [application/json]

org.springframework.web.client.RestClientException: Error while extracting response for type [com.netflix.appinfo.InstanceInfo] and content type [application/json]
	at org.springframework.web.client.DefaultRestClient.readWithMessageConverters(DefaultRestClient.java:274) ~[spring-web-7.0.8.jar:7.0.8]
	at org.springframework.web.client.DefaultRestClient$DefaultResponseSpec.readBody(DefaultRestClient.java:931) ~[spring-web-7.0.8.jar:7.0.8]
	at org.springframework.web.client.DefaultRestClient$DefaultResponseSpec.lambda$toEntityInternal$0(DefaultRestClient.java:871) ~[spring-web-7.0.8.jar:7.0.8]
	at org.springframework.web.client.DefaultRestClient$DefaultRequestBodyUriSpec.exchangeInternal(DefaultRestClient.java:617) ~[spring-web-7.0.8.jar:7.0.8]
	at org.springframework.web.client.DefaultRestClient$DefaultRequestBodyUriSpec.exchange(DefaultRestClient.java:572) ~[spring-web-7.0.8.jar:7.0.8]
	at org.springframework.web.client.RestClient$RequestHeadersSpec.exchange(RestClient.java:747) ~[spring-web-7.0.8.jar:7.0.8]
	at org.springframework.web.client.DefaultRestClient$DefaultResponseSpec.executeAndExtract(DefaultRestClient.java:924) ~[spring-web-7.0.8.jar:7.0.8]
	at org.springframework.web.client.DefaultRestClient$DefaultResponseSpec.toEntityInternal(DefaultRestClient.java:870) ~[spring-web-7.0.8.jar:7.0.8]
	at org.springframework.web.client.DefaultRestClient$DefaultResponseSpec.toEntity(DefaultRestClient.java:859) ~[spring-web-7.0.8.jar:7.0.8]
	at org.springframework.cloud.netflix.eureka.http.RestClientEurekaHttpClient.sendHeartBeat(RestClientEurekaHttpClient.java:91) ~[spring-cloud-netflix-eureka-client-5.0.2.jar:5.0.2]
	at com.netflix.discovery.shared.transport.decorator.EurekaHttpClientDecorator$3.execute(EurekaHttpClientDecorator.java:92) ~[eureka-client-2.0.6.jar:2.0.6]
	at com.netflix.discovery.shared.transport.decorator.RedirectingEurekaHttpClient.executeOnNewServer(RedirectingEurekaHttpClient.java:120) ~[eureka-client-2.0.6.jar:2.0.6]
	at com.netflix.discovery.shared.transport.decorator.RedirectingEurekaHttpClient.execute(RedirectingEurekaHttpClient.java:79) ~[eureka-client-2.0.6.jar:2.0.6]
	at com.netflix.discovery.shared.transport.decorator.EurekaHttpClientDecorator.sendHeartBeat(EurekaHttpClientDecorator.java:89) ~[eureka-client-2.0.6.jar:2.0.6]
	at com.netflix.discovery.shared.transport.decorator.EurekaHttpClientDecorator$3.execute(EurekaHttpClientDecorator.java:92) ~[eureka-client-2.0.6.jar:2.0.6]
	at com.netflix.discovery.shared.transport.decorator.RetryableEurekaHttpClient.execute(RetryableEurekaHttpClient.java:120) ~[eureka-client-2.0.6.jar:2.0.6]
	at com.netflix.discovery.shared.transport.decorator.EurekaHttpClientDecorator.sendHeartBeat(EurekaHttpClientDecorator.java:89) ~[eureka-client-2.0.6.jar:2.0.6]
	at com.netflix.discovery.shared.transport.decorator.EurekaHttpClientDecorator$3.execute(EurekaHttpClientDecorator.java:92) ~[eureka-client-2.0.6.jar:2.0.6]
	at com.netflix.discovery.shared.transport.decorator.SessionedEurekaHttpClient.execute(SessionedEurekaHttpClient.java:76) ~[eureka-client-2.0.6.jar:2.0.6]
	at com.netflix.discovery.shared.transport.decorator.EurekaHttpClientDecorator.sendHeartBeat(EurekaHttpClientDecorator.java:89) ~[eureka-client-2.0.6.jar:2.0.6]
	at com.netflix.discovery.DiscoveryClient.renew(DiscoveryClient.java:860) ~[eureka-client-2.0.6.jar:2.0.6]
	at com.netflix.discovery.DiscoveryClient$HeartbeatThread.run(DiscoveryClient.java:1418) ~[eureka-client-2.0.6.jar:2.0.6]
	at java.base/java.util.concurrent.Executors$RunnableAdapter.call(Executors.java:545) ~[na:na]
	at java.base/java.util.concurrent.FutureTask.run(FutureTask.java:328) ~[na:na]
	at java.base/java.util.concurrent.ThreadPoolExecutor.runWorker(ThreadPoolExecutor.java:1090) ~[na:na]
	at java.base/java.util.concurrent.ThreadPoolExecutor$Worker.run(ThreadPoolExecutor.java:614) ~[na:na]
	at java.base/java.lang.Thread.run(Thread.java:1474) ~[na:na]
Caused by: org.springframework.http.converter.HttpMessageNotReadableException: JSON parse error: Root name ('timestamp') does not match expected ('instance') for type `com.netflix.appinfo.InstanceInfo`
	at org.springframework.http.converter.json.AbstractJackson2HttpMessageConverter.readJavaType(AbstractJackson2HttpMessageConverter.java:408) ~[spring-web-7.0.8.jar:7.0.8]
	at org.springframework.http.converter.json.AbstractJackson2HttpMessageConverter.read(AbstractJackson2HttpMessageConverter.java:356) ~[spring-web-7.0.8.jar:7.0.8]
	at org.springframework.web.client.DefaultRestClient.readWithMessageConverters(DefaultRestClient.java:237) ~[spring-web-7.0.8.jar:7.0.8]
	... 26 common frames omitted
Caused by: com.fasterxml.jackson.databind.exc.MismatchedInputException: Root name ('timestamp') does not match expected ('instance') for type `com.netflix.appinfo.InstanceInfo`
 at [Source: REDACTED (`StreamReadFeature.INCLUDE_SOURCE_IN_LOCATION` disabled); line: 1, column: 2] (through reference chain: com.netflix.appinfo.InstanceInfo["timestamp"])
	at com.fasterxml.jackson.databind.exc.MismatchedInputException.from(MismatchedInputException.java:76) ~[jackson-databind-2.21.4.jar:2.21.4]
	at com.fasterxml.jackson.databind.DeserializationContext.reportPropertyInputMismatch(DeserializationContext.java:1849) ~[jackson-databind-2.21.4.jar:2.21.4]
	at com.fasterxml.jackson.databind.DeserializationContext.reportPropertyInputMismatch(DeserializationContext.java:1865) ~[jackson-databind-2.21.4.jar:2.21.4]
	at com.fasterxml.jackson.databind.deser.DefaultDeserializationContext._unwrapAndDeserialize(DefaultDeserializationContext.java:367) ~[jackson-databind-2.21.4.jar:2.21.4]
	at com.fasterxml.jackson.databind.deser.DefaultDeserializationContext.readRootValue(DefaultDeserializationContext.java:339) ~[jackson-databind-2.21.4.jar:2.21.4]
	at com.fasterxml.jackson.databind.ObjectReader._bindAndClose(ObjectReader.java:2148) ~[jackson-databind-2.21.4.jar:2.21.4]
	at com.fasterxml.jackson.databind.ObjectReader.readValue(ObjectReader.java:1504) ~[jackson-databind-2.21.4.jar:2.21.4]
	at org.springframework.http.converter.json.AbstractJackson2HttpMessageConverter.readJavaType(AbstractJackson2HttpMessageConverter.java:397) ~[spring-web-7.0.8.jar:7.0.8]
	... 28 common frames omitted

2026-07-24T13:49:03.107+05:30  WARN 17510 --- [UserModule] [DiscoveryClient-HeartbeatExecutor-%d] c.n.d.s.t.d.RetryableEurekaHttpClient    : Request execution failed with message: Error while extracting response for type [com.netflix.appinfo.InstanceInfo] and content type [application/json]
2026-07-24T13:49:03.107+05:30 ERROR 17510 --- [UserModule] [DiscoveryClient-HeartbeatExecutor-%d] com.netflix.discovery.DiscoveryClient    : DiscoveryClient_USERMODULE/null - was unable to send heartbeat!

com.netflix.discovery.shared.transport.TransportException: Cannot execute request on any known server
	at com.netflix.discovery.shared.transport.decorator.RetryableEurekaHttpClient.execute(RetryableEurekaHttpClient.java:112) ~[eureka-client-2.0.6.jar:2.0.6]
	at com.netflix.discovery.shared.transport.decorator.EurekaHttpClientDecorator.sendHeartBeat(EurekaHttpClientDecorator.java:89) ~[eureka-client-2.0.6.jar:2.0.6]
	at com.netflix.discovery.shared.transport.decorator.EurekaHttpClientDecorator$3.execute(EurekaHttpClientDecorator.java:92) ~[eureka-client-2.0.6.jar:2.0.6]
	at com.netflix.discovery.shared.transport.decorator.SessionedEurekaHttpClient.execute(SessionedEurekaHttpClient.java:76) ~[eureka-client-2.0.6.jar:2.0.6]
	at com.netflix.discovery.shared.transport.decorator.EurekaHttpClientDecorator.sendHeartBeat(EurekaHttpClientDecorator.java:89) ~[eureka-client-2.0.6.jar:2.0.6]
	at com.netflix.discovery.DiscoveryClient.renew(DiscoveryClient.java:860) ~[eureka-client-2.0.6.jar:2.0.6]
	at com.netflix.discovery.DiscoveryClient$HeartbeatThread.run(DiscoveryClient.java:1418) ~[eureka-client-2.0.6.jar:2.0.6]
	at java.base/java.util.concurrent.Executors$RunnableAdapter.call(Executors.java:545) ~[na:na]
	at java.base/java.util.concurrent.FutureTask.run(FutureTask.java:328) ~[na:na]
	at java.base/java.util.concurrent.ThreadPoolExecutor.runWorker(ThreadPoolExecutor.java:1090) ~[na:na]
	at java.base/java.util.concurrent.ThreadPoolExecutor$Worker.run(ThreadPoolExecutor.java:614) ~[na:na]
	at java.base/java.lang.Thread.run(Thread.java:1474) ~[na:na]

2026-07-24T13:49:08.119+05:30  INFO 17510 --- [UserModule] [DiscoveryClient-HeartbeatExecutor-%d] c.n.d.s.t.d.RedirectingEurekaHttpClient  : Request execution error. endpoint=DefaultEndpoint{ serviceUrl='http://localhost:8761/eureka/}, exception=Error while extracting response for type [com.netflix.appinfo.InstanceInfo] and content type [application/json]

org.springframework.web.client.RestClientException: Error while extracting response for type [com.netflix.appinfo.InstanceInfo] and content type [application/json]
	at org.springframework.web.client.DefaultRestClient.readWithMessageConverters(DefaultRestClient.java:274) ~[spring-web-7.0.8.jar:7.0.8]
	at org.springframework.web.client.DefaultRestClient$DefaultResponseSpec.readBody(DefaultRestClient.java:931) ~[spring-web-7.0.8.jar:7.0.8]
	at org.springframework.web.client.DefaultRestClient$DefaultResponseSpec.lambda$toEntityInternal$0(DefaultRestClient.java:871) ~[spring-web-7.0.8.jar:7.0.8]
	at org.springframework.web.client.DefaultRestClient$DefaultRequestBodyUriSpec.exchangeInternal(DefaultRestClient.java:617) ~[spring-web-7.0.8.jar:7.0.8]
	at org.springframework.web.client.DefaultRestClient$DefaultRequestBodyUriSpec.exchange(DefaultRestClient.java:572) ~[spring-web-7.0.8.jar:7.0.8]
	at org.springframework.web.client.RestClient$RequestHeadersSpec.exchange(RestClient.java:747) ~[spring-web-7.0.8.jar:7.0.8]
	at org.springframework.web.client.DefaultRestClient$DefaultResponseSpec.executeAndExtract(DefaultRestClient.java:924) ~[spring-web-7.0.8.jar:7.0.8]
	at org.springframework.web.client.DefaultRestClient$DefaultResponseSpec.toEntityInternal(DefaultRestClient.java:870) ~[spring-web-7.0.8.jar:7.0.8]
	at org.springframework.web.client.DefaultRestClient$DefaultResponseSpec.toEntity(DefaultRestClient.java:859) ~[spring-web-7.0.8.jar:7.0.8]
	at org.springframework.cloud.netflix.eureka.http.RestClientEurekaHttpClient.sendHeartBeat(RestClientEurekaHttpClient.java:91) ~[spring-cloud-netflix-eureka-client-5.0.2.jar:5.0.2]
	at com.netflix.discovery.shared.transport.decorator.EurekaHttpClientDecorator$3.execute(EurekaHttpClientDecorator.java:92) ~[eureka-client-2.0.6.jar:2.0.6]
	at com.netflix.discovery.shared.transport.decorator.RedirectingEurekaHttpClient.executeOnNewServer(RedirectingEurekaHttpClient.java:120) ~[eureka-client-2.0.6.jar:2.0.6]
	at com.netflix.discovery.shared.transport.decorator.RedirectingEurekaHttpClient.execute(RedirectingEurekaHttpClient.java:79) ~[eureka-client-2.0.6.jar:2.0.6]
	at com.netflix.discovery.shared.transport.decorator.EurekaHttpClientDecorator.sendHeartBeat(EurekaHttpClientDecorator.java:89) ~[eureka-client-2.0.6.jar:2.0.6]
	at com.netflix.discovery.shared.transport.decorator.EurekaHttpClientDecorator$3.execute(EurekaHttpClientDecorator.java:92) ~[eureka-client-2.0.6.jar:2.0.6]
	at com.netflix.discovery.shared.transport.decorator.RetryableEurekaHttpClient.execute(RetryableEurekaHttpClient.java:120) ~[eureka-client-2.0.6.jar:2.0.6]
	at com.netflix.discovery.shared.transport.decorator.EurekaHttpClientDecorator.sendHeartBeat(EurekaHttpClientDecorator.java:89) ~[eureka-client-2.0.6.jar:2.0.6]
	at com.netflix.discovery.shared.transport.decorator.EurekaHttpClientDecorator$3.execute(EurekaHttpClientDecorator.java:92) ~[eureka-client-2.0.6.jar:2.0.6]
	at com.netflix.discovery.shared.transport.decorator.SessionedEurekaHttpClient.execute(SessionedEurekaHttpClient.java:76) ~[eureka-client-2.0.6.jar:2.0.6]
	at com.netflix.discovery.shared.transport.decorator.EurekaHttpClientDecorator.sendHeartBeat(EurekaHttpClientDecorator.java:89) ~[eureka-client-2.0.6.jar:2.0.6]
	at com.netflix.discovery.DiscoveryClient.renew(DiscoveryClient.java:860) ~[eureka-client-2.0.6.jar:2.0.6]
	at com.netflix.discovery.DiscoveryClient$HeartbeatThread.run(DiscoveryClient.java:1418) ~[eureka-client-2.0.6.jar:2.0.6]
	at java.base/java.util.concurrent.Executors$RunnableAdapter.call(Executors.java:545) ~[na:na]
	at java.base/java.util.concurrent.FutureTask.run(FutureTask.java:328) ~[na:na]
	at java.base/java.util.concurrent.ThreadPoolExecutor.runWorker(ThreadPoolExecutor.java:1090) ~[na:na]
	at java.base/java.util.concurrent.ThreadPoolExecutor$Worker.run(ThreadPoolExecutor.java:614) ~[na:na]
	at java.base/java.lang.Thread.run(Thread.java:1474) ~[na:na]
Caused by: org.springframework.http.converter.HttpMessageNotReadableException: JSON parse error: Root name ('timestamp') does not match expected ('instance') for type `com.netflix.appinfo.InstanceInfo`
	at org.springframework.http.converter.json.AbstractJackson2HttpMessageConverter.readJavaType(AbstractJackson2HttpMessageConverter.java:408) ~[spring-web-7.0.8.jar:7.0.8]
	at org.springframework.http.converter.json.AbstractJackson2HttpMessageConverter.read(AbstractJackson2HttpMessageConverter.java:356) ~[spring-web-7.0.8.jar:7.0.8]
	at org.springframework.web.client.DefaultRestClient.readWithMessageConverters(DefaultRestClient.java:237) ~[spring-web-7.0.8.jar:7.0.8]
	... 26 common frames omitted
Caused by: com.fasterxml.jackson.databind.exc.MismatchedInputException: Root name ('timestamp') does not match expected ('instance') for type `com.netflix.appinfo.InstanceInfo`
 at [Source: REDACTED (`StreamReadFeature.INCLUDE_SOURCE_IN_LOCATION` disabled); line: 1, column: 2] (through reference chain: com.netflix.appinfo.InstanceInfo["timestamp"])
	at com.fasterxml.jackson.databind.exc.MismatchedInputException.from(MismatchedInputException.java:76) ~[jackson-databind-2.21.4.jar:2.21.4]
	at com.fasterxml.jackson.databind.DeserializationContext.reportPropertyInputMismatch(DeserializationContext.java:1849) ~[jackson-databind-2.21.4.jar:2.21.4]
	at com.fasterxml.jackson.databind.DeserializationContext.reportPropertyInputMismatch(DeserializationContext.java:1865) ~[jackson-databind-2.21.4.jar:2.21.4]
	at com.fasterxml.jackson.databind.deser.DefaultDeserializationContext._unwrapAndDeserialize(DefaultDeserializationContext.java:367) ~[jackson-databind-2.21.4.jar:2.21.4]
	at com.fasterxml.jackson.databind.deser.DefaultDeserializationContext.readRootValue(DefaultDeserializationContext.java:339) ~[jackson-databind-2.21.4.jar:2.21.4]
	at com.fasterxml.jackson.databind.ObjectReader._bindAndClose(ObjectReader.java:2148) ~[jackson-databind-2.21.4.jar:2.21.4]
	at com.fasterxml.jackson.databind.ObjectReader.readValue(ObjectReader.java:1504) ~[jackson-databind-2.21.4.jar:2.21.4]
	at org.springframework.http.converter.json.AbstractJackson2HttpMessageConverter.readJavaType(AbstractJackson2HttpMessageConverter.java:397) ~[spring-web-7.0.8.jar:7.0.8]
	... 28 common frames omitted

2026-07-24T13:49:08.120+05:30  WARN 17510 --- [UserModule] [DiscoveryClient-HeartbeatExecutor-%d] c.n.d.s.t.d.RetryableEurekaHttpClient    : Request execution failed with message: Error while extracting response for type [com.netflix.appinfo.InstanceInfo] and content type [application/json]
2026-07-24T13:49:08.120+05:30 ERROR 17510 --- [UserModule] [DiscoveryClient-HeartbeatExecutor-%d] com.netflix.discovery.DiscoveryClient    : DiscoveryClient_USERMODULE/null - was unable to send heartbeat!

com.netflix.discovery.shared.transport.TransportException: Cannot execute request on any known server
	at com.netflix.discovery.shared.transport.decorator.RetryableEurekaHttpClient.execute(RetryableEurekaHttpClient.java:112) ~[eureka-client-2.0.6.jar:2.0.6]
	at com.netflix.discovery.shared.transport.decorator.EurekaHttpClientDecorator.sendHeartBeat(EurekaHttpClientDecorator.java:89) ~[eureka-client-2.0.6.jar:2.0.6]
	at com.netflix.discovery.shared.transport.decorator.EurekaHttpClientDecorator$3.execute(EurekaHttpClientDecorator.java:92) ~[eureka-client-2.0.6.jar:2.0.6]
	at com.netflix.discovery.shared.transport.decorator.SessionedEurekaHttpClient.execute(SessionedEurekaHttpClient.java:76) ~[eureka-client-2.0.6.jar:2.0.6]
	at com.netflix.discovery.shared.transport.decorator.EurekaHttpClientDecorator.sendHeartBeat(EurekaHttpClientDecorator.java:89) ~[eureka-client-2.0.6.jar:2.0.6]
	at com.netflix.discovery.DiscoveryClient.renew(DiscoveryClient.java:860) ~[eureka-client-2.0.6.jar:2.0.6]
	at com.netflix.discovery.DiscoveryClient$HeartbeatThread.run(DiscoveryClient.java:1418) ~[eureka-client-2.0.6.jar:2.0.6]
	at java.base/java.util.concurrent.Executors$RunnableAdapter.call(Executors.java:545) ~[na:na]
	at java.base/java.util.concurrent.FutureTask.run(FutureTask.java:328) ~[na:na]
	at java.base/java.util.concurrent.ThreadPoolExecutor.runWorker(ThreadPoolExecutor.java:1090) ~[na:na]
	at java.base/java.util.concurrent.ThreadPoolExecutor$Worker.run(ThreadPoolExecutor.java:614) ~[na:na]
	at java.base/java.lang.Thread.run(Thread.java:1474) ~[na:na]

2026-07-24T13:49:12.915+05:30  INFO 17510 --- [UserModule] [DiscoveryClient-CacheRefreshExecutor-%d] com.netflix.discovery.DiscoveryClient    : Disable delta property : false
2026-07-24T13:49:12.916+05:30  INFO 17510 --- [UserModule] [DiscoveryClient-CacheRefreshExecutor-%d] com.netflix.discovery.DiscoveryClient    : Single vip registry refresh property : null
2026-07-24T13:49:12.916+05:30  INFO 17510 --- [UserModule] [DiscoveryClient-CacheRefreshExecutor-%d] com.netflix.discovery.DiscoveryClient    : Force full registry fetch : false
2026-07-24T13:49:12.916+05:30  INFO 17510 --- [UserModule] [DiscoveryClient-CacheRefreshExecutor-%d] com.netflix.discovery.DiscoveryClient    : Application is null : false
2026-07-24T13:49:12.916+05:30  INFO 17510 --- [UserModule] [DiscoveryClient-CacheRefreshExecutor-%d] com.netflix.discovery.DiscoveryClient    : Registered Applications size is zero : true
2026-07-24T13:49:12.916+05:30  INFO 17510 --- [UserModule] [DiscoveryClient-CacheRefreshExecutor-%d] com.netflix.discovery.DiscoveryClient    : Application version is -1: false
2026-07-24T13:49:12.916+05:30  INFO 17510 --- [UserModule] [DiscoveryClient-CacheRefreshExecutor-%d] com.netflix.discovery.DiscoveryClient    : Getting all instance registry info from the eureka server
2026-07-24T13:49:12.923+05:30  INFO 17510 --- [UserModule] [DiscoveryClient-CacheRefreshExecutor-%d] com.netflix.discovery.DiscoveryClient    : The response status is 200
2026-07-24T13:49:12.948+05:30  INFO 17510 --- [UserModule] [DiscoveryClient-InstanceInfoReplicator-%d] com.netflix.discovery.DiscoveryClient    : DiscoveryClient_USERMODULE/null: registering service...
2026-07-24T13:49:12.964+05:30  WARN 17510 --- [UserModule] [DiscoveryClient-InstanceInfoReplicator-%d] c.n.d.s.t.d.RetryableEurekaHttpClient    : Request execution failure with status code 400; retrying on another server if available
2026-07-24T13:49:12.965+05:30  WARN 17510 --- [UserModule] [DiscoveryClient-InstanceInfoReplicator-%d] com.netflix.discovery.DiscoveryClient    : DiscoveryClient_USERMODULE/null - registration failed Cannot execute request on any known server

com.netflix.discovery.shared.transport.TransportException: Cannot execute request on any known server
	at com.netflix.discovery.shared.transport.decorator.RetryableEurekaHttpClient.execute(RetryableEurekaHttpClient.java:112) ~[eureka-client-2.0.6.jar:2.0.6]
	at com.netflix.discovery.shared.transport.decorator.EurekaHttpClientDecorator.register(EurekaHttpClientDecorator.java:56) ~[eureka-client-2.0.6.jar:2.0.6]
	at com.netflix.discovery.shared.transport.decorator.EurekaHttpClientDecorator$1.execute(EurekaHttpClientDecorator.java:59) ~[eureka-client-2.0.6.jar:2.0.6]
	at com.netflix.discovery.shared.transport.decorator.SessionedEurekaHttpClient.execute(SessionedEurekaHttpClient.java:76) ~[eureka-client-2.0.6.jar:2.0.6]
	at com.netflix.discovery.shared.transport.decorator.EurekaHttpClientDecorator.register(EurekaHttpClientDecorator.java:56) ~[eureka-client-2.0.6.jar:2.0.6]
	at com.netflix.discovery.DiscoveryClient.register(DiscoveryClient.java:843) ~[eureka-client-2.0.6.jar:2.0.6]
	at com.netflix.discovery.InstanceInfoReplicator.run(InstanceInfoReplicator.java:125) ~[eureka-client-2.0.6.jar:2.0.6]
	at java.base/java.util.concurrent.Executors$RunnableAdapter.call(Executors.java:545) ~[na:na]
	at java.base/java.util.concurrent.FutureTask.run(FutureTask.java:328) ~[na:na]
	at java.base/java.util.concurrent.ScheduledThreadPoolExecutor$ScheduledFutureTask.run(ScheduledThreadPoolExecutor.java:309) ~[na:na]
	at java.base/java.util.concurrent.ThreadPoolExecutor.runWorker(ThreadPoolExecutor.java:1090) ~[na:na]
	at java.base/java.util.concurrent.ThreadPoolExecutor$Worker.run(ThreadPoolExecutor.java:614) ~[na:na]
	at java.base/java.lang.Thread.run(Thread.java:1474) ~[na:na]

2026-07-24T13:49:12.965+05:30  WARN 17510 --- [UserModule] [DiscoveryClient-InstanceInfoReplicator-%d] c.n.discovery.InstanceInfoReplicator     : There was a problem with the instance info replicator

com.netflix.discovery.shared.transport.TransportException: Cannot execute request on any known server
	at com.netflix.discovery.shared.transport.decorator.RetryableEurekaHttpClient.execute(RetryableEurekaHttpClient.java:112) ~[eureka-client-2.0.6.jar:2.0.6]
	at com.netflix.discovery.shared.transport.decorator.EurekaHttpClientDecorator.register(EurekaHttpClientDecorator.java:56) ~[eureka-client-2.0.6.jar:2.0.6]
	at com.netflix.discovery.shared.transport.decorator.EurekaHttpClientDecorator$1.execute(EurekaHttpClientDecorator.java:59) ~[eureka-client-2.0.6.jar:2.0.6]
	at com.netflix.discovery.shared.transport.decorator.SessionedEurekaHttpClient.execute(SessionedEurekaHttpClient.java:76) ~[eureka-client-2.0.6.jar:2.0.6]
	at com.netflix.discovery.shared.transport.decorator.EurekaHttpClientDecorator.register(EurekaHttpClientDecorator.java:56) ~[eureka-client-2.0.6.jar:2.0.6]
	at com.netflix.discovery.DiscoveryClient.register(DiscoveryClient.java:843) ~[eureka-client-2.0.6.jar:2.0.6]
	at com.netflix.discovery.InstanceInfoReplicator.run(InstanceInfoReplicator.java:125) ~[eureka-client-2.0.6.jar:2.0.6]
	at java.base/java.util.concurrent.Executors$RunnableAdapter.call(Executors.java:545) ~[na:na]
	at java.base/java.util.concurrent.FutureTask.run(FutureTask.java:328) ~[na:na]
	at java.base/java.util.concurrent.ScheduledThreadPoolExecutor$ScheduledFutureTask.run(ScheduledThreadPoolExecutor.java:309) ~[na:na]
	at java.base/java.util.concurrent.ThreadPoolExecutor.runWorker(ThreadPoolExecutor.java:1090) ~[na:na]
	at java.base/java.util.concurrent.ThreadPoolExecutor$Worker.run(ThreadPoolExecutor.java:614) ~[na:na]
	at java.base/java.lang.Thread.run(Thread.java:1474) ~[na:na]

2026-07-24T13:49:13.134+05:30  INFO 17510 --- [UserModule] [DiscoveryClient-HeartbeatExecutor-%d] c.n.d.s.t.d.RedirectingEurekaHttpClient  : Request execution error. endpoint=DefaultEndpoint{ serviceUrl='http://localhost:8761/eureka/}, exception=Error while extracting response for type [com.netflix.appinfo.InstanceInfo] and content type [application/json]

org.springframework.web.client.RestClientException: Error while extracting response for type [com.netflix.appinfo.InstanceInfo] and content type [application/json]
	at org.springframework.web.client.DefaultRestClient.readWithMessageConverters(DefaultRestClient.java:274) ~[spring-web-7.0.8.jar:7.0.8]
	at org.springframework.web.client.DefaultRestClient$DefaultResponseSpec.readBody(DefaultRestClient.java:931) ~[spring-web-7.0.8.jar:7.0.8]
	at org.springframework.web.client.DefaultRestClient$DefaultResponseSpec.lambda$toEntityInternal$0(DefaultRestClient.java:871) ~[spring-web-7.0.8.jar:7.0.8]
	at org.springframework.web.client.DefaultRestClient$DefaultRequestBodyUriSpec.exchangeInternal(DefaultRestClient.java:617) ~[spring-web-7.0.8.jar:7.0.8]
	at org.springframework.web.client.DefaultRestClient$DefaultRequestBodyUriSpec.exchange(DefaultRestClient.java:572) ~[spring-web-7.0.8.jar:7.0.8]
	at org.springframework.web.client.RestClient$RequestHeadersSpec.exchange(RestClient.java:747) ~[spring-web-7.0.8.jar:7.0.8]
	at org.springframework.web.client.DefaultRestClient$DefaultResponseSpec.executeAndExtract(DefaultRestClient.java:924) ~[spring-web-7.0.8.jar:7.0.8]
	at org.springframework.web.client.DefaultRestClient$DefaultResponseSpec.toEntityInternal(DefaultRestClient.java:870) ~[spring-web-7.0.8.jar:7.0.8]
	at org.springframework.web.client.DefaultRestClient$DefaultResponseSpec.toEntity(DefaultRestClient.java:859) ~[spring-web-7.0.8.jar:7.0.8]
	at org.springframework.cloud.netflix.eureka.http.RestClientEurekaHttpClient.sendHeartBeat(RestClientEurekaHttpClient.java:91) ~[spring-cloud-netflix-eureka-client-5.0.2.jar:5.0.2]
	at com.netflix.discovery.shared.transport.decorator.EurekaHttpClientDecorator$3.execute(EurekaHttpClientDecorator.java:92) ~[eureka-client-2.0.6.jar:2.0.6]
	at com.netflix.discovery.shared.transport.decorator.RedirectingEurekaHttpClient.executeOnNewServer(RedirectingEurekaHttpClient.java:120) ~[eureka-client-2.0.6.jar:2.0.6]
	at com.netflix.discovery.shared.transport.decorator.RedirectingEurekaHttpClient.execute(RedirectingEurekaHttpClient.java:79) ~[eureka-client-2.0.6.jar:2.0.6]
	at com.netflix.discovery.shared.transport.decorator.EurekaHttpClientDecorator.sendHeartBeat(EurekaHttpClientDecorator.java:89) ~[eureka-client-2.0.6.jar:2.0.6]
	at com.netflix.discovery.shared.transport.decorator.EurekaHttpClientDecorator$3.execute(EurekaHttpClientDecorator.java:92) ~[eureka-client-2.0.6.jar:2.0.6]
	at com.netflix.discovery.shared.transport.decorator.RetryableEurekaHttpClient.execute(RetryableEurekaHttpClient.java:120) ~[eureka-client-2.0.6.jar:2.0.6]
	at com.netflix.discovery.shared.transport.decorator.EurekaHttpClientDecorator.sendHeartBeat(EurekaHttpClientDecorator.java:89) ~[eureka-client-2.0.6.jar:2.0.6]
	at com.netflix.discovery.shared.transport.decorator.EurekaHttpClientDecorator$3.execute(EurekaHttpClientDecorator.java:92) ~[eureka-client-2.0.6.jar:2.0.6]
	at com.netflix.discovery.shared.transport.decorator.SessionedEurekaHttpClient.execute(SessionedEurekaHttpClient.java:76) ~[eureka-client-2.0.6.jar:2.0.6]
	at com.netflix.discovery.shared.transport.decorator.EurekaHttpClientDecorator.sendHeartBeat(EurekaHttpClientDecorator.java:89) ~[eureka-client-2.0.6.jar:2.0.6]
	at com.netflix.discovery.DiscoveryClient.renew(DiscoveryClient.java:860) ~[eureka-client-2.0.6.jar:2.0.6]
	at com.netflix.discovery.DiscoveryClient$HeartbeatThread.run(DiscoveryClient.java:1418) ~[eureka-client-2.0.6.jar:2.0.6]
	at java.base/java.util.concurrent.Executors$RunnableAdapter.call(Executors.java:545) ~[na:na]
	at java.base/java.util.concurrent.FutureTask.run(FutureTask.java:328) ~[na:na]
	at java.base/java.util.concurrent.ThreadPoolExecutor.runWorker(ThreadPoolExecutor.java:1090) ~[na:na]
	at java.base/java.util.concurrent.ThreadPoolExecutor$Worker.run(ThreadPoolExecutor.java:614) ~[na:na]
	at java.base/java.lang.Thread.run(Thread.java:1474) ~[na:na]
Caused by: org.springframework.http.converter.HttpMessageNotReadableException: JSON parse error: Root name ('timestamp') does not match expected ('instance') for type `com.netflix.appinfo.InstanceInfo`
	at org.springframework.http.converter.json.AbstractJackson2HttpMessageConverter.readJavaType(AbstractJackson2HttpMessageConverter.java:408) ~[spring-web-7.0.8.jar:7.0.8]
	at org.springframework.http.converter.json.AbstractJackson2HttpMessageConverter.read(AbstractJackson2HttpMessageConverter.java:356) ~[spring-web-7.0.8.jar:7.0.8]
	at org.springframework.web.client.DefaultRestClient.readWithMessageConverters(DefaultRestClient.java:237) ~[spring-web-7.0.8.jar:7.0.8]
	... 26 common frames omitted
Caused by: com.fasterxml.jackson.databind.exc.MismatchedInputException: Root name ('timestamp') does not match expected ('instance') for type `com.netflix.appinfo.InstanceInfo`
 at [Source: REDACTED (`StreamReadFeature.INCLUDE_SOURCE_IN_LOCATION` disabled); line: 1, column: 2] (through reference chain: com.netflix.appinfo.InstanceInfo["timestamp"])
	at com.fasterxml.jackson.databind.exc.MismatchedInputException.from(MismatchedInputException.java:76) ~[jackson-databind-2.21.4.jar:2.21.4]
	at com.fasterxml.jackson.databind.DeserializationContext.reportPropertyInputMismatch(DeserializationContext.java:1849) ~[jackson-databind-2.21.4.jar:2.21.4]
	at com.fasterxml.jackson.databind.DeserializationContext.reportPropertyInputMismatch(DeserializationContext.java:1865) ~[jackson-databind-2.21.4.jar:2.21.4]
	at com.fasterxml.jackson.databind.deser.DefaultDeserializationContext._unwrapAndDeserialize(DefaultDeserializationContext.java:367) ~[jackson-databind-2.21.4.jar:2.21.4]
	at com.fasterxml.jackson.databind.deser.DefaultDeserializationContext.readRootValue(DefaultDeserializationContext.java:339) ~[jackson-databind-2.21.4.jar:2.21.4]
	at com.fasterxml.jackson.databind.ObjectReader._bindAndClose(ObjectReader.java:2148) ~[jackson-databind-2.21.4.jar:2.21.4]
	at com.fasterxml.jackson.databind.ObjectReader.readValue(ObjectReader.java:1504) ~[jackson-databind-2.21.4.jar:2.21.4]
	at org.springframework.http.converter.json.AbstractJackson2HttpMessageConverter.readJavaType(AbstractJackson2HttpMessageConverter.java:397) ~[spring-web-7.0.8.jar:7.0.8]
	... 28 common frames omitted

2026-07-24T13:49:13.134+05:30  WARN 17510 --- [UserModule] [DiscoveryClient-HeartbeatExecutor-%d] c.n.d.s.t.d.RetryableEurekaHttpClient    : Request execution failed with message: Error while extracting response for type [com.netflix.appinfo.InstanceInfo] and content type [application/json]
2026-07-24T13:49:13.134+05:30 ERROR 17510 --- [UserModule] [DiscoveryClient-HeartbeatExecutor-%d] com.netflix.discovery.DiscoveryClient    : DiscoveryClient_USERMODULE/null - was unable to send heartbeat!

com.netflix.discovery.shared.transport.TransportException: Cannot execute request on any known server
	at com.netflix.discovery.shared.transport.decorator.RetryableEurekaHttpClient.execute(RetryableEurekaHttpClient.java:112) ~[eureka-client-2.0.6.jar:2.0.6]
	at com.netflix.discovery.shared.transport.decorator.EurekaHttpClientDecorator.sendHeartBeat(EurekaHttpClientDecorator.java:89) ~[eureka-client-2.0.6.jar:2.0.6]
	at com.netflix.discovery.shared.transport.decorator.EurekaHttpClientDecorator$3.execute(EurekaHttpClientDecorator.java:92) ~[eureka-client-2.0.6.jar:2.0.6]
	at com.netflix.discovery.shared.transport.decorator.SessionedEurekaHttpClient.execute(SessionedEurekaHttpClient.java:76) ~[eureka-client-2.0.6.jar:2.0.6]
	at com.netflix.discovery.shared.transport.decorator.EurekaHttpClientDecorator.sendHeartBeat(EurekaHttpClientDecorator.java:89) ~[eureka-client-2.0.6.jar:2.0.6]
	at com.netflix.discovery.DiscoveryClient.renew(DiscoveryClient.java:860) ~[eureka-client-2.0.6.jar:2.0.6]
	at com.netflix.discovery.DiscoveryClient$HeartbeatThread.run(DiscoveryClient.java:1418) ~[eureka-client-2.0.6.jar:2.0.6]
	at java.base/java.util.concurrent.Executors$RunnableAdapter.call(Executors.java:545) ~[na:na]
	at java.base/java.util.concurrent.FutureTask.run(FutureTask.java:328) ~[na:na]
	at java.base/java.util.concurrent.ThreadPoolExecutor.runWorker(ThreadPoolExecutor.java:1090) ~[na:na]
	at java.base/java.util.concurrent.ThreadPoolExecutor$Worker.run(ThreadPoolExecutor.java:614) ~[na:na]
	at java.base/java.lang.Thread.run(Thread.java:1474) ~[na:na]

2026-07-24T13:49:18.148+05:30  INFO 17510 --- [UserModule] [DiscoveryClient-HeartbeatExecutor-%d] c.n.d.s.t.d.RedirectingEurekaHttpClient  : Request execution error. endpoint=DefaultEndpoint{ serviceUrl='http://localhost:8761/eureka/}, exception=Error while extracting response for type [com.netflix.appinfo.InstanceInfo] and content type [application/json]

org.springframework.web.client.RestClientException: Error while extracting response for type [com.netflix.appinfo.InstanceInfo] and content type [application/json]
	at org.springframework.web.client.DefaultRestClient.readWithMessageConverters(DefaultRestClient.java:274) ~[spring-web-7.0.8.jar:7.0.8]
	at org.springframework.web.client.DefaultRestClient$DefaultResponseSpec.readBody(DefaultRestClient.java:931) ~[spring-web-7.0.8.jar:7.0.8]
	at org.springframework.web.client.DefaultRestClient$DefaultResponseSpec.lambda$toEntityInternal$0(DefaultRestClient.java:871) ~[spring-web-7.0.8.jar:7.0.8]
	at org.springframework.web.client.DefaultRestClient$DefaultRequestBodyUriSpec.exchangeInternal(DefaultRestClient.java:617) ~[spring-web-7.0.8.jar:7.0.8]
	at org.springframework.web.client.DefaultRestClient$DefaultRequestBodyUriSpec.exchange(DefaultRestClient.java:572) ~[spring-web-7.0.8.jar:7.0.8]
	at org.springframework.web.client.RestClient$RequestHeadersSpec.exchange(RestClient.java:747) ~[spring-web-7.0.8.jar:7.0.8]
	at org.springframework.web.client.DefaultRestClient$DefaultResponseSpec.executeAndExtract(DefaultRestClient.java:924) ~[spring-web-7.0.8.jar:7.0.8]
	at org.springframework.web.client.DefaultRestClient$DefaultResponseSpec.toEntityInternal(DefaultRestClient.java:870) ~[spring-web-7.0.8.jar:7.0.8]
	at org.springframework.web.client.DefaultRestClient$DefaultResponseSpec.toEntity(DefaultRestClient.java:859) ~[spring-web-7.0.8.jar:7.0.8]
	at org.springframework.cloud.netflix.eureka.http.RestClientEurekaHttpClient.sendHeartBeat(RestClientEurekaHttpClient.java:91) ~[spring-cloud-netflix-eureka-client-5.0.2.jar:5.0.2]
	at com.netflix.discovery.shared.transport.decorator.EurekaHttpClientDecorator$3.execute(EurekaHttpClientDecorator.java:92) ~[eureka-client-2.0.6.jar:2.0.6]
	at com.netflix.discovery.shared.transport.decorator.RedirectingEurekaHttpClient.executeOnNewServer(RedirectingEurekaHttpClient.java:120) ~[eureka-client-2.0.6.jar:2.0.6]
	at com.netflix.discovery.shared.transport.decorator.RedirectingEurekaHttpClient.execute(RedirectingEurekaHttpClient.java:79) ~[eureka-client-2.0.6.jar:2.0.6]
	at com.netflix.discovery.shared.transport.decorator.EurekaHttpClientDecorator.sendHeartBeat(EurekaHttpClientDecorator.java:89) ~[eureka-client-2.0.6.jar:2.0.6]
	at com.netflix.discovery.shared.transport.decorator.EurekaHttpClientDecorator$3.execute(EurekaHttpClientDecorator.java:92) ~[eureka-client-2.0.6.jar:2.0.6]
	at com.netflix.discovery.shared.transport.decorator.RetryableEurekaHttpClient.execute(RetryableEurekaHttpClient.java:120) ~[eureka-client-2.0.6.jar:2.0.6]
	at com.netflix.discovery.shared.transport.decorator.EurekaHttpClientDecorator.sendHeartBeat(EurekaHttpClientDecorator.java:89) ~[eureka-client-2.0.6.jar:2.0.6]
	at com.netflix.discovery.shared.transport.decorator.EurekaHttpClientDecorator$3.execute(EurekaHttpClientDecorator.java:92) ~[eureka-client-2.0.6.jar:2.0.6]
	at com.netflix.discovery.shared.transport.decorator.SessionedEurekaHttpClient.execute(SessionedEurekaHttpClient.java:76) ~[eureka-client-2.0.6.jar:2.0.6]
	at com.netflix.discovery.shared.transport.decorator.EurekaHttpClientDecorator.sendHeartBeat(EurekaHttpClientDecorator.java:89) ~[eureka-client-2.0.6.jar:2.0.6]
	at com.netflix.discovery.DiscoveryClient.renew(DiscoveryClient.java:860) ~[eureka-client-2.0.6.jar:2.0.6]
	at com.netflix.discovery.DiscoveryClient$HeartbeatThread.run(DiscoveryClient.java:1418) ~[eureka-client-2.0.6.jar:2.0.6]
	at java.base/java.util.concurrent.Executors$RunnableAdapter.call(Executors.java:545) ~[na:na]
	at java.base/java.util.concurrent.FutureTask.run(FutureTask.java:328) ~[na:na]
	at java.base/java.util.concurrent.ThreadPoolExecutor.runWorker(ThreadPoolExecutor.java:1090) ~[na:na]
	at java.base/java.util.concurrent.ThreadPoolExecutor$Worker.run(ThreadPoolExecutor.java:614) ~[na:na]
	at java.base/java.lang.Thread.run(Thread.java:1474) ~[na:na]
Caused by: org.springframework.http.converter.HttpMessageNotReadableException: JSON parse error: Root name ('timestamp') does not match expected ('instance') for type `com.netflix.appinfo.InstanceInfo`
	at org.springframework.http.converter.json.AbstractJackson2HttpMessageConverter.readJavaType(AbstractJackson2HttpMessageConverter.java:408) ~[spring-web-7.0.8.jar:7.0.8]
	at org.springframework.http.converter.json.AbstractJackson2HttpMessageConverter.read(AbstractJackson2HttpMessageConverter.java:356) ~[spring-web-7.0.8.jar:7.0.8]
	at org.springframework.web.client.DefaultRestClient.readWithMessageConverters(DefaultRestClient.java:237) ~[spring-web-7.0.8.jar:7.0.8]
	... 26 common frames omitted
Caused by: com.fasterxml.jackson.databind.exc.MismatchedInputException: Root name ('timestamp') does not match expected ('instance') for type `com.netflix.appinfo.InstanceInfo`
 at [Source: REDACTED (`StreamReadFeature.INCLUDE_SOURCE_IN_LOCATION` disabled); line: 1, column: 2] (through reference chain: com.netflix.appinfo.InstanceInfo["timestamp"])
	at com.fasterxml.jackson.databind.exc.MismatchedInputException.from(MismatchedInputException.java:76) ~[jackson-databind-2.21.4.jar:2.21.4]
	at com.fasterxml.jackson.databind.DeserializationContext.reportPropertyInputMismatch(DeserializationContext.java:1849) ~[jackson-databind-2.21.4.jar:2.21.4]
	at com.fasterxml.jackson.databind.DeserializationContext.reportPropertyInputMismatch(DeserializationContext.java:1865) ~[jackson-databind-2.21.4.jar:2.21.4]
	at com.fasterxml.jackson.databind.deser.DefaultDeserializationContext._unwrapAndDeserialize(DefaultDeserializationContext.java:367) ~[jackson-databind-2.21.4.jar:2.21.4]
	at com.fasterxml.jackson.databind.deser.DefaultDeserializationContext.readRootValue(DefaultDeserializationContext.java:339) ~[jackson-databind-2.21.4.jar:2.21.4]
	at com.fasterxml.jackson.databind.ObjectReader._bindAndClose(ObjectReader.java:2148) ~[jackson-databind-2.21.4.jar:2.21.4]
	at com.fasterxml.jackson.databind.ObjectReader.readValue(ObjectReader.java:1504) ~[jackson-databind-2.21.4.jar:2.21.4]
	at org.springframework.http.converter.json.AbstractJackson2HttpMessageConverter.readJavaType(AbstractJackson2HttpMessageConverter.java:397) ~[spring-web-7.0.8.jar:7.0.8]
	... 28 common frames omitted

2026-07-24T13:49:18.149+05:30  WARN 17510 --- [UserModule] [DiscoveryClient-HeartbeatExecutor-%d] c.n.d.s.t.d.RetryableEurekaHttpClient    : Request execution failed with message: Error while extracting response for type [com.netflix.appinfo.InstanceInfo] and content type [application/json]
2026-07-24T13:49:18.149+05:30 ERROR 17510 --- [UserModule] [DiscoveryClient-HeartbeatExecutor-%d] com.netflix.discovery.DiscoveryClient    : DiscoveryClient_USERMODULE/null - was unable to send heartbeat!

com.netflix.discovery.shared.transport.TransportException: Cannot execute request on any known server
	at com.netflix.discovery.shared.transport.decorator.RetryableEurekaHttpClient.execute(RetryableEurekaHttpClient.java:112) ~[eureka-client-2.0.6.jar:2.0.6]
	at com.netflix.discovery.shared.transport.decorator.EurekaHttpClientDecorator.sendHeartBeat(EurekaHttpClientDecorator.java:89) ~[eureka-client-2.0.6.jar:2.0.6]
	at com.netflix.discovery.shared.transport.decorator.EurekaHttpClientDecorator$3.execute(EurekaHttpClientDecorator.java:92) ~[eureka-client-2.0.6.jar:2.0.6]
	at com.netflix.discovery.shared.transport.decorator.SessionedEurekaHttpClient.execute(SessionedEurekaHttpClient.java:76) ~[eureka-client-2.0.6.jar:2.0.6]
	at com.netflix.discovery.shared.transport.decorator.EurekaHttpClientDecorator.sendHeartBeat(EurekaHttpClientDecorator.java:89) ~[eureka-client-2.0.6.jar:2.0.6]
	at com.netflix.discovery.DiscoveryClient.renew(DiscoveryClient.java:860) ~[eureka-client-2.0.6.jar:2.0.6]
	at com.netflix.discovery.DiscoveryClient$HeartbeatThread.run(DiscoveryClient.java:1418) ~[eureka-client-2.0.6.jar:2.0.6]
	at java.base/java.util.concurrent.Executors$RunnableAdapter.call(Executors.java:545) ~[na:na]
	at java.base/java.util.concurrent.FutureTask.run(FutureTask.java:328) ~[na:na]
	at java.base/java.util.concurrent.ThreadPoolExecutor.runWorker(ThreadPoolExecutor.java:1090) ~[na:na]
	at java.base/java.util.concurrent.ThreadPoolExecutor$Worker.run(ThreadPoolExecutor.java:614) ~[na:na]
	at java.base/java.lang.Thread.run(Thread.java:1474) ~[na:na]

2026-07-24T13:49:23.166+05:30  INFO 17510 --- [UserModule] [DiscoveryClient-HeartbeatExecutor-%d] c.n.d.s.t.d.RedirectingEurekaHttpClient  : Request execution error. endpoint=DefaultEndpoint{ serviceUrl='http://localhost:8761/eureka/}, exception=Error while extracting response for type [com.netflix.appinfo.InstanceInfo] and content type [application/json]

org.springframework.web.client.RestClientException: Error while extracting response for type [com.netflix.appinfo.InstanceInfo] and content type [application/json]
	at org.springframework.web.client.DefaultRestClient.readWithMessageConverters(DefaultRestClient.java:274) ~[spring-web-7.0.8.jar:7.0.8]
	at org.springframework.web.client.DefaultRestClient$DefaultResponseSpec.readBody(DefaultRestClient.java:931) ~[spring-web-7.0.8.jar:7.0.8]
	at org.springframework.web.client.DefaultRestClient$DefaultResponseSpec.lambda$toEntityInternal$0(DefaultRestClient.java:871) ~[spring-web-7.0.8.jar:7.0.8]
	at org.springframework.web.client.DefaultRestClient$DefaultRequestBodyUriSpec.exchangeInternal(DefaultRestClient.java:617) ~[spring-web-7.0.8.jar:7.0.8]
	at org.springframework.web.client.DefaultRestClient$DefaultRequestBodyUriSpec.exchange(DefaultRestClient.java:572) ~[spring-web-7.0.8.jar:7.0.8]
	at org.springframework.web.client.RestClient$RequestHeadersSpec.exchange(RestClient.java:747) ~[spring-web-7.0.8.jar:7.0.8]
	at org.springframework.web.client.DefaultRestClient$DefaultResponseSpec.executeAndExtract(DefaultRestClient.java:924) ~[spring-web-7.0.8.jar:7.0.8]
	at org.springframework.web.client.DefaultRestClient$DefaultResponseSpec.toEntityInternal(DefaultRestClient.java:870) ~[spring-web-7.0.8.jar:7.0.8]
	at org.springframework.web.client.DefaultRestClient$DefaultResponseSpec.toEntity(DefaultRestClient.java:859) ~[spring-web-7.0.8.jar:7.0.8]
	at org.springframework.cloud.netflix.eureka.http.RestClientEurekaHttpClient.sendHeartBeat(RestClientEurekaHttpClient.java:91) ~[spring-cloud-netflix-eureka-client-5.0.2.jar:5.0.2]
	at com.netflix.discovery.shared.transport.decorator.EurekaHttpClientDecorator$3.execute(EurekaHttpClientDecorator.java:92) ~[eureka-client-2.0.6.jar:2.0.6]
	at com.netflix.discovery.shared.transport.decorator.RedirectingEurekaHttpClient.executeOnNewServer(RedirectingEurekaHttpClient.java:120) ~[eureka-client-2.0.6.jar:2.0.6]
	at com.netflix.discovery.shared.transport.decorator.RedirectingEurekaHttpClient.execute(RedirectingEurekaHttpClient.java:79) ~[eureka-client-2.0.6.jar:2.0.6]
	at com.netflix.discovery.shared.transport.decorator.EurekaHttpClientDecorator.sendHeartBeat(EurekaHttpClientDecorator.java:89) ~[eureka-client-2.0.6.jar:2.0.6]
	at com.netflix.discovery.shared.transport.decorator.EurekaHttpClientDecorator$3.execute(EurekaHttpClientDecorator.java:92) ~[eureka-client-2.0.6.jar:2.0.6]
	at com.netflix.discovery.shared.transport.decorator.RetryableEurekaHttpClient.execute(RetryableEurekaHttpClient.java:120) ~[eureka-client-2.0.6.jar:2.0.6]
	at com.netflix.discovery.shared.transport.decorator.EurekaHttpClientDecorator.sendHeartBeat(EurekaHttpClientDecorator.java:89) ~[eureka-client-2.0.6.jar:2.0.6]
	at com.netflix.discovery.shared.transport.decorator.EurekaHttpClientDecorator$3.execute(EurekaHttpClientDecorator.java:92) ~[eureka-client-2.0.6.jar:2.0.6]
	at com.netflix.discovery.shared.transport.decorator.SessionedEurekaHttpClient.execute(SessionedEurekaHttpClient.java:76) ~[eureka-client-2.0.6.jar:2.0.6]
	at com.netflix.discovery.shared.transport.decorator.EurekaHttpClientDecorator.sendHeartBeat(EurekaHttpClientDecorator.java:89) ~[eureka-client-2.0.6.jar:2.0.6]
	at com.netflix.discovery.DiscoveryClient.renew(DiscoveryClient.java:860) ~[eureka-client-2.0.6.jar:2.0.6]
	at com.netflix.discovery.DiscoveryClient$HeartbeatThread.run(DiscoveryClient.java:1418) ~[eureka-client-2.0.6.jar:2.0.6]
	at java.base/java.util.concurrent.Executors$RunnableAdapter.call(Executors.java:545) ~[na:na]
	at java.base/java.util.concurrent.FutureTask.run(FutureTask.java:328) ~[na:na]
	at java.base/java.util.concurrent.ThreadPoolExecutor.runWorker(ThreadPoolExecutor.java:1090) ~[na:na]
	at java.base/java.util.concurrent.ThreadPoolExecutor$Worker.run(ThreadPoolExecutor.java:614) ~[na:na]
	at java.base/java.lang.Thread.run(Thread.java:1474) ~[na:na]
Caused by: org.springframework.http.converter.HttpMessageNotReadableException: JSON parse error: Root name ('timestamp') does not match expected ('instance') for type `com.netflix.appinfo.InstanceInfo`
	at org.springframework.http.converter.json.AbstractJackson2HttpMessageConverter.readJavaType(AbstractJackson2HttpMessageConverter.java:408) ~[spring-web-7.0.8.jar:7.0.8]
	at org.springframework.http.converter.json.AbstractJackson2HttpMessageConverter.read(AbstractJackson2HttpMessageConverter.java:356) ~[spring-web-7.0.8.jar:7.0.8]
	at org.springframework.web.client.DefaultRestClient.readWithMessageConverters(DefaultRestClient.java:237) ~[spring-web-7.0.8.jar:7.0.8]
	... 26 common frames omitted
Caused by: com.fasterxml.jackson.databind.exc.MismatchedInputException: Root name ('timestamp') does not match expected ('instance') for type `com.netflix.appinfo.InstanceInfo`
 at [Source: REDACTED (`StreamReadFeature.INCLUDE_SOURCE_IN_LOCATION` disabled); line: 1, column: 2] (through reference chain: com.netflix.appinfo.InstanceInfo["timestamp"])
	at com.fasterxml.jackson.databind.exc.MismatchedInputException.from(MismatchedInputException.java:76) ~[jackson-databind-2.21.4.jar:2.21.4]
	at com.fasterxml.jackson.databind.DeserializationContext.reportPropertyInputMismatch(DeserializationContext.java:1849) ~[jackson-databind-2.21.4.jar:2.21.4]
	at com.fasterxml.jackson.databind.DeserializationContext.reportPropertyInputMismatch(DeserializationContext.java:1865) ~[jackson-databind-2.21.4.jar:2.21.4]
	at com.fasterxml.jackson.databind.deser.DefaultDeserializationContext._unwrapAndDeserialize(DefaultDeserializationContext.java:367) ~[jackson-databind-2.21.4.jar:2.21.4]
	at com.fasterxml.jackson.databind.deser.DefaultDeserializationContext.readRootValue(DefaultDeserializationContext.java:339) ~[jackson-databind-2.21.4.jar:2.21.4]
	at com.fasterxml.jackson.databind.ObjectReader._bindAndClose(ObjectReader.java:2148) ~[jackson-databind-2.21.4.jar:2.21.4]
	at com.fasterxml.jackson.databind.ObjectReader.readValue(ObjectReader.java:1504) ~[jackson-databind-2.21.4.jar:2.21.4]
	at org.springframework.http.converter.json.AbstractJackson2HttpMessageConverter.readJavaType(AbstractJackson2HttpMessageConverter.java:397) ~[spring-web-7.0.8.jar:7.0.8]
	... 28 common frames omitted

2026-07-24T13:49:23.168+05:30  WARN 17510 --- [UserModule] [DiscoveryClient-HeartbeatExecutor-%d] c.n.d.s.t.d.RetryableEurekaHttpClient    : Request execution failed with message: Error while extracting response for type [com.netflix.appinfo.InstanceInfo] and content type [application/json]
2026-07-24T13:49:23.168+05:30 ERROR 17510 --- [UserModule] [DiscoveryClient-HeartbeatExecutor-%d] com.netflix.discovery.DiscoveryClient    : DiscoveryClient_USERMODULE/null - was unable to send heartbeat!

com.netflix.discovery.shared.transport.TransportException: Cannot execute request on any known server
	at com.netflix.discovery.shared.transport.decorator.RetryableEurekaHttpClient.execute(RetryableEurekaHttpClient.java:112) ~[eureka-client-2.0.6.jar:2.0.6]
	at com.netflix.discovery.shared.transport.decorator.EurekaHttpClientDecorator.sendHeartBeat(EurekaHttpClientDecorator.java:89) ~[eureka-client-2.0.6.jar:2.0.6]
	at com.netflix.discovery.shared.transport.decorator.EurekaHttpClientDecorator$3.execute(EurekaHttpClientDecorator.java:92) ~[eureka-client-2.0.6.jar:2.0.6]
	at com.netflix.discovery.shared.transport.decorator.SessionedEurekaHttpClient.execute(SessionedEurekaHttpClient.java:76) ~[eureka-client-2.0.6.jar:2.0.6]
	at com.netflix.discovery.shared.transport.decorator.EurekaHttpClientDecorator.sendHeartBeat(EurekaHttpClientDecorator.java:89) ~[eureka-client-2.0.6.jar:2.0.6]
	at com.netflix.discovery.DiscoveryClient.renew(DiscoveryClient.java:860) ~[eureka-client-2.0.6.jar:2.0.6]
	at com.netflix.discovery.DiscoveryClient$HeartbeatThread.run(DiscoveryClient.java:1418) ~[eureka-client-2.0.6.jar:2.0.6]
	at java.base/java.util.concurrent.Executors$RunnableAdapter.call(Executors.java:545) ~[na:na]
	at java.base/java.util.concurrent.FutureTask.run(FutureTask.java:328) ~[na:na]
	at java.base/java.util.concurrent.ThreadPoolExecutor.runWorker(ThreadPoolExecutor.java:1090) ~[na:na]
	at java.base/java.util.concurrent.ThreadPoolExecutor$Worker.run(ThreadPoolExecutor.java:614) ~[na:na]
	at java.base/java.lang.Thread.run(Thread.java:1474) ~[na:na]

2026-07-24T13:49:28.183+05:30  INFO 17510 --- [UserModule] [DiscoveryClient-HeartbeatExecutor-%d] c.n.d.s.t.d.RedirectingEurekaHttpClient  : Request execution error. endpoint=DefaultEndpoint{ serviceUrl='http://localhost:8761/eureka/}, exception=Error while extracting response for type [com.netflix.appinfo.InstanceInfo] and content type [application/json]

org.springframework.web.client.RestClientException: Error while extracting response for type [com.netflix.appinfo.InstanceInfo] and content type [application/json]
	at org.springframework.web.client.DefaultRestClient.readWithMessageConverters(DefaultRestClient.java:274) ~[spring-web-7.0.8.jar:7.0.8]
	at org.springframework.web.client.DefaultRestClient$DefaultResponseSpec.readBody(DefaultRestClient.java:931) ~[spring-web-7.0.8.jar:7.0.8]
	at org.springframework.web.client.DefaultRestClient$DefaultResponseSpec.lambda$toEntityInternal$0(DefaultRestClient.java:871) ~[spring-web-7.0.8.jar:7.0.8]
	at org.springframework.web.client.DefaultRestClient$DefaultRequestBodyUriSpec.exchangeInternal(DefaultRestClient.java:617) ~[spring-web-7.0.8.jar:7.0.8]
	at org.springframework.web.client.DefaultRestClient$DefaultRequestBodyUriSpec.exchange(DefaultRestClient.java:572) ~[spring-web-7.0.8.jar:7.0.8]
	at org.springframework.web.client.RestClient$RequestHeadersSpec.exchange(RestClient.java:747) ~[spring-web-7.0.8.jar:7.0.8]
	at org.springframework.web.client.DefaultRestClient$DefaultResponseSpec.executeAndExtract(DefaultRestClient.java:924) ~[spring-web-7.0.8.jar:7.0.8]
	at org.springframework.web.client.DefaultRestClient$DefaultResponseSpec.toEntityInternal(DefaultRestClient.java:870) ~[spring-web-7.0.8.jar:7.0.8]
	at org.springframework.web.client.DefaultRestClient$DefaultResponseSpec.toEntity(DefaultRestClient.java:859) ~[spring-web-7.0.8.jar:7.0.8]
	at org.springframework.cloud.netflix.eureka.http.RestClientEurekaHttpClient.sendHeartBeat(RestClientEurekaHttpClient.java:91) ~[spring-cloud-netflix-eureka-client-5.0.2.jar:5.0.2]
	at com.netflix.discovery.shared.transport.decorator.EurekaHttpClientDecorator$3.execute(EurekaHttpClientDecorator.java:92) ~[eureka-client-2.0.6.jar:2.0.6]
	at com.netflix.discovery.shared.transport.decorator.RedirectingEurekaHttpClient.executeOnNewServer(RedirectingEurekaHttpClient.java:120) ~[eureka-client-2.0.6.jar:2.0.6]
	at com.netflix.discovery.shared.transport.decorator.RedirectingEurekaHttpClient.execute(RedirectingEurekaHttpClient.java:79) ~[eureka-client-2.0.6.jar:2.0.6]
	at com.netflix.discovery.shared.transport.decorator.EurekaHttpClientDecorator.sendHeartBeat(EurekaHttpClientDecorator.java:89) ~[eureka-client-2.0.6.jar:2.0.6]
	at com.netflix.discovery.shared.transport.decorator.EurekaHttpClientDecorator$3.execute(EurekaHttpClientDecorator.java:92) ~[eureka-client-2.0.6.jar:2.0.6]
	at com.netflix.discovery.shared.transport.decorator.RetryableEurekaHttpClient.execute(RetryableEurekaHttpClient.java:120) ~[eureka-client-2.0.6.jar:2.0.6]
	at com.netflix.discovery.shared.transport.decorator.EurekaHttpClientDecorator.sendHeartBeat(EurekaHttpClientDecorator.java:89) ~[eureka-client-2.0.6.jar:2.0.6]
	at com.netflix.discovery.shared.transport.decorator.EurekaHttpClientDecorator$3.execute(EurekaHttpClientDecorator.java:92) ~[eureka-client-2.0.6.jar:2.0.6]
	at com.netflix.discovery.shared.transport.decorator.SessionedEurekaHttpClient.execute(SessionedEurekaHttpClient.java:76) ~[eureka-client-2.0.6.jar:2.0.6]
	at com.netflix.discovery.shared.transport.decorator.EurekaHttpClientDecorator.sendHeartBeat(EurekaHttpClientDecorator.java:89) ~[eureka-client-2.0.6.jar:2.0.6]
	at com.netflix.discovery.DiscoveryClient.renew(DiscoveryClient.java:860) ~[eureka-client-2.0.6.jar:2.0.6]
	at com.netflix.discovery.DiscoveryClient$HeartbeatThread.run(DiscoveryClient.java:1418) ~[eureka-client-2.0.6.jar:2.0.6]
	at java.base/java.util.concurrent.Executors$RunnableAdapter.call(Executors.java:545) ~[na:na]
	at java.base/java.util.concurrent.FutureTask.run(FutureTask.java:328) ~[na:na]
	at java.base/java.util.concurrent.ThreadPoolExecutor.runWorker(ThreadPoolExecutor.java:1090) ~[na:na]
	at java.base/java.util.concurrent.ThreadPoolExecutor$Worker.run(ThreadPoolExecutor.java:614) ~[na:na]
	at java.base/java.lang.Thread.run(Thread.java:1474) ~[na:na]
Caused by: org.springframework.http.converter.HttpMessageNotReadableException: JSON parse error: Root name ('timestamp') does not match expected ('instance') for type `com.netflix.appinfo.InstanceInfo`
	at org.springframework.http.converter.json.AbstractJackson2HttpMessageConverter.readJavaType(AbstractJackson2HttpMessageConverter.java:408) ~[spring-web-7.0.8.jar:7.0.8]
	at org.springframework.http.converter.json.AbstractJackson2HttpMessageConverter.read(AbstractJackson2HttpMessageConverter.java:356) ~[spring-web-7.0.8.jar:7.0.8]
	at org.springframework.web.client.DefaultRestClient.readWithMessageConverters(DefaultRestClient.java:237) ~[spring-web-7.0.8.jar:7.0.8]
	... 26 common frames omitted
Caused by: com.fasterxml.jackson.databind.exc.MismatchedInputException: Root name ('timestamp') does not match expected ('instance') for type `com.netflix.appinfo.InstanceInfo`
 at [Source: REDACTED (`StreamReadFeature.INCLUDE_SOURCE_IN_LOCATION` disabled); line: 1, column: 2] (through reference chain: com.netflix.appinfo.InstanceInfo["timestamp"])
	at com.fasterxml.jackson.databind.exc.MismatchedInputException.from(MismatchedInputException.java:76) ~[jackson-databind-2.21.4.jar:2.21.4]
	at com.fasterxml.jackson.databind.DeserializationContext.reportPropertyInputMismatch(DeserializationContext.java:1849) ~[jackson-databind-2.21.4.jar:2.21.4]
	at com.fasterxml.jackson.databind.DeserializationContext.reportPropertyInputMismatch(DeserializationContext.java:1865) ~[jackson-databind-2.21.4.jar:2.21.4]
	at com.fasterxml.jackson.databind.deser.DefaultDeserializationContext._unwrapAndDeserialize(DefaultDeserializationContext.java:367) ~[jackson-databind-2.21.4.jar:2.21.4]
	at com.fasterxml.jackson.databind.deser.DefaultDeserializationContext.readRootValue(DefaultDeserializationContext.java:339) ~[jackson-databind-2.21.4.jar:2.21.4]
	at com.fasterxml.jackson.databind.ObjectReader._bindAndClose(ObjectReader.java:2148) ~[jackson-databind-2.21.4.jar:2.21.4]
	at com.fasterxml.jackson.databind.ObjectReader.readValue(ObjectReader.java:1504) ~[jackson-databind-2.21.4.jar:2.21.4]
	at org.springframework.http.converter.json.AbstractJackson2HttpMessageConverter.readJavaType(AbstractJackson2HttpMessageConverter.java:397) ~[spring-web-7.0.8.jar:7.0.8]
	... 28 common frames omitted

2026-07-24T13:49:28.183+05:30  WARN 17510 --- [UserModule] [DiscoveryClient-HeartbeatExecutor-%d] c.n.d.s.t.d.RetryableEurekaHttpClient    : Request execution failed with message: Error while extracting response for type [com.netflix.appinfo.InstanceInfo] and content type [application/json]
2026-07-24T13:49:28.183+05:30 ERROR 17510 --- [UserModule] [DiscoveryClient-HeartbeatExecutor-%d] com.netflix.discovery.DiscoveryClient    : DiscoveryClient_USERMODULE/null - was unable to send heartbeat!

com.netflix.discovery.shared.transport.TransportException: Cannot execute request on any known server
	at com.netflix.discovery.shared.transport.decorator.RetryableEurekaHttpClient.execute(RetryableEurekaHttpClient.java:112) ~[eureka-client-2.0.6.jar:2.0.6]
	at com.netflix.discovery.shared.transport.decorator.EurekaHttpClientDecorator.sendHeartBeat(EurekaHttpClientDecorator.java:89) ~[eureka-client-2.0.6.jar:2.0.6]
	at com.netflix.discovery.shared.transport.decorator.EurekaHttpClientDecorator$3.execute(EurekaHttpClientDecorator.java:92) ~[eureka-client-2.0.6.jar:2.0.6]
	at com.netflix.discovery.shared.transport.decorator.SessionedEurekaHttpClient.execute(SessionedEurekaHttpClient.java:76) ~[eureka-client-2.0.6.jar:2.0.6]
	at com.netflix.discovery.shared.transport.decorator.EurekaHttpClientDecorator.sendHeartBeat(EurekaHttpClientDecorator.java:89) ~[eureka-client-2.0.6.jar:2.0.6]
	at com.netflix.discovery.DiscoveryClient.renew(DiscoveryClient.java:860) ~[eureka-client-2.0.6.jar:2.0.6]
	at com.netflix.discovery.DiscoveryClient$HeartbeatThread.run(DiscoveryClient.java:1418) ~[eureka-client-2.0.6.jar:2.0.6]
	at java.base/java.util.concurrent.Executors$RunnableAdapter.call(Executors.java:545) ~[na:na]
	at java.base/java.util.concurrent.FutureTask.run(FutureTask.java:328) ~[na:na]
	at java.base/java.util.concurrent.ThreadPoolExecutor.runWorker(ThreadPoolExecutor.java:1090) ~[na:na]
	at java.base/java.util.concurrent.ThreadPoolExecutor$Worker.run(ThreadPoolExecutor.java:614) ~[na:na]
	at java.base/java.lang.Thread.run(Thread.java:1474) ~[na:na]

2026-07-24T13:49:33.196+05:30  INFO 17510 --- [UserModule] [DiscoveryClient-HeartbeatExecutor-%d] c.n.d.s.t.d.RedirectingEurekaHttpClient  : Request execution error. endpoint=DefaultEndpoint{ serviceUrl='http://localhost:8761/eureka/}, exception=Error while extracting response for type [com.netflix.appinfo.InstanceInfo] and content type [application/json]

org.springframework.web.client.RestClientException: Error while extracting response for type [com.netflix.appinfo.InstanceInfo] and content type [application/json]
	at org.springframework.web.client.DefaultRestClient.readWithMessageConverters(DefaultRestClient.java:274) ~[spring-web-7.0.8.jar:7.0.8]
	at org.springframework.web.client.DefaultRestClient$DefaultResponseSpec.readBody(DefaultRestClient.java:931) ~[spring-web-7.0.8.jar:7.0.8]
	at org.springframework.web.client.DefaultRestClient$DefaultResponseSpec.lambda$toEntityInternal$0(DefaultRestClient.java:871) ~[spring-web-7.0.8.jar:7.0.8]
	at org.springframework.web.client.DefaultRestClient$DefaultRequestBodyUriSpec.exchangeInternal(DefaultRestClient.java:617) ~[spring-web-7.0.8.jar:7.0.8]
	at org.springframework.web.client.DefaultRestClient$DefaultRequestBodyUriSpec.exchange(DefaultRestClient.java:572) ~[spring-web-7.0.8.jar:7.0.8]
	at org.springframework.web.client.RestClient$RequestHeadersSpec.exchange(RestClient.java:747) ~[spring-web-7.0.8.jar:7.0.8]
	at org.springframework.web.client.DefaultRestClient$DefaultResponseSpec.executeAndExtract(DefaultRestClient.java:924) ~[spring-web-7.0.8.jar:7.0.8]
	at org.springframework.web.client.DefaultRestClient$DefaultResponseSpec.toEntityInternal(DefaultRestClient.java:870) ~[spring-web-7.0.8.jar:7.0.8]
	at org.springframework.web.client.DefaultRestClient$DefaultResponseSpec.toEntity(DefaultRestClient.java:859) ~[spring-web-7.0.8.jar:7.0.8]
	at org.springframework.cloud.netflix.eureka.http.RestClientEurekaHttpClient.sendHeartBeat(RestClientEurekaHttpClient.java:91) ~[spring-cloud-netflix-eureka-client-5.0.2.jar:5.0.2]
	at com.netflix.discovery.shared.transport.decorator.EurekaHttpClientDecorator$3.execute(EurekaHttpClientDecorator.java:92) ~[eureka-client-2.0.6.jar:2.0.6]
	at com.netflix.discovery.shared.transport.decorator.RedirectingEurekaHttpClient.executeOnNewServer(RedirectingEurekaHttpClient.java:120) ~[eureka-client-2.0.6.jar:2.0.6]
	at com.netflix.discovery.shared.transport.decorator.RedirectingEurekaHttpClient.execute(RedirectingEurekaHttpClient.java:79) ~[eureka-client-2.0.6.jar:2.0.6]
	at com.netflix.discovery.shared.transport.decorator.EurekaHttpClientDecorator.sendHeartBeat(EurekaHttpClientDecorator.java:89) ~[eureka-client-2.0.6.jar:2.0.6]
	at com.netflix.discovery.shared.transport.decorator.EurekaHttpClientDecorator$3.execute(EurekaHttpClientDecorator.java:92) ~[eureka-client-2.0.6.jar:2.0.6]
	at com.netflix.discovery.shared.transport.decorator.RetryableEurekaHttpClient.execute(RetryableEurekaHttpClient.java:120) ~[eureka-client-2.0.6.jar:2.0.6]
	at com.netflix.discovery.shared.transport.decorator.EurekaHttpClientDecorator.sendHeartBeat(EurekaHttpClientDecorator.java:89) ~[eureka-client-2.0.6.jar:2.0.6]
	at com.netflix.discovery.shared.transport.decorator.EurekaHttpClientDecorator$3.execute(EurekaHttpClientDecorator.java:92) ~[eureka-client-2.0.6.jar:2.0.6]
	at com.netflix.discovery.shared.transport.decorator.SessionedEurekaHttpClient.execute(SessionedEurekaHttpClient.java:76) ~[eureka-client-2.0.6.jar:2.0.6]
	at com.netflix.discovery.shared.transport.decorator.EurekaHttpClientDecorator.sendHeartBeat(EurekaHttpClientDecorator.java:89) ~[eureka-client-2.0.6.jar:2.0.6]
	at com.netflix.discovery.DiscoveryClient.renew(DiscoveryClient.java:860) ~[eureka-client-2.0.6.jar:2.0.6]
	at com.netflix.discovery.DiscoveryClient$HeartbeatThread.run(DiscoveryClient.java:1418) ~[eureka-client-2.0.6.jar:2.0.6]
	at java.base/java.util.concurrent.Executors$RunnableAdapter.call(Executors.java:545) ~[na:na]
	at java.base/java.util.concurrent.FutureTask.run(FutureTask.java:328) ~[na:na]
	at java.base/java.util.concurrent.ThreadPoolExecutor.runWorker(ThreadPoolExecutor.java:1090) ~[na:na]
	at java.base/java.util.concurrent.ThreadPoolExecutor$Worker.run(ThreadPoolExecutor.java:614) ~[na:na]
	at java.base/java.lang.Thread.run(Thread.java:1474) ~[na:na]
Caused by: org.springframework.http.converter.HttpMessageNotReadableException: JSON parse error: Root name ('timestamp') does not match expected ('instance') for type `com.netflix.appinfo.InstanceInfo`
	at org.springframework.http.converter.json.AbstractJackson2HttpMessageConverter.readJavaType(AbstractJackson2HttpMessageConverter.java:408) ~[spring-web-7.0.8.jar:7.0.8]
	at org.springframework.http.converter.json.AbstractJackson2HttpMessageConverter.read(AbstractJackson2HttpMessageConverter.java:356) ~[spring-web-7.0.8.jar:7.0.8]
	at org.springframework.web.client.DefaultRestClient.readWithMessageConverters(DefaultRestClient.java:237) ~[spring-web-7.0.8.jar:7.0.8]
	... 26 common frames omitted
Caused by: com.fasterxml.jackson.databind.exc.MismatchedInputException: Root name ('timestamp') does not match expected ('instance') for type `com.netflix.appinfo.InstanceInfo`
 at [Source: REDACTED (`StreamReadFeature.INCLUDE_SOURCE_IN_LOCATION` disabled); line: 1, column: 2] (through reference chain: com.netflix.appinfo.InstanceInfo["timestamp"])
	at com.fasterxml.jackson.databind.exc.MismatchedInputException.from(MismatchedInputException.java:76) ~[jackson-databind-2.21.4.jar:2.21.4]
	at com.fasterxml.jackson.databind.DeserializationContext.reportPropertyInputMismatch(DeserializationContext.java:1849) ~[jackson-databind-2.21.4.jar:2.21.4]
	at com.fasterxml.jackson.databind.DeserializationContext.reportPropertyInputMismatch(DeserializationContext.java:1865) ~[jackson-databind-2.21.4.jar:2.21.4]
	at com.fasterxml.jackson.databind.deser.DefaultDeserializationContext._unwrapAndDeserialize(DefaultDeserializationContext.java:367) ~[jackson-databind-2.21.4.jar:2.21.4]
	at com.fasterxml.jackson.databind.deser.DefaultDeserializationContext.readRootValue(DefaultDeserializationContext.java:339) ~[jackson-databind-2.21.4.jar:2.21.4]
	at com.fasterxml.jackson.databind.ObjectReader._bindAndClose(ObjectReader.java:2148) ~[jackson-databind-2.21.4.jar:2.21.4]
	at com.fasterxml.jackson.databind.ObjectReader.readValue(ObjectReader.java:1504) ~[jackson-databind-2.21.4.jar:2.21.4]
	at org.springframework.http.converter.json.AbstractJackson2HttpMessageConverter.readJavaType(AbstractJackson2HttpMessageConverter.java:397) ~[spring-web-7.0.8.jar:7.0.8]
	... 28 common frames omitted

2026-07-24T13:49:33.196+05:30  WARN 17510 --- [UserModule] [DiscoveryClient-HeartbeatExecutor-%d] c.n.d.s.t.d.RetryableEurekaHttpClient    : Request execution failed with message: Error while extracting response for type [com.netflix.appinfo.InstanceInfo] and content type [application/json]
2026-07-24T13:49:33.197+05:30 ERROR 17510 --- [UserModule] [DiscoveryClient-HeartbeatExecutor-%d] com.netflix.discovery.DiscoveryClient    : DiscoveryClient_USERMODULE/null - was unable to send heartbeat!

com.netflix.discovery.shared.transport.TransportException: Cannot execute request on any known server
	at com.netflix.discovery.shared.transport.decorator.RetryableEurekaHttpClient.execute(RetryableEurekaHttpClient.java:112) ~[eureka-client-2.0.6.jar:2.0.6]
	at com.netflix.discovery.shared.transport.decorator.EurekaHttpClientDecorator.sendHeartBeat(EurekaHttpClientDecorator.java:89) ~[eureka-client-2.0.6.jar:2.0.6]
	at com.netflix.discovery.shared.transport.decorator.EurekaHttpClientDecorator$3.execute(EurekaHttpClientDecorator.java:92) ~[eureka-client-2.0.6.jar:2.0.6]
	at com.netflix.discovery.shared.transport.decorator.SessionedEurekaHttpClient.execute(SessionedEurekaHttpClient.java:76) ~[eureka-client-2.0.6.jar:2.0.6]
	at com.netflix.discovery.shared.transport.decorator.EurekaHttpClientDecorator.sendHeartBeat(EurekaHttpClientDecorator.java:89) ~[eureka-client-2.0.6.jar:2.0.6]
	at com.netflix.discovery.DiscoveryClient.renew(DiscoveryClient.java:860) ~[eureka-client-2.0.6.jar:2.0.6]
	at com.netflix.discovery.DiscoveryClient$HeartbeatThread.run(DiscoveryClient.java:1418) ~[eureka-client-2.0.6.jar:2.0.6]
	at java.base/java.util.concurrent.Executors$RunnableAdapter.call(Executors.java:545) ~[na:na]
	at java.base/java.util.concurrent.FutureTask.run(FutureTask.java:328) ~[na:na]
	at java.base/java.util.concurrent.ThreadPoolExecutor.runWorker(ThreadPoolExecutor.java:1090) ~[na:na]
	at java.base/java.util.concurrent.ThreadPoolExecutor$Worker.run(ThreadPoolExecutor.java:614) ~[na:na]
	at java.base/java.lang.Thread.run(Thread.java:1474) ~[na:na]

2026-07-24T13:49:38.217+05:30  INFO 17510 --- [UserModule] [DiscoveryClient-HeartbeatExecutor-%d] c.n.d.s.t.d.RedirectingEurekaHttpClient  : Request execution error. endpoint=DefaultEndpoint{ serviceUrl='http://localhost:8761/eureka/}, exception=Error while extracting response for type [com.netflix.appinfo.InstanceInfo] and content type [application/json]

org.springframework.web.client.RestClientException: Error while extracting response for type [com.netflix.appinfo.InstanceInfo] and content type [application/json]
	at org.springframework.web.client.DefaultRestClient.readWithMessageConverters(DefaultRestClient.java:274) ~[spring-web-7.0.8.jar:7.0.8]
	at org.springframework.web.client.DefaultRestClient$DefaultResponseSpec.readBody(DefaultRestClient.java:931) ~[spring-web-7.0.8.jar:7.0.8]
	at org.springframework.web.client.DefaultRestClient$DefaultResponseSpec.lambda$toEntityInternal$0(DefaultRestClient.java:871) ~[spring-web-7.0.8.jar:7.0.8]
	at org.springframework.web.client.DefaultRestClient$DefaultRequestBodyUriSpec.exchangeInternal(DefaultRestClient.java:617) ~[spring-web-7.0.8.jar:7.0.8]
	at org.springframework.web.client.DefaultRestClient$DefaultRequestBodyUriSpec.exchange(DefaultRestClient.java:572) ~[spring-web-7.0.8.jar:7.0.8]
	at org.springframework.web.client.RestClient$RequestHeadersSpec.exchange(RestClient.java:747) ~[spring-web-7.0.8.jar:7.0.8]
	at org.springframework.web.client.DefaultRestClient$DefaultResponseSpec.executeAndExtract(DefaultRestClient.java:924) ~[spring-web-7.0.8.jar:7.0.8]
	at org.springframework.web.client.DefaultRestClient$DefaultResponseSpec.toEntityInternal(DefaultRestClient.java:870) ~[spring-web-7.0.8.jar:7.0.8]
	at org.springframework.web.client.DefaultRestClient$DefaultResponseSpec.toEntity(DefaultRestClient.java:859) ~[spring-web-7.0.8.jar:7.0.8]
	at org.springframework.cloud.netflix.eureka.http.RestClientEurekaHttpClient.sendHeartBeat(RestClientEurekaHttpClient.java:91) ~[spring-cloud-netflix-eureka-client-5.0.2.jar:5.0.2]
	at com.netflix.discovery.shared.transport.decorator.EurekaHttpClientDecorator$3.execute(EurekaHttpClientDecorator.java:92) ~[eureka-client-2.0.6.jar:2.0.6]
	at com.netflix.discovery.shared.transport.decorator.RedirectingEurekaHttpClient.executeOnNewServer(RedirectingEurekaHttpClient.java:120) ~[eureka-client-2.0.6.jar:2.0.6]
	at com.netflix.discovery.shared.transport.decorator.RedirectingEurekaHttpClient.execute(RedirectingEurekaHttpClient.java:79) ~[eureka-client-2.0.6.jar:2.0.6]
	at com.netflix.discovery.shared.transport.decorator.EurekaHttpClientDecorator.sendHeartBeat(EurekaHttpClientDecorator.java:89) ~[eureka-client-2.0.6.jar:2.0.6]
	at com.netflix.discovery.shared.transport.decorator.EurekaHttpClientDecorator$3.execute(EurekaHttpClientDecorator.java:92) ~[eureka-client-2.0.6.jar:2.0.6]
	at com.netflix.discovery.shared.transport.decorator.RetryableEurekaHttpClient.execute(RetryableEurekaHttpClient.java:120) ~[eureka-client-2.0.6.jar:2.0.6]
	at com.netflix.discovery.shared.transport.decorator.EurekaHttpClientDecorator.sendHeartBeat(EurekaHttpClientDecorator.java:89) ~[eureka-client-2.0.6.jar:2.0.6]
	at com.netflix.discovery.shared.transport.decorator.EurekaHttpClientDecorator$3.execute(EurekaHttpClientDecorator.java:92) ~[eureka-client-2.0.6.jar:2.0.6]
	at com.netflix.discovery.shared.transport.decorator.SessionedEurekaHttpClient.execute(SessionedEurekaHttpClient.java:76) ~[eureka-client-2.0.6.jar:2.0.6]
	at com.netflix.discovery.shared.transport.decorator.EurekaHttpClientDecorator.sendHeartBeat(EurekaHttpClientDecorator.java:89) ~[eureka-client-2.0.6.jar:2.0.6]
	at com.netflix.discovery.DiscoveryClient.renew(DiscoveryClient.java:860) ~[eureka-client-2.0.6.jar:2.0.6]
	at com.netflix.discovery.DiscoveryClient$HeartbeatThread.run(DiscoveryClient.java:1418) ~[eureka-client-2.0.6.jar:2.0.6]
	at java.base/java.util.concurrent.Executors$RunnableAdapter.call(Executors.java:545) ~[na:na]
	at java.base/java.util.concurrent.FutureTask.run(FutureTask.java:328) ~[na:na]
	at java.base/java.util.concurrent.ThreadPoolExecutor.runWorker(ThreadPoolExecutor.java:1090) ~[na:na]
	at java.base/java.util.concurrent.ThreadPoolExecutor$Worker.run(ThreadPoolExecutor.java:614) ~[na:na]
	at java.base/java.lang.Thread.run(Thread.java:1474) ~[na:na]
Caused by: org.springframework.http.converter.HttpMessageNotReadableException: JSON parse error: Root name ('timestamp') does not match expected ('instance') for type `com.netflix.appinfo.InstanceInfo`
	at org.springframework.http.converter.json.AbstractJackson2HttpMessageConverter.readJavaType(AbstractJackson2HttpMessageConverter.java:408) ~[spring-web-7.0.8.jar:7.0.8]
	at org.springframework.http.converter.json.AbstractJackson2HttpMessageConverter.read(AbstractJackson2HttpMessageConverter.java:356) ~[spring-web-7.0.8.jar:7.0.8]
	at org.springframework.web.client.DefaultRestClient.readWithMessageConverters(DefaultRestClient.java:237) ~[spring-web-7.0.8.jar:7.0.8]
	... 26 common frames omitted
Caused by: com.fasterxml.jackson.databind.exc.MismatchedInputException: Root name ('timestamp') does not match expected ('instance') for type `com.netflix.appinfo.InstanceInfo`
 at [Source: REDACTED (`StreamReadFeature.INCLUDE_SOURCE_IN_LOCATION` disabled); line: 1, column: 2] (through reference chain: com.netflix.appinfo.InstanceInfo["timestamp"])
	at com.fasterxml.jackson.databind.exc.MismatchedInputException.from(MismatchedInputException.java:76) ~[jackson-databind-2.21.4.jar:2.21.4]
	at com.fasterxml.jackson.databind.DeserializationContext.reportPropertyInputMismatch(DeserializationContext.java:1849) ~[jackson-databind-2.21.4.jar:2.21.4]
	at com.fasterxml.jackson.databind.DeserializationContext.reportPropertyInputMismatch(DeserializationContext.java:1865) ~[jackson-databind-2.21.4.jar:2.21.4]
	at com.fasterxml.jackson.databind.deser.DefaultDeserializationContext._unwrapAndDeserialize(DefaultDeserializationContext.java:367) ~[jackson-databind-2.21.4.jar:2.21.4]
	at com.fasterxml.jackson.databind.deser.DefaultDeserializationContext.readRootValue(DefaultDeserializationContext.java:339) ~[jackson-databind-2.21.4.jar:2.21.4]
	at com.fasterxml.jackson.databind.ObjectReader._bindAndClose(ObjectReader.java:2148) ~[jackson-databind-2.21.4.jar:2.21.4]
	at com.fasterxml.jackson.databind.ObjectReader.readValue(ObjectReader.java:1504) ~[jackson-databind-2.21.4.jar:2.21.4]
	at org.springframework.http.converter.json.AbstractJackson2HttpMessageConverter.readJavaType(AbstractJackson2HttpMessageConverter.java:397) ~[spring-web-7.0.8.jar:7.0.8]
	... 28 common frames omitted

2026-07-24T13:49:38.218+05:30  WARN 17510 --- [UserModule] [DiscoveryClient-HeartbeatExecutor-%d] c.n.d.s.t.d.RetryableEurekaHttpClient    : Request execution failed with message: Error while extracting response for type [com.netflix.appinfo.InstanceInfo] and content type [application/json]
2026-07-24T13:49:38.218+05:30 ERROR 17510 --- [UserModule] [DiscoveryClient-HeartbeatExecutor-%d] com.netflix.discovery.DiscoveryClient    : DiscoveryClient_USERMODULE/null - was unable to send heartbeat!

com.netflix.discovery.shared.transport.TransportException: Cannot execute request on any known server
	at com.netflix.discovery.shared.transport.decorator.RetryableEurekaHttpClient.execute(RetryableEurekaHttpClient.java:112) ~[eureka-client-2.0.6.jar:2.0.6]
	at com.netflix.discovery.shared.transport.decorator.EurekaHttpClientDecorator.sendHeartBeat(EurekaHttpClientDecorator.java:89) ~[eureka-client-2.0.6.jar:2.0.6]
	at com.netflix.discovery.shared.transport.decorator.EurekaHttpClientDecorator$3.execute(EurekaHttpClientDecorator.java:92) ~[eureka-client-2.0.6.jar:2.0.6]
	at com.netflix.discovery.shared.transport.decorator.SessionedEurekaHttpClient.execute(SessionedEurekaHttpClient.java:76) ~[eureka-client-2.0.6.jar:2.0.6]
	at com.netflix.discovery.shared.transport.decorator.EurekaHttpClientDecorator.sendHeartBeat(EurekaHttpClientDecorator.java:89) ~[eureka-client-2.0.6.jar:2.0.6]
	at com.netflix.discovery.DiscoveryClient.renew(DiscoveryClient.java:860) ~[eureka-client-2.0.6.jar:2.0.6]
	at com.netflix.discovery.DiscoveryClient$HeartbeatThread.run(DiscoveryClient.java:1418) ~[eureka-client-2.0.6.jar:2.0.6]
	at java.base/java.util.concurrent.Executors$RunnableAdapter.call(Executors.java:545) ~[na:na]
	at java.base/java.util.concurrent.FutureTask.run(FutureTask.java:328) ~[na:na]
	at java.base/java.util.concurrent.ThreadPoolExecutor.runWorker(ThreadPoolExecutor.java:1090) ~[na:na]
	at java.base/java.util.concurrent.ThreadPoolExecutor$Worker.run(ThreadPoolExecutor.java:614) ~[na:na]
	at java.base/java.lang.Thread.run(Thread.java:1474) ~[na:na]

2026-07-24T13:49:42.924+05:30  INFO 17510 --- [UserModule] [DiscoveryClient-CacheRefreshExecutor-%d] com.netflix.discovery.DiscoveryClient    : Disable delta property : false
2026-07-24T13:49:42.925+05:30  INFO 17510 --- [UserModule] [DiscoveryClient-CacheRefreshExecutor-%d] com.netflix.discovery.DiscoveryClient    : Single vip registry refresh property : null
2026-07-24T13:49:42.925+05:30  INFO 17510 --- [UserModule] [DiscoveryClient-CacheRefreshExecutor-%d] com.netflix.discovery.DiscoveryClient    : Force full registry fetch : false
2026-07-24T13:49:42.925+05:30  INFO 17510 --- [UserModule] [DiscoveryClient-CacheRefreshExecutor-%d] com.netflix.discovery.DiscoveryClient    : Application is null : false
2026-07-24T13:49:42.925+05:30  INFO 17510 --- [UserModule] [DiscoveryClient-CacheRefreshExecutor-%d] com.netflix.discovery.DiscoveryClient    : Registered Applications size is zero : true
2026-07-24T13:49:42.925+05:30  INFO 17510 --- [UserModule] [DiscoveryClient-CacheRefreshExecutor-%d] com.netflix.discovery.DiscoveryClient    : Application version is -1: false
2026-07-24T13:49:42.925+05:30  INFO 17510 --- [UserModule] [DiscoveryClient-CacheRefreshExecutor-%d] com.netflix.discovery.DiscoveryClient    : Getting all instance registry info from the eureka server
2026-07-24T13:49:42.931+05:30  INFO 17510 --- [UserModule] [DiscoveryClient-CacheRefreshExecutor-%d] com.netflix.discovery.DiscoveryClient    : The response status is 200
2026-07-24T13:49:42.965+05:30  INFO 17510 --- [UserModule] [DiscoveryClient-InstanceInfoReplicator-%d] com.netflix.discovery.DiscoveryClient    : DiscoveryClient_USERMODULE/null: registering service...
2026-07-24T13:49:42.982+05:30  WARN 17510 --- [UserModule] [DiscoveryClient-InstanceInfoReplicator-%d] c.n.d.s.t.d.RetryableEurekaHttpClient    : Request execution failure with status code 400; retrying on another server if available
2026-07-24T13:49:42.982+05:30  WARN 17510 --- [UserModule] [DiscoveryClient-InstanceInfoReplicator-%d] com.netflix.discovery.DiscoveryClient    : DiscoveryClient_USERMODULE/null - registration failed Cannot execute request on any known server

com.netflix.discovery.shared.transport.TransportException: Cannot execute request on any known server
	at com.netflix.discovery.shared.transport.decorator.RetryableEurekaHttpClient.execute(RetryableEurekaHttpClient.java:112) ~[eureka-client-2.0.6.jar:2.0.6]
	at com.netflix.discovery.shared.transport.decorator.EurekaHttpClientDecorator.register(EurekaHttpClientDecorator.java:56) ~[eureka-client-2.0.6.jar:2.0.6]
	at com.netflix.discovery.shared.transport.decorator.EurekaHttpClientDecorator$1.execute(EurekaHttpClientDecorator.java:59) ~[eureka-client-2.0.6.jar:2.0.6]
	at com.netflix.discovery.shared.transport.decorator.SessionedEurekaHttpClient.execute(SessionedEurekaHttpClient.java:76) ~[eureka-client-2.0.6.jar:2.0.6]
	at com.netflix.discovery.shared.transport.decorator.EurekaHttpClientDecorator.register(EurekaHttpClientDecorator.java:56) ~[eureka-client-2.0.6.jar:2.0.6]
	at com.netflix.discovery.DiscoveryClient.register(DiscoveryClient.java:843) ~[eureka-client-2.0.6.jar:2.0.6]
	at com.netflix.discovery.InstanceInfoReplicator.run(InstanceInfoReplicator.java:125) ~[eureka-client-2.0.6.jar:2.0.6]
	at java.base/java.util.concurrent.Executors$RunnableAdapter.call(Executors.java:545) ~[na:na]
	at java.base/java.util.concurrent.FutureTask.run(FutureTask.java:328) ~[na:na]
	at java.base/java.util.concurrent.ScheduledThreadPoolExecutor$ScheduledFutureTask.run(ScheduledThreadPoolExecutor.java:309) ~[na:na]
	at java.base/java.util.concurrent.ThreadPoolExecutor.runWorker(ThreadPoolExecutor.java:1090) ~[na:na]
	at java.base/java.util.concurrent.ThreadPoolExecutor$Worker.run(ThreadPoolExecutor.java:614) ~[na:na]
	at java.base/java.lang.Thread.run(Thread.java:1474) ~[na:na]

2026-07-24T13:49:42.983+05:30  WARN 17510 --- [UserModule] [DiscoveryClient-InstanceInfoReplicator-%d] c.n.discovery.InstanceInfoReplicator     : There was a problem with the instance info replicator

com.netflix.discovery.shared.transport.TransportException: Cannot execute request on any known server
	at com.netflix.discovery.shared.transport.decorator.RetryableEurekaHttpClient.execute(RetryableEurekaHttpClient.java:112) ~[eureka-client-2.0.6.jar:2.0.6]
	at com.netflix.discovery.shared.transport.decorator.EurekaHttpClientDecorator.register(EurekaHttpClientDecorator.java:56) ~[eureka-client-2.0.6.jar:2.0.6]
	at com.netflix.discovery.shared.transport.decorator.EurekaHttpClientDecorator$1.execute(EurekaHttpClientDecorator.java:59) ~[eureka-client-2.0.6.jar:2.0.6]
	at com.netflix.discovery.shared.transport.decorator.SessionedEurekaHttpClient.execute(SessionedEurekaHttpClient.java:76) ~[eureka-client-2.0.6.jar:2.0.6]
	at com.netflix.discovery.shared.transport.decorator.EurekaHttpClientDecorator.register(EurekaHttpClientDecorator.java:56) ~[eureka-client-2.0.6.jar:2.0.6]
	at com.netflix.discovery.DiscoveryClient.register(DiscoveryClient.java:843) ~[eureka-client-2.0.6.jar:2.0.6]
	at com.netflix.discovery.InstanceInfoReplicator.run(InstanceInfoReplicator.java:125) ~[eureka-client-2.0.6.jar:2.0.6]
	at java.base/java.util.concurrent.Executors$RunnableAdapter.call(Executors.java:545) ~[na:na]
	at java.base/java.util.concurrent.FutureTask.run(FutureTask.java:328) ~[na:na]
	at java.base/java.util.concurrent.ScheduledThreadPoolExecutor$ScheduledFutureTask.run(ScheduledThreadPoolExecutor.java:309) ~[na:na]
	at java.base/java.util.concurrent.ThreadPoolExecutor.runWorker(ThreadPoolExecutor.java:1090) ~[na:na]
	at java.base/java.util.concurrent.ThreadPoolExecutor$Worker.run(ThreadPoolExecutor.java:614) ~[na:na]
	at java.base/java.lang.Thread.run(Thread.java:1474) ~[na:na]

2026-07-24T13:49:43.232+05:30  INFO 17510 --- [UserModule] [DiscoveryClient-HeartbeatExecutor-%d] c.n.d.s.t.d.RedirectingEurekaHttpClient  : Request execution error. endpoint=DefaultEndpoint{ serviceUrl='http://localhost:8761/eureka/}, exception=Error while extracting response for type [com.netflix.appinfo.InstanceInfo] and content type [application/json]

org.springframework.web.client.RestClientException: Error while extracting response for type [com.netflix.appinfo.InstanceInfo] and content type [application/json]
	at org.springframework.web.client.DefaultRestClient.readWithMessageConverters(DefaultRestClient.java:274) ~[spring-web-7.0.8.jar:7.0.8]
	at org.springframework.web.client.DefaultRestClient$DefaultResponseSpec.readBody(DefaultRestClient.java:931) ~[spring-web-7.0.8.jar:7.0.8]
	at org.springframework.web.client.DefaultRestClient$DefaultResponseSpec.lambda$toEntityInternal$0(DefaultRestClient.java:871) ~[spring-web-7.0.8.jar:7.0.8]
	at org.springframework.web.client.DefaultRestClient$DefaultRequestBodyUriSpec.exchangeInternal(DefaultRestClient.java:617) ~[spring-web-7.0.8.jar:7.0.8]
	at org.springframework.web.client.DefaultRestClient$DefaultRequestBodyUriSpec.exchange(DefaultRestClient.java:572) ~[spring-web-7.0.8.jar:7.0.8]
	at org.springframework.web.client.RestClient$RequestHeadersSpec.exchange(RestClient.java:747) ~[spring-web-7.0.8.jar:7.0.8]
	at org.springframework.web.client.DefaultRestClient$DefaultResponseSpec.executeAndExtract(DefaultRestClient.java:924) ~[spring-web-7.0.8.jar:7.0.8]
	at org.springframework.web.client.DefaultRestClient$DefaultResponseSpec.toEntityInternal(DefaultRestClient.java:870) ~[spring-web-7.0.8.jar:7.0.8]
	at org.springframework.web.client.DefaultRestClient$DefaultResponseSpec.toEntity(DefaultRestClient.java:859) ~[spring-web-7.0.8.jar:7.0.8]
	at org.springframework.cloud.netflix.eureka.http.RestClientEurekaHttpClient.sendHeartBeat(RestClientEurekaHttpClient.java:91) ~[spring-cloud-netflix-eureka-client-5.0.2.jar:5.0.2]
	at com.netflix.discovery.shared.transport.decorator.EurekaHttpClientDecorator$3.execute(EurekaHttpClientDecorator.java:92) ~[eureka-client-2.0.6.jar:2.0.6]
	at com.netflix.discovery.shared.transport.decorator.RedirectingEurekaHttpClient.executeOnNewServer(RedirectingEurekaHttpClient.java:120) ~[eureka-client-2.0.6.jar:2.0.6]
	at com.netflix.discovery.shared.transport.decorator.RedirectingEurekaHttpClient.execute(RedirectingEurekaHttpClient.java:79) ~[eureka-client-2.0.6.jar:2.0.6]
	at com.netflix.discovery.shared.transport.decorator.EurekaHttpClientDecorator.sendHeartBeat(EurekaHttpClientDecorator.java:89) ~[eureka-client-2.0.6.jar:2.0.6]
	at com.netflix.discovery.shared.transport.decorator.EurekaHttpClientDecorator$3.execute(EurekaHttpClientDecorator.java:92) ~[eureka-client-2.0.6.jar:2.0.6]
	at com.netflix.discovery.shared.transport.decorator.RetryableEurekaHttpClient.execute(RetryableEurekaHttpClient.java:120) ~[eureka-client-2.0.6.jar:2.0.6]
	at com.netflix.discovery.shared.transport.decorator.EurekaHttpClientDecorator.sendHeartBeat(EurekaHttpClientDecorator.java:89) ~[eureka-client-2.0.6.jar:2.0.6]
	at com.netflix.discovery.shared.transport.decorator.EurekaHttpClientDecorator$3.execute(EurekaHttpClientDecorator.java:92) ~[eureka-client-2.0.6.jar:2.0.6]
	at com.netflix.discovery.shared.transport.decorator.SessionedEurekaHttpClient.execute(SessionedEurekaHttpClient.java:76) ~[eureka-client-2.0.6.jar:2.0.6]
	at com.netflix.discovery.shared.transport.decorator.EurekaHttpClientDecorator.sendHeartBeat(EurekaHttpClientDecorator.java:89) ~[eureka-client-2.0.6.jar:2.0.6]
	at com.netflix.discovery.DiscoveryClient.renew(DiscoveryClient.java:860) ~[eureka-client-2.0.6.jar:2.0.6]
	at com.netflix.discovery.DiscoveryClient$HeartbeatThread.run(DiscoveryClient.java:1418) ~[eureka-client-2.0.6.jar:2.0.6]
	at java.base/java.util.concurrent.Executors$RunnableAdapter.call(Executors.java:545) ~[na:na]
	at java.base/java.util.concurrent.FutureTask.run(FutureTask.java:328) ~[na:na]
	at java.base/java.util.concurrent.ThreadPoolExecutor.runWorker(ThreadPoolExecutor.java:1090) ~[na:na]
	at java.base/java.util.concurrent.ThreadPoolExecutor$Worker.run(ThreadPoolExecutor.java:614) ~[na:na]
	at java.base/java.lang.Thread.run(Thread.java:1474) ~[na:na]
Caused by: org.springframework.http.converter.HttpMessageNotReadableException: JSON parse error: Root name ('timestamp') does not match expected ('instance') for type `com.netflix.appinfo.InstanceInfo`
	at org.springframework.http.converter.json.AbstractJackson2HttpMessageConverter.readJavaType(AbstractJackson2HttpMessageConverter.java:408) ~[spring-web-7.0.8.jar:7.0.8]
	at org.springframework.http.converter.json.AbstractJackson2HttpMessageConverter.read(AbstractJackson2HttpMessageConverter.java:356) ~[spring-web-7.0.8.jar:7.0.8]
	at org.springframework.web.client.DefaultRestClient.readWithMessageConverters(DefaultRestClient.java:237) ~[spring-web-7.0.8.jar:7.0.8]
	... 26 common frames omitted
Caused by: com.fasterxml.jackson.databind.exc.MismatchedInputException: Root name ('timestamp') does not match expected ('instance') for type `com.netflix.appinfo.InstanceInfo`
 at [Source: REDACTED (`StreamReadFeature.INCLUDE_SOURCE_IN_LOCATION` disabled); line: 1, column: 2] (through reference chain: com.netflix.appinfo.InstanceInfo["timestamp"])
	at com.fasterxml.jackson.databind.exc.MismatchedInputException.from(MismatchedInputException.java:76) ~[jackson-databind-2.21.4.jar:2.21.4]
	at com.fasterxml.jackson.databind.DeserializationContext.reportPropertyInputMismatch(DeserializationContext.java:1849) ~[jackson-databind-2.21.4.jar:2.21.4]
	at com.fasterxml.jackson.databind.DeserializationContext.reportPropertyInputMismatch(DeserializationContext.java:1865) ~[jackson-databind-2.21.4.jar:2.21.4]
	at com.fasterxml.jackson.databind.deser.DefaultDeserializationContext._unwrapAndDeserialize(DefaultDeserializationContext.java:367) ~[jackson-databind-2.21.4.jar:2.21.4]
	at com.fasterxml.jackson.databind.deser.DefaultDeserializationContext.readRootValue(DefaultDeserializationContext.java:339) ~[jackson-databind-2.21.4.jar:2.21.4]
	at com.fasterxml.jackson.databind.ObjectReader._bindAndClose(ObjectReader.java:2148) ~[jackson-databind-2.21.4.jar:2.21.4]
	at com.fasterxml.jackson.databind.ObjectReader.readValue(ObjectReader.java:1504) ~[jackson-databind-2.21.4.jar:2.21.4]
	at org.springframework.http.converter.json.AbstractJackson2HttpMessageConverter.readJavaType(AbstractJackson2HttpMessageConverter.java:397) ~[spring-web-7.0.8.jar:7.0.8]
	... 28 common frames omitted

2026-07-24T13:49:43.232+05:30  WARN 17510 --- [UserModule] [DiscoveryClient-HeartbeatExecutor-%d] c.n.d.s.t.d.RetryableEurekaHttpClient    : Request execution failed with message: Error while extracting response for type [com.netflix.appinfo.InstanceInfo] and content type [application/json]
2026-07-24T13:49:43.232+05:30 ERROR 17510 --- [UserModule] [DiscoveryClient-HeartbeatExecutor-%d] com.netflix.discovery.DiscoveryClient    : DiscoveryClient_USERMODULE/null - was unable to send heartbeat!

com.netflix.discovery.shared.transport.TransportException: Cannot execute request on any known server
	at com.netflix.discovery.shared.transport.decorator.RetryableEurekaHttpClient.execute(RetryableEurekaHttpClient.java:112) ~[eureka-client-2.0.6.jar:2.0.6]
	at com.netflix.discovery.shared.transport.decorator.EurekaHttpClientDecorator.sendHeartBeat(EurekaHttpClientDecorator.java:89) ~[eureka-client-2.0.6.jar:2.0.6]
	at com.netflix.discovery.shared.transport.decorator.EurekaHttpClientDecorator$3.execute(EurekaHttpClientDecorator.java:92) ~[eureka-client-2.0.6.jar:2.0.6]
	at com.netflix.discovery.shared.transport.decorator.SessionedEurekaHttpClient.execute(SessionedEurekaHttpClient.java:76) ~[eureka-client-2.0.6.jar:2.0.6]
	at com.netflix.discovery.shared.transport.decorator.EurekaHttpClientDecorator.sendHeartBeat(EurekaHttpClientDecorator.java:89) ~[eureka-client-2.0.6.jar:2.0.6]
	at com.netflix.discovery.DiscoveryClient.renew(DiscoveryClient.java:860) ~[eureka-client-2.0.6.jar:2.0.6]
	at com.netflix.discovery.DiscoveryClient$HeartbeatThread.run(DiscoveryClient.java:1418) ~[eureka-client-2.0.6.jar:2.0.6]
	at java.base/java.util.concurrent.Executors$RunnableAdapter.call(Executors.java:545) ~[na:na]
	at java.base/java.util.concurrent.FutureTask.run(FutureTask.java:328) ~[na:na]
	at java.base/java.util.concurrent.ThreadPoolExecutor.runWorker(ThreadPoolExecutor.java:1090) ~[na:na]
	at java.base/java.util.concurrent.ThreadPoolExecutor$Worker.run(ThreadPoolExecutor.java:614) ~[na:na]
	at java.base/java.lang.Thread.run(Thread.java:1474) ~[na:na]

2026-07-24T13:49:48.248+05:30  INFO 17510 --- [UserModule] [DiscoveryClient-HeartbeatExecutor-%d] c.n.d.s.t.d.RedirectingEurekaHttpClient  : Request execution error. endpoint=DefaultEndpoint{ serviceUrl='http://localhost:8761/eureka/}, exception=Error while extracting response for type [com.netflix.appinfo.InstanceInfo] and content type [application/json]

org.springframework.web.client.RestClientException: Error while extracting response for type [com.netflix.appinfo.InstanceInfo] and content type [application/json]
	at org.springframework.web.client.DefaultRestClient.readWithMessageConverters(DefaultRestClient.java:274) ~[spring-web-7.0.8.jar:7.0.8]
	at org.springframework.web.client.DefaultRestClient$DefaultResponseSpec.readBody(DefaultRestClient.java:931) ~[spring-web-7.0.8.jar:7.0.8]
	at org.springframework.web.client.DefaultRestClient$DefaultResponseSpec.lambda$toEntityInternal$0(DefaultRestClient.java:871) ~[spring-web-7.0.8.jar:7.0.8]
	at org.springframework.web.client.DefaultRestClient$DefaultRequestBodyUriSpec.exchangeInternal(DefaultRestClient.java:617) ~[spring-web-7.0.8.jar:7.0.8]
	at org.springframework.web.client.DefaultRestClient$DefaultRequestBodyUriSpec.exchange(DefaultRestClient.java:572) ~[spring-web-7.0.8.jar:7.0.8]
	at org.springframework.web.client.RestClient$RequestHeadersSpec.exchange(RestClient.java:747) ~[spring-web-7.0.8.jar:7.0.8]
	at org.springframework.web.client.DefaultRestClient$DefaultResponseSpec.executeAndExtract(DefaultRestClient.java:924) ~[spring-web-7.0.8.jar:7.0.8]
	at org.springframework.web.client.DefaultRestClient$DefaultResponseSpec.toEntityInternal(DefaultRestClient.java:870) ~[spring-web-7.0.8.jar:7.0.8]
	at org.springframework.web.client.DefaultRestClient$DefaultResponseSpec.toEntity(DefaultRestClient.java:859) ~[spring-web-7.0.8.jar:7.0.8]
	at org.springframework.cloud.netflix.eureka.http.RestClientEurekaHttpClient.sendHeartBeat(RestClientEurekaHttpClient.java:91) ~[spring-cloud-netflix-eureka-client-5.0.2.jar:5.0.2]
	at com.netflix.discovery.shared.transport.decorator.EurekaHttpClientDecorator$3.execute(EurekaHttpClientDecorator.java:92) ~[eureka-client-2.0.6.jar:2.0.6]
	at com.netflix.discovery.shared.transport.decorator.RedirectingEurekaHttpClient.executeOnNewServer(RedirectingEurekaHttpClient.java:120) ~[eureka-client-2.0.6.jar:2.0.6]
	at com.netflix.discovery.shared.transport.decorator.RedirectingEurekaHttpClient.execute(RedirectingEurekaHttpClient.java:79) ~[eureka-client-2.0.6.jar:2.0.6]
	at com.netflix.discovery.shared.transport.decorator.EurekaHttpClientDecorator.sendHeartBeat(EurekaHttpClientDecorator.java:89) ~[eureka-client-2.0.6.jar:2.0.6]
	at com.netflix.discovery.shared.transport.decorator.EurekaHttpClientDecorator$3.execute(EurekaHttpClientDecorator.java:92) ~[eureka-client-2.0.6.jar:2.0.6]
	at com.netflix.discovery.shared.transport.decorator.RetryableEurekaHttpClient.execute(RetryableEurekaHttpClient.java:120) ~[eureka-client-2.0.6.jar:2.0.6]
	at com.netflix.discovery.shared.transport.decorator.EurekaHttpClientDecorator.sendHeartBeat(EurekaHttpClientDecorator.java:89) ~[eureka-client-2.0.6.jar:2.0.6]
	at com.netflix.discovery.shared.transport.decorator.EurekaHttpClientDecorator$3.execute(EurekaHttpClientDecorator.java:92) ~[eureka-client-2.0.6.jar:2.0.6]
	at com.netflix.discovery.shared.transport.decorator.SessionedEurekaHttpClient.execute(SessionedEurekaHttpClient.java:76) ~[eureka-client-2.0.6.jar:2.0.6]
	at com.netflix.discovery.shared.transport.decorator.EurekaHttpClientDecorator.sendHeartBeat(EurekaHttpClientDecorator.java:89) ~[eureka-client-2.0.6.jar:2.0.6]
	at com.netflix.discovery.DiscoveryClient.renew(DiscoveryClient.java:860) ~[eureka-client-2.0.6.jar:2.0.6]
	at com.netflix.discovery.DiscoveryClient$HeartbeatThread.run(DiscoveryClient.java:1418) ~[eureka-client-2.0.6.jar:2.0.6]
	at java.base/java.util.concurrent.Executors$RunnableAdapter.call(Executors.java:545) ~[na:na]
	at java.base/java.util.concurrent.FutureTask.run(FutureTask.java:328) ~[na:na]
	at java.base/java.util.concurrent.ThreadPoolExecutor.runWorker(ThreadPoolExecutor.java:1090) ~[na:na]
	at java.base/java.util.concurrent.ThreadPoolExecutor$Worker.run(ThreadPoolExecutor.java:614) ~[na:na]
	at java.base/java.lang.Thread.run(Thread.java:1474) ~[na:na]
Caused by: org.springframework.http.converter.HttpMessageNotReadableException: JSON parse error: Root name ('timestamp') does not match expected ('instance') for type `com.netflix.appinfo.InstanceInfo`
	at org.springframework.http.converter.json.AbstractJackson2HttpMessageConverter.readJavaType(AbstractJackson2HttpMessageConverter.java:408) ~[spring-web-7.0.8.jar:7.0.8]
	at org.springframework.http.converter.json.AbstractJackson2HttpMessageConverter.read(AbstractJackson2HttpMessageConverter.java:356) ~[spring-web-7.0.8.jar:7.0.8]
	at org.springframework.web.client.DefaultRestClient.readWithMessageConverters(DefaultRestClient.java:237) ~[spring-web-7.0.8.jar:7.0.8]
	... 26 common frames omitted
Caused by: com.fasterxml.jackson.databind.exc.MismatchedInputException: Root name ('timestamp') does not match expected ('instance') for type `com.netflix.appinfo.InstanceInfo`
 at [Source: REDACTED (`StreamReadFeature.INCLUDE_SOURCE_IN_LOCATION` disabled); line: 1, column: 2] (through reference chain: com.netflix.appinfo.InstanceInfo["timestamp"])
	at com.fasterxml.jackson.databind.exc.MismatchedInputException.from(MismatchedInputException.java:76) ~[jackson-databind-2.21.4.jar:2.21.4]
	at com.fasterxml.jackson.databind.DeserializationContext.reportPropertyInputMismatch(DeserializationContext.java:1849) ~[jackson-databind-2.21.4.jar:2.21.4]
	at com.fasterxml.jackson.databind.DeserializationContext.reportPropertyInputMismatch(DeserializationContext.java:1865) ~[jackson-databind-2.21.4.jar:2.21.4]
	at com.fasterxml.jackson.databind.deser.DefaultDeserializationContext._unwrapAndDeserialize(DefaultDeserializationContext.java:367) ~[jackson-databind-2.21.4.jar:2.21.4]
	at com.fasterxml.jackson.databind.deser.DefaultDeserializationContext.readRootValue(DefaultDeserializationContext.java:339) ~[jackson-databind-2.21.4.jar:2.21.4]
	at com.fasterxml.jackson.databind.ObjectReader._bindAndClose(ObjectReader.java:2148) ~[jackson-databind-2.21.4.jar:2.21.4]
	at com.fasterxml.jackson.databind.ObjectReader.readValue(ObjectReader.java:1504) ~[jackson-databind-2.21.4.jar:2.21.4]
	at org.springframework.http.converter.json.AbstractJackson2HttpMessageConverter.readJavaType(AbstractJackson2HttpMessageConverter.java:397) ~[spring-web-7.0.8.jar:7.0.8]
	... 28 common frames omitted

2026-07-24T13:49:48.249+05:30  WARN 17510 --- [UserModule] [DiscoveryClient-HeartbeatExecutor-%d] c.n.d.s.t.d.RetryableEurekaHttpClient    : Request execution failed with message: Error while extracting response for type [com.netflix.appinfo.InstanceInfo] and content type [application/json]
2026-07-24T13:49:48.249+05:30 ERROR 17510 --- [UserModule] [DiscoveryClient-HeartbeatExecutor-%d] com.netflix.discovery.DiscoveryClient    : DiscoveryClient_USERMODULE/null - was unable to send heartbeat!

com.netflix.discovery.shared.transport.TransportException: Cannot execute request on any known server
	at com.netflix.discovery.shared.transport.decorator.RetryableEurekaHttpClient.execute(RetryableEurekaHttpClient.java:112) ~[eureka-client-2.0.6.jar:2.0.6]
	at com.netflix.discovery.shared.transport.decorator.EurekaHttpClientDecorator.sendHeartBeat(EurekaHttpClientDecorator.java:89) ~[eureka-client-2.0.6.jar:2.0.6]
	at com.netflix.discovery.shared.transport.decorator.EurekaHttpClientDecorator$3.execute(EurekaHttpClientDecorator.java:92) ~[eureka-client-2.0.6.jar:2.0.6]
	at com.netflix.discovery.shared.transport.decorator.SessionedEurekaHttpClient.execute(SessionedEurekaHttpClient.java:76) ~[eureka-client-2.0.6.jar:2.0.6]
	at com.netflix.discovery.shared.transport.decorator.EurekaHttpClientDecorator.sendHeartBeat(EurekaHttpClientDecorator.java:89) ~[eureka-client-2.0.6.jar:2.0.6]
	at com.netflix.discovery.DiscoveryClient.renew(DiscoveryClient.java:860) ~[eureka-client-2.0.6.jar:2.0.6]
	at com.netflix.discovery.DiscoveryClient$HeartbeatThread.run(DiscoveryClient.java:1418) ~[eureka-client-2.0.6.jar:2.0.6]
	at java.base/java.util.concurrent.Executors$RunnableAdapter.call(Executors.java:545) ~[na:na]
	at java.base/java.util.concurrent.FutureTask.run(FutureTask.java:328) ~[na:na]
	at java.base/java.util.concurrent.ThreadPoolExecutor.runWorker(ThreadPoolExecutor.java:1090) ~[na:na]
	at java.base/java.util.concurrent.ThreadPoolExecutor$Worker.run(ThreadPoolExecutor.java:614) ~[na:na]
	at java.base/java.lang.Thread.run(Thread.java:1474) ~[na:na]

2026-07-24T13:49:53.268+05:30  INFO 17510 --- [UserModule] [DiscoveryClient-HeartbeatExecutor-%d] c.n.d.s.t.d.RedirectingEurekaHttpClient  : Request execution error. endpoint=DefaultEndpoint{ serviceUrl='http://localhost:8761/eureka/}, exception=Error while extracting response for type [com.netflix.appinfo.InstanceInfo] and content type [application/json]

org.springframework.web.client.RestClientException: Error while extracting response for type [com.netflix.appinfo.InstanceInfo] and content type [application/json]
	at org.springframework.web.client.DefaultRestClient.readWithMessageConverters(DefaultRestClient.java:274) ~[spring-web-7.0.8.jar:7.0.8]
	at org.springframework.web.client.DefaultRestClient$DefaultResponseSpec.readBody(DefaultRestClient.java:931) ~[spring-web-7.0.8.jar:7.0.8]
	at org.springframework.web.client.DefaultRestClient$DefaultResponseSpec.lambda$toEntityInternal$0(DefaultRestClient.java:871) ~[spring-web-7.0.8.jar:7.0.8]
	at org.springframework.web.client.DefaultRestClient$DefaultRequestBodyUriSpec.exchangeInternal(DefaultRestClient.java:617) ~[spring-web-7.0.8.jar:7.0.8]
	at org.springframework.web.client.DefaultRestClient$DefaultRequestBodyUriSpec.exchange(DefaultRestClient.java:572) ~[spring-web-7.0.8.jar:7.0.8]
	at org.springframework.web.client.RestClient$RequestHeadersSpec.exchange(RestClient.java:747) ~[spring-web-7.0.8.jar:7.0.8]
	at org.springframework.web.client.DefaultRestClient$DefaultResponseSpec.executeAndExtract(DefaultRestClient.java:924) ~[spring-web-7.0.8.jar:7.0.8]
	at org.springframework.web.client.DefaultRestClient$DefaultResponseSpec.toEntityInternal(DefaultRestClient.java:870) ~[spring-web-7.0.8.jar:7.0.8]
	at org.springframework.web.client.DefaultRestClient$DefaultResponseSpec.toEntity(DefaultRestClient.java:859) ~[spring-web-7.0.8.jar:7.0.8]
	at org.springframework.cloud.netflix.eureka.http.RestClientEurekaHttpClient.sendHeartBeat(RestClientEurekaHttpClient.java:91) ~[spring-cloud-netflix-eureka-client-5.0.2.jar:5.0.2]
	at com.netflix.discovery.shared.transport.decorator.EurekaHttpClientDecorator$3.execute(EurekaHttpClientDecorator.java:92) ~[eureka-client-2.0.6.jar:2.0.6]
	at com.netflix.discovery.shared.transport.decorator.RedirectingEurekaHttpClient.executeOnNewServer(RedirectingEurekaHttpClient.java:120) ~[eureka-client-2.0.6.jar:2.0.6]
	at com.netflix.discovery.shared.transport.decorator.RedirectingEurekaHttpClient.execute(RedirectingEurekaHttpClient.java:79) ~[eureka-client-2.0.6.jar:2.0.6]
	at com.netflix.discovery.shared.transport.decorator.EurekaHttpClientDecorator.sendHeartBeat(EurekaHttpClientDecorator.java:89) ~[eureka-client-2.0.6.jar:2.0.6]
	at com.netflix.discovery.shared.transport.decorator.EurekaHttpClientDecorator$3.execute(EurekaHttpClientDecorator.java:92) ~[eureka-client-2.0.6.jar:2.0.6]
	at com.netflix.discovery.shared.transport.decorator.RetryableEurekaHttpClient.execute(RetryableEurekaHttpClient.java:120) ~[eureka-client-2.0.6.jar:2.0.6]
	at com.netflix.discovery.shared.transport.decorator.EurekaHttpClientDecorator.sendHeartBeat(EurekaHttpClientDecorator.java:89) ~[eureka-client-2.0.6.jar:2.0.6]
	at com.netflix.discovery.shared.transport.decorator.EurekaHttpClientDecorator$3.execute(EurekaHttpClientDecorator.java:92) ~[eureka-client-2.0.6.jar:2.0.6]
	at com.netflix.discovery.shared.transport.decorator.SessionedEurekaHttpClient.execute(SessionedEurekaHttpClient.java:76) ~[eureka-client-2.0.6.jar:2.0.6]
	at com.netflix.discovery.shared.transport.decorator.EurekaHttpClientDecorator.sendHeartBeat(EurekaHttpClientDecorator.java:89) ~[eureka-client-2.0.6.jar:2.0.6]
	at com.netflix.discovery.DiscoveryClient.renew(DiscoveryClient.java:860) ~[eureka-client-2.0.6.jar:2.0.6]
	at com.netflix.discovery.DiscoveryClient$HeartbeatThread.run(DiscoveryClient.java:1418) ~[eureka-client-2.0.6.jar:2.0.6]
	at java.base/java.util.concurrent.Executors$RunnableAdapter.call(Executors.java:545) ~[na:na]
	at java.base/java.util.concurrent.FutureTask.run(FutureTask.java:328) ~[na:na]
	at java.base/java.util.concurrent.ThreadPoolExecutor.runWorker(ThreadPoolExecutor.java:1090) ~[na:na]
	at java.base/java.util.concurrent.ThreadPoolExecutor$Worker.run(ThreadPoolExecutor.java:614) ~[na:na]
	at java.base/java.lang.Thread.run(Thread.java:1474) ~[na:na]
Caused by: org.springframework.http.converter.HttpMessageNotReadableException: JSON parse error: Root name ('timestamp') does not match expected ('instance') for type `com.netflix.appinfo.InstanceInfo`
	at org.springframework.http.converter.json.AbstractJackson2HttpMessageConverter.readJavaType(AbstractJackson2HttpMessageConverter.java:408) ~[spring-web-7.0.8.jar:7.0.8]
	at org.springframework.http.converter.json.AbstractJackson2HttpMessageConverter.read(AbstractJackson2HttpMessageConverter.java:356) ~[spring-web-7.0.8.jar:7.0.8]
	at org.springframework.web.client.DefaultRestClient.readWithMessageConverters(DefaultRestClient.java:237) ~[spring-web-7.0.8.jar:7.0.8]
	... 26 common frames omitted
Caused by: com.fasterxml.jackson.databind.exc.MismatchedInputException: Root name ('timestamp') does not match expected ('instance') for type `com.netflix.appinfo.InstanceInfo`
 at [Source: REDACTED (`StreamReadFeature.INCLUDE_SOURCE_IN_LOCATION` disabled); line: 1, column: 2] (through reference chain: com.netflix.appinfo.InstanceInfo["timestamp"])
	at com.fasterxml.jackson.databind.exc.MismatchedInputException.from(MismatchedInputException.java:76) ~[jackson-databind-2.21.4.jar:2.21.4]
	at com.fasterxml.jackson.databind.DeserializationContext.reportPropertyInputMismatch(DeserializationContext.java:1849) ~[jackson-databind-2.21.4.jar:2.21.4]
	at com.fasterxml.jackson.databind.DeserializationContext.reportPropertyInputMismatch(DeserializationContext.java:1865) ~[jackson-databind-2.21.4.jar:2.21.4]
	at com.fasterxml.jackson.databind.deser.DefaultDeserializationContext._unwrapAndDeserialize(DefaultDeserializationContext.java:367) ~[jackson-databind-2.21.4.jar:2.21.4]
	at com.fasterxml.jackson.databind.deser.DefaultDeserializationContext.readRootValue(DefaultDeserializationContext.java:339) ~[jackson-databind-2.21.4.jar:2.21.4]
	at com.fasterxml.jackson.databind.ObjectReader._bindAndClose(ObjectReader.java:2148) ~[jackson-databind-2.21.4.jar:2.21.4]
	at com.fasterxml.jackson.databind.ObjectReader.readValue(ObjectReader.java:1504) ~[jackson-databind-2.21.4.jar:2.21.4]
	at org.springframework.http.converter.json.AbstractJackson2HttpMessageConverter.readJavaType(AbstractJackson2HttpMessageConverter.java:397) ~[spring-web-7.0.8.jar:7.0.8]
	... 28 common frames omitted

2026-07-24T13:49:53.269+05:30  WARN 17510 --- [UserModule] [DiscoveryClient-HeartbeatExecutor-%d] c.n.d.s.t.d.RetryableEurekaHttpClient    : Request execution failed with message: Error while extracting response for type [com.netflix.appinfo.InstanceInfo] and content type [application/json]
2026-07-24T13:49:53.269+05:30 ERROR 17510 --- [UserModule] [DiscoveryClient-HeartbeatExecutor-%d] com.netflix.discovery.DiscoveryClient    : DiscoveryClient_USERMODULE/null - was unable to send heartbeat!

com.netflix.discovery.shared.transport.TransportException: Cannot execute request on any known server
	at com.netflix.discovery.shared.transport.decorator.RetryableEurekaHttpClient.execute(RetryableEurekaHttpClient.java:112) ~[eureka-client-2.0.6.jar:2.0.6]
	at com.netflix.discovery.shared.transport.decorator.EurekaHttpClientDecorator.sendHeartBeat(EurekaHttpClientDecorator.java:89) ~[eureka-client-2.0.6.jar:2.0.6]
	at com.netflix.discovery.shared.transport.decorator.EurekaHttpClientDecorator$3.execute(EurekaHttpClientDecorator.java:92) ~[eureka-client-2.0.6.jar:2.0.6]
	at com.netflix.discovery.shared.transport.decorator.SessionedEurekaHttpClient.execute(SessionedEurekaHttpClient.java:76) ~[eureka-client-2.0.6.jar:2.0.6]
	at com.netflix.discovery.shared.transport.decorator.EurekaHttpClientDecorator.sendHeartBeat(EurekaHttpClientDecorator.java:89) ~[eureka-client-2.0.6.jar:2.0.6]
	at com.netflix.discovery.DiscoveryClient.renew(DiscoveryClient.java:860) ~[eureka-client-2.0.6.jar:2.0.6]
	at com.netflix.discovery.DiscoveryClient$HeartbeatThread.run(DiscoveryClient.java:1418) ~[eureka-client-2.0.6.jar:2.0.6]
	at java.base/java.util.concurrent.Executors$RunnableAdapter.call(Executors.java:545) ~[na:na]
	at java.base/java.util.concurrent.FutureTask.run(FutureTask.java:328) ~[na:na]
	at java.base/java.util.concurrent.ThreadPoolExecutor.runWorker(ThreadPoolExecutor.java:1090) ~[na:na]
	at java.base/java.util.concurrent.ThreadPoolExecutor$Worker.run(ThreadPoolExecutor.java:614) ~[na:na]
	at java.base/java.lang.Thread.run(Thread.java:1474) ~[na:na]

2026-07-24T13:49:58.286+05:30  INFO 17510 --- [UserModule] [DiscoveryClient-HeartbeatExecutor-%d] c.n.d.s.t.d.RedirectingEurekaHttpClient  : Request execution error. endpoint=DefaultEndpoint{ serviceUrl='http://localhost:8761/eureka/}, exception=Error while extracting response for type [com.netflix.appinfo.InstanceInfo] and content type [application/json]

org.springframework.web.client.RestClientException: Error while extracting response for type [com.netflix.appinfo.InstanceInfo] and content type [application/json]
	at org.springframework.web.client.DefaultRestClient.readWithMessageConverters(DefaultRestClient.java:274) ~[spring-web-7.0.8.jar:7.0.8]
	at org.springframework.web.client.DefaultRestClient$DefaultResponseSpec.readBody(DefaultRestClient.java:931) ~[spring-web-7.0.8.jar:7.0.8]
	at org.springframework.web.client.DefaultRestClient$DefaultResponseSpec.lambda$toEntityInternal$0(DefaultRestClient.java:871) ~[spring-web-7.0.8.jar:7.0.8]
	at org.springframework.web.client.DefaultRestClient$DefaultRequestBodyUriSpec.exchangeInternal(DefaultRestClient.java:617) ~[spring-web-7.0.8.jar:7.0.8]
	at org.springframework.web.client.DefaultRestClient$DefaultRequestBodyUriSpec.exchange(DefaultRestClient.java:572) ~[spring-web-7.0.8.jar:7.0.8]
	at org.springframework.web.client.RestClient$RequestHeadersSpec.exchange(RestClient.java:747) ~[spring-web-7.0.8.jar:7.0.8]
	at org.springframework.web.client.DefaultRestClient$DefaultResponseSpec.executeAndExtract(DefaultRestClient.java:924) ~[spring-web-7.0.8.jar:7.0.8]
	at org.springframework.web.client.DefaultRestClient$DefaultResponseSpec.toEntityInternal(DefaultRestClient.java:870) ~[spring-web-7.0.8.jar:7.0.8]
	at org.springframework.web.client.DefaultRestClient$DefaultResponseSpec.toEntity(DefaultRestClient.java:859) ~[spring-web-7.0.8.jar:7.0.8]
	at org.springframework.cloud.netflix.eureka.http.RestClientEurekaHttpClient.sendHeartBeat(RestClientEurekaHttpClient.java:91) ~[spring-cloud-netflix-eureka-client-5.0.2.jar:5.0.2]
	at com.netflix.discovery.shared.transport.decorator.EurekaHttpClientDecorator$3.execute(EurekaHttpClientDecorator.java:92) ~[eureka-client-2.0.6.jar:2.0.6]
	at com.netflix.discovery.shared.transport.decorator.RedirectingEurekaHttpClient.executeOnNewServer(RedirectingEurekaHttpClient.java:120) ~[eureka-client-2.0.6.jar:2.0.6]
	at com.netflix.discovery.shared.transport.decorator.RedirectingEurekaHttpClient.execute(RedirectingEurekaHttpClient.java:79) ~[eureka-client-2.0.6.jar:2.0.6]
	at com.netflix.discovery.shared.transport.decorator.EurekaHttpClientDecorator.sendHeartBeat(EurekaHttpClientDecorator.java:89) ~[eureka-client-2.0.6.jar:2.0.6]
	at com.netflix.discovery.shared.transport.decorator.EurekaHttpClientDecorator$3.execute(EurekaHttpClientDecorator.java:92) ~[eureka-client-2.0.6.jar:2.0.6]
	at com.netflix.discovery.shared.transport.decorator.RetryableEurekaHttpClient.execute(RetryableEurekaHttpClient.java:120) ~[eureka-client-2.0.6.jar:2.0.6]
	at com.netflix.discovery.shared.transport.decorator.EurekaHttpClientDecorator.sendHeartBeat(EurekaHttpClientDecorator.java:89) ~[eureka-client-2.0.6.jar:2.0.6]
	at com.netflix.discovery.shared.transport.decorator.EurekaHttpClientDecorator$3.execute(EurekaHttpClientDecorator.java:92) ~[eureka-client-2.0.6.jar:2.0.6]
	at com.netflix.discovery.shared.transport.decorator.SessionedEurekaHttpClient.execute(SessionedEurekaHttpClient.java:76) ~[eureka-client-2.0.6.jar:2.0.6]
	at com.netflix.discovery.shared.transport.decorator.EurekaHttpClientDecorator.sendHeartBeat(EurekaHttpClientDecorator.java:89) ~[eureka-client-2.0.6.jar:2.0.6]
	at com.netflix.discovery.DiscoveryClient.renew(DiscoveryClient.java:860) ~[eureka-client-2.0.6.jar:2.0.6]
	at com.netflix.discovery.DiscoveryClient$HeartbeatThread.run(DiscoveryClient.java:1418) ~[eureka-client-2.0.6.jar:2.0.6]
	at java.base/java.util.concurrent.Executors$RunnableAdapter.call(Executors.java:545) ~[na:na]
	at java.base/java.util.concurrent.FutureTask.run(FutureTask.java:328) ~[na:na]
	at java.base/java.util.concurrent.ThreadPoolExecutor.runWorker(ThreadPoolExecutor.java:1090) ~[na:na]
	at java.base/java.util.concurrent.ThreadPoolExecutor$Worker.run(ThreadPoolExecutor.java:614) ~[na:na]
	at java.base/java.lang.Thread.run(Thread.java:1474) ~[na:na]
Caused by: org.springframework.http.converter.HttpMessageNotReadableException: JSON parse error: Root name ('timestamp') does not match expected ('instance') for type `com.netflix.appinfo.InstanceInfo`
	at org.springframework.http.converter.json.AbstractJackson2HttpMessageConverter.readJavaType(AbstractJackson2HttpMessageConverter.java:408) ~[spring-web-7.0.8.jar:7.0.8]
	at org.springframework.http.converter.json.AbstractJackson2HttpMessageConverter.read(AbstractJackson2HttpMessageConverter.java:356) ~[spring-web-7.0.8.jar:7.0.8]
	at org.springframework.web.client.DefaultRestClient.readWithMessageConverters(DefaultRestClient.java:237) ~[spring-web-7.0.8.jar:7.0.8]
	... 26 common frames omitted
Caused by: com.fasterxml.jackson.databind.exc.MismatchedInputException: Root name ('timestamp') does not match expected ('instance') for type `com.netflix.appinfo.InstanceInfo`
 at [Source: REDACTED (`StreamReadFeature.INCLUDE_SOURCE_IN_LOCATION` disabled); line: 1, column: 2] (through reference chain: com.netflix.appinfo.InstanceInfo["timestamp"])
	at com.fasterxml.jackson.databind.exc.MismatchedInputException.from(MismatchedInputException.java:76) ~[jackson-databind-2.21.4.jar:2.21.4]
	at com.fasterxml.jackson.databind.DeserializationContext.reportPropertyInputMismatch(DeserializationContext.java:1849) ~[jackson-databind-2.21.4.jar:2.21.4]
	at com.fasterxml.jackson.databind.DeserializationContext.reportPropertyInputMismatch(DeserializationContext.java:1865) ~[jackson-databind-2.21.4.jar:2.21.4]
	at com.fasterxml.jackson.databind.deser.DefaultDeserializationContext._unwrapAndDeserialize(DefaultDeserializationContext.java:367) ~[jackson-databind-2.21.4.jar:2.21.4]
	at com.fasterxml.jackson.databind.deser.DefaultDeserializationContext.readRootValue(DefaultDeserializationContext.java:339) ~[jackson-databind-2.21.4.jar:2.21.4]
	at com.fasterxml.jackson.databind.ObjectReader._bindAndClose(ObjectReader.java:2148) ~[jackson-databind-2.21.4.jar:2.21.4]
	at com.fasterxml.jackson.databind.ObjectReader.readValue(ObjectReader.java:1504) ~[jackson-databind-2.21.4.jar:2.21.4]
	at org.springframework.http.converter.json.AbstractJackson2HttpMessageConverter.readJavaType(AbstractJackson2HttpMessageConverter.java:397) ~[spring-web-7.0.8.jar:7.0.8]
	... 28 common frames omitted

2026-07-24T13:49:58.287+05:30  WARN 17510 --- [UserModule] [DiscoveryClient-HeartbeatExecutor-%d] c.n.d.s.t.d.RetryableEurekaHttpClient    : Request execution failed with message: Error while extracting response for type [com.netflix.appinfo.InstanceInfo] and content type [application/json]
2026-07-24T13:49:58.287+05:30 ERROR 17510 --- [UserModule] [DiscoveryClient-HeartbeatExecutor-%d] com.netflix.discovery.DiscoveryClient    : DiscoveryClient_USERMODULE/null - was unable to send heartbeat!

com.netflix.discovery.shared.transport.TransportException: Cannot execute request on any known server
	at com.netflix.discovery.shared.transport.decorator.RetryableEurekaHttpClient.execute(RetryableEurekaHttpClient.java:112) ~[eureka-client-2.0.6.jar:2.0.6]
	at com.netflix.discovery.shared.transport.decorator.EurekaHttpClientDecorator.sendHeartBeat(EurekaHttpClientDecorator.java:89) ~[eureka-client-2.0.6.jar:2.0.6]
	at com.netflix.discovery.shared.transport.decorator.EurekaHttpClientDecorator$3.execute(EurekaHttpClientDecorator.java:92) ~[eureka-client-2.0.6.jar:2.0.6]
	at com.netflix.discovery.shared.transport.decorator.SessionedEurekaHttpClient.execute(SessionedEurekaHttpClient.java:76) ~[eureka-client-2.0.6.jar:2.0.6]
	at com.netflix.discovery.shared.transport.decorator.EurekaHttpClientDecorator.sendHeartBeat(EurekaHttpClientDecorator.java:89) ~[eureka-client-2.0.6.jar:2.0.6]
	at com.netflix.discovery.DiscoveryClient.renew(DiscoveryClient.java:860) ~[eureka-client-2.0.6.jar:2.0.6]
	at com.netflix.discovery.DiscoveryClient$HeartbeatThread.run(DiscoveryClient.java:1418) ~[eureka-client-2.0.6.jar:2.0.6]
	at java.base/java.util.concurrent.Executors$RunnableAdapter.call(Executors.java:545) ~[na:na]
	at java.base/java.util.concurrent.FutureTask.run(FutureTask.java:328) ~[na:na]
	at java.base/java.util.concurrent.ThreadPoolExecutor.runWorker(ThreadPoolExecutor.java:1090) ~[na:na]
	at java.base/java.util.concurrent.ThreadPoolExecutor$Worker.run(ThreadPoolExecutor.java:614) ~[na:na]
	at java.base/java.lang.Thread.run(Thread.java:1474) ~[na:na]

2026-07-24T13:50:03.304+05:30  INFO 17510 --- [UserModule] [DiscoveryClient-HeartbeatExecutor-%d] c.n.d.s.t.d.RedirectingEurekaHttpClient  : Request execution error. endpoint=DefaultEndpoint{ serviceUrl='http://localhost:8761/eureka/}, exception=Error while extracting response for type [com.netflix.appinfo.InstanceInfo] and content type [application/json]

org.springframework.web.client.RestClientException: Error while extracting response for type [com.netflix.appinfo.InstanceInfo] and content type [application/json]
	at org.springframework.web.client.DefaultRestClient.readWithMessageConverters(DefaultRestClient.java:274) ~[spring-web-7.0.8.jar:7.0.8]
	at org.springframework.web.client.DefaultRestClient$DefaultResponseSpec.readBody(DefaultRestClient.java:931) ~[spring-web-7.0.8.jar:7.0.8]
	at org.springframework.web.client.DefaultRestClient$DefaultResponseSpec.lambda$toEntityInternal$0(DefaultRestClient.java:871) ~[spring-web-7.0.8.jar:7.0.8]
	at org.springframework.web.client.DefaultRestClient$DefaultRequestBodyUriSpec.exchangeInternal(DefaultRestClient.java:617) ~[spring-web-7.0.8.jar:7.0.8]
	at org.springframework.web.client.DefaultRestClient$DefaultRequestBodyUriSpec.exchange(DefaultRestClient.java:572) ~[spring-web-7.0.8.jar:7.0.8]
	at org.springframework.web.client.RestClient$RequestHeadersSpec.exchange(RestClient.java:747) ~[spring-web-7.0.8.jar:7.0.8]
	at org.springframework.web.client.DefaultRestClient$DefaultResponseSpec.executeAndExtract(DefaultRestClient.java:924) ~[spring-web-7.0.8.jar:7.0.8]
	at org.springframework.web.client.DefaultRestClient$DefaultResponseSpec.toEntityInternal(DefaultRestClient.java:870) ~[spring-web-7.0.8.jar:7.0.8]
	at org.springframework.web.client.DefaultRestClient$DefaultResponseSpec.toEntity(DefaultRestClient.java:859) ~[spring-web-7.0.8.jar:7.0.8]
	at org.springframework.cloud.netflix.eureka.http.RestClientEurekaHttpClient.sendHeartBeat(RestClientEurekaHttpClient.java:91) ~[spring-cloud-netflix-eureka-client-5.0.2.jar:5.0.2]
	at com.netflix.discovery.shared.transport.decorator.EurekaHttpClientDecorator$3.execute(EurekaHttpClientDecorator.java:92) ~[eureka-client-2.0.6.jar:2.0.6]
	at com.netflix.discovery.shared.transport.decorator.RedirectingEurekaHttpClient.executeOnNewServer(RedirectingEurekaHttpClient.java:120) ~[eureka-client-2.0.6.jar:2.0.6]
	at com.netflix.discovery.shared.transport.decorator.RedirectingEurekaHttpClient.execute(RedirectingEurekaHttpClient.java:79) ~[eureka-client-2.0.6.jar:2.0.6]
	at com.netflix.discovery.shared.transport.decorator.EurekaHttpClientDecorator.sendHeartBeat(EurekaHttpClientDecorator.java:89) ~[eureka-client-2.0.6.jar:2.0.6]
	at com.netflix.discovery.shared.transport.decorator.EurekaHttpClientDecorator$3.execute(EurekaHttpClientDecorator.java:92) ~[eureka-client-2.0.6.jar:2.0.6]
	at com.netflix.discovery.shared.transport.decorator.RetryableEurekaHttpClient.execute(RetryableEurekaHttpClient.java:120) ~[eureka-client-2.0.6.jar:2.0.6]
	at com.netflix.discovery.shared.transport.decorator.EurekaHttpClientDecorator.sendHeartBeat(EurekaHttpClientDecorator.java:89) ~[eureka-client-2.0.6.jar:2.0.6]
	at com.netflix.discovery.shared.transport.decorator.EurekaHttpClientDecorator$3.execute(EurekaHttpClientDecorator.java:92) ~[eureka-client-2.0.6.jar:2.0.6]
	at com.netflix.discovery.shared.transport.decorator.SessionedEurekaHttpClient.execute(SessionedEurekaHttpClient.java:76) ~[eureka-client-2.0.6.jar:2.0.6]
	at com.netflix.discovery.shared.transport.decorator.EurekaHttpClientDecorator.sendHeartBeat(EurekaHttpClientDecorator.java:89) ~[eureka-client-2.0.6.jar:2.0.6]
	at com.netflix.discovery.DiscoveryClient.renew(DiscoveryClient.java:860) ~[eureka-client-2.0.6.jar:2.0.6]
	at com.netflix.discovery.DiscoveryClient$HeartbeatThread.run(DiscoveryClient.java:1418) ~[eureka-client-2.0.6.jar:2.0.6]
	at java.base/java.util.concurrent.Executors$RunnableAdapter.call(Executors.java:545) ~[na:na]
	at java.base/java.util.concurrent.FutureTask.run(FutureTask.java:328) ~[na:na]
	at java.base/java.util.concurrent.ThreadPoolExecutor.runWorker(ThreadPoolExecutor.java:1090) ~[na:na]
	at java.base/java.util.concurrent.ThreadPoolExecutor$Worker.run(ThreadPoolExecutor.java:614) ~[na:na]
	at java.base/java.lang.Thread.run(Thread.java:1474) ~[na:na]
Caused by: org.springframework.http.converter.HttpMessageNotReadableException: JSON parse error: Root name ('timestamp') does not match expected ('instance') for type `com.netflix.appinfo.InstanceInfo`
	at org.springframework.http.converter.json.AbstractJackson2HttpMessageConverter.readJavaType(AbstractJackson2HttpMessageConverter.java:408) ~[spring-web-7.0.8.jar:7.0.8]
	at org.springframework.http.converter.json.AbstractJackson2HttpMessageConverter.read(AbstractJackson2HttpMessageConverter.java:356) ~[spring-web-7.0.8.jar:7.0.8]
	at org.springframework.web.client.DefaultRestClient.readWithMessageConverters(DefaultRestClient.java:237) ~[spring-web-7.0.8.jar:7.0.8]
	... 26 common frames omitted
Caused by: com.fasterxml.jackson.databind.exc.MismatchedInputException: Root name ('timestamp') does not match expected ('instance') for type `com.netflix.appinfo.InstanceInfo`
 at [Source: REDACTED (`StreamReadFeature.INCLUDE_SOURCE_IN_LOCATION` disabled); line: 1, column: 2] (through reference chain: com.netflix.appinfo.InstanceInfo["timestamp"])
	at com.fasterxml.jackson.databind.exc.MismatchedInputException.from(MismatchedInputException.java:76) ~[jackson-databind-2.21.4.jar:2.21.4]
	at com.fasterxml.jackson.databind.DeserializationContext.reportPropertyInputMismatch(DeserializationContext.java:1849) ~[jackson-databind-2.21.4.jar:2.21.4]
	at com.fasterxml.jackson.databind.DeserializationContext.reportPropertyInputMismatch(DeserializationContext.java:1865) ~[jackson-databind-2.21.4.jar:2.21.4]
	at com.fasterxml.jackson.databind.deser.DefaultDeserializationContext._unwrapAndDeserialize(DefaultDeserializationContext.java:367) ~[jackson-databind-2.21.4.jar:2.21.4]
	at com.fasterxml.jackson.databind.deser.DefaultDeserializationContext.readRootValue(DefaultDeserializationContext.java:339) ~[jackson-databind-2.21.4.jar:2.21.4]
	at com.fasterxml.jackson.databind.ObjectReader._bindAndClose(ObjectReader.java:2148) ~[jackson-databind-2.21.4.jar:2.21.4]
	at com.fasterxml.jackson.databind.ObjectReader.readValue(ObjectReader.java:1504) ~[jackson-databind-2.21.4.jar:2.21.4]
	at org.springframework.http.converter.json.AbstractJackson2HttpMessageConverter.readJavaType(AbstractJackson2HttpMessageConverter.java:397) ~[spring-web-7.0.8.jar:7.0.8]
	... 28 common frames omitted

2026-07-24T13:50:03.305+05:30  WARN 17510 --- [UserModule] [DiscoveryClient-HeartbeatExecutor-%d] c.n.d.s.t.d.RetryableEurekaHttpClient    : Request execution failed with message: Error while extracting response for type [com.netflix.appinfo.InstanceInfo] and content type [application/json]
2026-07-24T13:50:03.305+05:30 ERROR 17510 --- [UserModule] [DiscoveryClient-HeartbeatExecutor-%d] com.netflix.discovery.DiscoveryClient    : DiscoveryClient_USERMODULE/null - was unable to send heartbeat!

com.netflix.discovery.shared.transport.TransportException: Cannot execute request on any known server
	at com.netflix.discovery.shared.transport.decorator.RetryableEurekaHttpClient.execute(RetryableEurekaHttpClient.java:112) ~[eureka-client-2.0.6.jar:2.0.6]
	at com.netflix.discovery.shared.transport.decorator.EurekaHttpClientDecorator.sendHeartBeat(EurekaHttpClientDecorator.java:89) ~[eureka-client-2.0.6.jar:2.0.6]
	at com.netflix.discovery.shared.transport.decorator.EurekaHttpClientDecorator$3.execute(EurekaHttpClientDecorator.java:92) ~[eureka-client-2.0.6.jar:2.0.6]
	at com.netflix.discovery.shared.transport.decorator.SessionedEurekaHttpClient.execute(SessionedEurekaHttpClient.java:76) ~[eureka-client-2.0.6.jar:2.0.6]
	at com.netflix.discovery.shared.transport.decorator.EurekaHttpClientDecorator.sendHeartBeat(EurekaHttpClientDecorator.java:89) ~[eureka-client-2.0.6.jar:2.0.6]
	at com.netflix.discovery.DiscoveryClient.renew(DiscoveryClient.java:860) ~[eureka-client-2.0.6.jar:2.0.6]
	at com.netflix.discovery.DiscoveryClient$HeartbeatThread.run(DiscoveryClient.java:1418) ~[eureka-client-2.0.6.jar:2.0.6]
	at java.base/java.util.concurrent.Executors$RunnableAdapter.call(Executors.java:545) ~[na:na]
	at java.base/java.util.concurrent.FutureTask.run(FutureTask.java:328) ~[na:na]
	at java.base/java.util.concurrent.ThreadPoolExecutor.runWorker(ThreadPoolExecutor.java:1090) ~[na:na]
	at java.base/java.util.concurrent.ThreadPoolExecutor$Worker.run(ThreadPoolExecutor.java:614) ~[na:na]
	at java.base/java.lang.Thread.run(Thread.java:1474) ~[na:na]

2026-07-24T13:50:08.319+05:30  INFO 17510 --- [UserModule] [DiscoveryClient-HeartbeatExecutor-%d] c.n.d.s.t.d.RedirectingEurekaHttpClient  : Request execution error. endpoint=DefaultEndpoint{ serviceUrl='http://localhost:8761/eureka/}, exception=Error while extracting response for type [com.netflix.appinfo.InstanceInfo] and content type [application/json]

org.springframework.web.client.RestClientException: Error while extracting response for type [com.netflix.appinfo.InstanceInfo] and content type [application/json]
	at org.springframework.web.client.DefaultRestClient.readWithMessageConverters(DefaultRestClient.java:274) ~[spring-web-7.0.8.jar:7.0.8]
	at org.springframework.web.client.DefaultRestClient$DefaultResponseSpec.readBody(DefaultRestClient.java:931) ~[spring-web-7.0.8.jar:7.0.8]
	at org.springframework.web.client.DefaultRestClient$DefaultResponseSpec.lambda$toEntityInternal$0(DefaultRestClient.java:871) ~[spring-web-7.0.8.jar:7.0.8]
	at org.springframework.web.client.DefaultRestClient$DefaultRequestBodyUriSpec.exchangeInternal(DefaultRestClient.java:617) ~[spring-web-7.0.8.jar:7.0.8]
	at org.springframework.web.client.DefaultRestClient$DefaultRequestBodyUriSpec.exchange(DefaultRestClient.java:572) ~[spring-web-7.0.8.jar:7.0.8]
	at org.springframework.web.client.RestClient$RequestHeadersSpec.exchange(RestClient.java:747) ~[spring-web-7.0.8.jar:7.0.8]
	at org.springframework.web.client.DefaultRestClient$DefaultResponseSpec.executeAndExtract(DefaultRestClient.java:924) ~[spring-web-7.0.8.jar:7.0.8]
	at org.springframework.web.client.DefaultRestClient$DefaultResponseSpec.toEntityInternal(DefaultRestClient.java:870) ~[spring-web-7.0.8.jar:7.0.8]
	at org.springframework.web.client.DefaultRestClient$DefaultResponseSpec.toEntity(DefaultRestClient.java:859) ~[spring-web-7.0.8.jar:7.0.8]
	at org.springframework.cloud.netflix.eureka.http.RestClientEurekaHttpClient.sendHeartBeat(RestClientEurekaHttpClient.java:91) ~[spring-cloud-netflix-eureka-client-5.0.2.jar:5.0.2]
	at com.netflix.discovery.shared.transport.decorator.EurekaHttpClientDecorator$3.execute(EurekaHttpClientDecorator.java:92) ~[eureka-client-2.0.6.jar:2.0.6]
	at com.netflix.discovery.shared.transport.decorator.RedirectingEurekaHttpClient.executeOnNewServer(RedirectingEurekaHttpClient.java:120) ~[eureka-client-2.0.6.jar:2.0.6]
	at com.netflix.discovery.shared.transport.decorator.RedirectingEurekaHttpClient.execute(RedirectingEurekaHttpClient.java:79) ~[eureka-client-2.0.6.jar:2.0.6]
	at com.netflix.discovery.shared.transport.decorator.EurekaHttpClientDecorator.sendHeartBeat(EurekaHttpClientDecorator.java:89) ~[eureka-client-2.0.6.jar:2.0.6]
	at com.netflix.discovery.shared.transport.decorator.EurekaHttpClientDecorator$3.execute(EurekaHttpClientDecorator.java:92) ~[eureka-client-2.0.6.jar:2.0.6]
	at com.netflix.discovery.shared.transport.decorator.RetryableEurekaHttpClient.execute(RetryableEurekaHttpClient.java:120) ~[eureka-client-2.0.6.jar:2.0.6]
	at com.netflix.discovery.shared.transport.decorator.EurekaHttpClientDecorator.sendHeartBeat(EurekaHttpClientDecorator.java:89) ~[eureka-client-2.0.6.jar:2.0.6]
	at com.netflix.discovery.shared.transport.decorator.EurekaHttpClientDecorator$3.execute(EurekaHttpClientDecorator.java:92) ~[eureka-client-2.0.6.jar:2.0.6]
	at com.netflix.discovery.shared.transport.decorator.SessionedEurekaHttpClient.execute(SessionedEurekaHttpClient.java:76) ~[eureka-client-2.0.6.jar:2.0.6]
	at com.netflix.discovery.shared.transport.decorator.EurekaHttpClientDecorator.sendHeartBeat(EurekaHttpClientDecorator.java:89) ~[eureka-client-2.0.6.jar:2.0.6]
	at com.netflix.discovery.DiscoveryClient.renew(DiscoveryClient.java:860) ~[eureka-client-2.0.6.jar:2.0.6]
	at com.netflix.discovery.DiscoveryClient$HeartbeatThread.run(DiscoveryClient.java:1418) ~[eureka-client-2.0.6.jar:2.0.6]
	at java.base/java.util.concurrent.Executors$RunnableAdapter.call(Executors.java:545) ~[na:na]
	at java.base/java.util.concurrent.FutureTask.run(FutureTask.java:328) ~[na:na]
	at java.base/java.util.concurrent.ThreadPoolExecutor.runWorker(ThreadPoolExecutor.java:1090) ~[na:na]
	at java.base/java.util.concurrent.ThreadPoolExecutor$Worker.run(ThreadPoolExecutor.java:614) ~[na:na]
	at java.base/java.lang.Thread.run(Thread.java:1474) ~[na:na]
Caused by: org.springframework.http.converter.HttpMessageNotReadableException: JSON parse error: Root name ('timestamp') does not match expected ('instance') for type `com.netflix.appinfo.InstanceInfo`
	at org.springframework.http.converter.json.AbstractJackson2HttpMessageConverter.readJavaType(AbstractJackson2HttpMessageConverter.java:408) ~[spring-web-7.0.8.jar:7.0.8]
	at org.springframework.http.converter.json.AbstractJackson2HttpMessageConverter.read(AbstractJackson2HttpMessageConverter.java:356) ~[spring-web-7.0.8.jar:7.0.8]
	at org.springframework.web.client.DefaultRestClient.readWithMessageConverters(DefaultRestClient.java:237) ~[spring-web-7.0.8.jar:7.0.8]
	... 26 common frames omitted
Caused by: com.fasterxml.jackson.databind.exc.MismatchedInputException: Root name ('timestamp') does not match expected ('instance') for type `com.netflix.appinfo.InstanceInfo`
 at [Source: REDACTED (`StreamReadFeature.INCLUDE_SOURCE_IN_LOCATION` disabled); line: 1, column: 2] (through reference chain: com.netflix.appinfo.InstanceInfo["timestamp"])
	at com.fasterxml.jackson.databind.exc.MismatchedInputException.from(MismatchedInputException.java:76) ~[jackson-databind-2.21.4.jar:2.21.4]
	at com.fasterxml.jackson.databind.DeserializationContext.reportPropertyInputMismatch(DeserializationContext.java:1849) ~[jackson-databind-2.21.4.jar:2.21.4]
	at com.fasterxml.jackson.databind.DeserializationContext.reportPropertyInputMismatch(DeserializationContext.java:1865) ~[jackson-databind-2.21.4.jar:2.21.4]
	at com.fasterxml.jackson.databind.deser.DefaultDeserializationContext._unwrapAndDeserialize(DefaultDeserializationContext.java:367) ~[jackson-databind-2.21.4.jar:2.21.4]
	at com.fasterxml.jackson.databind.deser.DefaultDeserializationContext.readRootValue(DefaultDeserializationContext.java:339) ~[jackson-databind-2.21.4.jar:2.21.4]
	at com.fasterxml.jackson.databind.ObjectReader._bindAndClose(ObjectReader.java:2148) ~[jackson-databind-2.21.4.jar:2.21.4]
	at com.fasterxml.jackson.databind.ObjectReader.readValue(ObjectReader.java:1504) ~[jackson-databind-2.21.4.jar:2.21.4]
	at org.springframework.http.converter.json.AbstractJackson2HttpMessageConverter.readJavaType(AbstractJackson2HttpMessageConverter.java:397) ~[spring-web-7.0.8.jar:7.0.8]
	... 28 common frames omitted

2026-07-24T13:50:08.320+05:30  WARN 17510 --- [UserModule] [DiscoveryClient-HeartbeatExecutor-%d] c.n.d.s.t.d.RetryableEurekaHttpClient    : Request execution failed with message: Error while extracting response for type [com.netflix.appinfo.InstanceInfo] and content type [application/json]
2026-07-24T13:50:08.320+05:30 ERROR 17510 --- [UserModule] [DiscoveryClient-HeartbeatExecutor-%d] com.netflix.discovery.DiscoveryClient    : DiscoveryClient_USERMODULE/null - was unable to send heartbeat!

com.netflix.discovery.shared.transport.TransportException: Cannot execute request on any known server
	at com.netflix.discovery.shared.transport.decorator.RetryableEurekaHttpClient.execute(RetryableEurekaHttpClient.java:112) ~[eureka-client-2.0.6.jar:2.0.6]
	at com.netflix.discovery.shared.transport.decorator.EurekaHttpClientDecorator.sendHeartBeat(EurekaHttpClientDecorator.java:89) ~[eureka-client-2.0.6.jar:2.0.6]
	at com.netflix.discovery.shared.transport.decorator.EurekaHttpClientDecorator$3.execute(EurekaHttpClientDecorator.java:92) ~[eureka-client-2.0.6.jar:2.0.6]
	at com.netflix.discovery.shared.transport.decorator.SessionedEurekaHttpClient.execute(SessionedEurekaHttpClient.java:76) ~[eureka-client-2.0.6.jar:2.0.6]
	at com.netflix.discovery.shared.transport.decorator.EurekaHttpClientDecorator.sendHeartBeat(EurekaHttpClientDecorator.java:89) ~[eureka-client-2.0.6.jar:2.0.6]
	at com.netflix.discovery.DiscoveryClient.renew(DiscoveryClient.java:860) ~[eureka-client-2.0.6.jar:2.0.6]
	at com.netflix.discovery.DiscoveryClient$HeartbeatThread.run(DiscoveryClient.java:1418) ~[eureka-client-2.0.6.jar:2.0.6]
	at java.base/java.util.concurrent.Executors$RunnableAdapter.call(Executors.java:545) ~[na:na]
	at java.base/java.util.concurrent.FutureTask.run(FutureTask.java:328) ~[na:na]
	at java.base/java.util.concurrent.ThreadPoolExecutor.runWorker(ThreadPoolExecutor.java:1090) ~[na:na]
	at java.base/java.util.concurrent.ThreadPoolExecutor$Worker.run(ThreadPoolExecutor.java:614) ~[na:na]
	at java.base/java.lang.Thread.run(Thread.java:1474) ~[na:na]

2026-07-24T13:50:12.932+05:30  INFO 17510 --- [UserModule] [DiscoveryClient-CacheRefreshExecutor-%d] com.netflix.discovery.DiscoveryClient    : Disable delta property : false
2026-07-24T13:50:12.933+05:30  INFO 17510 --- [UserModule] [DiscoveryClient-CacheRefreshExecutor-%d] com.netflix.discovery.DiscoveryClient    : Single vip registry refresh property : null
2026-07-24T13:50:12.933+05:30  INFO 17510 --- [UserModule] [DiscoveryClient-CacheRefreshExecutor-%d] com.netflix.discovery.DiscoveryClient    : Force full registry fetch : false
2026-07-24T13:50:12.933+05:30  INFO 17510 --- [UserModule] [DiscoveryClient-CacheRefreshExecutor-%d] com.netflix.discovery.DiscoveryClient    : Application is null : false
2026-07-24T13:50:12.933+05:30  INFO 17510 --- [UserModule] [DiscoveryClient-CacheRefreshExecutor-%d] com.netflix.discovery.DiscoveryClient    : Registered Applications size is zero : true
2026-07-24T13:50:12.933+05:30  INFO 17510 --- [UserModule] [DiscoveryClient-CacheRefreshExecutor-%d] com.netflix.discovery.DiscoveryClient    : Application version is -1: false
2026-07-24T13:50:12.933+05:30  INFO 17510 --- [UserModule] [DiscoveryClient-CacheRefreshExecutor-%d] com.netflix.discovery.DiscoveryClient    : Getting all instance registry info from the eureka server
2026-07-24T13:50:12.941+05:30  INFO 17510 --- [UserModule] [DiscoveryClient-CacheRefreshExecutor-%d] com.netflix.discovery.DiscoveryClient    : The response status is 200
2026-07-24T13:50:12.983+05:30  INFO 17510 --- [UserModule] [DiscoveryClient-InstanceInfoReplicator-%d] com.netflix.discovery.DiscoveryClient    : DiscoveryClient_USERMODULE/null: registering service...
2026-07-24T13:50:13.003+05:30  WARN 17510 --- [UserModule] [DiscoveryClient-InstanceInfoReplicator-%d] c.n.d.s.t.d.RetryableEurekaHttpClient    : Request execution failure with status code 400; retrying on another server if available
2026-07-24T13:50:13.004+05:30  WARN 17510 --- [UserModule] [DiscoveryClient-InstanceInfoReplicator-%d] com.netflix.discovery.DiscoveryClient    : DiscoveryClient_USERMODULE/null - registration failed Cannot execute request on any known server

com.netflix.discovery.shared.transport.TransportException: Cannot execute request on any known server
	at com.netflix.discovery.shared.transport.decorator.RetryableEurekaHttpClient.execute(RetryableEurekaHttpClient.java:112) ~[eureka-client-2.0.6.jar:2.0.6]
	at com.netflix.discovery.shared.transport.decorator.EurekaHttpClientDecorator.register(EurekaHttpClientDecorator.java:56) ~[eureka-client-2.0.6.jar:2.0.6]
	at com.netflix.discovery.shared.transport.decorator.EurekaHttpClientDecorator$1.execute(EurekaHttpClientDecorator.java:59) ~[eureka-client-2.0.6.jar:2.0.6]
	at com.netflix.discovery.shared.transport.decorator.SessionedEurekaHttpClient.execute(SessionedEurekaHttpClient.java:76) ~[eureka-client-2.0.6.jar:2.0.6]
	at com.netflix.discovery.shared.transport.decorator.EurekaHttpClientDecorator.register(EurekaHttpClientDecorator.java:56) ~[eureka-client-2.0.6.jar:2.0.6]
	at com.netflix.discovery.DiscoveryClient.register(DiscoveryClient.java:843) ~[eureka-client-2.0.6.jar:2.0.6]
	at com.netflix.discovery.InstanceInfoReplicator.run(InstanceInfoReplicator.java:125) ~[eureka-client-2.0.6.jar:2.0.6]
	at java.base/java.util.concurrent.Executors$RunnableAdapter.call(Executors.java:545) ~[na:na]
	at java.base/java.util.concurrent.FutureTask.run(FutureTask.java:328) ~[na:na]
	at java.base/java.util.concurrent.ScheduledThreadPoolExecutor$ScheduledFutureTask.run(ScheduledThreadPoolExecutor.java:309) ~[na:na]
	at java.base/java.util.concurrent.ThreadPoolExecutor.runWorker(ThreadPoolExecutor.java:1090) ~[na:na]
	at java.base/java.util.concurrent.ThreadPoolExecutor$Worker.run(ThreadPoolExecutor.java:614) ~[na:na]
	at java.base/java.lang.Thread.run(Thread.java:1474) ~[na:na]

2026-07-24T13:50:13.005+05:30  WARN 17510 --- [UserModule] [DiscoveryClient-InstanceInfoReplicator-%d] c.n.discovery.InstanceInfoReplicator     : There was a problem with the instance info replicator

com.netflix.discovery.shared.transport.TransportException: Cannot execute request on any known server
	at com.netflix.discovery.shared.transport.decorator.RetryableEurekaHttpClient.execute(RetryableEurekaHttpClient.java:112) ~[eureka-client-2.0.6.jar:2.0.6]
	at com.netflix.discovery.shared.transport.decorator.EurekaHttpClientDecorator.register(EurekaHttpClientDecorator.java:56) ~[eureka-client-2.0.6.jar:2.0.6]
	at com.netflix.discovery.shared.transport.decorator.EurekaHttpClientDecorator$1.execute(EurekaHttpClientDecorator.java:59) ~[eureka-client-2.0.6.jar:2.0.6]
	at com.netflix.discovery.shared.transport.decorator.SessionedEurekaHttpClient.execute(SessionedEurekaHttpClient.java:76) ~[eureka-client-2.0.6.jar:2.0.6]
	at com.netflix.discovery.shared.transport.decorator.EurekaHttpClientDecorator.register(EurekaHttpClientDecorator.java:56) ~[eureka-client-2.0.6.jar:2.0.6]
	at com.netflix.discovery.DiscoveryClient.register(DiscoveryClient.java:843) ~[eureka-client-2.0.6.jar:2.0.6]
	at com.netflix.discovery.InstanceInfoReplicator.run(InstanceInfoReplicator.java:125) ~[eureka-client-2.0.6.jar:2.0.6]
	at java.base/java.util.concurrent.Executors$RunnableAdapter.call(Executors.java:545) ~[na:na]
	at java.base/java.util.concurrent.FutureTask.run(FutureTask.java:328) ~[na:na]
	at java.base/java.util.concurrent.ScheduledThreadPoolExecutor$ScheduledFutureTask.run(ScheduledThreadPoolExecutor.java:309) ~[na:na]
	at java.base/java.util.concurrent.ThreadPoolExecutor.runWorker(ThreadPoolExecutor.java:1090) ~[na:na]
	at java.base/java.util.concurrent.ThreadPoolExecutor$Worker.run(ThreadPoolExecutor.java:614) ~[na:na]
	at java.base/java.lang.Thread.run(Thread.java:1474) ~[na:na]

2026-07-24T13:50:13.333+05:30  INFO 17510 --- [UserModule] [DiscoveryClient-HeartbeatExecutor-%d] c.n.d.s.t.d.RedirectingEurekaHttpClient  : Request execution error. endpoint=DefaultEndpoint{ serviceUrl='http://localhost:8761/eureka/}, exception=Error while extracting response for type [com.netflix.appinfo.InstanceInfo] and content type [application/json]

org.springframework.web.client.RestClientException: Error while extracting response for type [com.netflix.appinfo.InstanceInfo] and content type [application/json]
	at org.springframework.web.client.DefaultRestClient.readWithMessageConverters(DefaultRestClient.java:274) ~[spring-web-7.0.8.jar:7.0.8]
	at org.springframework.web.client.DefaultRestClient$DefaultResponseSpec.readBody(DefaultRestClient.java:931) ~[spring-web-7.0.8.jar:7.0.8]
	at org.springframework.web.client.DefaultRestClient$DefaultResponseSpec.lambda$toEntityInternal$0(DefaultRestClient.java:871) ~[spring-web-7.0.8.jar:7.0.8]
	at org.springframework.web.client.DefaultRestClient$DefaultRequestBodyUriSpec.exchangeInternal(DefaultRestClient.java:617) ~[spring-web-7.0.8.jar:7.0.8]
	at org.springframework.web.client.DefaultRestClient$DefaultRequestBodyUriSpec.exchange(DefaultRestClient.java:572) ~[spring-web-7.0.8.jar:7.0.8]
	at org.springframework.web.client.RestClient$RequestHeadersSpec.exchange(RestClient.java:747) ~[spring-web-7.0.8.jar:7.0.8]
	at org.springframework.web.client.DefaultRestClient$DefaultResponseSpec.executeAndExtract(DefaultRestClient.java:924) ~[spring-web-7.0.8.jar:7.0.8]
	at org.springframework.web.client.DefaultRestClient$DefaultResponseSpec.toEntityInternal(DefaultRestClient.java:870) ~[spring-web-7.0.8.jar:7.0.8]
	at org.springframework.web.client.DefaultRestClient$DefaultResponseSpec.toEntity(DefaultRestClient.java:859) ~[spring-web-7.0.8.jar:7.0.8]
	at org.springframework.cloud.netflix.eureka.http.RestClientEurekaHttpClient.sendHeartBeat(RestClientEurekaHttpClient.java:91) ~[spring-cloud-netflix-eureka-client-5.0.2.jar:5.0.2]
	at com.netflix.discovery.shared.transport.decorator.EurekaHttpClientDecorator$3.execute(EurekaHttpClientDecorator.java:92) ~[eureka-client-2.0.6.jar:2.0.6]
	at com.netflix.discovery.shared.transport.decorator.RedirectingEurekaHttpClient.executeOnNewServer(RedirectingEurekaHttpClient.java:120) ~[eureka-client-2.0.6.jar:2.0.6]
	at com.netflix.discovery.shared.transport.decorator.RedirectingEurekaHttpClient.execute(RedirectingEurekaHttpClient.java:79) ~[eureka-client-2.0.6.jar:2.0.6]
	at com.netflix.discovery.shared.transport.decorator.EurekaHttpClientDecorator.sendHeartBeat(EurekaHttpClientDecorator.java:89) ~[eureka-client-2.0.6.jar:2.0.6]
	at com.netflix.discovery.shared.transport.decorator.EurekaHttpClientDecorator$3.execute(EurekaHttpClientDecorator.java:92) ~[eureka-client-2.0.6.jar:2.0.6]
	at com.netflix.discovery.shared.transport.decorator.RetryableEurekaHttpClient.execute(RetryableEurekaHttpClient.java:120) ~[eureka-client-2.0.6.jar:2.0.6]
	at com.netflix.discovery.shared.transport.decorator.EurekaHttpClientDecorator.sendHeartBeat(EurekaHttpClientDecorator.java:89) ~[eureka-client-2.0.6.jar:2.0.6]
	at com.netflix.discovery.shared.transport.decorator.EurekaHttpClientDecorator$3.execute(EurekaHttpClientDecorator.java:92) ~[eureka-client-2.0.6.jar:2.0.6]
	at com.netflix.discovery.shared.transport.decorator.SessionedEurekaHttpClient.execute(SessionedEurekaHttpClient.java:76) ~[eureka-client-2.0.6.jar:2.0.6]
	at com.netflix.discovery.shared.transport.decorator.EurekaHttpClientDecorator.sendHeartBeat(EurekaHttpClientDecorator.java:89) ~[eureka-client-2.0.6.jar:2.0.6]
	at com.netflix.discovery.DiscoveryClient.renew(DiscoveryClient.java:860) ~[eureka-client-2.0.6.jar:2.0.6]
	at com.netflix.discovery.DiscoveryClient$HeartbeatThread.run(DiscoveryClient.java:1418) ~[eureka-client-2.0.6.jar:2.0.6]
	at java.base/java.util.concurrent.Executors$RunnableAdapter.call(Executors.java:545) ~[na:na]
	at java.base/java.util.concurrent.FutureTask.run(FutureTask.java:328) ~[na:na]
	at java.base/java.util.concurrent.ThreadPoolExecutor.runWorker(ThreadPoolExecutor.java:1090) ~[na:na]
	at java.base/java.util.concurrent.ThreadPoolExecutor$Worker.run(ThreadPoolExecutor.java:614) ~[na:na]
	at java.base/java.lang.Thread.run(Thread.java:1474) ~[na:na]
Caused by: org.springframework.http.converter.HttpMessageNotReadableException: JSON parse error: Root name ('timestamp') does not match expected ('instance') for type `com.netflix.appinfo.InstanceInfo`
	at org.springframework.http.converter.json.AbstractJackson2HttpMessageConverter.readJavaType(AbstractJackson2HttpMessageConverter.java:408) ~[spring-web-7.0.8.jar:7.0.8]
	at org.springframework.http.converter.json.AbstractJackson2HttpMessageConverter.read(AbstractJackson2HttpMessageConverter.java:356) ~[spring-web-7.0.8.jar:7.0.8]
	at org.springframework.web.client.DefaultRestClient.readWithMessageConverters(DefaultRestClient.java:237) ~[spring-web-7.0.8.jar:7.0.8]
	... 26 common frames omitted
Caused by: com.fasterxml.jackson.databind.exc.MismatchedInputException: Root name ('timestamp') does not match expected ('instance') for type `com.netflix.appinfo.InstanceInfo`
 at [Source: REDACTED (`StreamReadFeature.INCLUDE_SOURCE_IN_LOCATION` disabled); line: 1, column: 2] (through reference chain: com.netflix.appinfo.InstanceInfo["timestamp"])
	at com.fasterxml.jackson.databind.exc.MismatchedInputException.from(MismatchedInputException.java:76) ~[jackson-databind-2.21.4.jar:2.21.4]
	at com.fasterxml.jackson.databind.DeserializationContext.reportPropertyInputMismatch(DeserializationContext.java:1849) ~[jackson-databind-2.21.4.jar:2.21.4]
	at com.fasterxml.jackson.databind.DeserializationContext.reportPropertyInputMismatch(DeserializationContext.java:1865) ~[jackson-databind-2.21.4.jar:2.21.4]
	at com.fasterxml.jackson.databind.deser.DefaultDeserializationContext._unwrapAndDeserialize(DefaultDeserializationContext.java:367) ~[jackson-databind-2.21.4.jar:2.21.4]
	at com.fasterxml.jackson.databind.deser.DefaultDeserializationContext.readRootValue(DefaultDeserializationContext.java:339) ~[jackson-databind-2.21.4.jar:2.21.4]
	at com.fasterxml.jackson.databind.ObjectReader._bindAndClose(ObjectReader.java:2148) ~[jackson-databind-2.21.4.jar:2.21.4]
	at com.fasterxml.jackson.databind.ObjectReader.readValue(ObjectReader.java:1504) ~[jackson-databind-2.21.4.jar:2.21.4]
	at org.springframework.http.converter.json.AbstractJackson2HttpMessageConverter.readJavaType(AbstractJackson2HttpMessageConverter.java:397) ~[spring-web-7.0.8.jar:7.0.8]
	... 28 common frames omitted

2026-07-24T13:50:13.334+05:30  WARN 17510 --- [UserModule] [DiscoveryClient-HeartbeatExecutor-%d] c.n.d.s.t.d.RetryableEurekaHttpClient    : Request execution failed with message: Error while extracting response for type [com.netflix.appinfo.InstanceInfo] and content type [application/json]
2026-07-24T13:50:13.335+05:30 ERROR 17510 --- [UserModule] [DiscoveryClient-HeartbeatExecutor-%d] com.netflix.discovery.DiscoveryClient    : DiscoveryClient_USERMODULE/null - was unable to send heartbeat!

com.netflix.discovery.shared.transport.TransportException: Cannot execute request on any known server
	at com.netflix.discovery.shared.transport.decorator.RetryableEurekaHttpClient.execute(RetryableEurekaHttpClient.java:112) ~[eureka-client-2.0.6.jar:2.0.6]
	at com.netflix.discovery.shared.transport.decorator.EurekaHttpClientDecorator.sendHeartBeat(EurekaHttpClientDecorator.java:89) ~[eureka-client-2.0.6.jar:2.0.6]
	at com.netflix.discovery.shared.transport.decorator.EurekaHttpClientDecorator$3.execute(EurekaHttpClientDecorator.java:92) ~[eureka-client-2.0.6.jar:2.0.6]
	at com.netflix.discovery.shared.transport.decorator.SessionedEurekaHttpClient.execute(SessionedEurekaHttpClient.java:76) ~[eureka-client-2.0.6.jar:2.0.6]
	at com.netflix.discovery.shared.transport.decorator.EurekaHttpClientDecorator.sendHeartBeat(EurekaHttpClientDecorator.java:89) ~[eureka-client-2.0.6.jar:2.0.6]
	at com.netflix.discovery.DiscoveryClient.renew(DiscoveryClient.java:860) ~[eureka-client-2.0.6.jar:2.0.6]
	at com.netflix.discovery.DiscoveryClient$HeartbeatThread.run(DiscoveryClient.java:1418) ~[eureka-client-2.0.6.jar:2.0.6]
	at java.base/java.util.concurrent.Executors$RunnableAdapter.call(Executors.java:545) ~[na:na]
	at java.base/java.util.concurrent.FutureTask.run(FutureTask.java:328) ~[na:na]
	at java.base/java.util.concurrent.ThreadPoolExecutor.runWorker(ThreadPoolExecutor.java:1090) ~[na:na]
	at java.base/java.util.concurrent.ThreadPoolExecutor$Worker.run(ThreadPoolExecutor.java:614) ~[na:na]
	at java.base/java.lang.Thread.run(Thread.java:1474) ~[na:na]

2026-07-24T13:50:18.348+05:30  INFO 17510 --- [UserModule] [DiscoveryClient-HeartbeatExecutor-%d] c.n.d.s.t.d.RedirectingEurekaHttpClient  : Request execution error. endpoint=DefaultEndpoint{ serviceUrl='http://localhost:8761/eureka/}, exception=Error while extracting response for type [com.netflix.appinfo.InstanceInfo] and content type [application/json]

org.springframework.web.client.RestClientException: Error while extracting response for type [com.netflix.appinfo.InstanceInfo] and content type [application/json]
	at org.springframework.web.client.DefaultRestClient.readWithMessageConverters(DefaultRestClient.java:274) ~[spring-web-7.0.8.jar:7.0.8]
	at org.springframework.web.client.DefaultRestClient$DefaultResponseSpec.readBody(DefaultRestClient.java:931) ~[spring-web-7.0.8.jar:7.0.8]
	at org.springframework.web.client.DefaultRestClient$DefaultResponseSpec.lambda$toEntityInternal$0(DefaultRestClient.java:871) ~[spring-web-7.0.8.jar:7.0.8]
	at org.springframework.web.client.DefaultRestClient$DefaultRequestBodyUriSpec.exchangeInternal(DefaultRestClient.java:617) ~[spring-web-7.0.8.jar:7.0.8]
	at org.springframework.web.client.DefaultRestClient$DefaultRequestBodyUriSpec.exchange(DefaultRestClient.java:572) ~[spring-web-7.0.8.jar:7.0.8]
	at org.springframework.web.client.RestClient$RequestHeadersSpec.exchange(RestClient.java:747) ~[spring-web-7.0.8.jar:7.0.8]
	at org.springframework.web.client.DefaultRestClient$DefaultResponseSpec.executeAndExtract(DefaultRestClient.java:924) ~[spring-web-7.0.8.jar:7.0.8]
	at org.springframework.web.client.DefaultRestClient$DefaultResponseSpec.toEntityInternal(DefaultRestClient.java:870) ~[spring-web-7.0.8.jar:7.0.8]
	at org.springframework.web.client.DefaultRestClient$DefaultResponseSpec.toEntity(DefaultRestClient.java:859) ~[spring-web-7.0.8.jar:7.0.8]
	at org.springframework.cloud.netflix.eureka.http.RestClientEurekaHttpClient.sendHeartBeat(RestClientEurekaHttpClient.java:91) ~[spring-cloud-netflix-eureka-client-5.0.2.jar:5.0.2]
	at com.netflix.discovery.shared.transport.decorator.EurekaHttpClientDecorator$3.execute(EurekaHttpClientDecorator.java:92) ~[eureka-client-2.0.6.jar:2.0.6]
	at com.netflix.discovery.shared.transport.decorator.RedirectingEurekaHttpClient.executeOnNewServer(RedirectingEurekaHttpClient.java:120) ~[eureka-client-2.0.6.jar:2.0.6]
	at com.netflix.discovery.shared.transport.decorator.RedirectingEurekaHttpClient.execute(RedirectingEurekaHttpClient.java:79) ~[eureka-client-2.0.6.jar:2.0.6]
	at com.netflix.discovery.shared.transport.decorator.EurekaHttpClientDecorator.sendHeartBeat(EurekaHttpClientDecorator.java:89) ~[eureka-client-2.0.6.jar:2.0.6]
	at com.netflix.discovery.shared.transport.decorator.EurekaHttpClientDecorator$3.execute(EurekaHttpClientDecorator.java:92) ~[eureka-client-2.0.6.jar:2.0.6]
	at com.netflix.discovery.shared.transport.decorator.RetryableEurekaHttpClient.execute(RetryableEurekaHttpClient.java:120) ~[eureka-client-2.0.6.jar:2.0.6]
	at com.netflix.discovery.shared.transport.decorator.EurekaHttpClientDecorator.sendHeartBeat(EurekaHttpClientDecorator.java:89) ~[eureka-client-2.0.6.jar:2.0.6]
	at com.netflix.discovery.shared.transport.decorator.EurekaHttpClientDecorator$3.execute(EurekaHttpClientDecorator.java:92) ~[eureka-client-2.0.6.jar:2.0.6]
	at com.netflix.discovery.shared.transport.decorator.SessionedEurekaHttpClient.execute(SessionedEurekaHttpClient.java:76) ~[eureka-client-2.0.6.jar:2.0.6]
	at com.netflix.discovery.shared.transport.decorator.EurekaHttpClientDecorator.sendHeartBeat(EurekaHttpClientDecorator.java:89) ~[eureka-client-2.0.6.jar:2.0.6]
	at com.netflix.discovery.DiscoveryClient.renew(DiscoveryClient.java:860) ~[eureka-client-2.0.6.jar:2.0.6]
	at com.netflix.discovery.DiscoveryClient$HeartbeatThread.run(DiscoveryClient.java:1418) ~[eureka-client-2.0.6.jar:2.0.6]
	at java.base/java.util.concurrent.Executors$RunnableAdapter.call(Executors.java:545) ~[na:na]
	at java.base/java.util.concurrent.FutureTask.run(FutureTask.java:328) ~[na:na]
	at java.base/java.util.concurrent.ThreadPoolExecutor.runWorker(ThreadPoolExecutor.java:1090) ~[na:na]
	at java.base/java.util.concurrent.ThreadPoolExecutor$Worker.run(ThreadPoolExecutor.java:614) ~[na:na]
	at java.base/java.lang.Thread.run(Thread.java:1474) ~[na:na]
Caused by: org.springframework.http.converter.HttpMessageNotReadableException: JSON parse error: Root name ('timestamp') does not match expected ('instance') for type `com.netflix.appinfo.InstanceInfo`
	at org.springframework.http.converter.json.AbstractJackson2HttpMessageConverter.readJavaType(AbstractJackson2HttpMessageConverter.java:408) ~[spring-web-7.0.8.jar:7.0.8]
	at org.springframework.http.converter.json.AbstractJackson2HttpMessageConverter.read(AbstractJackson2HttpMessageConverter.java:356) ~[spring-web-7.0.8.jar:7.0.8]
	at org.springframework.web.client.DefaultRestClient.readWithMessageConverters(DefaultRestClient.java:237) ~[spring-web-7.0.8.jar:7.0.8]
	... 26 common frames omitted
Caused by: com.fasterxml.jackson.databind.exc.MismatchedInputException: Root name ('timestamp') does not match expected ('instance') for type `com.netflix.appinfo.InstanceInfo`
 at [Source: REDACTED (`StreamReadFeature.INCLUDE_SOURCE_IN_LOCATION` disabled); line: 1, column: 2] (through reference chain: com.netflix.appinfo.InstanceInfo["timestamp"])
	at com.fasterxml.jackson.databind.exc.MismatchedInputException.from(MismatchedInputException.java:76) ~[jackson-databind-2.21.4.jar:2.21.4]
	at com.fasterxml.jackson.databind.DeserializationContext.reportPropertyInputMismatch(DeserializationContext.java:1849) ~[jackson-databind-2.21.4.jar:2.21.4]
	at com.fasterxml.jackson.databind.DeserializationContext.reportPropertyInputMismatch(DeserializationContext.java:1865) ~[jackson-databind-2.21.4.jar:2.21.4]
	at com.fasterxml.jackson.databind.deser.DefaultDeserializationContext._unwrapAndDeserialize(DefaultDeserializationContext.java:367) ~[jackson-databind-2.21.4.jar:2.21.4]
	at com.fasterxml.jackson.databind.deser.DefaultDeserializationContext.readRootValue(DefaultDeserializationContext.java:339) ~[jackson-databind-2.21.4.jar:2.21.4]
	at com.fasterxml.jackson.databind.ObjectReader._bindAndClose(ObjectReader.java:2148) ~[jackson-databind-2.21.4.jar:2.21.4]
	at com.fasterxml.jackson.databind.ObjectReader.readValue(ObjectReader.java:1504) ~[jackson-databind-2.21.4.jar:2.21.4]
	at org.springframework.http.converter.json.AbstractJackson2HttpMessageConverter.readJavaType(AbstractJackson2HttpMessageConverter.java:397) ~[spring-web-7.0.8.jar:7.0.8]
	... 28 common frames omitted

2026-07-24T13:50:18.349+05:30  WARN 17510 --- [UserModule] [DiscoveryClient-HeartbeatExecutor-%d] c.n.d.s.t.d.RetryableEurekaHttpClient    : Request execution failed with message: Error while extracting response for type [com.netflix.appinfo.InstanceInfo] and content type [application/json]
2026-07-24T13:50:18.350+05:30 ERROR 17510 --- [UserModule] [DiscoveryClient-HeartbeatExecutor-%d] com.netflix.discovery.DiscoveryClient    : DiscoveryClient_USERMODULE/null - was unable to send heartbeat!

com.netflix.discovery.shared.transport.TransportException: Cannot execute request on any known server
	at com.netflix.discovery.shared.transport.decorator.RetryableEurekaHttpClient.execute(RetryableEurekaHttpClient.java:112) ~[eureka-client-2.0.6.jar:2.0.6]
	at com.netflix.discovery.shared.transport.decorator.EurekaHttpClientDecorator.sendHeartBeat(EurekaHttpClientDecorator.java:89) ~[eureka-client-2.0.6.jar:2.0.6]
	at com.netflix.discovery.shared.transport.decorator.EurekaHttpClientDecorator$3.execute(EurekaHttpClientDecorator.java:92) ~[eureka-client-2.0.6.jar:2.0.6]
	at com.netflix.discovery.shared.transport.decorator.SessionedEurekaHttpClient.execute(SessionedEurekaHttpClient.java:76) ~[eureka-client-2.0.6.jar:2.0.6]
	at com.netflix.discovery.shared.transport.decorator.EurekaHttpClientDecorator.sendHeartBeat(EurekaHttpClientDecorator.java:89) ~[eureka-client-2.0.6.jar:2.0.6]
	at com.netflix.discovery.DiscoveryClient.renew(DiscoveryClient.java:860) ~[eureka-client-2.0.6.jar:2.0.6]
	at com.netflix.discovery.DiscoveryClient$HeartbeatThread.run(DiscoveryClient.java:1418) ~[eureka-client-2.0.6.jar:2.0.6]
	at java.base/java.util.concurrent.Executors$RunnableAdapter.call(Executors.java:545) ~[na:na]
	at java.base/java.util.concurrent.FutureTask.run(FutureTask.java:328) ~[na:na]
	at java.base/java.util.concurrent.ThreadPoolExecutor.runWorker(ThreadPoolExecutor.java:1090) ~[na:na]
	at java.base/java.util.concurrent.ThreadPoolExecutor$Worker.run(ThreadPoolExecutor.java:614) ~[na:na]
	at java.base/java.lang.Thread.run(Thread.java:1474) ~[na:na]

2026-07-24T13:50:23.362+05:30  INFO 17510 --- [UserModule] [DiscoveryClient-HeartbeatExecutor-%d] c.n.d.s.t.d.RedirectingEurekaHttpClient  : Request execution error. endpoint=DefaultEndpoint{ serviceUrl='http://localhost:8761/eureka/}, exception=Error while extracting response for type [com.netflix.appinfo.InstanceInfo] and content type [application/json]

org.springframework.web.client.RestClientException: Error while extracting response for type [com.netflix.appinfo.InstanceInfo] and content type [application/json]
	at org.springframework.web.client.DefaultRestClient.readWithMessageConverters(DefaultRestClient.java:274) ~[spring-web-7.0.8.jar:7.0.8]
	at org.springframework.web.client.DefaultRestClient$DefaultResponseSpec.readBody(DefaultRestClient.java:931) ~[spring-web-7.0.8.jar:7.0.8]
	at org.springframework.web.client.DefaultRestClient$DefaultResponseSpec.lambda$toEntityInternal$0(DefaultRestClient.java:871) ~[spring-web-7.0.8.jar:7.0.8]
	at org.springframework.web.client.DefaultRestClient$DefaultRequestBodyUriSpec.exchangeInternal(DefaultRestClient.java:617) ~[spring-web-7.0.8.jar:7.0.8]
	at org.springframework.web.client.DefaultRestClient$DefaultRequestBodyUriSpec.exchange(DefaultRestClient.java:572) ~[spring-web-7.0.8.jar:7.0.8]
	at org.springframework.web.client.RestClient$RequestHeadersSpec.exchange(RestClient.java:747) ~[spring-web-7.0.8.jar:7.0.8]
	at org.springframework.web.client.DefaultRestClient$DefaultResponseSpec.executeAndExtract(DefaultRestClient.java:924) ~[spring-web-7.0.8.jar:7.0.8]
	at org.springframework.web.client.DefaultRestClient$DefaultResponseSpec.toEntityInternal(DefaultRestClient.java:870) ~[spring-web-7.0.8.jar:7.0.8]
	at org.springframework.web.client.DefaultRestClient$DefaultResponseSpec.toEntity(DefaultRestClient.java:859) ~[spring-web-7.0.8.jar:7.0.8]
	at org.springframework.cloud.netflix.eureka.http.RestClientEurekaHttpClient.sendHeartBeat(RestClientEurekaHttpClient.java:91) ~[spring-cloud-netflix-eureka-client-5.0.2.jar:5.0.2]
	at com.netflix.discovery.shared.transport.decorator.EurekaHttpClientDecorator$3.execute(EurekaHttpClientDecorator.java:92) ~[eureka-client-2.0.6.jar:2.0.6]
	at com.netflix.discovery.shared.transport.decorator.RedirectingEurekaHttpClient.executeOnNewServer(RedirectingEurekaHttpClient.java:120) ~[eureka-client-2.0.6.jar:2.0.6]
	at com.netflix.discovery.shared.transport.decorator.RedirectingEurekaHttpClient.execute(RedirectingEurekaHttpClient.java:79) ~[eureka-client-2.0.6.jar:2.0.6]
	at com.netflix.discovery.shared.transport.decorator.EurekaHttpClientDecorator.sendHeartBeat(EurekaHttpClientDecorator.java:89) ~[eureka-client-2.0.6.jar:2.0.6]
	at com.netflix.discovery.shared.transport.decorator.EurekaHttpClientDecorator$3.execute(EurekaHttpClientDecorator.java:92) ~[eureka-client-2.0.6.jar:2.0.6]
	at com.netflix.discovery.shared.transport.decorator.RetryableEurekaHttpClient.execute(RetryableEurekaHttpClient.java:120) ~[eureka-client-2.0.6.jar:2.0.6]
	at com.netflix.discovery.shared.transport.decorator.EurekaHttpClientDecorator.sendHeartBeat(EurekaHttpClientDecorator.java:89) ~[eureka-client-2.0.6.jar:2.0.6]
	at com.netflix.discovery.shared.transport.decorator.EurekaHttpClientDecorator$3.execute(EurekaHttpClientDecorator.java:92) ~[eureka-client-2.0.6.jar:2.0.6]
	at com.netflix.discovery.shared.transport.decorator.SessionedEurekaHttpClient.execute(SessionedEurekaHttpClient.java:76) ~[eureka-client-2.0.6.jar:2.0.6]
	at com.netflix.discovery.shared.transport.decorator.EurekaHttpClientDecorator.sendHeartBeat(EurekaHttpClientDecorator.java:89) ~[eureka-client-2.0.6.jar:2.0.6]
	at com.netflix.discovery.DiscoveryClient.renew(DiscoveryClient.java:860) ~[eureka-client-2.0.6.jar:2.0.6]
	at com.netflix.discovery.DiscoveryClient$HeartbeatThread.run(DiscoveryClient.java:1418) ~[eureka-client-2.0.6.jar:2.0.6]
	at java.base/java.util.concurrent.Executors$RunnableAdapter.call(Executors.java:545) ~[na:na]
	at java.base/java.util.concurrent.FutureTask.run(FutureTask.java:328) ~[na:na]
	at java.base/java.util.concurrent.ThreadPoolExecutor.runWorker(ThreadPoolExecutor.java:1090) ~[na:na]
	at java.base/java.util.concurrent.ThreadPoolExecutor$Worker.run(ThreadPoolExecutor.java:614) ~[na:na]
	at java.base/java.lang.Thread.run(Thread.java:1474) ~[na:na]
Caused by: org.springframework.http.converter.HttpMessageNotReadableException: JSON parse error: Root name ('timestamp') does not match expected ('instance') for type `com.netflix.appinfo.InstanceInfo`
	at org.springframework.http.converter.json.AbstractJackson2HttpMessageConverter.readJavaType(AbstractJackson2HttpMessageConverter.java:408) ~[spring-web-7.0.8.jar:7.0.8]
	at org.springframework.http.converter.json.AbstractJackson2HttpMessageConverter.read(AbstractJackson2HttpMessageConverter.java:356) ~[spring-web-7.0.8.jar:7.0.8]
	at org.springframework.web.client.DefaultRestClient.readWithMessageConverters(DefaultRestClient.java:237) ~[spring-web-7.0.8.jar:7.0.8]
	... 26 common frames omitted
Caused by: com.fasterxml.jackson.databind.exc.MismatchedInputException: Root name ('timestamp') does not match expected ('instance') for type `com.netflix.appinfo.InstanceInfo`
 at [Source: REDACTED (`StreamReadFeature.INCLUDE_SOURCE_IN_LOCATION` disabled); line: 1, column: 2] (through reference chain: com.netflix.appinfo.InstanceInfo["timestamp"])
	at com.fasterxml.jackson.databind.exc.MismatchedInputException.from(MismatchedInputException.java:76) ~[jackson-databind-2.21.4.jar:2.21.4]
	at com.fasterxml.jackson.databind.DeserializationContext.reportPropertyInputMismatch(DeserializationContext.java:1849) ~[jackson-databind-2.21.4.jar:2.21.4]
	at com.fasterxml.jackson.databind.DeserializationContext.reportPropertyInputMismatch(DeserializationContext.java:1865) ~[jackson-databind-2.21.4.jar:2.21.4]
	at com.fasterxml.jackson.databind.deser.DefaultDeserializationContext._unwrapAndDeserialize(DefaultDeserializationContext.java:367) ~[jackson-databind-2.21.4.jar:2.21.4]
	at com.fasterxml.jackson.databind.deser.DefaultDeserializationContext.readRootValue(DefaultDeserializationContext.java:339) ~[jackson-databind-2.21.4.jar:2.21.4]
	at com.fasterxml.jackson.databind.ObjectReader._bindAndClose(ObjectReader.java:2148) ~[jackson-databind-2.21.4.jar:2.21.4]
	at com.fasterxml.jackson.databind.ObjectReader.readValue(ObjectReader.java:1504) ~[jackson-databind-2.21.4.jar:2.21.4]
	at org.springframework.http.converter.json.AbstractJackson2HttpMessageConverter.readJavaType(AbstractJackson2HttpMessageConverter.java:397) ~[spring-web-7.0.8.jar:7.0.8]
	... 28 common frames omitted

2026-07-24T13:50:23.363+05:30  WARN 17510 --- [UserModule] [DiscoveryClient-HeartbeatExecutor-%d] c.n.d.s.t.d.RetryableEurekaHttpClient    : Request execution failed with message: Error while extracting response for type [com.netflix.appinfo.InstanceInfo] and content type [application/json]
2026-07-24T13:50:23.364+05:30 ERROR 17510 --- [UserModule] [DiscoveryClient-HeartbeatExecutor-%d] com.netflix.discovery.DiscoveryClient    : DiscoveryClient_USERMODULE/null - was unable to send heartbeat!

com.netflix.discovery.shared.transport.TransportException: Cannot execute request on any known server
	at com.netflix.discovery.shared.transport.decorator.RetryableEurekaHttpClient.execute(RetryableEurekaHttpClient.java:112) ~[eureka-client-2.0.6.jar:2.0.6]
	at com.netflix.discovery.shared.transport.decorator.EurekaHttpClientDecorator.sendHeartBeat(EurekaHttpClientDecorator.java:89) ~[eureka-client-2.0.6.jar:2.0.6]
	at com.netflix.discovery.shared.transport.decorator.EurekaHttpClientDecorator$3.execute(EurekaHttpClientDecorator.java:92) ~[eureka-client-2.0.6.jar:2.0.6]
	at com.netflix.discovery.shared.transport.decorator.SessionedEurekaHttpClient.execute(SessionedEurekaHttpClient.java:76) ~[eureka-client-2.0.6.jar:2.0.6]
	at com.netflix.discovery.shared.transport.decorator.EurekaHttpClientDecorator.sendHeartBeat(EurekaHttpClientDecorator.java:89) ~[eureka-client-2.0.6.jar:2.0.6]
	at com.netflix.discovery.DiscoveryClient.renew(DiscoveryClient.java:860) ~[eureka-client-2.0.6.jar:2.0.6]
	at com.netflix.discovery.DiscoveryClient$HeartbeatThread.run(DiscoveryClient.java:1418) ~[eureka-client-2.0.6.jar:2.0.6]
	at java.base/java.util.concurrent.Executors$RunnableAdapter.call(Executors.java:545) ~[na:na]
	at java.base/java.util.concurrent.FutureTask.run(FutureTask.java:328) ~[na:na]
	at java.base/java.util.concurrent.ThreadPoolExecutor.runWorker(ThreadPoolExecutor.java:1090) ~[na:na]
	at java.base/java.util.concurrent.ThreadPoolExecutor$Worker.run(ThreadPoolExecutor.java:614) ~[na:na]
	at java.base/java.lang.Thread.run(Thread.java:1474) ~[na:na]

2026-07-24T13:50:28.375+05:30  INFO 17510 --- [UserModule] [DiscoveryClient-HeartbeatExecutor-%d] c.n.d.s.t.d.RedirectingEurekaHttpClient  : Request execution error. endpoint=DefaultEndpoint{ serviceUrl='http://localhost:8761/eureka/}, exception=Error while extracting response for type [com.netflix.appinfo.InstanceInfo] and content type [application/json]

org.springframework.web.client.RestClientException: Error while extracting response for type [com.netflix.appinfo.InstanceInfo] and content type [application/json]
	at org.springframework.web.client.DefaultRestClient.readWithMessageConverters(DefaultRestClient.java:274) ~[spring-web-7.0.8.jar:7.0.8]
	at org.springframework.web.client.DefaultRestClient$DefaultResponseSpec.readBody(DefaultRestClient.java:931) ~[spring-web-7.0.8.jar:7.0.8]
	at org.springframework.web.client.DefaultRestClient$DefaultResponseSpec.lambda$toEntityInternal$0(DefaultRestClient.java:871) ~[spring-web-7.0.8.jar:7.0.8]
	at org.springframework.web.client.DefaultRestClient$DefaultRequestBodyUriSpec.exchangeInternal(DefaultRestClient.java:617) ~[spring-web-7.0.8.jar:7.0.8]
	at org.springframework.web.client.DefaultRestClient$DefaultRequestBodyUriSpec.exchange(DefaultRestClient.java:572) ~[spring-web-7.0.8.jar:7.0.8]
	at org.springframework.web.client.RestClient$RequestHeadersSpec.exchange(RestClient.java:747) ~[spring-web-7.0.8.jar:7.0.8]
	at org.springframework.web.client.DefaultRestClient$DefaultResponseSpec.executeAndExtract(DefaultRestClient.java:924) ~[spring-web-7.0.8.jar:7.0.8]
	at org.springframework.web.client.DefaultRestClient$DefaultResponseSpec.toEntityInternal(DefaultRestClient.java:870) ~[spring-web-7.0.8.jar:7.0.8]
	at org.springframework.web.client.DefaultRestClient$DefaultResponseSpec.toEntity(DefaultRestClient.java:859) ~[spring-web-7.0.8.jar:7.0.8]
	at org.springframework.cloud.netflix.eureka.http.RestClientEurekaHttpClient.sendHeartBeat(RestClientEurekaHttpClient.java:91) ~[spring-cloud-netflix-eureka-client-5.0.2.jar:5.0.2]
	at com.netflix.discovery.shared.transport.decorator.EurekaHttpClientDecorator$3.execute(EurekaHttpClientDecorator.java:92) ~[eureka-client-2.0.6.jar:2.0.6]
	at com.netflix.discovery.shared.transport.decorator.RedirectingEurekaHttpClient.executeOnNewServer(RedirectingEurekaHttpClient.java:120) ~[eureka-client-2.0.6.jar:2.0.6]
	at com.netflix.discovery.shared.transport.decorator.RedirectingEurekaHttpClient.execute(RedirectingEurekaHttpClient.java:79) ~[eureka-client-2.0.6.jar:2.0.6]
	at com.netflix.discovery.shared.transport.decorator.EurekaHttpClientDecorator.sendHeartBeat(EurekaHttpClientDecorator.java:89) ~[eureka-client-2.0.6.jar:2.0.6]
	at com.netflix.discovery.shared.transport.decorator.EurekaHttpClientDecorator$3.execute(EurekaHttpClientDecorator.java:92) ~[eureka-client-2.0.6.jar:2.0.6]
	at com.netflix.discovery.shared.transport.decorator.RetryableEurekaHttpClient.execute(RetryableEurekaHttpClient.java:120) ~[eureka-client-2.0.6.jar:2.0.6]
	at com.netflix.discovery.shared.transport.decorator.EurekaHttpClientDecorator.sendHeartBeat(EurekaHttpClientDecorator.java:89) ~[eureka-client-2.0.6.jar:2.0.6]
	at com.netflix.discovery.shared.transport.decorator.EurekaHttpClientDecorator$3.execute(EurekaHttpClientDecorator.java:92) ~[eureka-client-2.0.6.jar:2.0.6]
	at com.netflix.discovery.shared.transport.decorator.SessionedEurekaHttpClient.execute(SessionedEurekaHttpClient.java:76) ~[eureka-client-2.0.6.jar:2.0.6]
	at com.netflix.discovery.shared.transport.decorator.EurekaHttpClientDecorator.sendHeartBeat(EurekaHttpClientDecorator.java:89) ~[eureka-client-2.0.6.jar:2.0.6]
	at com.netflix.discovery.DiscoveryClient.renew(DiscoveryClient.java:860) ~[eureka-client-2.0.6.jar:2.0.6]
	at com.netflix.discovery.DiscoveryClient$HeartbeatThread.run(DiscoveryClient.java:1418) ~[eureka-client-2.0.6.jar:2.0.6]
	at java.base/java.util.concurrent.Executors$RunnableAdapter.call(Executors.java:545) ~[na:na]
	at java.base/java.util.concurrent.FutureTask.run(FutureTask.java:328) ~[na:na]
	at java.base/java.util.concurrent.ThreadPoolExecutor.runWorker(ThreadPoolExecutor.java:1090) ~[na:na]
	at java.base/java.util.concurrent.ThreadPoolExecutor$Worker.run(ThreadPoolExecutor.java:614) ~[na:na]
	at java.base/java.lang.Thread.run(Thread.java:1474) ~[na:na]
Caused by: org.springframework.http.converter.HttpMessageNotReadableException: JSON parse error: Root name ('timestamp') does not match expected ('instance') for type `com.netflix.appinfo.InstanceInfo`
	at org.springframework.http.converter.json.AbstractJackson2HttpMessageConverter.readJavaType(AbstractJackson2HttpMessageConverter.java:408) ~[spring-web-7.0.8.jar:7.0.8]
	at org.springframework.http.converter.json.AbstractJackson2HttpMessageConverter.read(AbstractJackson2HttpMessageConverter.java:356) ~[spring-web-7.0.8.jar:7.0.8]
	at org.springframework.web.client.DefaultRestClient.readWithMessageConverters(DefaultRestClient.java:237) ~[spring-web-7.0.8.jar:7.0.8]
	... 26 common frames omitted
Caused by: com.fasterxml.jackson.databind.exc.MismatchedInputException: Root name ('timestamp') does not match expected ('instance') for type `com.netflix.appinfo.InstanceInfo`
 at [Source: REDACTED (`StreamReadFeature.INCLUDE_SOURCE_IN_LOCATION` disabled); line: 1, column: 2] (through reference chain: com.netflix.appinfo.InstanceInfo["timestamp"])
	at com.fasterxml.jackson.databind.exc.MismatchedInputException.from(MismatchedInputException.java:76) ~[jackson-databind-2.21.4.jar:2.21.4]
	at com.fasterxml.jackson.databind.DeserializationContext.reportPropertyInputMismatch(DeserializationContext.java:1849) ~[jackson-databind-2.21.4.jar:2.21.4]
	at com.fasterxml.jackson.databind.DeserializationContext.reportPropertyInputMismatch(DeserializationContext.java:1865) ~[jackson-databind-2.21.4.jar:2.21.4]
	at com.fasterxml.jackson.databind.deser.DefaultDeserializationContext._unwrapAndDeserialize(DefaultDeserializationContext.java:367) ~[jackson-databind-2.21.4.jar:2.21.4]
	at com.fasterxml.jackson.databind.deser.DefaultDeserializationContext.readRootValue(DefaultDeserializationContext.java:339) ~[jackson-databind-2.21.4.jar:2.21.4]
	at com.fasterxml.jackson.databind.ObjectReader._bindAndClose(ObjectReader.java:2148) ~[jackson-databind-2.21.4.jar:2.21.4]
	at com.fasterxml.jackson.databind.ObjectReader.readValue(ObjectReader.java:1504) ~[jackson-databind-2.21.4.jar:2.21.4]
	at org.springframework.http.converter.json.AbstractJackson2HttpMessageConverter.readJavaType(AbstractJackson2HttpMessageConverter.java:397) ~[spring-web-7.0.8.jar:7.0.8]
	... 28 common frames omitted

2026-07-24T13:50:28.376+05:30  WARN 17510 --- [UserModule] [DiscoveryClient-HeartbeatExecutor-%d] c.n.d.s.t.d.RetryableEurekaHttpClient    : Request execution failed with message: Error while extracting response for type [com.netflix.appinfo.InstanceInfo] and content type [application/json]
2026-07-24T13:50:28.376+05:30 ERROR 17510 --- [UserModule] [DiscoveryClient-HeartbeatExecutor-%d] com.netflix.discovery.DiscoveryClient    : DiscoveryClient_USERMODULE/null - was unable to send heartbeat!

com.netflix.discovery.shared.transport.TransportException: Cannot execute request on any known server
	at com.netflix.discovery.shared.transport.decorator.RetryableEurekaHttpClient.execute(RetryableEurekaHttpClient.java:112) ~[eureka-client-2.0.6.jar:2.0.6]
	at com.netflix.discovery.shared.transport.decorator.EurekaHttpClientDecorator.sendHeartBeat(EurekaHttpClientDecorator.java:89) ~[eureka-client-2.0.6.jar:2.0.6]
	at com.netflix.discovery.shared.transport.decorator.EurekaHttpClientDecorator$3.execute(EurekaHttpClientDecorator.java:92) ~[eureka-client-2.0.6.jar:2.0.6]
	at com.netflix.discovery.shared.transport.decorator.SessionedEurekaHttpClient.execute(SessionedEurekaHttpClient.java:76) ~[eureka-client-2.0.6.jar:2.0.6]
	at com.netflix.discovery.shared.transport.decorator.EurekaHttpClientDecorator.sendHeartBeat(EurekaHttpClientDecorator.java:89) ~[eureka-client-2.0.6.jar:2.0.6]
	at com.netflix.discovery.DiscoveryClient.renew(DiscoveryClient.java:860) ~[eureka-client-2.0.6.jar:2.0.6]
	at com.netflix.discovery.DiscoveryClient$HeartbeatThread.run(DiscoveryClient.java:1418) ~[eureka-client-2.0.6.jar:2.0.6]
	at java.base/java.util.concurrent.Executors$RunnableAdapter.call(Executors.java:545) ~[na:na]
	at java.base/java.util.concurrent.FutureTask.run(FutureTask.java:328) ~[na:na]
	at java.base/java.util.concurrent.ThreadPoolExecutor.runWorker(ThreadPoolExecutor.java:1090) ~[na:na]
	at java.base/java.util.concurrent.ThreadPoolExecutor$Worker.run(ThreadPoolExecutor.java:614) ~[na:na]
	at java.base/java.lang.Thread.run(Thread.java:1474) ~[na:na]

2026-07-24T13:50:33.386+05:30  INFO 17510 --- [UserModule] [DiscoveryClient-HeartbeatExecutor-%d] c.n.d.s.t.d.RedirectingEurekaHttpClient  : Request execution error. endpoint=DefaultEndpoint{ serviceUrl='http://localhost:8761/eureka/}, exception=Error while extracting response for type [com.netflix.appinfo.InstanceInfo] and content type [application/json]

org.springframework.web.client.RestClientException: Error while extracting response for type [com.netflix.appinfo.InstanceInfo] and content type [application/json]
	at org.springframework.web.client.DefaultRestClient.readWithMessageConverters(DefaultRestClient.java:274) ~[spring-web-7.0.8.jar:7.0.8]
	at org.springframework.web.client.DefaultRestClient$DefaultResponseSpec.readBody(DefaultRestClient.java:931) ~[spring-web-7.0.8.jar:7.0.8]
	at org.springframework.web.client.DefaultRestClient$DefaultResponseSpec.lambda$toEntityInternal$0(DefaultRestClient.java:871) ~[spring-web-7.0.8.jar:7.0.8]
	at org.springframework.web.client.DefaultRestClient$DefaultRequestBodyUriSpec.exchangeInternal(DefaultRestClient.java:617) ~[spring-web-7.0.8.jar:7.0.8]
	at org.springframework.web.client.DefaultRestClient$DefaultRequestBodyUriSpec.exchange(DefaultRestClient.java:572) ~[spring-web-7.0.8.jar:7.0.8]
	at org.springframework.web.client.RestClient$RequestHeadersSpec.exchange(RestClient.java:747) ~[spring-web-7.0.8.jar:7.0.8]
	at org.springframework.web.client.DefaultRestClient$DefaultResponseSpec.executeAndExtract(DefaultRestClient.java:924) ~[spring-web-7.0.8.jar:7.0.8]
	at org.springframework.web.client.DefaultRestClient$DefaultResponseSpec.toEntityInternal(DefaultRestClient.java:870) ~[spring-web-7.0.8.jar:7.0.8]
	at org.springframework.web.client.DefaultRestClient$DefaultResponseSpec.toEntity(DefaultRestClient.java:859) ~[spring-web-7.0.8.jar:7.0.8]
	at org.springframework.cloud.netflix.eureka.http.RestClientEurekaHttpClient.sendHeartBeat(RestClientEurekaHttpClient.java:91) ~[spring-cloud-netflix-eureka-client-5.0.2.jar:5.0.2]
	at com.netflix.discovery.shared.transport.decorator.EurekaHttpClientDecorator$3.execute(EurekaHttpClientDecorator.java:92) ~[eureka-client-2.0.6.jar:2.0.6]
	at com.netflix.discovery.shared.transport.decorator.RedirectingEurekaHttpClient.executeOnNewServer(RedirectingEurekaHttpClient.java:120) ~[eureka-client-2.0.6.jar:2.0.6]
	at com.netflix.discovery.shared.transport.decorator.RedirectingEurekaHttpClient.execute(RedirectingEurekaHttpClient.java:79) ~[eureka-client-2.0.6.jar:2.0.6]
	at com.netflix.discovery.shared.transport.decorator.EurekaHttpClientDecorator.sendHeartBeat(EurekaHttpClientDecorator.java:89) ~[eureka-client-2.0.6.jar:2.0.6]
	at com.netflix.discovery.shared.transport.decorator.EurekaHttpClientDecorator$3.execute(EurekaHttpClientDecorator.java:92) ~[eureka-client-2.0.6.jar:2.0.6]
	at com.netflix.discovery.shared.transport.decorator.RetryableEurekaHttpClient.execute(RetryableEurekaHttpClient.java:120) ~[eureka-client-2.0.6.jar:2.0.6]
	at com.netflix.discovery.shared.transport.decorator.EurekaHttpClientDecorator.sendHeartBeat(EurekaHttpClientDecorator.java:89) ~[eureka-client-2.0.6.jar:2.0.6]
	at com.netflix.discovery.shared.transport.decorator.EurekaHttpClientDecorator$3.execute(EurekaHttpClientDecorator.java:92) ~[eureka-client-2.0.6.jar:2.0.6]
	at com.netflix.discovery.shared.transport.decorator.SessionedEurekaHttpClient.execute(SessionedEurekaHttpClient.java:76) ~[eureka-client-2.0.6.jar:2.0.6]
	at com.netflix.discovery.shared.transport.decorator.EurekaHttpClientDecorator.sendHeartBeat(EurekaHttpClientDecorator.java:89) ~[eureka-client-2.0.6.jar:2.0.6]
	at com.netflix.discovery.DiscoveryClient.renew(DiscoveryClient.java:860) ~[eureka-client-2.0.6.jar:2.0.6]
	at com.netflix.discovery.DiscoveryClient$HeartbeatThread.run(DiscoveryClient.java:1418) ~[eureka-client-2.0.6.jar:2.0.6]
	at java.base/java.util.concurrent.Executors$RunnableAdapter.call(Executors.java:545) ~[na:na]
	at java.base/java.util.concurrent.FutureTask.run(FutureTask.java:328) ~[na:na]
	at java.base/java.util.concurrent.ThreadPoolExecutor.runWorker(ThreadPoolExecutor.java:1090) ~[na:na]
	at java.base/java.util.concurrent.ThreadPoolExecutor$Worker.run(ThreadPoolExecutor.java:614) ~[na:na]
	at java.base/java.lang.Thread.run(Thread.java:1474) ~[na:na]
Caused by: org.springframework.http.converter.HttpMessageNotReadableException: JSON parse error: Root name ('timestamp') does not match expected ('instance') for type `com.netflix.appinfo.InstanceInfo`
	at org.springframework.http.converter.json.AbstractJackson2HttpMessageConverter.readJavaType(AbstractJackson2HttpMessageConverter.java:408) ~[spring-web-7.0.8.jar:7.0.8]
	at org.springframework.http.converter.json.AbstractJackson2HttpMessageConverter.read(AbstractJackson2HttpMessageConverter.java:356) ~[spring-web-7.0.8.jar:7.0.8]
	at org.springframework.web.client.DefaultRestClient.readWithMessageConverters(DefaultRestClient.java:237) ~[spring-web-7.0.8.jar:7.0.8]
	... 26 common frames omitted
Caused by: com.fasterxml.jackson.databind.exc.MismatchedInputException: Root name ('timestamp') does not match expected ('instance') for type `com.netflix.appinfo.InstanceInfo`
 at [Source: REDACTED (`StreamReadFeature.INCLUDE_SOURCE_IN_LOCATION` disabled); line: 1, column: 2] (through reference chain: com.netflix.appinfo.InstanceInfo["timestamp"])
	at com.fasterxml.jackson.databind.exc.MismatchedInputException.from(MismatchedInputException.java:76) ~[jackson-databind-2.21.4.jar:2.21.4]
	at com.fasterxml.jackson.databind.DeserializationContext.reportPropertyInputMismatch(DeserializationContext.java:1849) ~[jackson-databind-2.21.4.jar:2.21.4]
	at com.fasterxml.jackson.databind.DeserializationContext.reportPropertyInputMismatch(DeserializationContext.java:1865) ~[jackson-databind-2.21.4.jar:2.21.4]
	at com.fasterxml.jackson.databind.deser.DefaultDeserializationContext._unwrapAndDeserialize(DefaultDeserializationContext.java:367) ~[jackson-databind-2.21.4.jar:2.21.4]
	at com.fasterxml.jackson.databind.deser.DefaultDeserializationContext.readRootValue(DefaultDeserializationContext.java:339) ~[jackson-databind-2.21.4.jar:2.21.4]
	at com.fasterxml.jackson.databind.ObjectReader._bindAndClose(ObjectReader.java:2148) ~[jackson-databind-2.21.4.jar:2.21.4]
	at com.fasterxml.jackson.databind.ObjectReader.readValue(ObjectReader.java:1504) ~[jackson-databind-2.21.4.jar:2.21.4]
	at org.springframework.http.converter.json.AbstractJackson2HttpMessageConverter.readJavaType(AbstractJackson2HttpMessageConverter.java:397) ~[spring-web-7.0.8.jar:7.0.8]
	... 28 common frames omitted

2026-07-24T13:50:33.387+05:30  WARN 17510 --- [UserModule] [DiscoveryClient-HeartbeatExecutor-%d] c.n.d.s.t.d.RetryableEurekaHttpClient    : Request execution failed with message: Error while extracting response for type [com.netflix.appinfo.InstanceInfo] and content type [application/json]
2026-07-24T13:50:33.387+05:30 ERROR 17510 --- [UserModule] [DiscoveryClient-HeartbeatExecutor-%d] com.netflix.discovery.DiscoveryClient    : DiscoveryClient_USERMODULE/null - was unable to send heartbeat!

com.netflix.discovery.shared.transport.TransportException: Cannot execute request on any known server
	at com.netflix.discovery.shared.transport.decorator.RetryableEurekaHttpClient.execute(RetryableEurekaHttpClient.java:112) ~[eureka-client-2.0.6.jar:2.0.6]
	at com.netflix.discovery.shared.transport.decorator.EurekaHttpClientDecorator.sendHeartBeat(EurekaHttpClientDecorator.java:89) ~[eureka-client-2.0.6.jar:2.0.6]
	at com.netflix.discovery.shared.transport.decorator.EurekaHttpClientDecorator$3.execute(EurekaHttpClientDecorator.java:92) ~[eureka-client-2.0.6.jar:2.0.6]
	at com.netflix.discovery.shared.transport.decorator.SessionedEurekaHttpClient.execute(SessionedEurekaHttpClient.java:76) ~[eureka-client-2.0.6.jar:2.0.6]
	at com.netflix.discovery.shared.transport.decorator.EurekaHttpClientDecorator.sendHeartBeat(EurekaHttpClientDecorator.java:89) ~[eureka-client-2.0.6.jar:2.0.6]
	at com.netflix.discovery.DiscoveryClient.renew(DiscoveryClient.java:860) ~[eureka-client-2.0.6.jar:2.0.6]
	at com.netflix.discovery.DiscoveryClient$HeartbeatThread.run(DiscoveryClient.java:1418) ~[eureka-client-2.0.6.jar:2.0.6]
	at java.base/java.util.concurrent.Executors$RunnableAdapter.call(Executors.java:545) ~[na:na]
	at java.base/java.util.concurrent.FutureTask.run(FutureTask.java:328) ~[na:na]
	at java.base/java.util.concurrent.ThreadPoolExecutor.runWorker(ThreadPoolExecutor.java:1090) ~[na:na]
	at java.base/java.util.concurrent.ThreadPoolExecutor$Worker.run(ThreadPoolExecutor.java:614) ~[na:na]
	at java.base/java.lang.Thread.run(Thread.java:1474) ~[na:na]

2026-07-24T13:50:38.398+05:30  INFO 17510 --- [UserModule] [DiscoveryClient-HeartbeatExecutor-%d] c.n.d.s.t.d.RedirectingEurekaHttpClient  : Request execution error. endpoint=DefaultEndpoint{ serviceUrl='http://localhost:8761/eureka/}, exception=Error while extracting response for type [com.netflix.appinfo.InstanceInfo] and content type [application/json]

org.springframework.web.client.RestClientException: Error while extracting response for type [com.netflix.appinfo.InstanceInfo] and content type [application/json]
	at org.springframework.web.client.DefaultRestClient.readWithMessageConverters(DefaultRestClient.java:274) ~[spring-web-7.0.8.jar:7.0.8]
	at org.springframework.web.client.DefaultRestClient$DefaultResponseSpec.readBody(DefaultRestClient.java:931) ~[spring-web-7.0.8.jar:7.0.8]
	at org.springframework.web.client.DefaultRestClient$DefaultResponseSpec.lambda$toEntityInternal$0(DefaultRestClient.java:871) ~[spring-web-7.0.8.jar:7.0.8]
	at org.springframework.web.client.DefaultRestClient$DefaultRequestBodyUriSpec.exchangeInternal(DefaultRestClient.java:617) ~[spring-web-7.0.8.jar:7.0.8]
	at org.springframework.web.client.DefaultRestClient$DefaultRequestBodyUriSpec.exchange(DefaultRestClient.java:572) ~[spring-web-7.0.8.jar:7.0.8]
	at org.springframework.web.client.RestClient$RequestHeadersSpec.exchange(RestClient.java:747) ~[spring-web-7.0.8.jar:7.0.8]
	at org.springframework.web.client.DefaultRestClient$DefaultResponseSpec.executeAndExtract(DefaultRestClient.java:924) ~[spring-web-7.0.8.jar:7.0.8]
	at org.springframework.web.client.DefaultRestClient$DefaultResponseSpec.toEntityInternal(DefaultRestClient.java:870) ~[spring-web-7.0.8.jar:7.0.8]
	at org.springframework.web.client.DefaultRestClient$DefaultResponseSpec.toEntity(DefaultRestClient.java:859) ~[spring-web-7.0.8.jar:7.0.8]
	at org.springframework.cloud.netflix.eureka.http.RestClientEurekaHttpClient.sendHeartBeat(RestClientEurekaHttpClient.java:91) ~[spring-cloud-netflix-eureka-client-5.0.2.jar:5.0.2]
	at com.netflix.discovery.shared.transport.decorator.EurekaHttpClientDecorator$3.execute(EurekaHttpClientDecorator.java:92) ~[eureka-client-2.0.6.jar:2.0.6]
	at com.netflix.discovery.shared.transport.decorator.RedirectingEurekaHttpClient.executeOnNewServer(RedirectingEurekaHttpClient.java:120) ~[eureka-client-2.0.6.jar:2.0.6]
	at com.netflix.discovery.shared.transport.decorator.RedirectingEurekaHttpClient.execute(RedirectingEurekaHttpClient.java:79) ~[eureka-client-2.0.6.jar:2.0.6]
	at com.netflix.discovery.shared.transport.decorator.EurekaHttpClientDecorator.sendHeartBeat(EurekaHttpClientDecorator.java:89) ~[eureka-client-2.0.6.jar:2.0.6]
	at com.netflix.discovery.shared.transport.decorator.EurekaHttpClientDecorator$3.execute(EurekaHttpClientDecorator.java:92) ~[eureka-client-2.0.6.jar:2.0.6]
	at com.netflix.discovery.shared.transport.decorator.RetryableEurekaHttpClient.execute(RetryableEurekaHttpClient.java:120) ~[eureka-client-2.0.6.jar:2.0.6]
	at com.netflix.discovery.shared.transport.decorator.EurekaHttpClientDecorator.sendHeartBeat(EurekaHttpClientDecorator.java:89) ~[eureka-client-2.0.6.jar:2.0.6]
	at com.netflix.discovery.shared.transport.decorator.EurekaHttpClientDecorator$3.execute(EurekaHttpClientDecorator.java:92) ~[eureka-client-2.0.6.jar:2.0.6]
	at com.netflix.discovery.shared.transport.decorator.SessionedEurekaHttpClient.execute(SessionedEurekaHttpClient.java:76) ~[eureka-client-2.0.6.jar:2.0.6]
	at com.netflix.discovery.shared.transport.decorator.EurekaHttpClientDecorator.sendHeartBeat(EurekaHttpClientDecorator.java:89) ~[eureka-client-2.0.6.jar:2.0.6]
	at com.netflix.discovery.DiscoveryClient.renew(DiscoveryClient.java:860) ~[eureka-client-2.0.6.jar:2.0.6]
	at com.netflix.discovery.DiscoveryClient$HeartbeatThread.run(DiscoveryClient.java:1418) ~[eureka-client-2.0.6.jar:2.0.6]
	at java.base/java.util.concurrent.Executors$RunnableAdapter.call(Executors.java:545) ~[na:na]
	at java.base/java.util.concurrent.FutureTask.run(FutureTask.java:328) ~[na:na]
	at java.base/java.util.concurrent.ThreadPoolExecutor.runWorker(ThreadPoolExecutor.java:1090) ~[na:na]
	at java.base/java.util.concurrent.ThreadPoolExecutor$Worker.run(ThreadPoolExecutor.java:614) ~[na:na]
	at java.base/java.lang.Thread.run(Thread.java:1474) ~[na:na]
Caused by: org.springframework.http.converter.HttpMessageNotReadableException: JSON parse error: Root name ('timestamp') does not match expected ('instance') for type `com.netflix.appinfo.InstanceInfo`
	at org.springframework.http.converter.json.AbstractJackson2HttpMessageConverter.readJavaType(AbstractJackson2HttpMessageConverter.java:408) ~[spring-web-7.0.8.jar:7.0.8]
	at org.springframework.http.converter.json.AbstractJackson2HttpMessageConverter.read(AbstractJackson2HttpMessageConverter.java:356) ~[spring-web-7.0.8.jar:7.0.8]
	at org.springframework.web.client.DefaultRestClient.readWithMessageConverters(DefaultRestClient.java:237) ~[spring-web-7.0.8.jar:7.0.8]
	... 26 common frames omitted
Caused by: com.fasterxml.jackson.databind.exc.MismatchedInputException: Root name ('timestamp') does not match expected ('instance') for type `com.netflix.appinfo.InstanceInfo`
 at [Source: REDACTED (`StreamReadFeature.INCLUDE_SOURCE_IN_LOCATION` disabled); line: 1, column: 2] (through reference chain: com.netflix.appinfo.InstanceInfo["timestamp"])
	at com.fasterxml.jackson.databind.exc.MismatchedInputException.from(MismatchedInputException.java:76) ~[jackson-databind-2.21.4.jar:2.21.4]
	at com.fasterxml.jackson.databind.DeserializationContext.reportPropertyInputMismatch(DeserializationContext.java:1849) ~[jackson-databind-2.21.4.jar:2.21.4]
	at com.fasterxml.jackson.databind.DeserializationContext.reportPropertyInputMismatch(DeserializationContext.java:1865) ~[jackson-databind-2.21.4.jar:2.21.4]
	at com.fasterxml.jackson.databind.deser.DefaultDeserializationContext._unwrapAndDeserialize(DefaultDeserializationContext.java:367) ~[jackson-databind-2.21.4.jar:2.21.4]
	at com.fasterxml.jackson.databind.deser.DefaultDeserializationContext.readRootValue(DefaultDeserializationContext.java:339) ~[jackson-databind-2.21.4.jar:2.21.4]
	at com.fasterxml.jackson.databind.ObjectReader._bindAndClose(ObjectReader.java:2148) ~[jackson-databind-2.21.4.jar:2.21.4]
	at com.fasterxml.jackson.databind.ObjectReader.readValue(ObjectReader.java:1504) ~[jackson-databind-2.21.4.jar:2.21.4]
	at org.springframework.http.converter.json.AbstractJackson2HttpMessageConverter.readJavaType(AbstractJackson2HttpMessageConverter.java:397) ~[spring-web-7.0.8.jar:7.0.8]
	... 28 common frames omitted

2026-07-24T13:50:38.400+05:30  WARN 17510 --- [UserModule] [DiscoveryClient-HeartbeatExecutor-%d] c.n.d.s.t.d.RetryableEurekaHttpClient    : Request execution failed with message: Error while extracting response for type [com.netflix.appinfo.InstanceInfo] and content type [application/json]
2026-07-24T13:50:38.400+05:30 ERROR 17510 --- [UserModule] [DiscoveryClient-HeartbeatExecutor-%d] com.netflix.discovery.DiscoveryClient    : DiscoveryClient_USERMODULE/null - was unable to send heartbeat!

com.netflix.discovery.shared.transport.TransportException: Cannot execute request on any known server
	at com.netflix.discovery.shared.transport.decorator.RetryableEurekaHttpClient.execute(RetryableEurekaHttpClient.java:112) ~[eureka-client-2.0.6.jar:2.0.6]
	at com.netflix.discovery.shared.transport.decorator.EurekaHttpClientDecorator.sendHeartBeat(EurekaHttpClientDecorator.java:89) ~[eureka-client-2.0.6.jar:2.0.6]
	at com.netflix.discovery.shared.transport.decorator.EurekaHttpClientDecorator$3.execute(EurekaHttpClientDecorator.java:92) ~[eureka-client-2.0.6.jar:2.0.6]
	at com.netflix.discovery.shared.transport.decorator.SessionedEurekaHttpClient.execute(SessionedEurekaHttpClient.java:76) ~[eureka-client-2.0.6.jar:2.0.6]
	at com.netflix.discovery.shared.transport.decorator.EurekaHttpClientDecorator.sendHeartBeat(EurekaHttpClientDecorator.java:89) ~[eureka-client-2.0.6.jar:2.0.6]
	at com.netflix.discovery.DiscoveryClient.renew(DiscoveryClient.java:860) ~[eureka-client-2.0.6.jar:2.0.6]
	at com.netflix.discovery.DiscoveryClient$HeartbeatThread.run(DiscoveryClient.java:1418) ~[eureka-client-2.0.6.jar:2.0.6]
	at java.base/java.util.concurrent.Executors$RunnableAdapter.call(Executors.java:545) ~[na:na]
	at java.base/java.util.concurrent.FutureTask.run(FutureTask.java:328) ~[na:na]
	at java.base/java.util.concurrent.ThreadPoolExecutor.runWorker(ThreadPoolExecutor.java:1090) ~[na:na]
	at java.base/java.util.concurrent.ThreadPoolExecutor$Worker.run(ThreadPoolExecutor.java:614) ~[na:na]
	at java.base/java.lang.Thread.run(Thread.java:1474) ~[na:na]

2026-07-24T13:50:42.941+05:30  INFO 17510 --- [UserModule] [DiscoveryClient-CacheRefreshExecutor-%d] com.netflix.discovery.DiscoveryClient    : Disable delta property : false
2026-07-24T13:50:42.942+05:30  INFO 17510 --- [UserModule] [DiscoveryClient-CacheRefreshExecutor-%d] com.netflix.discovery.DiscoveryClient    : Single vip registry refresh property : null
2026-07-24T13:50:42.942+05:30  INFO 17510 --- [UserModule] [DiscoveryClient-CacheRefreshExecutor-%d] com.netflix.discovery.DiscoveryClient    : Force full registry fetch : false
2026-07-24T13:50:42.942+05:30  INFO 17510 --- [UserModule] [DiscoveryClient-CacheRefreshExecutor-%d] com.netflix.discovery.DiscoveryClient    : Application is null : false
2026-07-24T13:50:42.942+05:30  INFO 17510 --- [UserModule] [DiscoveryClient-CacheRefreshExecutor-%d] com.netflix.discovery.DiscoveryClient    : Registered Applications size is zero : true
2026-07-24T13:50:42.942+05:30  INFO 17510 --- [UserModule] [DiscoveryClient-CacheRefreshExecutor-%d] com.netflix.discovery.DiscoveryClient    : Application version is -1: false
2026-07-24T13:50:42.942+05:30  INFO 17510 --- [UserModule] [DiscoveryClient-CacheRefreshExecutor-%d] com.netflix.discovery.DiscoveryClient    : Getting all instance registry info from the eureka server
2026-07-24T13:50:42.946+05:30  INFO 17510 --- [UserModule] [DiscoveryClient-CacheRefreshExecutor-%d] com.netflix.discovery.DiscoveryClient    : The response status is 200
2026-07-24T13:50:43.005+05:30  INFO 17510 --- [UserModule] [DiscoveryClient-InstanceInfoReplicator-%d] com.netflix.discovery.DiscoveryClient    : DiscoveryClient_USERMODULE/null: registering service...
2026-07-24T13:50:43.015+05:30  WARN 17510 --- [UserModule] [DiscoveryClient-InstanceInfoReplicator-%d] c.n.d.s.t.d.RetryableEurekaHttpClient    : Request execution failure with status code 400; retrying on another server if available
2026-07-24T13:50:43.015+05:30  WARN 17510 --- [UserModule] [DiscoveryClient-InstanceInfoReplicator-%d] com.netflix.discovery.DiscoveryClient    : DiscoveryClient_USERMODULE/null - registration failed Cannot execute request on any known server

com.netflix.discovery.shared.transport.TransportException: Cannot execute request on any known server
	at com.netflix.discovery.shared.transport.decorator.RetryableEurekaHttpClient.execute(RetryableEurekaHttpClient.java:112) ~[eureka-client-2.0.6.jar:2.0.6]
	at com.netflix.discovery.shared.transport.decorator.EurekaHttpClientDecorator.register(EurekaHttpClientDecorator.java:56) ~[eureka-client-2.0.6.jar:2.0.6]
	at com.netflix.discovery.shared.transport.decorator.EurekaHttpClientDecorator$1.execute(EurekaHttpClientDecorator.java:59) ~[eureka-client-2.0.6.jar:2.0.6]
	at com.netflix.discovery.shared.transport.decorator.SessionedEurekaHttpClient.execute(SessionedEurekaHttpClient.java:76) ~[eureka-client-2.0.6.jar:2.0.6]
	at com.netflix.discovery.shared.transport.decorator.EurekaHttpClientDecorator.register(EurekaHttpClientDecorator.java:56) ~[eureka-client-2.0.6.jar:2.0.6]
	at com.netflix.discovery.DiscoveryClient.register(DiscoveryClient.java:843) ~[eureka-client-2.0.6.jar:2.0.6]
	at com.netflix.discovery.InstanceInfoReplicator.run(InstanceInfoReplicator.java:125) ~[eureka-client-2.0.6.jar:2.0.6]
	at java.base/java.util.concurrent.Executors$RunnableAdapter.call(Executors.java:545) ~[na:na]
	at java.base/java.util.concurrent.FutureTask.run(FutureTask.java:328) ~[na:na]
	at java.base/java.util.concurrent.ScheduledThreadPoolExecutor$ScheduledFutureTask.run(ScheduledThreadPoolExecutor.java:309) ~[na:na]
	at java.base/java.util.concurrent.ThreadPoolExecutor.runWorker(ThreadPoolExecutor.java:1090) ~[na:na]
	at java.base/java.util.concurrent.ThreadPoolExecutor$Worker.run(ThreadPoolExecutor.java:614) ~[na:na]
	at java.base/java.lang.Thread.run(Thread.java:1474) ~[na:na]

2026-07-24T13:50:43.016+05:30  WARN 17510 --- [UserModule] [DiscoveryClient-InstanceInfoReplicator-%d] c.n.discovery.InstanceInfoReplicator     : There was a problem with the instance info replicator

com.netflix.discovery.shared.transport.TransportException: Cannot execute request on any known server
	at com.netflix.discovery.shared.transport.decorator.RetryableEurekaHttpClient.execute(RetryableEurekaHttpClient.java:112) ~[eureka-client-2.0.6.jar:2.0.6]
	at com.netflix.discovery.shared.transport.decorator.EurekaHttpClientDecorator.register(EurekaHttpClientDecorator.java:56) ~[eureka-client-2.0.6.jar:2.0.6]
	at com.netflix.discovery.shared.transport.decorator.EurekaHttpClientDecorator$1.execute(EurekaHttpClientDecorator.java:59) ~[eureka-client-2.0.6.jar:2.0.6]
	at com.netflix.discovery.shared.transport.decorator.SessionedEurekaHttpClient.execute(SessionedEurekaHttpClient.java:76) ~[eureka-client-2.0.6.jar:2.0.6]
	at com.netflix.discovery.shared.transport.decorator.EurekaHttpClientDecorator.register(EurekaHttpClientDecorator.java:56) ~[eureka-client-2.0.6.jar:2.0.6]
	at com.netflix.discovery.DiscoveryClient.register(DiscoveryClient.java:843) ~[eureka-client-2.0.6.jar:2.0.6]
	at com.netflix.discovery.InstanceInfoReplicator.run(InstanceInfoReplicator.java:125) ~[eureka-client-2.0.6.jar:2.0.6]
	at java.base/java.util.concurrent.Executors$RunnableAdapter.call(Executors.java:545) ~[na:na]
	at java.base/java.util.concurrent.FutureTask.run(FutureTask.java:328) ~[na:na]
	at java.base/java.util.concurrent.ScheduledThreadPoolExecutor$ScheduledFutureTask.run(ScheduledThreadPoolExecutor.java:309) ~[na:na]
	at java.base/java.util.concurrent.ThreadPoolExecutor.runWorker(ThreadPoolExecutor.java:1090) ~[na:na]
	at java.base/java.util.concurrent.ThreadPoolExecutor$Worker.run(ThreadPoolExecutor.java:614) ~[na:na]
	at java.base/java.lang.Thread.run(Thread.java:1474) ~[na:na]

2026-07-24T13:50:43.417+05:30  INFO 17510 --- [UserModule] [DiscoveryClient-HeartbeatExecutor-%d] c.n.d.s.t.d.RedirectingEurekaHttpClient  : Request execution error. endpoint=DefaultEndpoint{ serviceUrl='http://localhost:8761/eureka/}, exception=Error while extracting response for type [com.netflix.appinfo.InstanceInfo] and content type [application/json]

org.springframework.web.client.RestClientException: Error while extracting response for type [com.netflix.appinfo.InstanceInfo] and content type [application/json]
	at org.springframework.web.client.DefaultRestClient.readWithMessageConverters(DefaultRestClient.java:274) ~[spring-web-7.0.8.jar:7.0.8]
	at org.springframework.web.client.DefaultRestClient$DefaultResponseSpec.readBody(DefaultRestClient.java:931) ~[spring-web-7.0.8.jar:7.0.8]
	at org.springframework.web.client.DefaultRestClient$DefaultResponseSpec.lambda$toEntityInternal$0(DefaultRestClient.java:871) ~[spring-web-7.0.8.jar:7.0.8]
	at org.springframework.web.client.DefaultRestClient$DefaultRequestBodyUriSpec.exchangeInternal(DefaultRestClient.java:617) ~[spring-web-7.0.8.jar:7.0.8]
	at org.springframework.web.client.DefaultRestClient$DefaultRequestBodyUriSpec.exchange(DefaultRestClient.java:572) ~[spring-web-7.0.8.jar:7.0.8]
	at org.springframework.web.client.RestClient$RequestHeadersSpec.exchange(RestClient.java:747) ~[spring-web-7.0.8.jar:7.0.8]
	at org.springframework.web.client.DefaultRestClient$DefaultResponseSpec.executeAndExtract(DefaultRestClient.java:924) ~[spring-web-7.0.8.jar:7.0.8]
	at org.springframework.web.client.DefaultRestClient$DefaultResponseSpec.toEntityInternal(DefaultRestClient.java:870) ~[spring-web-7.0.8.jar:7.0.8]
	at org.springframework.web.client.DefaultRestClient$DefaultResponseSpec.toEntity(DefaultRestClient.java:859) ~[spring-web-7.0.8.jar:7.0.8]
	at org.springframework.cloud.netflix.eureka.http.RestClientEurekaHttpClient.sendHeartBeat(RestClientEurekaHttpClient.java:91) ~[spring-cloud-netflix-eureka-client-5.0.2.jar:5.0.2]
	at com.netflix.discovery.shared.transport.decorator.EurekaHttpClientDecorator$3.execute(EurekaHttpClientDecorator.java:92) ~[eureka-client-2.0.6.jar:2.0.6]
	at com.netflix.discovery.shared.transport.decorator.RedirectingEurekaHttpClient.executeOnNewServer(RedirectingEurekaHttpClient.java:120) ~[eureka-client-2.0.6.jar:2.0.6]
	at com.netflix.discovery.shared.transport.decorator.RedirectingEurekaHttpClient.execute(RedirectingEurekaHttpClient.java:79) ~[eureka-client-2.0.6.jar:2.0.6]
	at com.netflix.discovery.shared.transport.decorator.EurekaHttpClientDecorator.sendHeartBeat(EurekaHttpClientDecorator.java:89) ~[eureka-client-2.0.6.jar:2.0.6]
	at com.netflix.discovery.shared.transport.decorator.EurekaHttpClientDecorator$3.execute(EurekaHttpClientDecorator.java:92) ~[eureka-client-2.0.6.jar:2.0.6]
	at com.netflix.discovery.shared.transport.decorator.RetryableEurekaHttpClient.execute(RetryableEurekaHttpClient.java:120) ~[eureka-client-2.0.6.jar:2.0.6]
	at com.netflix.discovery.shared.transport.decorator.EurekaHttpClientDecorator.sendHeartBeat(EurekaHttpClientDecorator.java:89) ~[eureka-client-2.0.6.jar:2.0.6]
	at com.netflix.discovery.shared.transport.decorator.EurekaHttpClientDecorator$3.execute(EurekaHttpClientDecorator.java:92) ~[eureka-client-2.0.6.jar:2.0.6]
	at com.netflix.discovery.shared.transport.decorator.SessionedEurekaHttpClient.execute(SessionedEurekaHttpClient.java:76) ~[eureka-client-2.0.6.jar:2.0.6]
	at com.netflix.discovery.shared.transport.decorator.EurekaHttpClientDecorator.sendHeartBeat(EurekaHttpClientDecorator.java:89) ~[eureka-client-2.0.6.jar:2.0.6]
	at com.netflix.discovery.DiscoveryClient.renew(DiscoveryClient.java:860) ~[eureka-client-2.0.6.jar:2.0.6]
	at com.netflix.discovery.DiscoveryClient$HeartbeatThread.run(DiscoveryClient.java:1418) ~[eureka-client-2.0.6.jar:2.0.6]
	at java.base/java.util.concurrent.Executors$RunnableAdapter.call(Executors.java:545) ~[na:na]
	at java.base/java.util.concurrent.FutureTask.run(FutureTask.java:328) ~[na:na]
	at java.base/java.util.concurrent.ThreadPoolExecutor.runWorker(ThreadPoolExecutor.java:1090) ~[na:na]
	at java.base/java.util.concurrent.ThreadPoolExecutor$Worker.run(ThreadPoolExecutor.java:614) ~[na:na]
	at java.base/java.lang.Thread.run(Thread.java:1474) ~[na:na]
Caused by: org.springframework.http.converter.HttpMessageNotReadableException: JSON parse error: Root name ('timestamp') does not match expected ('instance') for type `com.netflix.appinfo.InstanceInfo`
	at org.springframework.http.converter.json.AbstractJackson2HttpMessageConverter.readJavaType(AbstractJackson2HttpMessageConverter.java:408) ~[spring-web-7.0.8.jar:7.0.8]
	at org.springframework.http.converter.json.AbstractJackson2HttpMessageConverter.read(AbstractJackson2HttpMessageConverter.java:356) ~[spring-web-7.0.8.jar:7.0.8]
	at org.springframework.web.client.DefaultRestClient.readWithMessageConverters(DefaultRestClient.java:237) ~[spring-web-7.0.8.jar:7.0.8]
	... 26 common frames omitted
Caused by: com.fasterxml.jackson.databind.exc.MismatchedInputException: Root name ('timestamp') does not match expected ('instance') for type `com.netflix.appinfo.InstanceInfo`
 at [Source: REDACTED (`StreamReadFeature.INCLUDE_SOURCE_IN_LOCATION` disabled); line: 1, column: 2] (through reference chain: com.netflix.appinfo.InstanceInfo["timestamp"])
	at com.fasterxml.jackson.databind.exc.MismatchedInputException.from(MismatchedInputException.java:76) ~[jackson-databind-2.21.4.jar:2.21.4]
	at com.fasterxml.jackson.databind.DeserializationContext.reportPropertyInputMismatch(DeserializationContext.java:1849) ~[jackson-databind-2.21.4.jar:2.21.4]
	at com.fasterxml.jackson.databind.DeserializationContext.reportPropertyInputMismatch(DeserializationContext.java:1865) ~[jackson-databind-2.21.4.jar:2.21.4]
	at com.fasterxml.jackson.databind.deser.DefaultDeserializationContext._unwrapAndDeserialize(DefaultDeserializationContext.java:367) ~[jackson-databind-2.21.4.jar:2.21.4]
	at com.fasterxml.jackson.databind.deser.DefaultDeserializationContext.readRootValue(DefaultDeserializationContext.java:339) ~[jackson-databind-2.21.4.jar:2.21.4]
	at com.fasterxml.jackson.databind.ObjectReader._bindAndClose(ObjectReader.java:2148) ~[jackson-databind-2.21.4.jar:2.21.4]
	at com.fasterxml.jackson.databind.ObjectReader.readValue(ObjectReader.java:1504) ~[jackson-databind-2.21.4.jar:2.21.4]
	at org.springframework.http.converter.json.AbstractJackson2HttpMessageConverter.readJavaType(AbstractJackson2HttpMessageConverter.java:397) ~[spring-web-7.0.8.jar:7.0.8]
	... 28 common frames omitted

2026-07-24T13:50:43.418+05:30  WARN 17510 --- [UserModule] [DiscoveryClient-HeartbeatExecutor-%d] c.n.d.s.t.d.RetryableEurekaHttpClient    : Request execution failed with message: Error while extracting response for type [com.netflix.appinfo.InstanceInfo] and content type [application/json]
2026-07-24T13:50:43.418+05:30 ERROR 17510 --- [UserModule] [DiscoveryClient-HeartbeatExecutor-%d] com.netflix.discovery.DiscoveryClient    : DiscoveryClient_USERMODULE/null - was unable to send heartbeat!

com.netflix.discovery.shared.transport.TransportException: Cannot execute request on any known server
	at com.netflix.discovery.shared.transport.decorator.RetryableEurekaHttpClient.execute(RetryableEurekaHttpClient.java:112) ~[eureka-client-2.0.6.jar:2.0.6]
	at com.netflix.discovery.shared.transport.decorator.EurekaHttpClientDecorator.sendHeartBeat(EurekaHttpClientDecorator.java:89) ~[eureka-client-2.0.6.jar:2.0.6]
	at com.netflix.discovery.shared.transport.decorator.EurekaHttpClientDecorator$3.execute(EurekaHttpClientDecorator.java:92) ~[eureka-client-2.0.6.jar:2.0.6]
	at com.netflix.discovery.shared.transport.decorator.SessionedEurekaHttpClient.execute(SessionedEurekaHttpClient.java:76) ~[eureka-client-2.0.6.jar:2.0.6]
	at com.netflix.discovery.shared.transport.decorator.EurekaHttpClientDecorator.sendHeartBeat(EurekaHttpClientDecorator.java:89) ~[eureka-client-2.0.6.jar:2.0.6]
	at com.netflix.discovery.DiscoveryClient.renew(DiscoveryClient.java:860) ~[eureka-client-2.0.6.jar:2.0.6]
	at com.netflix.discovery.DiscoveryClient$HeartbeatThread.run(DiscoveryClient.java:1418) ~[eureka-client-2.0.6.jar:2.0.6]
	at java.base/java.util.concurrent.Executors$RunnableAdapter.call(Executors.java:545) ~[na:na]
	at java.base/java.util.concurrent.FutureTask.run(FutureTask.java:328) ~[na:na]
	at java.base/java.util.concurrent.ThreadPoolExecutor.runWorker(ThreadPoolExecutor.java:1090) ~[na:na]
	at java.base/java.util.concurrent.ThreadPoolExecutor$Worker.run(ThreadPoolExecutor.java:614) ~[na:na]
	at java.base/java.lang.Thread.run(Thread.java:1474) ~[na:na]

2026-07-24T13:50:48.431+05:30  INFO 17510 --- [UserModule] [DiscoveryClient-HeartbeatExecutor-%d] c.n.d.s.t.d.RedirectingEurekaHttpClient  : Request execution error. endpoint=DefaultEndpoint{ serviceUrl='http://localhost:8761/eureka/}, exception=Error while extracting response for type [com.netflix.appinfo.InstanceInfo] and content type [application/json]

org.springframework.web.client.RestClientException: Error while extracting response for type [com.netflix.appinfo.InstanceInfo] and content type [application/json]
	at org.springframework.web.client.DefaultRestClient.readWithMessageConverters(DefaultRestClient.java:274) ~[spring-web-7.0.8.jar:7.0.8]
	at org.springframework.web.client.DefaultRestClient$DefaultResponseSpec.readBody(DefaultRestClient.java:931) ~[spring-web-7.0.8.jar:7.0.8]
	at org.springframework.web.client.DefaultRestClient$DefaultResponseSpec.lambda$toEntityInternal$0(DefaultRestClient.java:871) ~[spring-web-7.0.8.jar:7.0.8]
	at org.springframework.web.client.DefaultRestClient$DefaultRequestBodyUriSpec.exchangeInternal(DefaultRestClient.java:617) ~[spring-web-7.0.8.jar:7.0.8]
	at org.springframework.web.client.DefaultRestClient$DefaultRequestBodyUriSpec.exchange(DefaultRestClient.java:572) ~[spring-web-7.0.8.jar:7.0.8]
	at org.springframework.web.client.RestClient$RequestHeadersSpec.exchange(RestClient.java:747) ~[spring-web-7.0.8.jar:7.0.8]
	at org.springframework.web.client.DefaultRestClient$DefaultResponseSpec.executeAndExtract(DefaultRestClient.java:924) ~[spring-web-7.0.8.jar:7.0.8]
	at org.springframework.web.client.DefaultRestClient$DefaultResponseSpec.toEntityInternal(DefaultRestClient.java:870) ~[spring-web-7.0.8.jar:7.0.8]
	at org.springframework.web.client.DefaultRestClient$DefaultResponseSpec.toEntity(DefaultRestClient.java:859) ~[spring-web-7.0.8.jar:7.0.8]
	at org.springframework.cloud.netflix.eureka.http.RestClientEurekaHttpClient.sendHeartBeat(RestClientEurekaHttpClient.java:91) ~[spring-cloud-netflix-eureka-client-5.0.2.jar:5.0.2]
	at com.netflix.discovery.shared.transport.decorator.EurekaHttpClientDecorator$3.execute(EurekaHttpClientDecorator.java:92) ~[eureka-client-2.0.6.jar:2.0.6]
	at com.netflix.discovery.shared.transport.decorator.RedirectingEurekaHttpClient.executeOnNewServer(RedirectingEurekaHttpClient.java:120) ~[eureka-client-2.0.6.jar:2.0.6]
	at com.netflix.discovery.shared.transport.decorator.RedirectingEurekaHttpClient.execute(RedirectingEurekaHttpClient.java:79) ~[eureka-client-2.0.6.jar:2.0.6]
	at com.netflix.discovery.shared.transport.decorator.EurekaHttpClientDecorator.sendHeartBeat(EurekaHttpClientDecorator.java:89) ~[eureka-client-2.0.6.jar:2.0.6]
	at com.netflix.discovery.shared.transport.decorator.EurekaHttpClientDecorator$3.execute(EurekaHttpClientDecorator.java:92) ~[eureka-client-2.0.6.jar:2.0.6]
	at com.netflix.discovery.shared.transport.decorator.RetryableEurekaHttpClient.execute(RetryableEurekaHttpClient.java:120) ~[eureka-client-2.0.6.jar:2.0.6]
	at com.netflix.discovery.shared.transport.decorator.EurekaHttpClientDecorator.sendHeartBeat(EurekaHttpClientDecorator.java:89) ~[eureka-client-2.0.6.jar:2.0.6]
	at com.netflix.discovery.shared.transport.decorator.EurekaHttpClientDecorator$3.execute(EurekaHttpClientDecorator.java:92) ~[eureka-client-2.0.6.jar:2.0.6]
	at com.netflix.discovery.shared.transport.decorator.SessionedEurekaHttpClient.execute(SessionedEurekaHttpClient.java:76) ~[eureka-client-2.0.6.jar:2.0.6]
	at com.netflix.discovery.shared.transport.decorator.EurekaHttpClientDecorator.sendHeartBeat(EurekaHttpClientDecorator.java:89) ~[eureka-client-2.0.6.jar:2.0.6]
	at com.netflix.discovery.DiscoveryClient.renew(DiscoveryClient.java:860) ~[eureka-client-2.0.6.jar:2.0.6]
	at com.netflix.discovery.DiscoveryClient$HeartbeatThread.run(DiscoveryClient.java:1418) ~[eureka-client-2.0.6.jar:2.0.6]
	at java.base/java.util.concurrent.Executors$RunnableAdapter.call(Executors.java:545) ~[na:na]
	at java.base/java.util.concurrent.FutureTask.run(FutureTask.java:328) ~[na:na]
	at java.base/java.util.concurrent.ThreadPoolExecutor.runWorker(ThreadPoolExecutor.java:1090) ~[na:na]
	at java.base/java.util.concurrent.ThreadPoolExecutor$Worker.run(ThreadPoolExecutor.java:614) ~[na:na]
	at java.base/java.lang.Thread.run(Thread.java:1474) ~[na:na]
Caused by: org.springframework.http.converter.HttpMessageNotReadableException: JSON parse error: Root name ('timestamp') does not match expected ('instance') for type `com.netflix.appinfo.InstanceInfo`
	at org.springframework.http.converter.json.AbstractJackson2HttpMessageConverter.readJavaType(AbstractJackson2HttpMessageConverter.java:408) ~[spring-web-7.0.8.jar:7.0.8]
	at org.springframework.http.converter.json.AbstractJackson2HttpMessageConverter.read(AbstractJackson2HttpMessageConverter.java:356) ~[spring-web-7.0.8.jar:7.0.8]
	at org.springframework.web.client.DefaultRestClient.readWithMessageConverters(DefaultRestClient.java:237) ~[spring-web-7.0.8.jar:7.0.8]
	... 26 common frames omitted
Caused by: com.fasterxml.jackson.databind.exc.MismatchedInputException: Root name ('timestamp') does not match expected ('instance') for type `com.netflix.appinfo.InstanceInfo`
 at [Source: REDACTED (`StreamReadFeature.INCLUDE_SOURCE_IN_LOCATION` disabled); line: 1, column: 2] (through reference chain: com.netflix.appinfo.InstanceInfo["timestamp"])
	at com.fasterxml.jackson.databind.exc.MismatchedInputException.from(MismatchedInputException.java:76) ~[jackson-databind-2.21.4.jar:2.21.4]
	at com.fasterxml.jackson.databind.DeserializationContext.reportPropertyInputMismatch(DeserializationContext.java:1849) ~[jackson-databind-2.21.4.jar:2.21.4]
	at com.fasterxml.jackson.databind.DeserializationContext.reportPropertyInputMismatch(DeserializationContext.java:1865) ~[jackson-databind-2.21.4.jar:2.21.4]
	at com.fasterxml.jackson.databind.deser.DefaultDeserializationContext._unwrapAndDeserialize(DefaultDeserializationContext.java:367) ~[jackson-databind-2.21.4.jar:2.21.4]
	at com.fasterxml.jackson.databind.deser.DefaultDeserializationContext.readRootValue(DefaultDeserializationContext.java:339) ~[jackson-databind-2.21.4.jar:2.21.4]
	at com.fasterxml.jackson.databind.ObjectReader._bindAndClose(ObjectReader.java:2148) ~[jackson-databind-2.21.4.jar:2.21.4]
	at com.fasterxml.jackson.databind.ObjectReader.readValue(ObjectReader.java:1504) ~[jackson-databind-2.21.4.jar:2.21.4]
	at org.springframework.http.converter.json.AbstractJackson2HttpMessageConverter.readJavaType(AbstractJackson2HttpMessageConverter.java:397) ~[spring-web-7.0.8.jar:7.0.8]
	... 28 common frames omitted

2026-07-24T13:50:48.432+05:30  WARN 17510 --- [UserModule] [DiscoveryClient-HeartbeatExecutor-%d] c.n.d.s.t.d.RetryableEurekaHttpClient    : Request execution failed with message: Error while extracting response for type [com.netflix.appinfo.InstanceInfo] and content type [application/json]
2026-07-24T13:50:48.432+05:30 ERROR 17510 --- [UserModule] [DiscoveryClient-HeartbeatExecutor-%d] com.netflix.discovery.DiscoveryClient    : DiscoveryClient_USERMODULE/null - was unable to send heartbeat!

com.netflix.discovery.shared.transport.TransportException: Cannot execute request on any known server
	at com.netflix.discovery.shared.transport.decorator.RetryableEurekaHttpClient.execute(RetryableEurekaHttpClient.java:112) ~[eureka-client-2.0.6.jar:2.0.6]
	at com.netflix.discovery.shared.transport.decorator.EurekaHttpClientDecorator.sendHeartBeat(EurekaHttpClientDecorator.java:89) ~[eureka-client-2.0.6.jar:2.0.6]
	at com.netflix.discovery.shared.transport.decorator.EurekaHttpClientDecorator$3.execute(EurekaHttpClientDecorator.java:92) ~[eureka-client-2.0.6.jar:2.0.6]
	at com.netflix.discovery.shared.transport.decorator.SessionedEurekaHttpClient.execute(SessionedEurekaHttpClient.java:76) ~[eureka-client-2.0.6.jar:2.0.6]
	at com.netflix.discovery.shared.transport.decorator.EurekaHttpClientDecorator.sendHeartBeat(EurekaHttpClientDecorator.java:89) ~[eureka-client-2.0.6.jar:2.0.6]
	at com.netflix.discovery.DiscoveryClient.renew(DiscoveryClient.java:860) ~[eureka-client-2.0.6.jar:2.0.6]
	at com.netflix.discovery.DiscoveryClient$HeartbeatThread.run(DiscoveryClient.java:1418) ~[eureka-client-2.0.6.jar:2.0.6]
	at java.base/java.util.concurrent.Executors$RunnableAdapter.call(Executors.java:545) ~[na:na]
	at java.base/java.util.concurrent.FutureTask.run(FutureTask.java:328) ~[na:na]
	at java.base/java.util.concurrent.ThreadPoolExecutor.runWorker(ThreadPoolExecutor.java:1090) ~[na:na]
	at java.base/java.util.concurrent.ThreadPoolExecutor$Worker.run(ThreadPoolExecutor.java:614) ~[na:na]
	at java.base/java.lang.Thread.run(Thread.java:1474) ~[na:na]

2026-07-24T13:50:53.447+05:30  INFO 17510 --- [UserModule] [DiscoveryClient-HeartbeatExecutor-%d] c.n.d.s.t.d.RedirectingEurekaHttpClient  : Request execution error. endpoint=DefaultEndpoint{ serviceUrl='http://localhost:8761/eureka/}, exception=Error while extracting response for type [com.netflix.appinfo.InstanceInfo] and content type [application/json]

org.springframework.web.client.RestClientException: Error while extracting response for type [com.netflix.appinfo.InstanceInfo] and content type [application/json]
	at org.springframework.web.client.DefaultRestClient.readWithMessageConverters(DefaultRestClient.java:274) ~[spring-web-7.0.8.jar:7.0.8]
	at org.springframework.web.client.DefaultRestClient$DefaultResponseSpec.readBody(DefaultRestClient.java:931) ~[spring-web-7.0.8.jar:7.0.8]
	at org.springframework.web.client.DefaultRestClient$DefaultResponseSpec.lambda$toEntityInternal$0(DefaultRestClient.java:871) ~[spring-web-7.0.8.jar:7.0.8]
	at org.springframework.web.client.DefaultRestClient$DefaultRequestBodyUriSpec.exchangeInternal(DefaultRestClient.java:617) ~[spring-web-7.0.8.jar:7.0.8]
	at org.springframework.web.client.DefaultRestClient$DefaultRequestBodyUriSpec.exchange(DefaultRestClient.java:572) ~[spring-web-7.0.8.jar:7.0.8]
	at org.springframework.web.client.RestClient$RequestHeadersSpec.exchange(RestClient.java:747) ~[spring-web-7.0.8.jar:7.0.8]
	at org.springframework.web.client.DefaultRestClient$DefaultResponseSpec.executeAndExtract(DefaultRestClient.java:924) ~[spring-web-7.0.8.jar:7.0.8]
	at org.springframework.web.client.DefaultRestClient$DefaultResponseSpec.toEntityInternal(DefaultRestClient.java:870) ~[spring-web-7.0.8.jar:7.0.8]
	at org.springframework.web.client.DefaultRestClient$DefaultResponseSpec.toEntity(DefaultRestClient.java:859) ~[spring-web-7.0.8.jar:7.0.8]
	at org.springframework.cloud.netflix.eureka.http.RestClientEurekaHttpClient.sendHeartBeat(RestClientEurekaHttpClient.java:91) ~[spring-cloud-netflix-eureka-client-5.0.2.jar:5.0.2]
	at com.netflix.discovery.shared.transport.decorator.EurekaHttpClientDecorator$3.execute(EurekaHttpClientDecorator.java:92) ~[eureka-client-2.0.6.jar:2.0.6]
	at com.netflix.discovery.shared.transport.decorator.RedirectingEurekaHttpClient.executeOnNewServer(RedirectingEurekaHttpClient.java:120) ~[eureka-client-2.0.6.jar:2.0.6]
	at com.netflix.discovery.shared.transport.decorator.RedirectingEurekaHttpClient.execute(RedirectingEurekaHttpClient.java:79) ~[eureka-client-2.0.6.jar:2.0.6]
	at com.netflix.discovery.shared.transport.decorator.EurekaHttpClientDecorator.sendHeartBeat(EurekaHttpClientDecorator.java:89) ~[eureka-client-2.0.6.jar:2.0.6]
	at com.netflix.discovery.shared.transport.decorator.EurekaHttpClientDecorator$3.execute(EurekaHttpClientDecorator.java:92) ~[eureka-client-2.0.6.jar:2.0.6]
	at com.netflix.discovery.shared.transport.decorator.RetryableEurekaHttpClient.execute(RetryableEurekaHttpClient.java:120) ~[eureka-client-2.0.6.jar:2.0.6]
	at com.netflix.discovery.shared.transport.decorator.EurekaHttpClientDecorator.sendHeartBeat(EurekaHttpClientDecorator.java:89) ~[eureka-client-2.0.6.jar:2.0.6]
	at com.netflix.discovery.shared.transport.decorator.EurekaHttpClientDecorator$3.execute(EurekaHttpClientDecorator.java:92) ~[eureka-client-2.0.6.jar:2.0.6]
	at com.netflix.discovery.shared.transport.decorator.SessionedEurekaHttpClient.execute(SessionedEurekaHttpClient.java:76) ~[eureka-client-2.0.6.jar:2.0.6]
	at com.netflix.discovery.shared.transport.decorator.EurekaHttpClientDecorator.sendHeartBeat(EurekaHttpClientDecorator.java:89) ~[eureka-client-2.0.6.jar:2.0.6]
	at com.netflix.discovery.DiscoveryClient.renew(DiscoveryClient.java:860) ~[eureka-client-2.0.6.jar:2.0.6]
	at com.netflix.discovery.DiscoveryClient$HeartbeatThread.run(DiscoveryClient.java:1418) ~[eureka-client-2.0.6.jar:2.0.6]
	at java.base/java.util.concurrent.Executors$RunnableAdapter.call(Executors.java:545) ~[na:na]
	at java.base/java.util.concurrent.FutureTask.run(FutureTask.java:328) ~[na:na]
	at java.base/java.util.concurrent.ThreadPoolExecutor.runWorker(ThreadPoolExecutor.java:1090) ~[na:na]
	at java.base/java.util.concurrent.ThreadPoolExecutor$Worker.run(ThreadPoolExecutor.java:614) ~[na:na]
	at java.base/java.lang.Thread.run(Thread.java:1474) ~[na:na]
Caused by: org.springframework.http.converter.HttpMessageNotReadableException: JSON parse error: Root name ('timestamp') does not match expected ('instance') for type `com.netflix.appinfo.InstanceInfo`
	at org.springframework.http.converter.json.AbstractJackson2HttpMessageConverter.readJavaType(AbstractJackson2HttpMessageConverter.java:408) ~[spring-web-7.0.8.jar:7.0.8]
	at org.springframework.http.converter.json.AbstractJackson2HttpMessageConverter.read(AbstractJackson2HttpMessageConverter.java:356) ~[spring-web-7.0.8.jar:7.0.8]
	at org.springframework.web.client.DefaultRestClient.readWithMessageConverters(DefaultRestClient.java:237) ~[spring-web-7.0.8.jar:7.0.8]
	... 26 common frames omitted
Caused by: com.fasterxml.jackson.databind.exc.MismatchedInputException: Root name ('timestamp') does not match expected ('instance') for type `com.netflix.appinfo.InstanceInfo`
 at [Source: REDACTED (`StreamReadFeature.INCLUDE_SOURCE_IN_LOCATION` disabled); line: 1, column: 2] (through reference chain: com.netflix.appinfo.InstanceInfo["timestamp"])
	at com.fasterxml.jackson.databind.exc.MismatchedInputException.from(MismatchedInputException.java:76) ~[jackson-databind-2.21.4.jar:2.21.4]
	at com.fasterxml.jackson.databind.DeserializationContext.reportPropertyInputMismatch(DeserializationContext.java:1849) ~[jackson-databind-2.21.4.jar:2.21.4]
	at com.fasterxml.jackson.databind.DeserializationContext.reportPropertyInputMismatch(DeserializationContext.java:1865) ~[jackson-databind-2.21.4.jar:2.21.4]
	at com.fasterxml.jackson.databind.deser.DefaultDeserializationContext._unwrapAndDeserialize(DefaultDeserializationContext.java:367) ~[jackson-databind-2.21.4.jar:2.21.4]
	at com.fasterxml.jackson.databind.deser.DefaultDeserializationContext.readRootValue(DefaultDeserializationContext.java:339) ~[jackson-databind-2.21.4.jar:2.21.4]
	at com.fasterxml.jackson.databind.ObjectReader._bindAndClose(ObjectReader.java:2148) ~[jackson-databind-2.21.4.jar:2.21.4]
	at com.fasterxml.jackson.databind.ObjectReader.readValue(ObjectReader.java:1504) ~[jackson-databind-2.21.4.jar:2.21.4]
	at org.springframework.http.converter.json.AbstractJackson2HttpMessageConverter.readJavaType(AbstractJackson2HttpMessageConverter.java:397) ~[spring-web-7.0.8.jar:7.0.8]
	... 28 common frames omitted

2026-07-24T13:50:53.447+05:30  WARN 17510 --- [UserModule] [DiscoveryClient-HeartbeatExecutor-%d] c.n.d.s.t.d.RetryableEurekaHttpClient    : Request execution failed with message: Error while extracting response for type [com.netflix.appinfo.InstanceInfo] and content type [application/json]
2026-07-24T13:50:53.447+05:30 ERROR 17510 --- [UserModule] [DiscoveryClient-HeartbeatExecutor-%d] com.netflix.discovery.DiscoveryClient    : DiscoveryClient_USERMODULE/null - was unable to send heartbeat!

com.netflix.discovery.shared.transport.TransportException: Cannot execute request on any known server
	at com.netflix.discovery.shared.transport.decorator.RetryableEurekaHttpClient.execute(RetryableEurekaHttpClient.java:112) ~[eureka-client-2.0.6.jar:2.0.6]
	at com.netflix.discovery.shared.transport.decorator.EurekaHttpClientDecorator.sendHeartBeat(EurekaHttpClientDecorator.java:89) ~[eureka-client-2.0.6.jar:2.0.6]
	at com.netflix.discovery.shared.transport.decorator.EurekaHttpClientDecorator$3.execute(EurekaHttpClientDecorator.java:92) ~[eureka-client-2.0.6.jar:2.0.6]
	at com.netflix.discovery.shared.transport.decorator.SessionedEurekaHttpClient.execute(SessionedEurekaHttpClient.java:76) ~[eureka-client-2.0.6.jar:2.0.6]
	at com.netflix.discovery.shared.transport.decorator.EurekaHttpClientDecorator.sendHeartBeat(EurekaHttpClientDecorator.java:89) ~[eureka-client-2.0.6.jar:2.0.6]
	at com.netflix.discovery.DiscoveryClient.renew(DiscoveryClient.java:860) ~[eureka-client-2.0.6.jar:2.0.6]
	at com.netflix.discovery.DiscoveryClient$HeartbeatThread.run(DiscoveryClient.java:1418) ~[eureka-client-2.0.6.jar:2.0.6]
	at java.base/java.util.concurrent.Executors$RunnableAdapter.call(Executors.java:545) ~[na:na]
	at java.base/java.util.concurrent.FutureTask.run(FutureTask.java:328) ~[na:na]
	at java.base/java.util.concurrent.ThreadPoolExecutor.runWorker(ThreadPoolExecutor.java:1090) ~[na:na]
	at java.base/java.util.concurrent.ThreadPoolExecutor$Worker.run(ThreadPoolExecutor.java:614) ~[na:na]
	at java.base/java.lang.Thread.run(Thread.java:1474) ~[na:na]

2026-07-24T13:50:58.464+05:30  INFO 17510 --- [UserModule] [DiscoveryClient-HeartbeatExecutor-%d] c.n.d.s.t.d.RedirectingEurekaHttpClient  : Request execution error. endpoint=DefaultEndpoint{ serviceUrl='http://localhost:8761/eureka/}, exception=Error while extracting response for type [com.netflix.appinfo.InstanceInfo] and content type [application/json]

org.springframework.web.client.RestClientException: Error while extracting response for type [com.netflix.appinfo.InstanceInfo] and content type [application/json]
	at org.springframework.web.client.DefaultRestClient.readWithMessageConverters(DefaultRestClient.java:274) ~[spring-web-7.0.8.jar:7.0.8]
	at org.springframework.web.client.DefaultRestClient$DefaultResponseSpec.readBody(DefaultRestClient.java:931) ~[spring-web-7.0.8.jar:7.0.8]
	at org.springframework.web.client.DefaultRestClient$DefaultResponseSpec.lambda$toEntityInternal$0(DefaultRestClient.java:871) ~[spring-web-7.0.8.jar:7.0.8]
	at org.springframework.web.client.DefaultRestClient$DefaultRequestBodyUriSpec.exchangeInternal(DefaultRestClient.java:617) ~[spring-web-7.0.8.jar:7.0.8]
	at org.springframework.web.client.DefaultRestClient$DefaultRequestBodyUriSpec.exchange(DefaultRestClient.java:572) ~[spring-web-7.0.8.jar:7.0.8]
	at org.springframework.web.client.RestClient$RequestHeadersSpec.exchange(RestClient.java:747) ~[spring-web-7.0.8.jar:7.0.8]
	at org.springframework.web.client.DefaultRestClient$DefaultResponseSpec.executeAndExtract(DefaultRestClient.java:924) ~[spring-web-7.0.8.jar:7.0.8]
	at org.springframework.web.client.DefaultRestClient$DefaultResponseSpec.toEntityInternal(DefaultRestClient.java:870) ~[spring-web-7.0.8.jar:7.0.8]
	at org.springframework.web.client.DefaultRestClient$DefaultResponseSpec.toEntity(DefaultRestClient.java:859) ~[spring-web-7.0.8.jar:7.0.8]
	at org.springframework.cloud.netflix.eureka.http.RestClientEurekaHttpClient.sendHeartBeat(RestClientEurekaHttpClient.java:91) ~[spring-cloud-netflix-eureka-client-5.0.2.jar:5.0.2]
	at com.netflix.discovery.shared.transport.decorator.EurekaHttpClientDecorator$3.execute(EurekaHttpClientDecorator.java:92) ~[eureka-client-2.0.6.jar:2.0.6]
	at com.netflix.discovery.shared.transport.decorator.RedirectingEurekaHttpClient.executeOnNewServer(RedirectingEurekaHttpClient.java:120) ~[eureka-client-2.0.6.jar:2.0.6]
	at com.netflix.discovery.shared.transport.decorator.RedirectingEurekaHttpClient.execute(RedirectingEurekaHttpClient.java:79) ~[eureka-client-2.0.6.jar:2.0.6]
	at com.netflix.discovery.shared.transport.decorator.EurekaHttpClientDecorator.sendHeartBeat(EurekaHttpClientDecorator.java:89) ~[eureka-client-2.0.6.jar:2.0.6]
	at com.netflix.discovery.shared.transport.decorator.EurekaHttpClientDecorator$3.execute(EurekaHttpClientDecorator.java:92) ~[eureka-client-2.0.6.jar:2.0.6]
	at com.netflix.discovery.shared.transport.decorator.RetryableEurekaHttpClient.execute(RetryableEurekaHttpClient.java:120) ~[eureka-client-2.0.6.jar:2.0.6]
	at com.netflix.discovery.shared.transport.decorator.EurekaHttpClientDecorator.sendHeartBeat(EurekaHttpClientDecorator.java:89) ~[eureka-client-2.0.6.jar:2.0.6]
	at com.netflix.discovery.shared.transport.decorator.EurekaHttpClientDecorator$3.execute(EurekaHttpClientDecorator.java:92) ~[eureka-client-2.0.6.jar:2.0.6]
	at com.netflix.discovery.shared.transport.decorator.SessionedEurekaHttpClient.execute(SessionedEurekaHttpClient.java:76) ~[eureka-client-2.0.6.jar:2.0.6]
	at com.netflix.discovery.shared.transport.decorator.EurekaHttpClientDecorator.sendHeartBeat(EurekaHttpClientDecorator.java:89) ~[eureka-client-2.0.6.jar:2.0.6]
	at com.netflix.discovery.DiscoveryClient.renew(DiscoveryClient.java:860) ~[eureka-client-2.0.6.jar:2.0.6]
	at com.netflix.discovery.DiscoveryClient$HeartbeatThread.run(DiscoveryClient.java:1418) ~[eureka-client-2.0.6.jar:2.0.6]
	at java.base/java.util.concurrent.Executors$RunnableAdapter.call(Executors.java:545) ~[na:na]
	at java.base/java.util.concurrent.FutureTask.run(FutureTask.java:328) ~[na:na]
	at java.base/java.util.concurrent.ThreadPoolExecutor.runWorker(ThreadPoolExecutor.java:1090) ~[na:na]
	at java.base/java.util.concurrent.ThreadPoolExecutor$Worker.run(ThreadPoolExecutor.java:614) ~[na:na]
	at java.base/java.lang.Thread.run(Thread.java:1474) ~[na:na]
Caused by: org.springframework.http.converter.HttpMessageNotReadableException: JSON parse error: Root name ('timestamp') does not match expected ('instance') for type `com.netflix.appinfo.InstanceInfo`
	at org.springframework.http.converter.json.AbstractJackson2HttpMessageConverter.readJavaType(AbstractJackson2HttpMessageConverter.java:408) ~[spring-web-7.0.8.jar:7.0.8]
	at org.springframework.http.converter.json.AbstractJackson2HttpMessageConverter.read(AbstractJackson2HttpMessageConverter.java:356) ~[spring-web-7.0.8.jar:7.0.8]
	at org.springframework.web.client.DefaultRestClient.readWithMessageConverters(DefaultRestClient.java:237) ~[spring-web-7.0.8.jar:7.0.8]
	... 26 common frames omitted
Caused by: com.fasterxml.jackson.databind.exc.MismatchedInputException: Root name ('timestamp') does not match expected ('instance') for type `com.netflix.appinfo.InstanceInfo`
 at [Source: REDACTED (`StreamReadFeature.INCLUDE_SOURCE_IN_LOCATION` disabled); line: 1, column: 2] (through reference chain: com.netflix.appinfo.InstanceInfo["timestamp"])
	at com.fasterxml.jackson.databind.exc.MismatchedInputException.from(MismatchedInputException.java:76) ~[jackson-databind-2.21.4.jar:2.21.4]
	at com.fasterxml.jackson.databind.DeserializationContext.reportPropertyInputMismatch(DeserializationContext.java:1849) ~[jackson-databind-2.21.4.jar:2.21.4]
	at com.fasterxml.jackson.databind.DeserializationContext.reportPropertyInputMismatch(DeserializationContext.java:1865) ~[jackson-databind-2.21.4.jar:2.21.4]
	at com.fasterxml.jackson.databind.deser.DefaultDeserializationContext._unwrapAndDeserialize(DefaultDeserializationContext.java:367) ~[jackson-databind-2.21.4.jar:2.21.4]
	at com.fasterxml.jackson.databind.deser.DefaultDeserializationContext.readRootValue(DefaultDeserializationContext.java:339) ~[jackson-databind-2.21.4.jar:2.21.4]
	at com.fasterxml.jackson.databind.ObjectReader._bindAndClose(ObjectReader.java:2148) ~[jackson-databind-2.21.4.jar:2.21.4]
	at com.fasterxml.jackson.databind.ObjectReader.readValue(ObjectReader.java:1504) ~[jackson-databind-2.21.4.jar:2.21.4]
	at org.springframework.http.converter.json.AbstractJackson2HttpMessageConverter.readJavaType(AbstractJackson2HttpMessageConverter.java:397) ~[spring-web-7.0.8.jar:7.0.8]
	... 28 common frames omitted

2026-07-24T13:50:58.465+05:30  WARN 17510 --- [UserModule] [DiscoveryClient-HeartbeatExecutor-%d] c.n.d.s.t.d.RetryableEurekaHttpClient    : Request execution failed with message: Error while extracting response for type [com.netflix.appinfo.InstanceInfo] and content type [application/json]
2026-07-24T13:50:58.465+05:30 ERROR 17510 --- [UserModule] [DiscoveryClient-HeartbeatExecutor-%d] com.netflix.discovery.DiscoveryClient    : DiscoveryClient_USERMODULE/null - was unable to send heartbeat!

com.netflix.discovery.shared.transport.TransportException: Cannot execute request on any known server
	at com.netflix.discovery.shared.transport.decorator.RetryableEurekaHttpClient.execute(RetryableEurekaHttpClient.java:112) ~[eureka-client-2.0.6.jar:2.0.6]
	at com.netflix.discovery.shared.transport.decorator.EurekaHttpClientDecorator.sendHeartBeat(EurekaHttpClientDecorator.java:89) ~[eureka-client-2.0.6.jar:2.0.6]
	at com.netflix.discovery.shared.transport.decorator.EurekaHttpClientDecorator$3.execute(EurekaHttpClientDecorator.java:92) ~[eureka-client-2.0.6.jar:2.0.6]
	at com.netflix.discovery.shared.transport.decorator.SessionedEurekaHttpClient.execute(SessionedEurekaHttpClient.java:76) ~[eureka-client-2.0.6.jar:2.0.6]
	at com.netflix.discovery.shared.transport.decorator.EurekaHttpClientDecorator.sendHeartBeat(EurekaHttpClientDecorator.java:89) ~[eureka-client-2.0.6.jar:2.0.6]
	at com.netflix.discovery.DiscoveryClient.renew(DiscoveryClient.java:860) ~[eureka-client-2.0.6.jar:2.0.6]
	at com.netflix.discovery.DiscoveryClient$HeartbeatThread.run(DiscoveryClient.java:1418) ~[eureka-client-2.0.6.jar:2.0.6]
	at java.base/java.util.concurrent.Executors$RunnableAdapter.call(Executors.java:545) ~[na:na]
	at java.base/java.util.concurrent.FutureTask.run(FutureTask.java:328) ~[na:na]
	at java.base/java.util.concurrent.ThreadPoolExecutor.runWorker(ThreadPoolExecutor.java:1090) ~[na:na]
	at java.base/java.util.concurrent.ThreadPoolExecutor$Worker.run(ThreadPoolExecutor.java:614) ~[na:na]
	at java.base/java.lang.Thread.run(Thread.java:1474) ~[na:na]

2026-07-24T13:51:03.482+05:30  INFO 17510 --- [UserModule] [DiscoveryClient-HeartbeatExecutor-%d] c.n.d.s.t.d.RedirectingEurekaHttpClient  : Request execution error. endpoint=DefaultEndpoint{ serviceUrl='http://localhost:8761/eureka/}, exception=Error while extracting response for type [com.netflix.appinfo.InstanceInfo] and content type [application/json]

org.springframework.web.client.RestClientException: Error while extracting response for type [com.netflix.appinfo.InstanceInfo] and content type [application/json]
	at org.springframework.web.client.DefaultRestClient.readWithMessageConverters(DefaultRestClient.java:274) ~[spring-web-7.0.8.jar:7.0.8]
	at org.springframework.web.client.DefaultRestClient$DefaultResponseSpec.readBody(DefaultRestClient.java:931) ~[spring-web-7.0.8.jar:7.0.8]
	at org.springframework.web.client.DefaultRestClient$DefaultResponseSpec.lambda$toEntityInternal$0(DefaultRestClient.java:871) ~[spring-web-7.0.8.jar:7.0.8]
	at org.springframework.web.client.DefaultRestClient$DefaultRequestBodyUriSpec.exchangeInternal(DefaultRestClient.java:617) ~[spring-web-7.0.8.jar:7.0.8]
	at org.springframework.web.client.DefaultRestClient$DefaultRequestBodyUriSpec.exchange(DefaultRestClient.java:572) ~[spring-web-7.0.8.jar:7.0.8]
	at org.springframework.web.client.RestClient$RequestHeadersSpec.exchange(RestClient.java:747) ~[spring-web-7.0.8.jar:7.0.8]
	at org.springframework.web.client.DefaultRestClient$DefaultResponseSpec.executeAndExtract(DefaultRestClient.java:924) ~[spring-web-7.0.8.jar:7.0.8]
	at org.springframework.web.client.DefaultRestClient$DefaultResponseSpec.toEntityInternal(DefaultRestClient.java:870) ~[spring-web-7.0.8.jar:7.0.8]
	at org.springframework.web.client.DefaultRestClient$DefaultResponseSpec.toEntity(DefaultRestClient.java:859) ~[spring-web-7.0.8.jar:7.0.8]
	at org.springframework.cloud.netflix.eureka.http.RestClientEurekaHttpClient.sendHeartBeat(RestClientEurekaHttpClient.java:91) ~[spring-cloud-netflix-eureka-client-5.0.2.jar:5.0.2]
	at com.netflix.discovery.shared.transport.decorator.EurekaHttpClientDecorator$3.execute(EurekaHttpClientDecorator.java:92) ~[eureka-client-2.0.6.jar:2.0.6]
	at com.netflix.discovery.shared.transport.decorator.RedirectingEurekaHttpClient.executeOnNewServer(RedirectingEurekaHttpClient.java:120) ~[eureka-client-2.0.6.jar:2.0.6]
	at com.netflix.discovery.shared.transport.decorator.RedirectingEurekaHttpClient.execute(RedirectingEurekaHttpClient.java:79) ~[eureka-client-2.0.6.jar:2.0.6]
	at com.netflix.discovery.shared.transport.decorator.EurekaHttpClientDecorator.sendHeartBeat(EurekaHttpClientDecorator.java:89) ~[eureka-client-2.0.6.jar:2.0.6]
	at com.netflix.discovery.shared.transport.decorator.EurekaHttpClientDecorator$3.execute(EurekaHttpClientDecorator.java:92) ~[eureka-client-2.0.6.jar:2.0.6]
	at com.netflix.discovery.shared.transport.decorator.RetryableEurekaHttpClient.execute(RetryableEurekaHttpClient.java:120) ~[eureka-client-2.0.6.jar:2.0.6]
	at com.netflix.discovery.shared.transport.decorator.EurekaHttpClientDecorator.sendHeartBeat(EurekaHttpClientDecorator.java:89) ~[eureka-client-2.0.6.jar:2.0.6]
	at com.netflix.discovery.shared.transport.decorator.EurekaHttpClientDecorator$3.execute(EurekaHttpClientDecorator.java:92) ~[eureka-client-2.0.6.jar:2.0.6]
	at com.netflix.discovery.shared.transport.decorator.SessionedEurekaHttpClient.execute(SessionedEurekaHttpClient.java:76) ~[eureka-client-2.0.6.jar:2.0.6]
	at com.netflix.discovery.shared.transport.decorator.EurekaHttpClientDecorator.sendHeartBeat(EurekaHttpClientDecorator.java:89) ~[eureka-client-2.0.6.jar:2.0.6]
	at com.netflix.discovery.DiscoveryClient.renew(DiscoveryClient.java:860) ~[eureka-client-2.0.6.jar:2.0.6]
	at com.netflix.discovery.DiscoveryClient$HeartbeatThread.run(DiscoveryClient.java:1418) ~[eureka-client-2.0.6.jar:2.0.6]
	at java.base/java.util.concurrent.Executors$RunnableAdapter.call(Executors.java:545) ~[na:na]
	at java.base/java.util.concurrent.FutureTask.run(FutureTask.java:328) ~[na:na]
	at java.base/java.util.concurrent.ThreadPoolExecutor.runWorker(ThreadPoolExecutor.java:1090) ~[na:na]
	at java.base/java.util.concurrent.ThreadPoolExecutor$Worker.run(ThreadPoolExecutor.java:614) ~[na:na]
	at java.base/java.lang.Thread.run(Thread.java:1474) ~[na:na]
Caused by: org.springframework.http.converter.HttpMessageNotReadableException: JSON parse error: Root name ('timestamp') does not match expected ('instance') for type `com.netflix.appinfo.InstanceInfo`
	at org.springframework.http.converter.json.AbstractJackson2HttpMessageConverter.readJavaType(AbstractJackson2HttpMessageConverter.java:408) ~[spring-web-7.0.8.jar:7.0.8]
	at org.springframework.http.converter.json.AbstractJackson2HttpMessageConverter.read(AbstractJackson2HttpMessageConverter.java:356) ~[spring-web-7.0.8.jar:7.0.8]
	at org.springframework.web.client.DefaultRestClient.readWithMessageConverters(DefaultRestClient.java:237) ~[spring-web-7.0.8.jar:7.0.8]
	... 26 common frames omitted
Caused by: com.fasterxml.jackson.databind.exc.MismatchedInputException: Root name ('timestamp') does not match expected ('instance') for type `com.netflix.appinfo.InstanceInfo`
 at [Source: REDACTED (`StreamReadFeature.INCLUDE_SOURCE_IN_LOCATION` disabled); line: 1, column: 2] (through reference chain: com.netflix.appinfo.InstanceInfo["timestamp"])
	at com.fasterxml.jackson.databind.exc.MismatchedInputException.from(MismatchedInputException.java:76) ~[jackson-databind-2.21.4.jar:2.21.4]
	at com.fasterxml.jackson.databind.DeserializationContext.reportPropertyInputMismatch(DeserializationContext.java:1849) ~[jackson-databind-2.21.4.jar:2.21.4]
	at com.fasterxml.jackson.databind.DeserializationContext.reportPropertyInputMismatch(DeserializationContext.java:1865) ~[jackson-databind-2.21.4.jar:2.21.4]
	at com.fasterxml.jackson.databind.deser.DefaultDeserializationContext._unwrapAndDeserialize(DefaultDeserializationContext.java:367) ~[jackson-databind-2.21.4.jar:2.21.4]
	at com.fasterxml.jackson.databind.deser.DefaultDeserializationContext.readRootValue(DefaultDeserializationContext.java:339) ~[jackson-databind-2.21.4.jar:2.21.4]
	at com.fasterxml.jackson.databind.ObjectReader._bindAndClose(ObjectReader.java:2148) ~[jackson-databind-2.21.4.jar:2.21.4]
	at com.fasterxml.jackson.databind.ObjectReader.readValue(ObjectReader.java:1504) ~[jackson-databind-2.21.4.jar:2.21.4]
	at org.springframework.http.converter.json.AbstractJackson2HttpMessageConverter.readJavaType(AbstractJackson2HttpMessageConverter.java:397) ~[spring-web-7.0.8.jar:7.0.8]
	... 28 common frames omitted

2026-07-24T13:51:03.483+05:30  WARN 17510 --- [UserModule] [DiscoveryClient-HeartbeatExecutor-%d] c.n.d.s.t.d.RetryableEurekaHttpClient    : Request execution failed with message: Error while extracting response for type [com.netflix.appinfo.InstanceInfo] and content type [application/json]
2026-07-24T13:51:03.483+05:30 ERROR 17510 --- [UserModule] [DiscoveryClient-HeartbeatExecutor-%d] com.netflix.discovery.DiscoveryClient    : DiscoveryClient_USERMODULE/null - was unable to send heartbeat!

com.netflix.discovery.shared.transport.TransportException: Cannot execute request on any known server
	at com.netflix.discovery.shared.transport.decorator.RetryableEurekaHttpClient.execute(RetryableEurekaHttpClient.java:112) ~[eureka-client-2.0.6.jar:2.0.6]
	at com.netflix.discovery.shared.transport.decorator.EurekaHttpClientDecorator.sendHeartBeat(EurekaHttpClientDecorator.java:89) ~[eureka-client-2.0.6.jar:2.0.6]
	at com.netflix.discovery.shared.transport.decorator.EurekaHttpClientDecorator$3.execute(EurekaHttpClientDecorator.java:92) ~[eureka-client-2.0.6.jar:2.0.6]
	at com.netflix.discovery.shared.transport.decorator.SessionedEurekaHttpClient.execute(SessionedEurekaHttpClient.java:76) ~[eureka-client-2.0.6.jar:2.0.6]
	at com.netflix.discovery.shared.transport.decorator.EurekaHttpClientDecorator.sendHeartBeat(EurekaHttpClientDecorator.java:89) ~[eureka-client-2.0.6.jar:2.0.6]
	at com.netflix.discovery.DiscoveryClient.renew(DiscoveryClient.java:860) ~[eureka-client-2.0.6.jar:2.0.6]
	at com.netflix.discovery.DiscoveryClient$HeartbeatThread.run(DiscoveryClient.java:1418) ~[eureka-client-2.0.6.jar:2.0.6]
	at java.base/java.util.concurrent.Executors$RunnableAdapter.call(Executors.java:545) ~[na:na]
	at java.base/java.util.concurrent.FutureTask.run(FutureTask.java:328) ~[na:na]
	at java.base/java.util.concurrent.ThreadPoolExecutor.runWorker(ThreadPoolExecutor.java:1090) ~[na:na]
	at java.base/java.util.concurrent.ThreadPoolExecutor$Worker.run(ThreadPoolExecutor.java:614) ~[na:na]
	at java.base/java.lang.Thread.run(Thread.java:1474) ~[na:na]

2026-07-24T13:51:03.993+05:30  INFO 17510 --- [UserModule] [SpringApplicationShutdownHook] o.s.c.n.e.s.EurekaServiceRegistry        : Unregistering application USERMODULE with eureka with status DOWN
2026-07-24T13:51:03.994+05:30  INFO 17510 --- [UserModule] [SpringApplicationShutdownHook] com.netflix.discovery.DiscoveryClient    : Saw local status change event StatusChangeEvent [timestamp=1784881263994, current=DOWN, previous=UP]
2026-07-24T13:51:03.995+05:30  INFO 17510 --- [UserModule] [DiscoveryClient-InstanceInfoReplicator-%d] com.netflix.discovery.DiscoveryClient    : DiscoveryClient_USERMODULE/null: registering service...
2026-07-24T13:51:03.999+05:30  INFO 17510 --- [UserModule] [SpringApplicationShutdownHook] o.s.boot.tomcat.GracefulShutdown         : Commencing graceful shutdown. Waiting for active requests to complete
2026-07-24T13:51:04.003+05:30  INFO 17510 --- [UserModule] [tomcat-shutdown] o.s.boot.tomcat.GracefulShutdown         : Graceful shutdown complete
2026-07-24T13:51:04.008+05:30  INFO 17510 --- [UserModule] [DiscoveryClient-InstanceInfoReplicator-%d] c.n.d.s.t.d.RedirectingEurekaHttpClient  : Request execution error. endpoint=DefaultEndpoint{ serviceUrl='http://localhost:8761/eureka/}, exception=I/O error on POST request for "http://localhost:8761/eureka/apps/USERMODULE": Connect to http://localhost:8761 failed: Connection refused

org.springframework.web.client.ResourceAccessException: I/O error on POST request for "http://localhost:8761/eureka/apps/USERMODULE": Connect to http://localhost:8761 failed: Connection refused
	at org.springframework.web.client.DefaultRestClient$DefaultRequestBodyUriSpec.createResourceAccessException(DefaultRestClient.java:779) ~[spring-web-7.0.8.jar:7.0.8]
	at org.springframework.web.client.DefaultRestClient$DefaultRequestBodyUriSpec.exchangeInternal(DefaultRestClient.java:624) ~[spring-web-7.0.8.jar:7.0.8]
	at org.springframework.web.client.DefaultRestClient$DefaultRequestBodyUriSpec.exchange(DefaultRestClient.java:572) ~[spring-web-7.0.8.jar:7.0.8]
	at org.springframework.web.client.RestClient$RequestHeadersSpec.exchange(RestClient.java:747) ~[spring-web-7.0.8.jar:7.0.8]
	at org.springframework.web.client.DefaultRestClient$DefaultResponseSpec.executeAndExtract(DefaultRestClient.java:924) ~[spring-web-7.0.8.jar:7.0.8]
	at org.springframework.web.client.DefaultRestClient$DefaultResponseSpec.toBodilessEntity(DefaultRestClient.java:888) ~[spring-web-7.0.8.jar:7.0.8]
	at org.springframework.cloud.netflix.eureka.http.RestClientEurekaHttpClient.register(RestClientEurekaHttpClient.java:64) ~[spring-cloud-netflix-eureka-client-5.0.2.jar:5.0.2]
	at com.netflix.discovery.shared.transport.decorator.EurekaHttpClientDecorator$1.execute(EurekaHttpClientDecorator.java:59) ~[eureka-client-2.0.6.jar:2.0.6]
	at com.netflix.discovery.shared.transport.decorator.RedirectingEurekaHttpClient.executeOnNewServer(RedirectingEurekaHttpClient.java:120) ~[eureka-client-2.0.6.jar:2.0.6]
	at com.netflix.discovery.shared.transport.decorator.RedirectingEurekaHttpClient.execute(RedirectingEurekaHttpClient.java:79) ~[eureka-client-2.0.6.jar:2.0.6]
	at com.netflix.discovery.shared.transport.decorator.EurekaHttpClientDecorator.register(EurekaHttpClientDecorator.java:56) ~[eureka-client-2.0.6.jar:2.0.6]
	at com.netflix.discovery.shared.transport.decorator.EurekaHttpClientDecorator$1.execute(EurekaHttpClientDecorator.java:59) ~[eureka-client-2.0.6.jar:2.0.6]
	at com.netflix.discovery.shared.transport.decorator.RetryableEurekaHttpClient.execute(RetryableEurekaHttpClient.java:120) ~[eureka-client-2.0.6.jar:2.0.6]
	at com.netflix.discovery.shared.transport.decorator.EurekaHttpClientDecorator.register(EurekaHttpClientDecorator.java:56) ~[eureka-client-2.0.6.jar:2.0.6]
	at com.netflix.discovery.shared.transport.decorator.EurekaHttpClientDecorator$1.execute(EurekaHttpClientDecorator.java:59) ~[eureka-client-2.0.6.jar:2.0.6]
	at com.netflix.discovery.shared.transport.decorator.SessionedEurekaHttpClient.execute(SessionedEurekaHttpClient.java:76) ~[eureka-client-2.0.6.jar:2.0.6]
	at com.netflix.discovery.shared.transport.decorator.EurekaHttpClientDecorator.register(EurekaHttpClientDecorator.java:56) ~[eureka-client-2.0.6.jar:2.0.6]
	at com.netflix.discovery.DiscoveryClient.register(DiscoveryClient.java:843) ~[eureka-client-2.0.6.jar:2.0.6]
	at com.netflix.discovery.InstanceInfoReplicator.run(InstanceInfoReplicator.java:125) ~[eureka-client-2.0.6.jar:2.0.6]
	at com.netflix.discovery.InstanceInfoReplicator$2.run(InstanceInfoReplicator.java:105) ~[eureka-client-2.0.6.jar:2.0.6]
	at java.base/java.util.concurrent.Executors$RunnableAdapter.call(Executors.java:545) ~[na:na]
	at java.base/java.util.concurrent.FutureTask.run(FutureTask.java:328) ~[na:na]
	at java.base/java.util.concurrent.ScheduledThreadPoolExecutor$ScheduledFutureTask.run(ScheduledThreadPoolExecutor.java:309) ~[na:na]
	at java.base/java.util.concurrent.ThreadPoolExecutor.runWorker(ThreadPoolExecutor.java:1090) ~[na:na]
	at java.base/java.util.concurrent.ThreadPoolExecutor$Worker.run(ThreadPoolExecutor.java:614) ~[na:na]
	at java.base/java.lang.Thread.run(Thread.java:1474) ~[na:na]
Caused by: org.apache.hc.client5.http.HttpHostConnectException: Connect to http://localhost:8761 failed: Connection refused
	at java.base/sun.nio.ch.Net.pollConnect(Native Method) ~[na:na]
	at java.base/sun.nio.ch.Net.pollConnectNow(Net.java:639) ~[na:na]
	at java.base/sun.nio.ch.NioSocketImpl.timedFinishConnect(NioSocketImpl.java:543) ~[na:na]
	at java.base/sun.nio.ch.NioSocketImpl.connect(NioSocketImpl.java:594) ~[na:na]
	at java.base/java.net.SocksSocketImpl.connect(SocksSocketImpl.java:284) ~[na:na]
	at java.base/java.net.Socket.connect(Socket.java:659) ~[na:na]
	at org.apache.hc.client5.http.impl.io.DefaultHttpClientConnectionOperator.connect(DefaultHttpClientConnectionOperator.java:219) ~[httpclient5-5.6.1.jar:5.6.1]
	at org.apache.hc.client5.http.impl.io.PoolingHttpClientConnectionManager.connect(PoolingHttpClientConnectionManager.java:547) ~[httpclient5-5.6.1.jar:5.6.1]
	at org.apache.hc.client5.http.impl.classic.InternalExecRuntime.connectEndpoint(InternalExecRuntime.java:164) ~[httpclient5-5.6.1.jar:5.6.1]
	at org.apache.hc.client5.http.impl.classic.InternalExecRuntime.connectEndpoint(InternalExecRuntime.java:174) ~[httpclient5-5.6.1.jar:5.6.1]
	at org.apache.hc.client5.http.impl.classic.ConnectExec.execute(ConnectExec.java:144) ~[httpclient5-5.6.1.jar:5.6.1]
	at org.apache.hc.client5.http.impl.classic.ExecChainElement.execute(ExecChainElement.java:51) ~[httpclient5-5.6.1.jar:5.6.1]
	at org.apache.hc.client5.http.impl.classic.ProtocolExec.execute(ProtocolExec.java:192) ~[httpclient5-5.6.1.jar:5.6.1]
	at org.apache.hc.client5.http.impl.classic.ExecChainElement.execute(ExecChainElement.java:51) ~[httpclient5-5.6.1.jar:5.6.1]
	at org.apache.hc.client5.http.impl.classic.ContentCompressionExec.execute(ContentCompressionExec.java:138) ~[httpclient5-5.6.1.jar:5.6.1]
	at org.apache.hc.client5.http.impl.classic.ExecChainElement.execute(ExecChainElement.java:51) ~[httpclient5-5.6.1.jar:5.6.1]
	at org.apache.hc.client5.http.impl.classic.HttpRequestRetryExec.execute(HttpRequestRetryExec.java:112) ~[httpclient5-5.6.1.jar:5.6.1]
	at org.apache.hc.client5.http.impl.classic.ExecChainElement.execute(ExecChainElement.java:51) ~[httpclient5-5.6.1.jar:5.6.1]
	at org.apache.hc.client5.http.impl.classic.RedirectExec.execute(RedirectExec.java:110) ~[httpclient5-5.6.1.jar:5.6.1]
	at org.apache.hc.client5.http.impl.classic.ExecChainElement.execute(ExecChainElement.java:51) ~[httpclient5-5.6.1.jar:5.6.1]
	at org.apache.hc.client5.http.impl.classic.InternalHttpClient.doExecute(InternalHttpClient.java:185) ~[httpclient5-5.6.1.jar:5.6.1]
	at org.apache.hc.client5.http.impl.classic.CloseableHttpClient.execute(CloseableHttpClient.java:87) ~[httpclient5-5.6.1.jar:5.6.1]
	at org.apache.hc.client5.http.impl.classic.CloseableHttpClient.execute(CloseableHttpClient.java:55) ~[httpclient5-5.6.1.jar:5.6.1]
	at org.apache.hc.client5.http.classic.HttpClient.executeOpen(HttpClient.java:183) ~[httpclient5-5.6.1.jar:5.6.1]
	at org.springframework.http.client.HttpComponentsClientHttpRequest.executeInternal(HttpComponentsClientHttpRequest.java:99) ~[spring-web-7.0.8.jar:7.0.8]
	at org.springframework.http.client.AbstractStreamingClientHttpRequest.executeInternal(AbstractStreamingClientHttpRequest.java:87) ~[spring-web-7.0.8.jar:7.0.8]
	at org.springframework.http.client.AbstractClientHttpRequest.execute(AbstractClientHttpRequest.java:80) ~[spring-web-7.0.8.jar:7.0.8]
	at org.springframework.http.client.AbstractBufferingClientHttpRequest.executeWithRequestAndBody(AbstractBufferingClientHttpRequest.java:89) ~[spring-web-7.0.8.jar:7.0.8]
	at org.springframework.http.client.InterceptingClientHttpRequest$EndOfChainRequestExecution.execute(InterceptingClientHttpRequest.java:102) ~[spring-web-7.0.8.jar:7.0.8]
	at org.springframework.cloud.netflix.eureka.http.RestClientTransportClientFactory.lambda$newClient$2(RestClientTransportClientFactory.java:98) ~[spring-cloud-netflix-eureka-client-5.0.2.jar:5.0.2]
	at org.springframework.http.client.ClientHttpRequestInterceptor.lambda$apply$0(ClientHttpRequestInterceptor.java:89) ~[spring-web-7.0.8.jar:7.0.8]
	at org.springframework.http.client.InterceptingClientHttpRequest.executeInternal(InterceptingClientHttpRequest.java:73) ~[spring-web-7.0.8.jar:7.0.8]
	at org.springframework.http.client.AbstractBufferingClientHttpRequest.executeInternal(AbstractBufferingClientHttpRequest.java:50) ~[spring-web-7.0.8.jar:7.0.8]
	at org.springframework.http.client.AbstractClientHttpRequest.execute(AbstractClientHttpRequest.java:80) ~[spring-web-7.0.8.jar:7.0.8]
	at org.springframework.web.client.DefaultRestClient$DefaultRequestBodyUriSpec.exchangeInternal(DefaultRestClient.java:614) ~[spring-web-7.0.8.jar:7.0.8]
	... 24 common frames omitted

2026-07-24T13:51:04.008+05:30  WARN 17510 --- [UserModule] [DiscoveryClient-InstanceInfoReplicator-%d] c.n.d.s.t.d.RetryableEurekaHttpClient    : Request execution failed with message: I/O error on POST request for "http://localhost:8761/eureka/apps/USERMODULE": Connect to http://localhost:8761 failed: Connection refused
2026-07-24T13:51:04.008+05:30  WARN 17510 --- [UserModule] [DiscoveryClient-InstanceInfoReplicator-%d] com.netflix.discovery.DiscoveryClient    : DiscoveryClient_USERMODULE/null - registration failed Cannot execute request on any known server

com.netflix.discovery.shared.transport.TransportException: Cannot execute request on any known server
	at com.netflix.discovery.shared.transport.decorator.RetryableEurekaHttpClient.execute(RetryableEurekaHttpClient.java:112) ~[eureka-client-2.0.6.jar:2.0.6]
	at com.netflix.discovery.shared.transport.decorator.EurekaHttpClientDecorator.register(EurekaHttpClientDecorator.java:56) ~[eureka-client-2.0.6.jar:2.0.6]
	at com.netflix.discovery.shared.transport.decorator.EurekaHttpClientDecorator$1.execute(EurekaHttpClientDecorator.java:59) ~[eureka-client-2.0.6.jar:2.0.6]
	at com.netflix.discovery.shared.transport.decorator.SessionedEurekaHttpClient.execute(SessionedEurekaHttpClient.java:76) ~[eureka-client-2.0.6.jar:2.0.6]
	at com.netflix.discovery.shared.transport.decorator.EurekaHttpClientDecorator.register(EurekaHttpClientDecorator.java:56) ~[eureka-client-2.0.6.jar:2.0.6]
	at com.netflix.discovery.DiscoveryClient.register(DiscoveryClient.java:843) ~[eureka-client-2.0.6.jar:2.0.6]
	at com.netflix.discovery.InstanceInfoReplicator.run(InstanceInfoReplicator.java:125) ~[eureka-client-2.0.6.jar:2.0.6]
	at com.netflix.discovery.InstanceInfoReplicator$2.run(InstanceInfoReplicator.java:105) ~[eureka-client-2.0.6.jar:2.0.6]
	at java.base/java.util.concurrent.Executors$RunnableAdapter.call(Executors.java:545) ~[na:na]
	at java.base/java.util.concurrent.FutureTask.run(FutureTask.java:328) ~[na:na]
	at java.base/java.util.concurrent.ScheduledThreadPoolExecutor$ScheduledFutureTask.run(ScheduledThreadPoolExecutor.java:309) ~[na:na]
	at java.base/java.util.concurrent.ThreadPoolExecutor.runWorker(ThreadPoolExecutor.java:1090) ~[na:na]
	at java.base/java.util.concurrent.ThreadPoolExecutor$Worker.run(ThreadPoolExecutor.java:614) ~[na:na]
	at java.base/java.lang.Thread.run(Thread.java:1474) ~[na:na]

2026-07-24T13:51:04.009+05:30  WARN 17510 --- [UserModule] [DiscoveryClient-InstanceInfoReplicator-%d] c.n.discovery.InstanceInfoReplicator     : There was a problem with the instance info replicator

com.netflix.discovery.shared.transport.TransportException: Cannot execute request on any known server
	at com.netflix.discovery.shared.transport.decorator.RetryableEurekaHttpClient.execute(RetryableEurekaHttpClient.java:112) ~[eureka-client-2.0.6.jar:2.0.6]
	at com.netflix.discovery.shared.transport.decorator.EurekaHttpClientDecorator.register(EurekaHttpClientDecorator.java:56) ~[eureka-client-2.0.6.jar:2.0.6]
	at com.netflix.discovery.shared.transport.decorator.EurekaHttpClientDecorator$1.execute(EurekaHttpClientDecorator.java:59) ~[eureka-client-2.0.6.jar:2.0.6]
	at com.netflix.discovery.shared.transport.decorator.SessionedEurekaHttpClient.execute(SessionedEurekaHttpClient.java:76) ~[eureka-client-2.0.6.jar:2.0.6]
	at com.netflix.discovery.shared.transport.decorator.EurekaHttpClientDecorator.register(EurekaHttpClientDecorator.java:56) ~[eureka-client-2.0.6.jar:2.0.6]
	at com.netflix.discovery.DiscoveryClient.register(DiscoveryClient.java:843) ~[eureka-client-2.0.6.jar:2.0.6]
	at com.netflix.discovery.InstanceInfoReplicator.run(InstanceInfoReplicator.java:125) ~[eureka-client-2.0.6.jar:2.0.6]
	at com.netflix.discovery.InstanceInfoReplicator$2.run(InstanceInfoReplicator.java:105) ~[eureka-client-2.0.6.jar:2.0.6]
	at java.base/java.util.concurrent.Executors$RunnableAdapter.call(Executors.java:545) ~[na:na]
	at java.base/java.util.concurrent.FutureTask.run(FutureTask.java:328) ~[na:na]
	at java.base/java.util.concurrent.ScheduledThreadPoolExecutor$ScheduledFutureTask.run(ScheduledThreadPoolExecutor.java:309) ~[na:na]
	at java.base/java.util.concurrent.ThreadPoolExecutor.runWorker(ThreadPoolExecutor.java:1090) ~[na:na]
	at java.base/java.util.concurrent.ThreadPoolExecutor$Worker.run(ThreadPoolExecutor.java:614) ~[na:na]
	at java.base/java.lang.Thread.run(Thread.java:1474) ~[na:na]

2026-07-24T13:51:04.013+05:30  INFO 17510 --- [UserModule] [SpringApplicationShutdownHook] o.s.a.r.l.SimpleMessageListenerContainer : Waiting for workers to finish.
2026-07-24T13:51:04.975+05:30  INFO 17510 --- [UserModule] [SpringApplicationShutdownHook] o.s.a.r.l.SimpleMessageListenerContainer : Successfully waited for workers to finish.
2026-07-24T13:51:04.976+05:30  INFO 17510 --- [UserModule] [SpringApplicationShutdownHook] o.s.i.a.i.AmqpInboundChannelAdapter      : stopped bean 'inbound.springCloudBus.anonymous.MZ25pErvQXy_ipgNvRUQew'
2026-07-24T13:51:04.981+05:30  INFO 17510 --- [UserModule] [SpringApplicationShutdownHook] o.s.c.stream.binder.BinderErrorChannel   : Channel 'UserModule.rabbit-1014923261.springCloudBusInput.errors' has 1 subscriber(s).
2026-07-24T13:51:04.984+05:30  INFO 17510 --- [UserModule] [SpringApplicationShutdownHook] o.s.c.stream.binder.BinderErrorChannel   : Channel 'UserModule.rabbit-1014923261.springCloudBusInput.errors' has 0 subscriber(s).
2026-07-24T13:51:05.019+05:30  INFO 17510 --- [UserModule] [SpringApplicationShutdownHook] o.s.i.endpoint.EventDrivenConsumer       : Removing {logging-channel-adapter:_org.springframework.integration.errorLogger} as a subscriber to the 'errorChannel' channel
2026-07-24T13:51:05.019+05:30  INFO 17510 --- [UserModule] [SpringApplicationShutdownHook] o.s.i.channel.PublishSubscribeChannel    : Channel 'UserModule.errorChannel' has 0 subscriber(s).
2026-07-24T13:51:05.019+05:30  INFO 17510 --- [UserModule] [SpringApplicationShutdownHook] o.s.i.endpoint.EventDrivenConsumer       : stopped bean '_org.springframework.integration.errorLogger'
2026-07-24T13:51:05.035+05:30  INFO 17510 --- [UserModule] [SpringApplicationShutdownHook] com.netflix.discovery.DiscoveryClient    : Shutting down DiscoveryClient ...
2026-07-24T13:51:08.035+05:30  INFO 17510 --- [UserModule] [SpringApplicationShutdownHook] com.netflix.discovery.DiscoveryClient    : Unregistering ...
2026-07-24T13:51:08.039+05:30  INFO 17510 --- [UserModule] [SpringApplicationShutdownHook] c.n.d.s.t.d.RedirectingEurekaHttpClient  : Request execution error. endpoint=DefaultEndpoint{ serviceUrl='http://localhost:8761/eureka/}, exception=I/O error on DELETE request for "http://localhost:8761/eureka/apps/USERMODULE": Connect to http://localhost:8761 failed: Connection refused

org.springframework.web.client.ResourceAccessException: I/O error on DELETE request for "http://localhost:8761/eureka/apps/USERMODULE": Connect to http://localhost:8761 failed: Connection refused
	at org.springframework.web.client.DefaultRestClient$DefaultRequestBodyUriSpec.createResourceAccessException(DefaultRestClient.java:779) ~[spring-web-7.0.8.jar:7.0.8]
	at org.springframework.web.client.DefaultRestClient$DefaultRequestBodyUriSpec.exchangeInternal(DefaultRestClient.java:624) ~[spring-web-7.0.8.jar:7.0.8]
	at org.springframework.web.client.DefaultRestClient$DefaultRequestBodyUriSpec.exchange(DefaultRestClient.java:572) ~[spring-web-7.0.8.jar:7.0.8]
	at org.springframework.web.client.RestClient$RequestHeadersSpec.exchange(RestClient.java:747) ~[spring-web-7.0.8.jar:7.0.8]
	at org.springframework.web.client.DefaultRestClient$DefaultResponseSpec.executeAndExtract(DefaultRestClient.java:924) ~[spring-web-7.0.8.jar:7.0.8]
	at org.springframework.web.client.DefaultRestClient$DefaultResponseSpec.toBodilessEntity(DefaultRestClient.java:888) ~[spring-web-7.0.8.jar:7.0.8]
	at org.springframework.cloud.netflix.eureka.http.RestClientEurekaHttpClient.cancel(RestClientEurekaHttpClient.java:73) ~[spring-cloud-netflix-eureka-client-5.0.2.jar:5.0.2]
	at com.netflix.discovery.shared.transport.decorator.EurekaHttpClientDecorator$2.execute(EurekaHttpClientDecorator.java:74) ~[eureka-client-2.0.6.jar:2.0.6]
	at com.netflix.discovery.shared.transport.decorator.RedirectingEurekaHttpClient.executeOnNewServer(RedirectingEurekaHttpClient.java:120) ~[eureka-client-2.0.6.jar:2.0.6]
	at com.netflix.discovery.shared.transport.decorator.RedirectingEurekaHttpClient.execute(RedirectingEurekaHttpClient.java:79) ~[eureka-client-2.0.6.jar:2.0.6]
	at com.netflix.discovery.shared.transport.decorator.EurekaHttpClientDecorator.cancel(EurekaHttpClientDecorator.java:71) ~[eureka-client-2.0.6.jar:2.0.6]
	at com.netflix.discovery.shared.transport.decorator.EurekaHttpClientDecorator$2.execute(EurekaHttpClientDecorator.java:74) ~[eureka-client-2.0.6.jar:2.0.6]
	at com.netflix.discovery.shared.transport.decorator.RetryableEurekaHttpClient.execute(RetryableEurekaHttpClient.java:120) ~[eureka-client-2.0.6.jar:2.0.6]
	at com.netflix.discovery.shared.transport.decorator.EurekaHttpClientDecorator.cancel(EurekaHttpClientDecorator.java:71) ~[eureka-client-2.0.6.jar:2.0.6]
	at com.netflix.discovery.shared.transport.decorator.EurekaHttpClientDecorator$2.execute(EurekaHttpClientDecorator.java:74) ~[eureka-client-2.0.6.jar:2.0.6]
	at com.netflix.discovery.shared.transport.decorator.SessionedEurekaHttpClient.execute(SessionedEurekaHttpClient.java:76) ~[eureka-client-2.0.6.jar:2.0.6]
	at com.netflix.discovery.shared.transport.decorator.EurekaHttpClientDecorator.cancel(EurekaHttpClientDecorator.java:71) ~[eureka-client-2.0.6.jar:2.0.6]
	at com.netflix.discovery.DiscoveryClient.unregister(DiscoveryClient.java:934) ~[eureka-client-2.0.6.jar:2.0.6]
	at com.netflix.discovery.DiscoveryClient.shutdown(DiscoveryClient.java:915) ~[eureka-client-2.0.6.jar:2.0.6]
	at java.base/jdk.internal.reflect.DirectMethodHandleAccessor.invoke(DirectMethodHandleAccessor.java:104) ~[na:na]
	at java.base/java.lang.reflect.Method.invoke(Method.java:565) ~[na:na]
	at org.springframework.beans.factory.annotation.InitDestroyAnnotationBeanPostProcessor$LifecycleMethod.invoke(InitDestroyAnnotationBeanPostProcessor.java:453) ~[spring-beans-7.0.8.jar:7.0.8]
	at org.springframework.beans.factory.annotation.InitDestroyAnnotationBeanPostProcessor$LifecycleMetadata.invokeDestroyMethods(InitDestroyAnnotationBeanPostProcessor.java:411) ~[spring-beans-7.0.8.jar:7.0.8]
	at org.springframework.beans.factory.annotation.InitDestroyAnnotationBeanPostProcessor.postProcessBeforeDestruction(InitDestroyAnnotationBeanPostProcessor.java:237) ~[spring-beans-7.0.8.jar:7.0.8]
	at org.springframework.beans.factory.support.DisposableBeanAdapter.destroy(DisposableBeanAdapter.java:200) ~[spring-beans-7.0.8.jar:7.0.8]
	at org.springframework.beans.factory.support.DisposableBeanAdapter.run(DisposableBeanAdapter.java:193) ~[spring-beans-7.0.8.jar:7.0.8]
	at org.springframework.cloud.context.scope.GenericScope$BeanLifecycleWrapper.destroy(GenericScope.java:387) ~[spring-cloud-context-5.0.2.jar:5.0.2]
	at org.springframework.cloud.context.scope.GenericScope.destroy(GenericScope.java:134) ~[spring-cloud-context-5.0.2.jar:5.0.2]
	at org.springframework.beans.factory.support.DisposableBeanAdapter.destroy(DisposableBeanAdapter.java:209) ~[spring-beans-7.0.8.jar:7.0.8]
	at org.springframework.beans.factory.support.DefaultSingletonBeanRegistry.destroyBean(DefaultSingletonBeanRegistry.java:795) ~[spring-beans-7.0.8.jar:7.0.8]
	at org.springframework.beans.factory.support.DefaultSingletonBeanRegistry.destroySingleton(DefaultSingletonBeanRegistry.java:745) ~[spring-beans-7.0.8.jar:7.0.8]
	at org.springframework.beans.factory.support.DefaultListableBeanFactory.destroySingleton(DefaultListableBeanFactory.java:1507) ~[spring-beans-7.0.8.jar:7.0.8]
	at org.springframework.beans.factory.support.DefaultSingletonBeanRegistry.destroySingletons(DefaultSingletonBeanRegistry.java:704) ~[spring-beans-7.0.8.jar:7.0.8]
	at org.springframework.beans.factory.support.DefaultListableBeanFactory.destroySingletons(DefaultListableBeanFactory.java:1500) ~[spring-beans-7.0.8.jar:7.0.8]
	at org.springframework.context.support.AbstractApplicationContext.destroyBeans(AbstractApplicationContext.java:1246) ~[spring-context-7.0.8.jar:7.0.8]
	at org.springframework.context.support.AbstractApplicationContext.doClose(AbstractApplicationContext.java:1207) ~[spring-context-7.0.8.jar:7.0.8]
	at org.springframework.boot.web.server.servlet.context.ServletWebServerApplicationContext.doClose(ServletWebServerApplicationContext.java:176) ~[spring-boot-web-server-4.1.0.jar:4.1.0]
	at org.springframework.context.support.AbstractApplicationContext.close(AbstractApplicationContext.java:1153) ~[spring-context-7.0.8.jar:7.0.8]
	at org.springframework.boot.SpringApplicationShutdownHook.closeAndWait(SpringApplicationShutdownHook.java:147) ~[spring-boot-4.1.0.jar:4.1.0]
	at java.base/java.lang.Iterable.forEach(Iterable.java:75) ~[na:na]
	at org.springframework.boot.SpringApplicationShutdownHook.run(SpringApplicationShutdownHook.java:116) ~[spring-boot-4.1.0.jar:4.1.0]
	at java.base/java.lang.Thread.run(Thread.java:1474) ~[na:na]
Caused by: org.apache.hc.client5.http.HttpHostConnectException: Connect to http://localhost:8761 failed: Connection refused
	at java.base/sun.nio.ch.Net.pollConnect(Native Method) ~[na:na]
	at java.base/sun.nio.ch.Net.pollConnectNow(Net.java:639) ~[na:na]
	at java.base/sun.nio.ch.NioSocketImpl.timedFinishConnect(NioSocketImpl.java:543) ~[na:na]
	at java.base/sun.nio.ch.NioSocketImpl.connect(NioSocketImpl.java:594) ~[na:na]
	at java.base/java.net.SocksSocketImpl.connect(SocksSocketImpl.java:284) ~[na:na]
	at java.base/java.net.Socket.connect(Socket.java:659) ~[na:na]
	at org.apache.hc.client5.http.impl.io.DefaultHttpClientConnectionOperator.connect(DefaultHttpClientConnectionOperator.java:219) ~[httpclient5-5.6.1.jar:5.6.1]
	at org.apache.hc.client5.http.impl.io.PoolingHttpClientConnectionManager.connect(PoolingHttpClientConnectionManager.java:547) ~[httpclient5-5.6.1.jar:5.6.1]
	at org.apache.hc.client5.http.impl.classic.InternalExecRuntime.connectEndpoint(InternalExecRuntime.java:164) ~[httpclient5-5.6.1.jar:5.6.1]
	at org.apache.hc.client5.http.impl.classic.InternalExecRuntime.connectEndpoint(InternalExecRuntime.java:174) ~[httpclient5-5.6.1.jar:5.6.1]
	at org.apache.hc.client5.http.impl.classic.ConnectExec.execute(ConnectExec.java:144) ~[httpclient5-5.6.1.jar:5.6.1]
	at org.apache.hc.client5.http.impl.classic.ExecChainElement.execute(ExecChainElement.java:51) ~[httpclient5-5.6.1.jar:5.6.1]
	at org.apache.hc.client5.http.impl.classic.ProtocolExec.execute(ProtocolExec.java:192) ~[httpclient5-5.6.1.jar:5.6.1]
	at org.apache.hc.client5.http.impl.classic.ExecChainElement.execute(ExecChainElement.java:51) ~[httpclient5-5.6.1.jar:5.6.1]
	at org.apache.hc.client5.http.impl.classic.ContentCompressionExec.execute(ContentCompressionExec.java:138) ~[httpclient5-5.6.1.jar:5.6.1]
	at org.apache.hc.client5.http.impl.classic.ExecChainElement.execute(ExecChainElement.java:51) ~[httpclient5-5.6.1.jar:5.6.1]
	at org.apache.hc.client5.http.impl.classic.HttpRequestRetryExec.execute(HttpRequestRetryExec.java:112) ~[httpclient5-5.6.1.jar:5.6.1]
	at org.apache.hc.client5.http.impl.classic.ExecChainElement.execute(ExecChainElement.java:51) ~[httpclient5-5.6.1.jar:5.6.1]
	at org.apache.hc.client5.http.impl.classic.RedirectExec.execute(RedirectExec.java:110) ~[httpclient5-5.6.1.jar:5.6.1]
	at org.apache.hc.client5.http.impl.classic.ExecChainElement.execute(ExecChainElement.java:51) ~[httpclient5-5.6.1.jar:5.6.1]
	at org.apache.hc.client5.http.impl.classic.InternalHttpClient.doExecute(InternalHttpClient.java:185) ~[httpclient5-5.6.1.jar:5.6.1]
	at org.apache.hc.client5.http.impl.classic.CloseableHttpClient.execute(CloseableHttpClient.java:87) ~[httpclient5-5.6.1.jar:5.6.1]
	at org.apache.hc.client5.http.impl.classic.CloseableHttpClient.execute(CloseableHttpClient.java:55) ~[httpclient5-5.6.1.jar:5.6.1]
	at org.apache.hc.client5.http.classic.HttpClient.executeOpen(HttpClient.java:183) ~[httpclient5-5.6.1.jar:5.6.1]
	at org.springframework.http.client.HttpComponentsClientHttpRequest.executeInternal(HttpComponentsClientHttpRequest.java:99) ~[spring-web-7.0.8.jar:7.0.8]
	at org.springframework.http.client.AbstractStreamingClientHttpRequest.executeInternal(AbstractStreamingClientHttpRequest.java:87) ~[spring-web-7.0.8.jar:7.0.8]
	at org.springframework.http.client.AbstractClientHttpRequest.execute(AbstractClientHttpRequest.java:80) ~[spring-web-7.0.8.jar:7.0.8]
	at org.springframework.http.client.AbstractBufferingClientHttpRequest.executeWithRequestAndBody(AbstractBufferingClientHttpRequest.java:89) ~[spring-web-7.0.8.jar:7.0.8]
	at org.springframework.http.client.InterceptingClientHttpRequest$EndOfChainRequestExecution.execute(InterceptingClientHttpRequest.java:102) ~[spring-web-7.0.8.jar:7.0.8]
	at org.springframework.cloud.netflix.eureka.http.RestClientTransportClientFactory.lambda$newClient$2(RestClientTransportClientFactory.java:98) ~[spring-cloud-netflix-eureka-client-5.0.2.jar:5.0.2]
	at org.springframework.http.client.ClientHttpRequestInterceptor.lambda$apply$0(ClientHttpRequestInterceptor.java:89) ~[spring-web-7.0.8.jar:7.0.8]
	at org.springframework.http.client.InterceptingClientHttpRequest.executeInternal(InterceptingClientHttpRequest.java:73) ~[spring-web-7.0.8.jar:7.0.8]
	at org.springframework.http.client.AbstractBufferingClientHttpRequest.executeInternal(AbstractBufferingClientHttpRequest.java:50) ~[spring-web-7.0.8.jar:7.0.8]
	at org.springframework.http.client.AbstractClientHttpRequest.execute(AbstractClientHttpRequest.java:80) ~[spring-web-7.0.8.jar:7.0.8]
	at org.springframework.web.client.DefaultRestClient$DefaultRequestBodyUriSpec.exchangeInternal(DefaultRestClient.java:614) ~[spring-web-7.0.8.jar:7.0.8]
	... 40 common frames omitted

2026-07-24T13:51:08.040+05:30  WARN 17510 --- [UserModule] [SpringApplicationShutdownHook] c.n.d.s.t.d.RetryableEurekaHttpClient    : Request execution failed with message: I/O error on DELETE request for "http://localhost:8761/eureka/apps/USERMODULE": Connect to http://localhost:8761 failed: Connection refused
2026-07-24T13:51:08.040+05:30 ERROR 17510 --- [UserModule] [SpringApplicationShutdownHook] com.netflix.discovery.DiscoveryClient    : DiscoveryClient_USERMODULE/null - de-registration failedCannot execute request on any known server

com.netflix.discovery.shared.transport.TransportException: Cannot execute request on any known server
	at com.netflix.discovery.shared.transport.decorator.RetryableEurekaHttpClient.execute(RetryableEurekaHttpClient.java:112) ~[eureka-client-2.0.6.jar:2.0.6]
	at com.netflix.discovery.shared.transport.decorator.EurekaHttpClientDecorator.cancel(EurekaHttpClientDecorator.java:71) ~[eureka-client-2.0.6.jar:2.0.6]
	at com.netflix.discovery.shared.transport.decorator.EurekaHttpClientDecorator$2.execute(EurekaHttpClientDecorator.java:74) ~[eureka-client-2.0.6.jar:2.0.6]
	at com.netflix.discovery.shared.transport.decorator.SessionedEurekaHttpClient.execute(SessionedEurekaHttpClient.java:76) ~[eureka-client-2.0.6.jar:2.0.6]
	at com.netflix.discovery.shared.transport.decorator.EurekaHttpClientDecorator.cancel(EurekaHttpClientDecorator.java:71) ~[eureka-client-2.0.6.jar:2.0.6]
	at com.netflix.discovery.DiscoveryClient.unregister(DiscoveryClient.java:934) ~[eureka-client-2.0.6.jar:2.0.6]
	at com.netflix.discovery.DiscoveryClient.shutdown(DiscoveryClient.java:915) ~[eureka-client-2.0.6.jar:2.0.6]
	at java.base/jdk.internal.reflect.DirectMethodHandleAccessor.invoke(DirectMethodHandleAccessor.java:104) ~[na:na]
	at java.base/java.lang.reflect.Method.invoke(Method.java:565) ~[na:na]
	at org.springframework.beans.factory.annotation.InitDestroyAnnotationBeanPostProcessor$LifecycleMethod.invoke(InitDestroyAnnotationBeanPostProcessor.java:453) ~[spring-beans-7.0.8.jar:7.0.8]
	at org.springframework.beans.factory.annotation.InitDestroyAnnotationBeanPostProcessor$LifecycleMetadata.invokeDestroyMethods(InitDestroyAnnotationBeanPostProcessor.java:411) ~[spring-beans-7.0.8.jar:7.0.8]
	at org.springframework.beans.factory.annotation.InitDestroyAnnotationBeanPostProcessor.postProcessBeforeDestruction(InitDestroyAnnotationBeanPostProcessor.java:237) ~[spring-beans-7.0.8.jar:7.0.8]
	at org.springframework.beans.factory.support.DisposableBeanAdapter.destroy(DisposableBeanAdapter.java:200) ~[spring-beans-7.0.8.jar:7.0.8]
	at org.springframework.beans.factory.support.DisposableBeanAdapter.run(DisposableBeanAdapter.java:193) ~[spring-beans-7.0.8.jar:7.0.8]
	at org.springframework.cloud.context.scope.GenericScope$BeanLifecycleWrapper.destroy(GenericScope.java:387) ~[spring-cloud-context-5.0.2.jar:5.0.2]
	at org.springframework.cloud.context.scope.GenericScope.destroy(GenericScope.java:134) ~[spring-cloud-context-5.0.2.jar:5.0.2]
	at org.springframework.beans.factory.support.DisposableBeanAdapter.destroy(DisposableBeanAdapter.java:209) ~[spring-beans-7.0.8.jar:7.0.8]
	at org.springframework.beans.factory.support.DefaultSingletonBeanRegistry.destroyBean(DefaultSingletonBeanRegistry.java:795) ~[spring-beans-7.0.8.jar:7.0.8]
	at org.springframework.beans.factory.support.DefaultSingletonBeanRegistry.destroySingleton(DefaultSingletonBeanRegistry.java:745) ~[spring-beans-7.0.8.jar:7.0.8]
	at org.springframework.beans.factory.support.DefaultListableBeanFactory.destroySingleton(DefaultListableBeanFactory.java:1507) ~[spring-beans-7.0.8.jar:7.0.8]
	at org.springframework.beans.factory.support.DefaultSingletonBeanRegistry.destroySingletons(DefaultSingletonBeanRegistry.java:704) ~[spring-beans-7.0.8.jar:7.0.8]
	at org.springframework.beans.factory.support.DefaultListableBeanFactory.destroySingletons(DefaultListableBeanFactory.java:1500) ~[spring-beans-7.0.8.jar:7.0.8]
	at org.springframework.context.support.AbstractApplicationContext.destroyBeans(AbstractApplicationContext.java:1246) ~[spring-context-7.0.8.jar:7.0.8]
	at org.springframework.context.support.AbstractApplicationContext.doClose(AbstractApplicationContext.java:1207) ~[spring-context-7.0.8.jar:7.0.8]
	at org.springframework.boot.web.server.servlet.context.ServletWebServerApplicationContext.doClose(ServletWebServerApplicationContext.java:176) ~[spring-boot-web-server-4.1.0.jar:4.1.0]
	at org.springframework.context.support.AbstractApplicationContext.close(AbstractApplicationContext.java:1153) ~[spring-context-7.0.8.jar:7.0.8]
	at org.springframework.boot.SpringApplicationShutdownHook.closeAndWait(SpringApplicationShutdownHook.java:147) ~[spring-boot-4.1.0.jar:4.1.0]
	at java.base/java.lang.Iterable.forEach(Iterable.java:75) ~[na:na]
	at org.springframework.boot.SpringApplicationShutdownHook.run(SpringApplicationShutdownHook.java:116) ~[spring-boot-4.1.0.jar:4.1.0]
	at java.base/java.lang.Thread.run(Thread.java:1474) ~[na:na]

2026-07-24T13:51:08.040+05:30  INFO 17510 --- [UserModule] [SpringApplicationShutdownHook] com.netflix.discovery.DiscoveryClient    : Completed shut down of DiscoveryClient
2026-07-24T13:52:33.318+05:30  INFO 19840 --- [UserModule] [main] c.ecommerce.app.UserModuleApplication    : Starting UserModuleApplication using Java 25.0.3 with PID 19840 (/home/ishonpanda/Desktop/CAREER/PROJECTS/ECOMM/Ecomm-microservice/UserModule/target/classes started by ishonpanda in /home/ishonpanda/Desktop/CAREER/PROJECTS/ECOMM/Ecomm-microservice)
2026-07-24T13:52:33.320+05:30  INFO 19840 --- [UserModule] [main] c.ecommerce.app.UserModuleApplication    : The following 1 profile is active: "dev"
2026-07-24T13:52:33.345+05:30  INFO 19840 --- [UserModule] [main] o.s.c.c.c.ConfigServerConfigDataLoader   : Fetching config from server at : http://localhost:8888
2026-07-24T13:52:33.346+05:30  INFO 19840 --- [UserModule] [main] o.s.c.c.c.ConfigServerConfigDataLoader   : Located environment: name=UserModule, profiles=[default], label=null, version=null, state=null
2026-07-24T13:52:33.346+05:30  INFO 19840 --- [UserModule] [main] o.s.c.c.c.ConfigServerConfigDataLoader   : Fetching config from server at : http://localhost:8888
2026-07-24T13:52:33.346+05:30  INFO 19840 --- [UserModule] [main] o.s.c.c.c.ConfigServerConfigDataLoader   : Located environment: name=UserModule, profiles=[dev], label=null, version=null, state=null
2026-07-24T13:52:34.013+05:30  INFO 19840 --- [UserModule] [main] .s.d.r.c.RepositoryConfigurationDelegate : Bootstrapping Spring Data MongoDB repositories in DEFAULT mode.
2026-07-24T13:52:34.088+05:30  INFO 19840 --- [UserModule] [main] .s.d.r.c.RepositoryConfigurationDelegate : Finished Spring Data repository scanning in 70 ms. Found 2 MongoDB repository interfaces.
2026-07-24T13:52:34.302+05:30  INFO 19840 --- [UserModule] [main] faultConfiguringBeanFactoryPostProcessor : No bean named 'errorChannel' has been explicitly defined. Therefore, a default PublishSubscribeChannel will be created.
2026-07-24T13:52:34.306+05:30  INFO 19840 --- [UserModule] [main] faultConfiguringBeanFactoryPostProcessor : No bean named 'integrationHeaderChannelRegistry' has been explicitly defined. Therefore, a default DefaultHeaderChannelRegistry will be created.
2026-07-24T13:52:34.361+05:30  INFO 19840 --- [UserModule] [main] o.s.cloud.context.scope.GenericScope     : BeanFactory id=d4d7e6bb-50fb-3975-837f-968140aab5ab
2026-07-24T13:52:34.606+05:30  INFO 19840 --- [UserModule] [main] o.s.boot.tomcat.TomcatWebServer          : Tomcat initialized with port 8082 (http)
2026-07-24T13:52:34.615+05:30  INFO 19840 --- [UserModule] [main] o.apache.catalina.core.StandardService   : Starting service [Tomcat]
2026-07-24T13:52:34.616+05:30  INFO 19840 --- [UserModule] [main] o.apache.catalina.core.StandardEngine    : Starting Servlet engine: [Apache Tomcat/11.0.22]
2026-07-24T13:52:34.646+05:30  INFO 19840 --- [UserModule] [main] b.w.c.s.WebApplicationContextInitializer : Root WebApplicationContext: initialization completed in 1298 ms
2026-07-24T13:52:34.927+05:30  INFO 19840 --- [UserModule] [main] org.mongodb.driver.client                : MongoClient with metadata {"driver": {"name": "mongo-java-driver|spring-boot|sync", "version": "5.8.0"}, "os": {"type": "Linux", "name": "Linux", "architecture": "amd64", "version": "7.1.4-204.fc44.x86_64"}, "platform": "Java/Red Hat, Inc./25.0.3+9"} created with settings MongoClientSettings{readPreference=primary, writeConcern=WriteConcern{w=null, wTimeout=null ms, journal=null}, retryWrites=true, retryReads=true, readConcern=ReadConcern{level=null}, credential=null, transportSettings=null, commandListeners=[io.micrometer.core.instrument.binder.mongodb.MongoMetricsCommandListener@531299d3], codecRegistry=ProvidersCodecRegistry{codecProviders=[ValueCodecProvider{}, BsonValueCodecProvider{}, DBRefCodecProvider{}, DBObjectCodecProvider{}, DocumentCodecProvider{}, CollectionCodecProvider{}, IterableCodecProvider{}, MapCodecProvider{}, GeoJsonCodecProvider{}, GridFSFileCodecProvider{}, Jsr310CodecProvider{}, JsonObjectCodecProvider{}, BsonCodecProvider{}, com.mongodb.client.model.mql.ExpressionCodecProvider@3487947c, com.mongodb.Jep395RecordCodecProvider@77226121, com.mongodb.KotlinCodecProvider@3117ac8d, EnumCodecProvider{}]}, loggerSettings=LoggerSettings{maxDocumentLength=1000}, clusterSettings={hosts=[localhost:27017], srvServiceName=mongodb, mode=SINGLE, requiredClusterType=UNKNOWN, requiredReplicaSetName='null', serverSelector='null', clusterListeners='[]', serverSelectionTimeout='30000 ms', localThreshold='15 ms'}, socketSettings=SocketSettings{connectTimeoutMS=10000, readTimeoutMS=0, receiveBufferSize=0, proxySettings=ProxySettings{host=null, port=null, username=null, password=null}}, heartbeatSocketSettings=SocketSettings{connectTimeoutMS=10000, readTimeoutMS=10000, receiveBufferSize=0, proxySettings=ProxySettings{host=null, port=null, username=null, password=null}}, connectionPoolSettings=ConnectionPoolSettings{maxSize=100, minSize=0, maxWaitTimeMS=120000, maxConnectionLifeTimeMS=0, maxConnectionIdleTimeMS=0, maintenanceInitialDelayMS=0, maintenanceFrequencyMS=60000, connectionPoolListeners=[io.micrometer.core.instrument.binder.mongodb.MongoMetricsConnectionPoolListener@760c777d], maxConnecting=2}, serverSettings=ServerSettings{heartbeatFrequencyMS=10000, minHeartbeatFrequencyMS=500, serverMonitoringMode=AUTO, serverListeners='[]', serverMonitorListeners='[]'}, sslSettings=SslSettings{enabled=false, invalidHostNameAllowed=false, context=null}, applicationName='null', compressorList=[], uuidRepresentation=UNSPECIFIED, serverApi=null, autoEncryptionSettings=null, dnsClient=null, inetAddressResolver=null, contextProvider=null, timeoutMS=null}
2026-07-24T13:52:34.938+05:30  INFO 19840 --- [UserModule] [cluster-6a6320ca564d7654072ba9a0-localhost:27017] org.mongodb.driver.cluster               : Monitor thread successfully connected to server with description ServerDescription{address=localhost:27017, type=STANDALONE, cryptd=false, state=CONNECTED, ok=true, minWireVersion=0, maxWireVersion=27, maxDocumentSize=16777216, logicalSessionTimeoutMinutes=30, roundTripTimeNanos=13309823, minRoundTripTimeNanos=0}
2026-07-24T13:52:35.572+05:30  INFO 19840 --- [UserModule] [main] o.s.c.s.m.DirectWithAttributesChannel    : Channel 'UserModule.springCloudBusInput' has 1 subscriber(s).
2026-07-24T13:52:35.978+05:30  INFO 19840 --- [UserModule] [main] DiscoveryClientOptionalArgsConfiguration : Eureka HTTP Client uses RestClient.
2026-07-24T13:52:36.007+05:30  WARN 19840 --- [UserModule] [main] iguration$LoadBalancerCaffeineWarnLogger : Spring Cloud LoadBalancer is currently working with the default cache. While this cache implementation is useful for development and tests, it's recommended to use Caffeine cache in production.You can switch to using Caffeine cache, by adding it and org.springframework.cache.caffeine.CaffeineCacheManager to the classpath.
2026-07-24T13:52:36.013+05:30  INFO 19840 --- [UserModule] [main] o.s.b.a.e.web.EndpointLinksResolver      : Exposing 5 endpoints beneath base path '/actuator'
2026-07-24T13:52:36.099+05:30  INFO 19840 --- [UserModule] [main] figuration$IntegrationJmxConfiguration$1 : Registering MessageChannel errorChannel
2026-07-24T13:52:36.102+05:30  INFO 19840 --- [UserModule] [main] figuration$IntegrationJmxConfiguration$1 : Registering MessageChannel springCloudBusInput
2026-07-24T13:52:36.105+05:30  INFO 19840 --- [UserModule] [main] figuration$IntegrationJmxConfiguration$1 : Registering MessageChannel nullChannel
2026-07-24T13:52:36.108+05:30  INFO 19840 --- [UserModule] [main] figuration$IntegrationJmxConfiguration$1 : Registering MessageHandler _org.springframework.integration.errorLogger
2026-07-24T13:52:36.114+05:30  INFO 19840 --- [UserModule] [main] o.s.i.endpoint.EventDrivenConsumer       : Adding {logging-channel-adapter:_org.springframework.integration.errorLogger} as a subscriber to the 'errorChannel' channel
2026-07-24T13:52:36.115+05:30  INFO 19840 --- [UserModule] [main] o.s.i.channel.PublishSubscribeChannel    : Channel 'UserModule.errorChannel' has 1 subscriber(s).
2026-07-24T13:52:36.115+05:30  INFO 19840 --- [UserModule] [main] o.s.i.endpoint.EventDrivenConsumer       : started bean '_org.springframework.integration.errorLogger'
2026-07-24T13:52:36.127+05:30  INFO 19840 --- [UserModule] [main] o.s.c.n.eureka.InstanceInfoFactory       : Setting initial instance status as: STARTING
2026-07-24T13:52:36.141+05:30  INFO 19840 --- [UserModule] [main] com.netflix.discovery.DiscoveryClient    : Initializing Eureka in region us-east-1
2026-07-24T13:52:36.144+05:30  INFO 19840 --- [UserModule] [main] c.n.d.s.r.aws.ConfigClusterResolver      : Resolving eureka endpoints via configuration
2026-07-24T13:52:36.151+05:30  INFO 19840 --- [UserModule] [main] com.netflix.discovery.DiscoveryClient    : Disable delta property : false
2026-07-24T13:52:36.151+05:30  INFO 19840 --- [UserModule] [main] com.netflix.discovery.DiscoveryClient    : Single vip registry refresh property : null
2026-07-24T13:52:36.151+05:30  INFO 19840 --- [UserModule] [main] com.netflix.discovery.DiscoveryClient    : Force full registry fetch : false
2026-07-24T13:52:36.151+05:30  INFO 19840 --- [UserModule] [main] com.netflix.discovery.DiscoveryClient    : Application is null : false
2026-07-24T13:52:36.151+05:30  INFO 19840 --- [UserModule] [main] com.netflix.discovery.DiscoveryClient    : Registered Applications size is zero : true
2026-07-24T13:52:36.151+05:30  INFO 19840 --- [UserModule] [main] com.netflix.discovery.DiscoveryClient    : Application version is -1: true
2026-07-24T13:52:36.151+05:30  INFO 19840 --- [UserModule] [main] com.netflix.discovery.DiscoveryClient    : Getting all instance registry info from the eureka server
2026-07-24T13:52:36.347+05:30  INFO 19840 --- [UserModule] [main] com.netflix.discovery.DiscoveryClient    : The response status is 200
2026-07-24T13:52:36.349+05:30  INFO 19840 --- [UserModule] [main] com.netflix.discovery.DiscoveryClient    : Starting heartbeat executor: renew interval is: 5
2026-07-24T13:52:36.351+05:30  INFO 19840 --- [UserModule] [main] c.n.discovery.InstanceInfoReplicator     : InstanceInfoReplicator onDemand update allowed rate per min is 4
2026-07-24T13:52:36.353+05:30  INFO 19840 --- [UserModule] [main] com.netflix.discovery.DiscoveryClient    : Discovery Client initialized at timestamp 1784881356353 with initial instances count: 1
2026-07-24T13:52:36.356+05:30  INFO 19840 --- [UserModule] [main] o.s.c.n.e.s.EurekaServiceRegistry        : Registering application USERMODULE with eureka with status UP
2026-07-24T13:52:36.356+05:30  INFO 19840 --- [UserModule] [main] com.netflix.discovery.DiscoveryClient    : Saw local status change event StatusChangeEvent [timestamp=1784881356356, current=UP, previous=STARTING]
2026-07-24T13:52:36.357+05:30  INFO 19840 --- [UserModule] [DiscoveryClient-InstanceInfoReplicator-%d] com.netflix.discovery.DiscoveryClient    : DiscoveryClient_USERMODULE/fedora:UserModule:8082: registering service...
2026-07-24T13:52:36.358+05:30  INFO 19840 --- [UserModule] [main] o.s.c.s.binder.DefaultBinderFactory      : Creating binder: rabbit
2026-07-24T13:52:36.359+05:30  INFO 19840 --- [UserModule] [main] o.s.c.s.binder.DefaultBinderFactory      : Constructing binder child context for rabbit
2026-07-24T13:52:36.384+05:30  INFO 19840 --- [UserModule] [DiscoveryClient-InstanceInfoReplicator-%d] com.netflix.discovery.DiscoveryClient    : DiscoveryClient_USERMODULE/fedora:UserModule:8082 - registration status: 204
2026-07-24T13:52:36.426+05:30  INFO 19840 --- [UserModule] [main] o.s.c.s.binder.DefaultBinderFactory      : Caching the binder: rabbit
2026-07-24T13:52:36.435+05:30  INFO 19840 --- [UserModule] [main] c.s.b.r.p.RabbitExchangeQueueProvisioner : declaring queue for inbound: springCloudBus.anonymous.F2X77IUrTzS0yI-HAS3Gew, bound to: springCloudBus
2026-07-24T13:52:36.438+05:30  INFO 19840 --- [UserModule] [main] o.s.a.r.c.CachingConnectionFactory       : Attempting to connect to: [localhost:5672]
2026-07-24T13:52:36.472+05:30  INFO 19840 --- [UserModule] [main] o.s.a.r.c.CachingConnectionFactory       : Created new connection: rabbitConnectionFactory#4accc3de:0/SimpleConnection@6b71fded [delegate=amqp://guest@127.0.0.1:5672/, localPort=43282]
2026-07-24T13:52:36.510+05:30  INFO 19840 --- [UserModule] [main] o.s.c.stream.binder.BinderErrorChannel   : Channel 'rabbit-348155728.springCloudBusInput.errors' has 1 subscriber(s).
2026-07-24T13:52:36.510+05:30  INFO 19840 --- [UserModule] [main] o.s.c.stream.binder.BinderErrorChannel   : Channel 'rabbit-348155728.springCloudBusInput.errors' has 2 subscriber(s).
2026-07-24T13:52:36.524+05:30  INFO 19840 --- [UserModule] [main] o.s.i.a.i.AmqpInboundChannelAdapter      : started bean 'inbound.springCloudBus.anonymous.F2X77IUrTzS0yI-HAS3Gew'
2026-07-24T13:52:36.533+05:30  INFO 19840 --- [UserModule] [main] o.s.boot.tomcat.TomcatWebServer          : Tomcat started on port 8082 (http) with context path '/'
2026-07-24T13:52:36.534+05:30  INFO 19840 --- [UserModule] [main] .s.c.n.e.s.EurekaAutoServiceRegistration : Updating port to 8082
2026-07-24T13:52:36.553+05:30  INFO 19840 --- [UserModule] [main] figuration$IntegrationJmxConfiguration$1 : Registering MessageChannel rabbit-348155728.springCloudBusInput.errors
2026-07-24T13:52:36.566+05:30  INFO 19840 --- [UserModule] [main] c.ecommerce.app.UserModuleApplication    : Started UserModuleApplication in 3.911 seconds (process running for 4.523)
2026-07-24T13:52:36.790+05:30  INFO 19840 --- [UserModule] [RMI TCP Connection(4)-192.168.0.186] o.a.c.c.C.[Tomcat].[localhost].[/]       : Initializing Spring DispatcherServlet 'dispatcherServlet'
2026-07-24T13:52:36.791+05:30  INFO 19840 --- [UserModule] [RMI TCP Connection(4)-192.168.0.186] o.s.web.servlet.DispatcherServlet        : Initializing Servlet 'dispatcherServlet'
2026-07-24T13:52:36.795+05:30  INFO 19840 --- [UserModule] [RMI TCP Connection(4)-192.168.0.186] o.s.web.servlet.DispatcherServlet        : Completed initialization in 4 ms
2026-07-24T13:53:57.543+05:30  INFO 19840 --- [UserModule] [springCloudBus.anonymous.F2X77IUrTzS0yI-HAS3Gew-1] o.s.cloud.bus.event.RefreshListener      : Received remote refresh request.
2026-07-24T13:53:57.559+05:30  INFO 19840 --- [UserModule] [springCloudBus.anonymous.F2X77IUrTzS0yI-HAS3Gew-1] o.s.c.c.c.ConfigServerConfigDataLoader   : Fetching config from server at : http://localhost:8888
2026-07-24T13:53:57.568+05:30  INFO 19840 --- [UserModule] [springCloudBus.anonymous.F2X77IUrTzS0yI-HAS3Gew-1] o.s.c.c.c.ConfigServerConfigDataLoader   : Located environment: name=UserModule, profiles=[default], label=null, version=null, state=null
2026-07-24T13:53:57.577+05:30  INFO 19840 --- [UserModule] [springCloudBus.anonymous.F2X77IUrTzS0yI-HAS3Gew-1] o.s.c.c.c.ConfigServerConfigDataLoader   : Fetching config from server at : http://localhost:8888
2026-07-24T13:53:57.592+05:30  INFO 19840 --- [UserModule] [springCloudBus.anonymous.F2X77IUrTzS0yI-HAS3Gew-1] o.s.c.c.c.ConfigServerConfigDataLoader   : Located environment: name=UserModule, profiles=[dev], label=null, version=null, state=null
2026-07-24T13:53:57.692+05:30  INFO 19840 --- [UserModule] [springCloudBus.anonymous.F2X77IUrTzS0yI-HAS3Gew-1] com.netflix.discovery.DiscoveryClient    : Shutting down DiscoveryClient ...
2026-07-24T13:54:00.693+05:30  INFO 19840 --- [UserModule] [springCloudBus.anonymous.F2X77IUrTzS0yI-HAS3Gew-1] com.netflix.discovery.DiscoveryClient    : Unregistering ...
2026-07-24T13:54:00.700+05:30  INFO 19840 --- [UserModule] [springCloudBus.anonymous.F2X77IUrTzS0yI-HAS3Gew-1] com.netflix.discovery.DiscoveryClient    : DiscoveryClient_USERMODULE/fedora:UserModule:8082 - deregister  status: 200
2026-07-24T13:54:00.701+05:30  INFO 19840 --- [UserModule] [springCloudBus.anonymous.F2X77IUrTzS0yI-HAS3Gew-1] com.netflix.discovery.DiscoveryClient    : Completed shut down of DiscoveryClient
2026-07-24T13:54:00.702+05:30  WARN 19840 --- [UserModule] [springCloudBus.anonymous.F2X77IUrTzS0yI-HAS3Gew-1] com.netflix.appinfo.InstanceInfo         : Passed in hostname is blank, not setting it
2026-07-24T13:54:00.702+05:30  INFO 19840 --- [UserModule] [springCloudBus.anonymous.F2X77IUrTzS0yI-HAS3Gew-1] o.s.c.n.eureka.InstanceInfoFactory       : Setting initial instance status as: STARTING
2026-07-24T13:54:00.703+05:30  INFO 19840 --- [UserModule] [springCloudBus.anonymous.F2X77IUrTzS0yI-HAS3Gew-1] com.netflix.discovery.DiscoveryClient    : Initializing Eureka in region us-east-1
2026-07-24T13:54:00.703+05:30  INFO 19840 --- [UserModule] [springCloudBus.anonymous.F2X77IUrTzS0yI-HAS3Gew-1] c.n.d.s.r.aws.ConfigClusterResolver      : Resolving eureka endpoints via configuration
2026-07-24T13:54:00.703+05:30  INFO 19840 --- [UserModule] [springCloudBus.anonymous.F2X77IUrTzS0yI-HAS3Gew-1] com.netflix.discovery.DiscoveryClient    : Disable delta property : false
2026-07-24T13:54:00.703+05:30  INFO 19840 --- [UserModule] [springCloudBus.anonymous.F2X77IUrTzS0yI-HAS3Gew-1] com.netflix.discovery.DiscoveryClient    : Single vip registry refresh property : null
2026-07-24T13:54:00.703+05:30  INFO 19840 --- [UserModule] [springCloudBus.anonymous.F2X77IUrTzS0yI-HAS3Gew-1] com.netflix.discovery.DiscoveryClient    : Force full registry fetch : false
2026-07-24T13:54:00.703+05:30  INFO 19840 --- [UserModule] [springCloudBus.anonymous.F2X77IUrTzS0yI-HAS3Gew-1] com.netflix.discovery.DiscoveryClient    : Application is null : false
2026-07-24T13:54:00.703+05:30  INFO 19840 --- [UserModule] [springCloudBus.anonymous.F2X77IUrTzS0yI-HAS3Gew-1] com.netflix.discovery.DiscoveryClient    : Registered Applications size is zero : true
2026-07-24T13:54:00.703+05:30  INFO 19840 --- [UserModule] [springCloudBus.anonymous.F2X77IUrTzS0yI-HAS3Gew-1] com.netflix.discovery.DiscoveryClient    : Application version is -1: true
2026-07-24T13:54:00.704+05:30  INFO 19840 --- [UserModule] [springCloudBus.anonymous.F2X77IUrTzS0yI-HAS3Gew-1] com.netflix.discovery.DiscoveryClient    : Getting all instance registry info from the eureka server
2026-07-24T13:54:00.717+05:30  INFO 19840 --- [UserModule] [springCloudBus.anonymous.F2X77IUrTzS0yI-HAS3Gew-1] com.netflix.discovery.DiscoveryClient    : The response status is 200
2026-07-24T13:54:00.717+05:30 ERROR 19840 --- [UserModule] [springCloudBus.anonymous.F2X77IUrTzS0yI-HAS3Gew-1] com.netflix.discovery.DiscoveryClient    : Fetch registry error at startup: Cannot invoke "Object.hashCode()" because "key" is null
2026-07-24T13:54:01.725+05:30  INFO 19840 --- [UserModule] [springCloudBus.anonymous.F2X77IUrTzS0yI-HAS3Gew-1] o.s.cloud.bus.event.RefreshListener      : Received remote refresh request.
2026-07-24T13:54:01.731+05:30  INFO 19840 --- [UserModule] [springCloudBus.anonymous.F2X77IUrTzS0yI-HAS3Gew-1] o.s.c.c.c.ConfigServerConfigDataLoader   : Fetching config from server at : http://localhost:8888
2026-07-24T13:54:01.741+05:30  INFO 19840 --- [UserModule] [springCloudBus.anonymous.F2X77IUrTzS0yI-HAS3Gew-1] o.s.c.c.c.ConfigServerConfigDataLoader   : Located environment: name=UserModule, profiles=[default], label=null, version=null, state=null
2026-07-24T13:54:01.746+05:30  INFO 19840 --- [UserModule] [springCloudBus.anonymous.F2X77IUrTzS0yI-HAS3Gew-1] o.s.c.c.c.ConfigServerConfigDataLoader   : Fetching config from server at : http://localhost:8888
2026-07-24T13:54:01.755+05:30  INFO 19840 --- [UserModule] [springCloudBus.anonymous.F2X77IUrTzS0yI-HAS3Gew-1] o.s.c.c.c.ConfigServerConfigDataLoader   : Located environment: name=UserModule, profiles=[dev], label=null, version=null, state=null
2026-07-24T13:54:01.789+05:30  WARN 19840 --- [UserModule] [springCloudBus.anonymous.F2X77IUrTzS0yI-HAS3Gew-1] com.netflix.appinfo.InstanceInfo         : Passed in hostname is blank, not setting it
2026-07-24T13:54:01.789+05:30  INFO 19840 --- [UserModule] [springCloudBus.anonymous.F2X77IUrTzS0yI-HAS3Gew-1] o.s.c.n.eureka.InstanceInfoFactory       : Setting initial instance status as: STARTING
2026-07-24T13:54:01.789+05:30  INFO 19840 --- [UserModule] [springCloudBus.anonymous.F2X77IUrTzS0yI-HAS3Gew-1] com.netflix.discovery.DiscoveryClient    : Initializing Eureka in region us-east-1
2026-07-24T13:54:01.790+05:30  INFO 19840 --- [UserModule] [springCloudBus.anonymous.F2X77IUrTzS0yI-HAS3Gew-1] c.n.d.s.r.aws.ConfigClusterResolver      : Resolving eureka endpoints via configuration
2026-07-24T13:54:01.790+05:30  INFO 19840 --- [UserModule] [springCloudBus.anonymous.F2X77IUrTzS0yI-HAS3Gew-1] com.netflix.discovery.DiscoveryClient    : Disable delta property : false
2026-07-24T13:54:01.790+05:30  INFO 19840 --- [UserModule] [springCloudBus.anonymous.F2X77IUrTzS0yI-HAS3Gew-1] com.netflix.discovery.DiscoveryClient    : Single vip registry refresh property : null
2026-07-24T13:54:01.790+05:30  INFO 19840 --- [UserModule] [springCloudBus.anonymous.F2X77IUrTzS0yI-HAS3Gew-1] com.netflix.discovery.DiscoveryClient    : Force full registry fetch : false
2026-07-24T13:54:01.790+05:30  INFO 19840 --- [UserModule] [springCloudBus.anonymous.F2X77IUrTzS0yI-HAS3Gew-1] com.netflix.discovery.DiscoveryClient    : Application is null : false
2026-07-24T13:54:01.790+05:30  INFO 19840 --- [UserModule] [springCloudBus.anonymous.F2X77IUrTzS0yI-HAS3Gew-1] com.netflix.discovery.DiscoveryClient    : Registered Applications size is zero : true
2026-07-24T13:54:01.790+05:30  INFO 19840 --- [UserModule] [springCloudBus.anonymous.F2X77IUrTzS0yI-HAS3Gew-1] com.netflix.discovery.DiscoveryClient    : Application version is -1: true
2026-07-24T13:54:01.790+05:30  INFO 19840 --- [UserModule] [springCloudBus.anonymous.F2X77IUrTzS0yI-HAS3Gew-1] com.netflix.discovery.DiscoveryClient    : Getting all instance registry info from the eureka server
2026-07-24T13:54:01.801+05:30  INFO 19840 --- [UserModule] [springCloudBus.anonymous.F2X77IUrTzS0yI-HAS3Gew-1] com.netflix.discovery.DiscoveryClient    : The response status is 200
2026-07-24T13:54:01.801+05:30 ERROR 19840 --- [UserModule] [springCloudBus.anonymous.F2X77IUrTzS0yI-HAS3Gew-1] com.netflix.discovery.DiscoveryClient    : Fetch registry error at startup: Cannot invoke "Object.hashCode()" because "key" is null
2026-07-24T13:54:03.806+05:30  INFO 19840 --- [UserModule] [springCloudBus.anonymous.F2X77IUrTzS0yI-HAS3Gew-1] o.s.cloud.bus.event.RefreshListener      : Received remote refresh request.
2026-07-24T13:54:03.819+05:30  INFO 19840 --- [UserModule] [springCloudBus.anonymous.F2X77IUrTzS0yI-HAS3Gew-1] o.s.c.c.c.ConfigServerConfigDataLoader   : Fetching config from server at : http://localhost:8888
2026-07-24T13:54:03.826+05:30  INFO 19840 --- [UserModule] [springCloudBus.anonymous.F2X77IUrTzS0yI-HAS3Gew-1] o.s.c.c.c.ConfigServerConfigDataLoader   : Located environment: name=UserModule, profiles=[default], label=null, version=null, state=null
2026-07-24T13:54:03.830+05:30  INFO 19840 --- [UserModule] [springCloudBus.anonymous.F2X77IUrTzS0yI-HAS3Gew-1] o.s.c.c.c.ConfigServerConfigDataLoader   : Fetching config from server at : http://localhost:8888
2026-07-24T13:54:03.840+05:30  INFO 19840 --- [UserModule] [springCloudBus.anonymous.F2X77IUrTzS0yI-HAS3Gew-1] o.s.c.c.c.ConfigServerConfigDataLoader   : Located environment: name=UserModule, profiles=[dev], label=null, version=null, state=null
2026-07-24T13:54:03.875+05:30  WARN 19840 --- [UserModule] [springCloudBus.anonymous.F2X77IUrTzS0yI-HAS3Gew-1] com.netflix.appinfo.InstanceInfo         : Passed in hostname is blank, not setting it
2026-07-24T13:54:03.876+05:30  INFO 19840 --- [UserModule] [springCloudBus.anonymous.F2X77IUrTzS0yI-HAS3Gew-1] o.s.c.n.eureka.InstanceInfoFactory       : Setting initial instance status as: STARTING
2026-07-24T13:54:03.876+05:30  INFO 19840 --- [UserModule] [springCloudBus.anonymous.F2X77IUrTzS0yI-HAS3Gew-1] com.netflix.discovery.DiscoveryClient    : Initializing Eureka in region us-east-1
2026-07-24T13:54:03.876+05:30  INFO 19840 --- [UserModule] [springCloudBus.anonymous.F2X77IUrTzS0yI-HAS3Gew-1] c.n.d.s.r.aws.ConfigClusterResolver      : Resolving eureka endpoints via configuration
2026-07-24T13:54:03.876+05:30  INFO 19840 --- [UserModule] [springCloudBus.anonymous.F2X77IUrTzS0yI-HAS3Gew-1] com.netflix.discovery.DiscoveryClient    : Disable delta property : false
2026-07-24T13:54:03.876+05:30  INFO 19840 --- [UserModule] [springCloudBus.anonymous.F2X77IUrTzS0yI-HAS3Gew-1] com.netflix.discovery.DiscoveryClient    : Single vip registry refresh property : null
2026-07-24T13:54:03.876+05:30  INFO 19840 --- [UserModule] [springCloudBus.anonymous.F2X77IUrTzS0yI-HAS3Gew-1] com.netflix.discovery.DiscoveryClient    : Force full registry fetch : false
2026-07-24T13:54:03.876+05:30  INFO 19840 --- [UserModule] [springCloudBus.anonymous.F2X77IUrTzS0yI-HAS3Gew-1] com.netflix.discovery.DiscoveryClient    : Application is null : false
2026-07-24T13:54:03.876+05:30  INFO 19840 --- [UserModule] [springCloudBus.anonymous.F2X77IUrTzS0yI-HAS3Gew-1] com.netflix.discovery.DiscoveryClient    : Registered Applications size is zero : true
2026-07-24T13:54:03.876+05:30  INFO 19840 --- [UserModule] [springCloudBus.anonymous.F2X77IUrTzS0yI-HAS3Gew-1] com.netflix.discovery.DiscoveryClient    : Application version is -1: true
2026-07-24T13:54:03.876+05:30  INFO 19840 --- [UserModule] [springCloudBus.anonymous.F2X77IUrTzS0yI-HAS3Gew-1] com.netflix.discovery.DiscoveryClient    : Getting all instance registry info from the eureka server
2026-07-24T13:54:03.886+05:30  INFO 19840 --- [UserModule] [springCloudBus.anonymous.F2X77IUrTzS0yI-HAS3Gew-1] com.netflix.discovery.DiscoveryClient    : The response status is 200
2026-07-24T13:54:03.886+05:30 ERROR 19840 --- [UserModule] [springCloudBus.anonymous.F2X77IUrTzS0yI-HAS3Gew-1] com.netflix.discovery.DiscoveryClient    : Fetch registry error at startup: Cannot invoke "Object.hashCode()" because "key" is null
2026-07-24T13:54:03.892+05:30 ERROR 19840 --- [UserModule] [springCloudBus.anonymous.F2X77IUrTzS0yI-HAS3Gew-1] o.s.integration.handler.LoggingHandler   : org.springframework.messaging.MessagingException: Retry policy for operation 'org.springframework.integration.amqp.inbound.AmqpInboundChannelAdapter$Listener$$Lambda/0x0000000010b64258' exhausted; aborting execution
	at org.springframework.integration.core.ErrorMessagePublisher.determinePayload(ErrorMessagePublisher.java:186)
	at org.springframework.integration.core.ErrorMessagePublisher.publish(ErrorMessagePublisher.java:162)
	at org.springframework.integration.handler.advice.ErrorMessageSendingRecoverer.recover(ErrorMessageSendingRecoverer.java:79)
	at org.springframework.integration.amqp.inbound.AmqpInboundChannelAdapter$Listener.onMessage(AmqpInboundChannelAdapter.java:413)
	at org.springframework.amqp.rabbit.listener.AbstractMessageListenerContainer.doInvokeListener(AbstractMessageListenerContainer.java:1691)
	at org.springframework.amqp.rabbit.listener.AbstractMessageListenerContainer.actualInvokeListener(AbstractMessageListenerContainer.java:1620)
	at org.springframework.amqp.rabbit.listener.AbstractMessageListenerContainer.invokeListener(AbstractMessageListenerContainer.java:1603)
	at org.springframework.amqp.rabbit.listener.AbstractMessageListenerContainer.doExecuteListener(AbstractMessageListenerContainer.java:1594)
	at org.springframework.amqp.rabbit.listener.AbstractMessageListenerContainer.executeListenerAndHandleException(AbstractMessageListenerContainer.java:1541)
	at org.springframework.amqp.rabbit.listener.AbstractMessageListenerContainer.lambda$executeListener$1(AbstractMessageListenerContainer.java:1519)
	at io.micrometer.observation.Observation.observe(Observation.java:569)
	at org.springframework.amqp.rabbit.listener.AbstractMessageListenerContainer.executeListener(AbstractMessageListenerContainer.java:1519)
	at org.springframework.amqp.rabbit.listener.SimpleMessageListenerContainer.doReceiveAndExecute(SimpleMessageListenerContainer.java:1158)
	at org.springframework.amqp.rabbit.listener.SimpleMessageListenerContainer.receiveAndExecute(SimpleMessageListenerContainer.java:1103)
	at org.springframework.amqp.rabbit.listener.SimpleMessageListenerContainer$AsyncMessageProcessingConsumer.mainLoop(SimpleMessageListenerContainer.java:1511)
	at org.springframework.amqp.rabbit.listener.SimpleMessageListenerContainer$AsyncMessageProcessingConsumer.run(SimpleMessageListenerContainer.java:1405)
	at java.base/java.lang.Thread.run(Thread.java:1474)
Caused by: org.springframework.core.retry.RetryException: Retry policy for operation 'org.springframework.integration.amqp.inbound.AmqpInboundChannelAdapter$Listener$$Lambda/0x0000000010b64258' exhausted; aborting execution
	at org.springframework.core.retry.RetryTemplate.execute(RetryTemplate.java:197)
	at org.springframework.integration.amqp.inbound.AmqpInboundChannelAdapter$Listener.onMessage(AmqpInboundChannelAdapter.java:400)
	... 13 more
	Suppressed: org.springframework.messaging.MessageHandlingException: error occurred in message handler [org.springframework.cloud.stream.function.FunctionConfiguration$FunctionToDestinationBinder$1@3b3cb408], failedMessage=GenericMessage [payload=byte[212], headers={amqp_receivedDeliveryMode=PERSISTENT, amqp_receivedExchange=springCloudBus, amqp_deliveryTag=1, deliveryAttempt=3, amqp_consumerQueue=springCloudBus.anonymous.F2X77IUrTzS0yI-HAS3Gew, amqp_redelivered=false, amqp_receivedRoutingKey=springCloudBus, amqp_timestamp=Fri Jul 24 13:53:57 IST 2026, amqp_messageId=6d7efbf3-b030-2cd9-80f7-30cc2509d9b8, amqp_retryCount=0, id=741ce57f-2ad3-bc24-9734-b781dfed6356, amqp_consumerTag=amq.ctag-PfoD7KUOMlQQqrzElbvNnQ, sourceData=(Body:'[B@769b1006(byte[212])' MessageProperties [headers={}, timestamp=Fri Jul 24 13:53:57 IST 2026, messageId=6d7efbf3-b030-2cd9-80f7-30cc2509d9b8, contentType=application/json, contentLength=0, receivedDeliveryMode=PERSISTENT, priority=0, redelivered=false, receivedExchange=springCloudBus, receivedRoutingKey=springCloudBus, deliveryTag=1, consumerTag=amq.ctag-PfoD7KUOMlQQqrzElbvNnQ, consumerQueue=springCloudBus.anonymous.F2X77IUrTzS0yI-HAS3Gew]), contentType=application/json, timestamp=1784881437527}]
		at org.springframework.integration.support.utils.IntegrationUtils.wrapInHandlingExceptionIfNecessary(IntegrationUtils.java:190)
		at org.springframework.integration.handler.AbstractMessageHandler.doHandleMessage(AbstractMessageHandler.java:105)
		at org.springframework.integration.handler.AbstractMessageHandler.handleMessage(AbstractMessageHandler.java:70)
		at org.springframework.integration.dispatcher.AbstractDispatcher.tryOptimizedDispatch(AbstractDispatcher.java:133)
		at org.springframework.integration.dispatcher.UnicastingDispatcher.doDispatch(UnicastingDispatcher.java:150)
		at org.springframework.integration.dispatcher.UnicastingDispatcher.dispatch(UnicastingDispatcher.java:123)
		at org.springframework.integration.channel.AbstractSubscribableChannel.doSend(AbstractSubscribableChannel.java:72)
		at org.springframework.integration.channel.AbstractMessageChannel.sendInternal(AbstractMessageChannel.java:438)
		at org.springframework.integration.channel.AbstractMessageChannel.sendWithMetrics(AbstractMessageChannel.java:409)
		at org.springframework.integration.channel.AbstractMessageChannel.send(AbstractMessageChannel.java:338)
		at org.springframework.integration.channel.AbstractMessageChannel.send(AbstractMessageChannel.java:310)
		at org.springframework.messaging.core.GenericMessagingTemplate.doSend(GenericMessagingTemplate.java:187)
		at org.springframework.messaging.core.GenericMessagingTemplate.doSend(GenericMessagingTemplate.java:166)
		at org.springframework.messaging.core.GenericMessagingTemplate.doSend(GenericMessagingTemplate.java:47)
		at org.springframework.messaging.core.AbstractMessageSendingTemplate.send(AbstractMessageSendingTemplate.java:108)
		at org.springframework.integration.endpoint.MessageProducerSupport.sendMessageWithTracking(MessageProducerSupport.java:278)
		at org.springframework.integration.endpoint.MessageProducerSupport.sendMessage(MessageProducerSupport.java:267)
		at org.springframework.integration.amqp.inbound.AmqpInboundChannelAdapter.access$000(AmqpInboundChannelAdapter.java:71)
		at org.springframework.integration.amqp.inbound.AmqpInboundChannelAdapter$Listener.lambda$onMessage$0(AmqpInboundChannelAdapter.java:407)
		at org.springframework.core.retry.RetryTemplate.execute(RetryTemplate.java:135)
		... 14 more
	Caused by: org.springframework.beans.factory.BeanCreationException: Error creating bean with name 'scopedTarget.eurekaClient' defined in class path resource [org/springframework/cloud/netflix/eureka/EurekaClientAutoConfiguration$RefreshableEurekaClientConfiguration.class]: Failed to instantiate [com.netflix.discovery.EurekaClient]: Factory method 'eurekaClient' threw exception with message: java.lang.NullPointerException: Cannot invoke "Object.hashCode()" because "key" is null
		at org.springframework.beans.factory.support.ConstructorResolver.instantiate(ConstructorResolver.java:657)
		at org.springframework.beans.factory.support.ConstructorResolver.instantiateUsingFactoryMethod(ConstructorResolver.java:645)
		at org.springframework.beans.factory.support.AbstractAutowireCapableBeanFactory.instantiateUsingFactoryMethod(AbstractAutowireCapableBeanFactory.java:1360)
		at org.springframework.beans.factory.support.AbstractAutowireCapableBeanFactory.createBeanInstance(AbstractAutowireCapableBeanFactory.java:1192)
		at org.springframework.beans.factory.support.AbstractAutowireCapableBeanFactory.doCreateBean(AbstractAutowireCapableBeanFactory.java:565)
		at org.springframework.beans.factory.support.AbstractAutowireCapableBeanFactory.createBean(AbstractAutowireCapableBeanFactory.java:525)
		at org.springframework.beans.factory.support.AbstractBeanFactory.lambda$doGetBean$1(AbstractBeanFactory.java:372)
		at org.springframework.cloud.context.scope.GenericScope$BeanLifecycleWrapper.getBean(GenericScope.java:373)
		at org.springframework.cloud.context.scope.GenericScope.get(GenericScope.java:177)
		at org.springframework.beans.factory.support.AbstractBeanFactory.doGetBean(AbstractBeanFactory.java:369)
		at org.springframework.beans.factory.support.AbstractBeanFactory.getBean(AbstractBeanFactory.java:196)
		at org.springframework.aop.target.SimpleBeanTargetSource.getTarget(SimpleBeanTargetSource.java:35)
		at org.springframework.aop.framework.JdkDynamicAopProxy.invoke(JdkDynamicAopProxy.java:202)
		at jdk.proxy2/jdk.proxy2.$Proxy118.getApplications(Unknown Source)
		at org.springframework.cloud.netflix.eureka.EurekaDiscoveryClientConfiguration$EurekaClientConfigurationRefresher.onApplicationEvent(EurekaDiscoveryClientConfiguration.java:91)
		at org.springframework.cloud.netflix.eureka.EurekaDiscoveryClientConfiguration$EurekaClientConfigurationRefresher.onApplicationEvent(EurekaDiscoveryClientConfiguration.java:75)
		at org.springframework.context.event.SimpleApplicationEventMulticaster.doInvokeListener(SimpleApplicationEventMulticaster.java:180)
		at org.springframework.context.event.SimpleApplicationEventMulticaster.invokeListener(SimpleApplicationEventMulticaster.java:173)
		at org.springframework.context.event.SimpleApplicationEventMulticaster.multicastEvent(SimpleApplicationEventMulticaster.java:151)
		at org.springframework.context.support.AbstractApplicationContext.publishEvent(AbstractApplicationContext.java:448)
		at org.springframework.context.support.AbstractApplicationContext.publishEvent(AbstractApplicationContext.java:381)
		at org.springframework.cloud.context.scope.refresh.RefreshScope.refreshAll(RefreshScope.java:169)
		at org.springframework.cloud.context.refresh.ContextRefresher.refresh(ContextRefresher.java:95)
		at org.springframework.cloud.bus.event.RefreshListener.onApplicationEvent(RefreshListener.java:49)
		at org.springframework.cloud.bus.event.RefreshListener.onApplicationEvent(RefreshListener.java:32)
		at org.springframework.context.event.SimpleApplicationEventMulticaster.doInvokeListener(SimpleApplicationEventMulticaster.java:180)
		at org.springframework.context.event.SimpleApplicationEventMulticaster.invokeListener(SimpleApplicationEventMulticaster.java:173)
		at org.springframework.context.event.SimpleApplicationEventMulticaster.multicastEvent(SimpleApplicationEventMulticaster.java:151)
		at org.springframework.context.support.AbstractApplicationContext.publishEvent(AbstractApplicationContext.java:448)
		at org.springframework.context.support.AbstractApplicationContext.publishEvent(AbstractApplicationContext.java:381)
		at org.springframework.cloud.bus.BusConsumer.accept(BusConsumer.java:71)
		at org.springframework.cloud.bus.BusConsumer.accept(BusConsumer.java:31)
		at org.springframework.cloud.function.context.catalog.SimpleFunctionRegistry$FunctionInvocationWrapper.invokeConsumer(SimpleFunctionRegistry.java:1129)
		at org.springframework.cloud.function.context.catalog.SimpleFunctionRegistry$FunctionInvocationWrapper.doApply(SimpleFunctionRegistry.java:829)
		at org.springframework.cloud.function.context.catalog.SimpleFunctionRegistry$FunctionInvocationWrapper.apply(SimpleFunctionRegistry.java:656)
		at org.springframework.cloud.function.observability.ObservationFunctionAroundWrapper.lambda$nonReactorStream$0(ObservationFunctionAroundWrapper.java:50)
		at io.micrometer.observation.Observation.observe(Observation.java:634)
		at org.springframework.cloud.function.observability.ObservationFunctionAroundWrapper.nonReactorStream(ObservationFunctionAroundWrapper.java:50)
		at org.springframework.cloud.function.observability.ObservationFunctionAroundWrapper.doApply(ObservationFunctionAroundWrapper.java:45)
		at org.springframework.cloud.function.context.catalog.FunctionAroundWrapper.apply(FunctionAroundWrapper.java:45)
		at org.springframework.cloud.function.context.catalog.SimpleFunctionRegistry$FunctionInvocationWrapper.apply(SimpleFunctionRegistry.java:653)
		at org.springframework.cloud.stream.function.PartitionAwareFunctionWrapper.apply(PartitionAwareFunctionWrapper.java:92)
		at org.springframework.cloud.stream.function.FunctionConfiguration$FunctionWrapper.apply(FunctionConfiguration.java:830)
		at org.springframework.cloud.stream.function.FunctionConfiguration$FunctionToDestinationBinder$1.handleMessageInternal(FunctionConfiguration.java:668)
		at org.springframework.integration.handler.AbstractMessageHandler.doHandleMessage(AbstractMessageHandler.java:102)
		... 32 more
	Caused by: org.springframework.beans.BeanInstantiationException: Failed to instantiate [com.netflix.discovery.EurekaClient]: Factory method 'eurekaClient' threw exception with message: java.lang.NullPointerException: Cannot invoke "Object.hashCode()" because "key" is null
		at org.springframework.beans.factory.support.SimpleInstantiationStrategy.lambda$instantiate$0(SimpleInstantiationStrategy.java:183)
		at org.springframework.beans.factory.support.SimpleInstantiationStrategy.instantiateWithFactoryMethod(SimpleInstantiationStrategy.java:72)
		at org.springframework.beans.factory.support.SimpleInstantiationStrategy.instantiate(SimpleInstantiationStrategy.java:152)
		at org.springframework.beans.factory.support.ConstructorResolver.instantiate(ConstructorResolver.java:653)
		... 76 more
	Caused by: java.lang.IllegalStateException: java.lang.NullPointerException: Cannot invoke "Object.hashCode()" because "key" is null
		at com.netflix.discovery.DiscoveryClient.<init>(DiscoveryClient.java:433)
		at com.netflix.discovery.DiscoveryClient.<init>(DiscoveryClient.java:254)
		at com.netflix.discovery.DiscoveryClient.<init>(DiscoveryClient.java:249)
		at org.springframework.cloud.netflix.eureka.CloudEurekaClient.<init>(CloudEurekaClient.java:68)
		at org.springframework.cloud.netflix.eureka.EurekaClientAutoConfiguration$RefreshableEurekaClientConfiguration.eurekaClient(EurekaClientAutoConfiguration.java:324)
		at java.base/jdk.internal.reflect.DirectMethodHandleAccessor.invoke(DirectMethodHandleAccessor.java:104)
		at java.base/java.lang.reflect.Method.invoke(Method.java:565)
		at org.springframework.beans.factory.support.SimpleInstantiationStrategy.lambda$instantiate$0(SimpleInstantiationStrategy.java:155)
		... 79 more
	Caused by: java.lang.NullPointerException: Cannot invoke "Object.hashCode()" because "key" is null
		at java.base/java.util.concurrent.ConcurrentHashMap.get(ConcurrentHashMap.java:948)
		at com.netflix.discovery.shared.Application.getByInstanceId(Application.java:181)
		at com.netflix.discovery.DiscoveryClient.updateInstanceRemoteStatus(DiscoveryClient.java:1006)
		at com.netflix.discovery.DiscoveryClient.fetchRegistry(DiscoveryClient.java:994)
		at com.netflix.discovery.DiscoveryClient.<init>(DiscoveryClient.java:419)
		... 86 more
	Suppressed: org.springframework.messaging.MessageHandlingException: error occurred in message handler [org.springframework.cloud.stream.function.FunctionConfiguration$FunctionToDestinationBinder$1@3b3cb408], failedMessage=GenericMessage [payload=byte[212], headers={amqp_receivedDeliveryMode=PERSISTENT, amqp_receivedExchange=springCloudBus, amqp_deliveryTag=1, deliveryAttempt=3, amqp_consumerQueue=springCloudBus.anonymous.F2X77IUrTzS0yI-HAS3Gew, amqp_redelivered=false, amqp_receivedRoutingKey=springCloudBus, amqp_timestamp=Fri Jul 24 13:53:57 IST 2026, amqp_messageId=6d7efbf3-b030-2cd9-80f7-30cc2509d9b8, amqp_retryCount=0, id=741ce57f-2ad3-bc24-9734-b781dfed6356, amqp_consumerTag=amq.ctag-PfoD7KUOMlQQqrzElbvNnQ, sourceData=(Body:'[B@769b1006(byte[212])' MessageProperties [headers={}, timestamp=Fri Jul 24 13:53:57 IST 2026, messageId=6d7efbf3-b030-2cd9-80f7-30cc2509d9b8, contentType=application/json, contentLength=0, receivedDeliveryMode=PERSISTENT, priority=0, redelivered=false, receivedExchange=springCloudBus, receivedRoutingKey=springCloudBus, deliveryTag=1, consumerTag=amq.ctag-PfoD7KUOMlQQqrzElbvNnQ, consumerQueue=springCloudBus.anonymous.F2X77IUrTzS0yI-HAS3Gew]), contentType=application/json, timestamp=1784881437527}]
		at org.springframework.integration.support.utils.IntegrationUtils.wrapInHandlingExceptionIfNecessary(IntegrationUtils.java:190)
		at org.springframework.integration.handler.AbstractMessageHandler.doHandleMessage(AbstractMessageHandler.java:105)
		at org.springframework.integration.handler.AbstractMessageHandler.handleMessage(AbstractMessageHandler.java:70)
		at org.springframework.integration.dispatcher.AbstractDispatcher.tryOptimizedDispatch(AbstractDispatcher.java:133)
		at org.springframework.integration.dispatcher.UnicastingDispatcher.doDispatch(UnicastingDispatcher.java:150)
		at org.springframework.integration.dispatcher.UnicastingDispatcher.dispatch(UnicastingDispatcher.java:123)
		at org.springframework.integration.channel.AbstractSubscribableChannel.doSend(AbstractSubscribableChannel.java:72)
		at org.springframework.integration.channel.AbstractMessageChannel.sendInternal(AbstractMessageChannel.java:438)
		at org.springframework.integration.channel.AbstractMessageChannel.sendWithMetrics(AbstractMessageChannel.java:409)
		at org.springframework.integration.channel.AbstractMessageChannel.send(AbstractMessageChannel.java:338)
		at org.springframework.integration.channel.AbstractMessageChannel.send(AbstractMessageChannel.java:310)
		at org.springframework.messaging.core.GenericMessagingTemplate.doSend(GenericMessagingTemplate.java:187)
		at org.springframework.messaging.core.GenericMessagingTemplate.doSend(GenericMessagingTemplate.java:166)
		at org.springframework.messaging.core.GenericMessagingTemplate.doSend(GenericMessagingTemplate.java:47)
		at org.springframework.messaging.core.AbstractMessageSendingTemplate.send(AbstractMessageSendingTemplate.java:108)
		at org.springframework.integration.endpoint.MessageProducerSupport.sendMessageWithTracking(MessageProducerSupport.java:278)
		at org.springframework.integration.endpoint.MessageProducerSupport.sendMessage(MessageProducerSupport.java:267)
		at org.springframework.integration.amqp.inbound.AmqpInboundChannelAdapter.access$000(AmqpInboundChannelAdapter.java:71)
		at org.springframework.integration.amqp.inbound.AmqpInboundChannelAdapter$Listener.lambda$onMessage$0(AmqpInboundChannelAdapter.java:407)
		at org.springframework.core.retry.RetryTemplate.execute(RetryTemplate.java:174)
		... 14 more
	Caused by: org.springframework.beans.factory.BeanCreationException: Error creating bean with name 'scopedTarget.eurekaClient' defined in class path resource [org/springframework/cloud/netflix/eureka/EurekaClientAutoConfiguration$RefreshableEurekaClientConfiguration.class]: Failed to instantiate [com.netflix.discovery.EurekaClient]: Factory method 'eurekaClient' threw exception with message: java.lang.NullPointerException: Cannot invoke "Object.hashCode()" because "key" is null
		at org.springframework.beans.factory.support.ConstructorResolver.instantiate(ConstructorResolver.java:657)
		at org.springframework.beans.factory.support.ConstructorResolver.instantiateUsingFactoryMethod(ConstructorResolver.java:645)
		at org.springframework.beans.factory.support.AbstractAutowireCapableBeanFactory.instantiateUsingFactoryMethod(AbstractAutowireCapableBeanFactory.java:1360)
		at org.springframework.beans.factory.support.AbstractAutowireCapableBeanFactory.createBeanInstance(AbstractAutowireCapableBeanFactory.java:1192)
		at org.springframework.beans.factory.support.AbstractAutowireCapableBeanFactory.doCreateBean(AbstractAutowireCapableBeanFactory.java:565)
		at org.springframework.beans.factory.support.AbstractAutowireCapableBeanFactory.createBean(AbstractAutowireCapableBeanFactory.java:525)
		at org.springframework.beans.factory.support.AbstractBeanFactory.lambda$doGetBean$1(AbstractBeanFactory.java:372)
		at org.springframework.cloud.context.scope.GenericScope$BeanLifecycleWrapper.getBean(GenericScope.java:373)
		at org.springframework.cloud.context.scope.GenericScope.get(GenericScope.java:177)
		at org.springframework.beans.factory.support.AbstractBeanFactory.doGetBean(AbstractBeanFactory.java:369)
		at org.springframework.beans.factory.support.AbstractBeanFactory.getBean(AbstractBeanFactory.java:196)
		at org.springframework.aop.target.SimpleBeanTargetSource.getTarget(SimpleBeanTargetSource.java:35)
		at org.springframework.aop.framework.JdkDynamicAopProxy.invoke(JdkDynamicAopProxy.java:202)
		at jdk.proxy2/jdk.proxy2.$Proxy118.getApplications(Unknown Source)
		at org.springframework.cloud.netflix.eureka.EurekaDiscoveryClientConfiguration$EurekaClientConfigurationRefresher.onApplicationEvent(EurekaDiscoveryClientConfiguration.java:91)
		at org.springframework.cloud.netflix.eureka.EurekaDiscoveryClientConfiguration$EurekaClientConfigurationRefresher.onApplicationEvent(EurekaDiscoveryClientConfiguration.java:75)
		at org.springframework.context.event.SimpleApplicationEventMulticaster.doInvokeListener(SimpleApplicationEventMulticaster.java:180)
		at org.springframework.context.event.SimpleApplicationEventMulticaster.invokeListener(SimpleApplicationEventMulticaster.java:173)
		at org.springframework.context.event.SimpleApplicationEventMulticaster.multicastEvent(SimpleApplicationEventMulticaster.java:151)
		at org.springframework.context.support.AbstractApplicationContext.publishEvent(AbstractApplicationContext.java:448)
		at org.springframework.context.support.AbstractApplicationContext.publishEvent(AbstractApplicationContext.java:381)
		at org.springframework.cloud.context.scope.refresh.RefreshScope.refreshAll(RefreshScope.java:169)
		at org.springframework.cloud.context.refresh.ContextRefresher.refresh(ContextRefresher.java:95)
		at org.springframework.cloud.bus.event.RefreshListener.onApplicationEvent(RefreshListener.java:49)
		at org.springframework.cloud.bus.event.RefreshListener.onApplicationEvent(RefreshListener.java:32)
		at org.springframework.context.event.SimpleApplicationEventMulticaster.doInvokeListener(SimpleApplicationEventMulticaster.java:180)
		at org.springframework.context.event.SimpleApplicationEventMulticaster.invokeListener(SimpleApplicationEventMulticaster.java:173)
		at org.springframework.context.event.SimpleApplicationEventMulticaster.multicastEvent(SimpleApplicationEventMulticaster.java:151)
		at org.springframework.context.support.AbstractApplicationContext.publishEvent(AbstractApplicationContext.java:448)
		at org.springframework.context.support.AbstractApplicationContext.publishEvent(AbstractApplicationContext.java:381)
		at org.springframework.cloud.bus.BusConsumer.accept(BusConsumer.java:71)
		at org.springframework.cloud.bus.BusConsumer.accept(BusConsumer.java:31)
		at org.springframework.cloud.function.context.catalog.SimpleFunctionRegistry$FunctionInvocationWrapper.invokeConsumer(SimpleFunctionRegistry.java:1129)
		at org.springframework.cloud.function.context.catalog.SimpleFunctionRegistry$FunctionInvocationWrapper.doApply(SimpleFunctionRegistry.java:829)
		at org.springframework.cloud.function.context.catalog.SimpleFunctionRegistry$FunctionInvocationWrapper.apply(SimpleFunctionRegistry.java:656)
		at org.springframework.cloud.function.observability.ObservationFunctionAroundWrapper.lambda$nonReactorStream$0(ObservationFunctionAroundWrapper.java:50)
		at io.micrometer.observation.Observation.observe(Observation.java:634)
		at org.springframework.cloud.function.observability.ObservationFunctionAroundWrapper.nonReactorStream(ObservationFunctionAroundWrapper.java:50)
		at org.springframework.cloud.function.observability.ObservationFunctionAroundWrapper.doApply(ObservationFunctionAroundWrapper.java:45)
		at org.springframework.cloud.function.context.catalog.FunctionAroundWrapper.apply(FunctionAroundWrapper.java:45)
		at org.springframework.cloud.function.context.catalog.SimpleFunctionRegistry$FunctionInvocationWrapper.apply(SimpleFunctionRegistry.java:653)
		at org.springframework.cloud.stream.function.PartitionAwareFunctionWrapper.apply(PartitionAwareFunctionWrapper.java:92)
		at org.springframework.cloud.stream.function.FunctionConfiguration$FunctionWrapper.apply(FunctionConfiguration.java:830)
		at org.springframework.cloud.stream.function.FunctionConfiguration$FunctionToDestinationBinder$1.handleMessageInternal(FunctionConfiguration.java:668)
		at org.springframework.integration.handler.AbstractMessageHandler.doHandleMessage(AbstractMessageHandler.java:102)
		... 32 more
	Caused by: org.springframework.beans.BeanInstantiationException: Failed to instantiate [com.netflix.discovery.EurekaClient]: Factory method 'eurekaClient' threw exception with message: java.lang.NullPointerException: Cannot invoke "Object.hashCode()" because "key" is null
		at org.springframework.beans.factory.support.SimpleInstantiationStrategy.lambda$instantiate$0(SimpleInstantiationStrategy.java:183)
		at org.springframework.beans.factory.support.SimpleInstantiationStrategy.instantiateWithFactoryMethod(SimpleInstantiationStrategy.java:72)
		at org.springframework.beans.factory.support.SimpleInstantiationStrategy.instantiate(SimpleInstantiationStrategy.java:152)
		at org.springframework.beans.factory.support.ConstructorResolver.instantiate(ConstructorResolver.java:653)
		... 76 more
	Caused by: java.lang.IllegalStateException: java.lang.NullPointerException: Cannot invoke "Object.hashCode()" because "key" is null
		at com.netflix.discovery.DiscoveryClient.<init>(DiscoveryClient.java:433)
		at com.netflix.discovery.DiscoveryClient.<init>(DiscoveryClient.java:254)
		at com.netflix.discovery.DiscoveryClient.<init>(DiscoveryClient.java:249)
		at org.springframework.cloud.netflix.eureka.CloudEurekaClient.<init>(CloudEurekaClient.java:68)
		at org.springframework.cloud.netflix.eureka.EurekaClientAutoConfiguration$RefreshableEurekaClientConfiguration.eurekaClient(EurekaClientAutoConfiguration.java:324)
		at java.base/jdk.internal.reflect.DirectMethodHandleAccessor.invoke(DirectMethodHandleAccessor.java:104)
		at java.base/java.lang.reflect.Method.invoke(Method.java:565)
		at org.springframework.beans.factory.support.SimpleInstantiationStrategy.lambda$instantiate$0(SimpleInstantiationStrategy.java:155)
		... 79 more
	Caused by: java.lang.NullPointerException: Cannot invoke "Object.hashCode()" because "key" is null
		at java.base/java.util.concurrent.ConcurrentHashMap.get(ConcurrentHashMap.java:948)
		at com.netflix.discovery.shared.Application.getByInstanceId(Application.java:181)
		at com.netflix.discovery.DiscoveryClient.updateInstanceRemoteStatus(DiscoveryClient.java:1006)
		at com.netflix.discovery.DiscoveryClient.fetchRegistry(DiscoveryClient.java:994)
		at com.netflix.discovery.DiscoveryClient.<init>(DiscoveryClient.java:419)
		... 86 more
Caused by: org.springframework.messaging.MessageHandlingException: error occurred in message handler [org.springframework.cloud.stream.function.FunctionConfiguration$FunctionToDestinationBinder$1@3b3cb408], failedMessage=GenericMessage [payload=byte[212], headers={amqp_receivedDeliveryMode=PERSISTENT, amqp_receivedExchange=springCloudBus, amqp_deliveryTag=1, deliveryAttempt=3, amqp_consumerQueue=springCloudBus.anonymous.F2X77IUrTzS0yI-HAS3Gew, amqp_redelivered=false, amqp_receivedRoutingKey=springCloudBus, amqp_timestamp=Fri Jul 24 13:53:57 IST 2026, amqp_messageId=6d7efbf3-b030-2cd9-80f7-30cc2509d9b8, amqp_retryCount=0, id=741ce57f-2ad3-bc24-9734-b781dfed6356, amqp_consumerTag=amq.ctag-PfoD7KUOMlQQqrzElbvNnQ, sourceData=(Body:'[B@769b1006(byte[212])' MessageProperties [headers={}, timestamp=Fri Jul 24 13:53:57 IST 2026, messageId=6d7efbf3-b030-2cd9-80f7-30cc2509d9b8, contentType=application/json, contentLength=0, receivedDeliveryMode=PERSISTENT, priority=0, redelivered=false, receivedExchange=springCloudBus, receivedRoutingKey=springCloudBus, deliveryTag=1, consumerTag=amq.ctag-PfoD7KUOMlQQqrzElbvNnQ, consumerQueue=springCloudBus.anonymous.F2X77IUrTzS0yI-HAS3Gew]), contentType=application/json, timestamp=1784881437527}]
	at org.springframework.integration.support.utils.IntegrationUtils.wrapInHandlingExceptionIfNecessary(IntegrationUtils.java:190)
	at org.springframework.integration.handler.AbstractMessageHandler.doHandleMessage(AbstractMessageHandler.java:105)
	at org.springframework.integration.handler.AbstractMessageHandler.handleMessage(AbstractMessageHandler.java:70)
	at org.springframework.integration.dispatcher.AbstractDispatcher.tryOptimizedDispatch(AbstractDispatcher.java:133)
	at org.springframework.integration.dispatcher.UnicastingDispatcher.doDispatch(UnicastingDispatcher.java:150)
	at org.springframework.integration.dispatcher.UnicastingDispatcher.dispatch(UnicastingDispatcher.java:123)
	at org.springframework.integration.channel.AbstractSubscribableChannel.doSend(AbstractSubscribableChannel.java:72)
	at org.springframework.integration.channel.AbstractMessageChannel.sendInternal(AbstractMessageChannel.java:438)
	at org.springframework.integration.channel.AbstractMessageChannel.sendWithMetrics(AbstractMessageChannel.java:409)
	at org.springframework.integration.channel.AbstractMessageChannel.send(AbstractMessageChannel.java:338)
	at org.springframework.integration.channel.AbstractMessageChannel.send(AbstractMessageChannel.java:310)
	at org.springframework.messaging.core.GenericMessagingTemplate.doSend(GenericMessagingTemplate.java:187)
	at org.springframework.messaging.core.GenericMessagingTemplate.doSend(GenericMessagingTemplate.java:166)
	at org.springframework.messaging.core.GenericMessagingTemplate.doSend(GenericMessagingTemplate.java:47)
	at org.springframework.messaging.core.AbstractMessageSendingTemplate.send(AbstractMessageSendingTemplate.java:108)
	at org.springframework.integration.endpoint.MessageProducerSupport.sendMessageWithTracking(MessageProducerSupport.java:278)
	at org.springframework.integration.endpoint.MessageProducerSupport.sendMessage(MessageProducerSupport.java:267)
	at org.springframework.integration.amqp.inbound.AmqpInboundChannelAdapter.access$000(AmqpInboundChannelAdapter.java:71)
	at org.springframework.integration.amqp.inbound.AmqpInboundChannelAdapter$Listener.lambda$onMessage$0(AmqpInboundChannelAdapter.java:407)
	at org.springframework.core.retry.RetryTemplate.execute(RetryTemplate.java:174)
	... 14 more
Caused by: org.springframework.beans.factory.BeanCreationException: Error creating bean with name 'scopedTarget.eurekaClient' defined in class path resource [org/springframework/cloud/netflix/eureka/EurekaClientAutoConfiguration$RefreshableEurekaClientConfiguration.class]: Failed to instantiate [com.netflix.discovery.EurekaClient]: Factory method 'eurekaClient' threw exception with message: java.lang.NullPointerException: Cannot invoke "Object.hashCode()" because "key" is null
	at org.springframework.beans.factory.support.ConstructorResolver.instantiate(ConstructorResolver.java:657)
	at org.springframework.beans.factory.support.ConstructorResolver.instantiateUsingFactoryMethod(ConstructorResolver.java:645)
	at org.springframework.beans.factory.support.AbstractAutowireCapableBeanFactory.instantiateUsingFactoryMethod(AbstractAutowireCapableBeanFactory.java:1360)
	at org.springframework.beans.factory.support.AbstractAutowireCapableBeanFactory.createBeanInstance(AbstractAutowireCapableBeanFactory.java:1192)
	at org.springframework.beans.factory.support.AbstractAutowireCapableBeanFactory.doCreateBean(AbstractAutowireCapableBeanFactory.java:565)
	at org.springframework.beans.factory.support.AbstractAutowireCapableBeanFactory.createBean(AbstractAutowireCapableBeanFactory.java:525)
	at org.springframework.beans.factory.support.AbstractBeanFactory.lambda$doGetBean$1(AbstractBeanFactory.java:372)
	at org.springframework.cloud.context.scope.GenericScope$BeanLifecycleWrapper.getBean(GenericScope.java:373)
	at org.springframework.cloud.context.scope.GenericScope.get(GenericScope.java:177)
	at org.springframework.beans.factory.support.AbstractBeanFactory.doGetBean(AbstractBeanFactory.java:369)
	at org.springframework.beans.factory.support.AbstractBeanFactory.getBean(AbstractBeanFactory.java:196)
	at org.springframework.aop.target.SimpleBeanTargetSource.getTarget(SimpleBeanTargetSource.java:35)
	at org.springframework.aop.framework.JdkDynamicAopProxy.invoke(JdkDynamicAopProxy.java:202)
	at jdk.proxy2/jdk.proxy2.$Proxy118.getApplications(Unknown Source)
	at org.springframework.cloud.netflix.eureka.EurekaDiscoveryClientConfiguration$EurekaClientConfigurationRefresher.onApplicationEvent(EurekaDiscoveryClientConfiguration.java:91)
	at org.springframework.cloud.netflix.eureka.EurekaDiscoveryClientConfiguration$EurekaClientConfigurationRefresher.onApplicationEvent(EurekaDiscoveryClientConfiguration.java:75)
	at org.springframework.context.event.SimpleApplicationEventMulticaster.doInvokeListener(SimpleApplicationEventMulticaster.java:180)
	at org.springframework.context.event.SimpleApplicationEventMulticaster.invokeListener(SimpleApplicationEventMulticaster.java:173)
	at org.springframework.context.event.SimpleApplicationEventMulticaster.multicastEvent(SimpleApplicationEventMulticaster.java:151)
	at org.springframework.context.support.AbstractApplicationContext.publishEvent(AbstractApplicationContext.java:448)
	at org.springframework.context.support.AbstractApplicationContext.publishEvent(AbstractApplicationContext.java:381)
	at org.springframework.cloud.context.scope.refresh.RefreshScope.refreshAll(RefreshScope.java:169)
	at org.springframework.cloud.context.refresh.ContextRefresher.refresh(ContextRefresher.java:95)
	at org.springframework.cloud.bus.event.RefreshListener.onApplicationEvent(RefreshListener.java:49)
	at org.springframework.cloud.bus.event.RefreshListener.onApplicationEvent(RefreshListener.java:32)
	at org.springframework.context.event.SimpleApplicationEventMulticaster.doInvokeListener(SimpleApplicationEventMulticaster.java:180)
	at org.springframework.context.event.SimpleApplicationEventMulticaster.invokeListener(SimpleApplicationEventMulticaster.java:173)
	at org.springframework.context.event.SimpleApplicationEventMulticaster.multicastEvent(SimpleApplicationEventMulticaster.java:151)
	at org.springframework.context.support.AbstractApplicationContext.publishEvent(AbstractApplicationContext.java:448)
	at org.springframework.context.support.AbstractApplicationContext.publishEvent(AbstractApplicationContext.java:381)
	at org.springframework.cloud.bus.BusConsumer.accept(BusConsumer.java:71)
	at org.springframework.cloud.bus.BusConsumer.accept(BusConsumer.java:31)
	at org.springframework.cloud.function.context.catalog.SimpleFunctionRegistry$FunctionInvocationWrapper.invokeConsumer(SimpleFunctionRegistry.java:1129)
	at org.springframework.cloud.function.context.catalog.SimpleFunctionRegistry$FunctionInvocationWrapper.doApply(SimpleFunctionRegistry.java:829)
	at org.springframework.cloud.function.context.catalog.SimpleFunctionRegistry$FunctionInvocationWrapper.apply(SimpleFunctionRegistry.java:656)
	at org.springframework.cloud.function.observability.ObservationFunctionAroundWrapper.lambda$nonReactorStream$0(ObservationFunctionAroundWrapper.java:50)
	at io.micrometer.observation.Observation.observe(Observation.java:634)
	at org.springframework.cloud.function.observability.ObservationFunctionAroundWrapper.nonReactorStream(ObservationFunctionAroundWrapper.java:50)
	at org.springframework.cloud.function.observability.ObservationFunctionAroundWrapper.doApply(ObservationFunctionAroundWrapper.java:45)
	at org.springframework.cloud.function.context.catalog.FunctionAroundWrapper.apply(FunctionAroundWrapper.java:45)
	at org.springframework.cloud.function.context.catalog.SimpleFunctionRegistry$FunctionInvocationWrapper.apply(SimpleFunctionRegistry.java:653)
	at org.springframework.cloud.stream.function.PartitionAwareFunctionWrapper.apply(PartitionAwareFunctionWrapper.java:92)
	at org.springframework.cloud.stream.function.FunctionConfiguration$FunctionWrapper.apply(FunctionConfiguration.java:830)
	at org.springframework.cloud.stream.function.FunctionConfiguration$FunctionToDestinationBinder$1.handleMessageInternal(FunctionConfiguration.java:668)
	at org.springframework.integration.handler.AbstractMessageHandler.doHandleMessage(AbstractMessageHandler.java:102)
	... 32 more
Caused by: org.springframework.beans.BeanInstantiationException: Failed to instantiate [com.netflix.discovery.EurekaClient]: Factory method 'eurekaClient' threw exception with message: java.lang.NullPointerException: Cannot invoke "Object.hashCode()" because "key" is null
	at org.springframework.beans.factory.support.SimpleInstantiationStrategy.lambda$instantiate$0(SimpleInstantiationStrategy.java:183)
	at org.springframework.beans.factory.support.SimpleInstantiationStrategy.instantiateWithFactoryMethod(SimpleInstantiationStrategy.java:72)
	at org.springframework.beans.factory.support.SimpleInstantiationStrategy.instantiate(SimpleInstantiationStrategy.java:152)
	at org.springframework.beans.factory.support.ConstructorResolver.instantiate(ConstructorResolver.java:653)
	... 76 more
Caused by: java.lang.IllegalStateException: java.lang.NullPointerException: Cannot invoke "Object.hashCode()" because "key" is null
	at com.netflix.discovery.DiscoveryClient.<init>(DiscoveryClient.java:433)
	at com.netflix.discovery.DiscoveryClient.<init>(DiscoveryClient.java:254)
	at com.netflix.discovery.DiscoveryClient.<init>(DiscoveryClient.java:249)
	at org.springframework.cloud.netflix.eureka.CloudEurekaClient.<init>(CloudEurekaClient.java:68)
	at org.springframework.cloud.netflix.eureka.EurekaClientAutoConfiguration$RefreshableEurekaClientConfiguration.eurekaClient(EurekaClientAutoConfiguration.java:324)
	at java.base/jdk.internal.reflect.DirectMethodHandleAccessor.invoke(DirectMethodHandleAccessor.java:104)
	at java.base/java.lang.reflect.Method.invoke(Method.java:565)
	at org.springframework.beans.factory.support.SimpleInstantiationStrategy.lambda$instantiate$0(SimpleInstantiationStrategy.java:155)
	... 79 more
Caused by: java.lang.NullPointerException: Cannot invoke "Object.hashCode()" because "key" is null
	at java.base/java.util.concurrent.ConcurrentHashMap.get(ConcurrentHashMap.java:948)
	at com.netflix.discovery.shared.Application.getByInstanceId(Application.java:181)
	at com.netflix.discovery.DiscoveryClient.updateInstanceRemoteStatus(DiscoveryClient.java:1006)
	at com.netflix.discovery.DiscoveryClient.fetchRegistry(DiscoveryClient.java:994)
	at com.netflix.discovery.DiscoveryClient.<init>(DiscoveryClient.java:419)
	... 86 more

2026-07-24T13:54:03.893+05:30  INFO 19840 --- [UserModule] [springCloudBus.anonymous.F2X77IUrTzS0yI-HAS3Gew-1] o.s.a.r.c.CachingConnectionFactory       : Attempting to connect to: [localhost:5672]
2026-07-24T13:54:03.896+05:30  INFO 19840 --- [UserModule] [springCloudBus.anonymous.F2X77IUrTzS0yI-HAS3Gew-1] o.s.a.r.c.CachingConnectionFactory       : Created new connection: rabbitConnectionFactory.publisher#78e50eac:0/SimpleConnection@75b5a87a [delegate=amqp://guest@127.0.0.1:5672/, localPort=46510]
2026-07-24T13:54:03.899+05:30  INFO 19840 --- [UserModule] [springCloudBus.anonymous.F2X77IUrTzS0yI-HAS3Gew-1] o.s.amqp.rabbit.core.RabbitAdmin         : Auto-declaring a non-durable, auto-delete, or exclusive Queue (springCloudBus.anonymous.F2X77IUrTzS0yI-HAS3Gew) durable:false, auto-delete:true, exclusive:true. It will be redeclared if the broker stops and is restarted while the connection factory is alive, but all messages will be lost.
2026-07-24T13:54:03.907+05:30  WARN 19840 --- [UserModule] [springCloudBus.anonymous.F2X77IUrTzS0yI-HAS3Gew-1] o.s.c.s.b.r.RabbitMessageChannelBinder   : 'republishToDlq' is true, but the 'DLX' dead letter exchange is not present; disabling 'republishToDlq'
2026-07-24T13:54:08.673+05:30  INFO 19840 --- [UserModule] [springCloudBus.anonymous.F2X77IUrTzS0yI-HAS3Gew-1] o.s.cloud.bus.event.RefreshListener      : Received remote refresh request.
2026-07-24T13:54:08.682+05:30  INFO 19840 --- [UserModule] [springCloudBus.anonymous.F2X77IUrTzS0yI-HAS3Gew-1] o.s.c.c.c.ConfigServerConfigDataLoader   : Fetching config from server at : http://localhost:8888
2026-07-24T13:54:08.691+05:30  INFO 19840 --- [UserModule] [springCloudBus.anonymous.F2X77IUrTzS0yI-HAS3Gew-1] o.s.c.c.c.ConfigServerConfigDataLoader   : Located environment: name=UserModule, profiles=[default], label=null, version=null, state=null
2026-07-24T13:54:08.697+05:30  INFO 19840 --- [UserModule] [springCloudBus.anonymous.F2X77IUrTzS0yI-HAS3Gew-1] o.s.c.c.c.ConfigServerConfigDataLoader   : Fetching config from server at : http://localhost:8888
2026-07-24T13:54:08.708+05:30  INFO 19840 --- [UserModule] [springCloudBus.anonymous.F2X77IUrTzS0yI-HAS3Gew-1] o.s.c.c.c.ConfigServerConfigDataLoader   : Located environment: name=UserModule, profiles=[dev], label=null, version=null, state=null
2026-07-24T13:54:08.792+05:30  WARN 19840 --- [UserModule] [springCloudBus.anonymous.F2X77IUrTzS0yI-HAS3Gew-1] com.netflix.appinfo.InstanceInfo         : Passed in hostname is blank, not setting it
2026-07-24T13:54:08.793+05:30  INFO 19840 --- [UserModule] [springCloudBus.anonymous.F2X77IUrTzS0yI-HAS3Gew-1] o.s.c.n.eureka.InstanceInfoFactory       : Setting initial instance status as: STARTING
2026-07-24T13:54:08.794+05:30  INFO 19840 --- [UserModule] [springCloudBus.anonymous.F2X77IUrTzS0yI-HAS3Gew-1] com.netflix.discovery.DiscoveryClient    : Initializing Eureka in region us-east-1
2026-07-24T13:54:08.795+05:30  INFO 19840 --- [UserModule] [springCloudBus.anonymous.F2X77IUrTzS0yI-HAS3Gew-1] c.n.d.s.r.aws.ConfigClusterResolver      : Resolving eureka endpoints via configuration
2026-07-24T13:54:08.795+05:30  INFO 19840 --- [UserModule] [springCloudBus.anonymous.F2X77IUrTzS0yI-HAS3Gew-1] com.netflix.discovery.DiscoveryClient    : Disable delta property : false
2026-07-24T13:54:08.795+05:30  INFO 19840 --- [UserModule] [springCloudBus.anonymous.F2X77IUrTzS0yI-HAS3Gew-1] com.netflix.discovery.DiscoveryClient    : Single vip registry refresh property : null
2026-07-24T13:54:08.795+05:30  INFO 19840 --- [UserModule] [springCloudBus.anonymous.F2X77IUrTzS0yI-HAS3Gew-1] com.netflix.discovery.DiscoveryClient    : Force full registry fetch : false
2026-07-24T13:54:08.795+05:30  INFO 19840 --- [UserModule] [springCloudBus.anonymous.F2X77IUrTzS0yI-HAS3Gew-1] com.netflix.discovery.DiscoveryClient    : Application is null : false
2026-07-24T13:54:08.795+05:30  INFO 19840 --- [UserModule] [springCloudBus.anonymous.F2X77IUrTzS0yI-HAS3Gew-1] com.netflix.discovery.DiscoveryClient    : Registered Applications size is zero : true
2026-07-24T13:54:08.795+05:30  INFO 19840 --- [UserModule] [springCloudBus.anonymous.F2X77IUrTzS0yI-HAS3Gew-1] com.netflix.discovery.DiscoveryClient    : Application version is -1: true
2026-07-24T13:54:08.795+05:30  INFO 19840 --- [UserModule] [springCloudBus.anonymous.F2X77IUrTzS0yI-HAS3Gew-1] com.netflix.discovery.DiscoveryClient    : Getting all instance registry info from the eureka server
2026-07-24T13:54:08.808+05:30  INFO 19840 --- [UserModule] [springCloudBus.anonymous.F2X77IUrTzS0yI-HAS3Gew-1] com.netflix.discovery.DiscoveryClient    : The response status is 200
2026-07-24T13:54:08.816+05:30 ERROR 19840 --- [UserModule] [springCloudBus.anonymous.F2X77IUrTzS0yI-HAS3Gew-1] com.netflix.discovery.DiscoveryClient    : Fetch registry error at startup: Cannot invoke "Object.hashCode()" because "key" is null
2026-07-24T13:54:09.821+05:30  INFO 19840 --- [UserModule] [springCloudBus.anonymous.F2X77IUrTzS0yI-HAS3Gew-1] o.s.cloud.bus.event.RefreshListener      : Received remote refresh request.
2026-07-24T13:54:09.831+05:30  INFO 19840 --- [UserModule] [springCloudBus.anonymous.F2X77IUrTzS0yI-HAS3Gew-1] o.s.c.c.c.ConfigServerConfigDataLoader   : Fetching config from server at : http://localhost:8888
2026-07-24T13:54:09.838+05:30  INFO 19840 --- [UserModule] [springCloudBus.anonymous.F2X77IUrTzS0yI-HAS3Gew-1] o.s.c.c.c.ConfigServerConfigDataLoader   : Located environment: name=UserModule, profiles=[default], label=null, version=null, state=null
2026-07-24T13:54:09.843+05:30  INFO 19840 --- [UserModule] [springCloudBus.anonymous.F2X77IUrTzS0yI-HAS3Gew-1] o.s.c.c.c.ConfigServerConfigDataLoader   : Fetching config from server at : http://localhost:8888
2026-07-24T13:54:09.854+05:30  INFO 19840 --- [UserModule] [springCloudBus.anonymous.F2X77IUrTzS0yI-HAS3Gew-1] o.s.c.c.c.ConfigServerConfigDataLoader   : Located environment: name=UserModule, profiles=[dev], label=null, version=null, state=null
2026-07-24T13:54:09.886+05:30  WARN 19840 --- [UserModule] [springCloudBus.anonymous.F2X77IUrTzS0yI-HAS3Gew-1] com.netflix.appinfo.InstanceInfo         : Passed in hostname is blank, not setting it
2026-07-24T13:54:09.886+05:30  INFO 19840 --- [UserModule] [springCloudBus.anonymous.F2X77IUrTzS0yI-HAS3Gew-1] o.s.c.n.eureka.InstanceInfoFactory       : Setting initial instance status as: STARTING
2026-07-24T13:54:09.887+05:30  INFO 19840 --- [UserModule] [springCloudBus.anonymous.F2X77IUrTzS0yI-HAS3Gew-1] com.netflix.discovery.DiscoveryClient    : Initializing Eureka in region us-east-1
2026-07-24T13:54:09.887+05:30  INFO 19840 --- [UserModule] [springCloudBus.anonymous.F2X77IUrTzS0yI-HAS3Gew-1] c.n.d.s.r.aws.ConfigClusterResolver      : Resolving eureka endpoints via configuration
2026-07-24T13:54:09.887+05:30  INFO 19840 --- [UserModule] [springCloudBus.anonymous.F2X77IUrTzS0yI-HAS3Gew-1] com.netflix.discovery.DiscoveryClient    : Disable delta property : false
2026-07-24T13:54:09.887+05:30  INFO 19840 --- [UserModule] [springCloudBus.anonymous.F2X77IUrTzS0yI-HAS3Gew-1] com.netflix.discovery.DiscoveryClient    : Single vip registry refresh property : null
2026-07-24T13:54:09.887+05:30  INFO 19840 --- [UserModule] [springCloudBus.anonymous.F2X77IUrTzS0yI-HAS3Gew-1] com.netflix.discovery.DiscoveryClient    : Force full registry fetch : false
2026-07-24T13:54:09.887+05:30  INFO 19840 --- [UserModule] [springCloudBus.anonymous.F2X77IUrTzS0yI-HAS3Gew-1] com.netflix.discovery.DiscoveryClient    : Application is null : false
2026-07-24T13:54:09.887+05:30  INFO 19840 --- [UserModule] [springCloudBus.anonymous.F2X77IUrTzS0yI-HAS3Gew-1] com.netflix.discovery.DiscoveryClient    : Registered Applications size is zero : true
2026-07-24T13:54:09.887+05:30  INFO 19840 --- [UserModule] [springCloudBus.anonymous.F2X77IUrTzS0yI-HAS3Gew-1] com.netflix.discovery.DiscoveryClient    : Application version is -1: true
2026-07-24T13:54:09.887+05:30  INFO 19840 --- [UserModule] [springCloudBus.anonymous.F2X77IUrTzS0yI-HAS3Gew-1] com.netflix.discovery.DiscoveryClient    : Getting all instance registry info from the eureka server
2026-07-24T13:54:09.897+05:30  INFO 19840 --- [UserModule] [springCloudBus.anonymous.F2X77IUrTzS0yI-HAS3Gew-1] com.netflix.discovery.DiscoveryClient    : The response status is 200
2026-07-24T13:54:09.897+05:30 ERROR 19840 --- [UserModule] [springCloudBus.anonymous.F2X77IUrTzS0yI-HAS3Gew-1] com.netflix.discovery.DiscoveryClient    : Fetch registry error at startup: Cannot invoke "Object.hashCode()" because "key" is null
2026-07-24T13:54:11.899+05:30  INFO 19840 --- [UserModule] [springCloudBus.anonymous.F2X77IUrTzS0yI-HAS3Gew-1] o.s.cloud.bus.event.RefreshListener      : Received remote refresh request.
2026-07-24T13:54:11.905+05:30  INFO 19840 --- [UserModule] [springCloudBus.anonymous.F2X77IUrTzS0yI-HAS3Gew-1] o.s.c.c.c.ConfigServerConfigDataLoader   : Fetching config from server at : http://localhost:8888
2026-07-24T13:54:11.913+05:30  INFO 19840 --- [UserModule] [springCloudBus.anonymous.F2X77IUrTzS0yI-HAS3Gew-1] o.s.c.c.c.ConfigServerConfigDataLoader   : Located environment: name=UserModule, profiles=[default], label=null, version=null, state=null
2026-07-24T13:54:11.918+05:30  INFO 19840 --- [UserModule] [springCloudBus.anonymous.F2X77IUrTzS0yI-HAS3Gew-1] o.s.c.c.c.ConfigServerConfigDataLoader   : Fetching config from server at : http://localhost:8888
2026-07-24T13:54:11.930+05:30  INFO 19840 --- [UserModule] [springCloudBus.anonymous.F2X77IUrTzS0yI-HAS3Gew-1] o.s.c.c.c.ConfigServerConfigDataLoader   : Located environment: name=UserModule, profiles=[dev], label=null, version=null, state=null
2026-07-24T13:54:11.967+05:30  WARN 19840 --- [UserModule] [springCloudBus.anonymous.F2X77IUrTzS0yI-HAS3Gew-1] com.netflix.appinfo.InstanceInfo         : Passed in hostname is blank, not setting it
2026-07-24T13:54:11.968+05:30  INFO 19840 --- [UserModule] [springCloudBus.anonymous.F2X77IUrTzS0yI-HAS3Gew-1] o.s.c.n.eureka.InstanceInfoFactory       : Setting initial instance status as: STARTING
2026-07-24T13:54:11.968+05:30  INFO 19840 --- [UserModule] [springCloudBus.anonymous.F2X77IUrTzS0yI-HAS3Gew-1] com.netflix.discovery.DiscoveryClient    : Initializing Eureka in region us-east-1
2026-07-24T13:54:11.968+05:30  INFO 19840 --- [UserModule] [springCloudBus.anonymous.F2X77IUrTzS0yI-HAS3Gew-1] c.n.d.s.r.aws.ConfigClusterResolver      : Resolving eureka endpoints via configuration
2026-07-24T13:54:11.968+05:30  INFO 19840 --- [UserModule] [springCloudBus.anonymous.F2X77IUrTzS0yI-HAS3Gew-1] com.netflix.discovery.DiscoveryClient    : Disable delta property : false
2026-07-24T13:54:11.968+05:30  INFO 19840 --- [UserModule] [springCloudBus.anonymous.F2X77IUrTzS0yI-HAS3Gew-1] com.netflix.discovery.DiscoveryClient    : Single vip registry refresh property : null
2026-07-24T13:54:11.968+05:30  INFO 19840 --- [UserModule] [springCloudBus.anonymous.F2X77IUrTzS0yI-HAS3Gew-1] com.netflix.discovery.DiscoveryClient    : Force full registry fetch : false
2026-07-24T13:54:11.968+05:30  INFO 19840 --- [UserModule] [springCloudBus.anonymous.F2X77IUrTzS0yI-HAS3Gew-1] com.netflix.discovery.DiscoveryClient    : Application is null : false
2026-07-24T13:54:11.968+05:30  INFO 19840 --- [UserModule] [springCloudBus.anonymous.F2X77IUrTzS0yI-HAS3Gew-1] com.netflix.discovery.DiscoveryClient    : Registered Applications size is zero : true
2026-07-24T13:54:11.968+05:30  INFO 19840 --- [UserModule] [springCloudBus.anonymous.F2X77IUrTzS0yI-HAS3Gew-1] com.netflix.discovery.DiscoveryClient    : Application version is -1: true
2026-07-24T13:54:11.968+05:30  INFO 19840 --- [UserModule] [springCloudBus.anonymous.F2X77IUrTzS0yI-HAS3Gew-1] com.netflix.discovery.DiscoveryClient    : Getting all instance registry info from the eureka server
2026-07-24T13:54:11.979+05:30  INFO 19840 --- [UserModule] [springCloudBus.anonymous.F2X77IUrTzS0yI-HAS3Gew-1] com.netflix.discovery.DiscoveryClient    : The response status is 200
2026-07-24T13:54:11.979+05:30 ERROR 19840 --- [UserModule] [springCloudBus.anonymous.F2X77IUrTzS0yI-HAS3Gew-1] com.netflix.discovery.DiscoveryClient    : Fetch registry error at startup: Cannot invoke "Object.hashCode()" because "key" is null
2026-07-24T13:54:11.981+05:30 ERROR 19840 --- [UserModule] [springCloudBus.anonymous.F2X77IUrTzS0yI-HAS3Gew-1] o.s.integration.handler.LoggingHandler   : org.springframework.messaging.MessagingException: Retry policy for operation 'org.springframework.integration.amqp.inbound.AmqpInboundChannelAdapter$Listener$$Lambda/0x0000000010b64258' exhausted; aborting execution
	at org.springframework.integration.core.ErrorMessagePublisher.determinePayload(ErrorMessagePublisher.java:186)
	at org.springframework.integration.core.ErrorMessagePublisher.publish(ErrorMessagePublisher.java:162)
	at org.springframework.integration.handler.advice.ErrorMessageSendingRecoverer.recover(ErrorMessageSendingRecoverer.java:79)
	at org.springframework.integration.amqp.inbound.AmqpInboundChannelAdapter$Listener.onMessage(AmqpInboundChannelAdapter.java:413)
	at org.springframework.amqp.rabbit.listener.AbstractMessageListenerContainer.doInvokeListener(AbstractMessageListenerContainer.java:1691)
	at org.springframework.amqp.rabbit.listener.AbstractMessageListenerContainer.actualInvokeListener(AbstractMessageListenerContainer.java:1620)
	at org.springframework.amqp.rabbit.listener.AbstractMessageListenerContainer.invokeListener(AbstractMessageListenerContainer.java:1603)
	at org.springframework.amqp.rabbit.listener.AbstractMessageListenerContainer.doExecuteListener(AbstractMessageListenerContainer.java:1594)
	at org.springframework.amqp.rabbit.listener.AbstractMessageListenerContainer.executeListenerAndHandleException(AbstractMessageListenerContainer.java:1541)
	at org.springframework.amqp.rabbit.listener.AbstractMessageListenerContainer.lambda$executeListener$1(AbstractMessageListenerContainer.java:1519)
	at io.micrometer.observation.Observation.observe(Observation.java:569)
	at org.springframework.amqp.rabbit.listener.AbstractMessageListenerContainer.executeListener(AbstractMessageListenerContainer.java:1519)
	at org.springframework.amqp.rabbit.listener.SimpleMessageListenerContainer.doReceiveAndExecute(SimpleMessageListenerContainer.java:1158)
	at org.springframework.amqp.rabbit.listener.SimpleMessageListenerContainer.receiveAndExecute(SimpleMessageListenerContainer.java:1103)
	at org.springframework.amqp.rabbit.listener.SimpleMessageListenerContainer$AsyncMessageProcessingConsumer.mainLoop(SimpleMessageListenerContainer.java:1511)
	at org.springframework.amqp.rabbit.listener.SimpleMessageListenerContainer$AsyncMessageProcessingConsumer.run(SimpleMessageListenerContainer.java:1405)
	at java.base/java.lang.Thread.run(Thread.java:1474)
Caused by: org.springframework.core.retry.RetryException: Retry policy for operation 'org.springframework.integration.amqp.inbound.AmqpInboundChannelAdapter$Listener$$Lambda/0x0000000010b64258' exhausted; aborting execution
	at org.springframework.core.retry.RetryTemplate.execute(RetryTemplate.java:197)
	at org.springframework.integration.amqp.inbound.AmqpInboundChannelAdapter$Listener.onMessage(AmqpInboundChannelAdapter.java:400)
	... 13 more
	Suppressed: org.springframework.messaging.MessageHandlingException: error occurred in message handler [org.springframework.cloud.stream.function.FunctionConfiguration$FunctionToDestinationBinder$1@3b3cb408], failedMessage=GenericMessage [payload=byte[212], headers={amqp_receivedDeliveryMode=PERSISTENT, amqp_receivedExchange=springCloudBus, amqp_deliveryTag=3, deliveryAttempt=3, amqp_consumerQueue=springCloudBus.anonymous.F2X77IUrTzS0yI-HAS3Gew, amqp_redelivered=false, amqp_receivedRoutingKey=springCloudBus, amqp_timestamp=Fri Jul 24 13:54:08 IST 2026, amqp_messageId=a191bc9c-6a9b-f839-8552-ffd6fa725e55, amqp_retryCount=0, id=0ba7dd7e-9e50-b8ec-f354-2dd79e21ff0b, amqp_consumerTag=amq.ctag-PfoD7KUOMlQQqrzElbvNnQ, sourceData=(Body:'[B@1e297e93(byte[212])' MessageProperties [headers={}, timestamp=Fri Jul 24 13:54:08 IST 2026, messageId=a191bc9c-6a9b-f839-8552-ffd6fa725e55, contentType=application/json, contentLength=0, receivedDeliveryMode=PERSISTENT, priority=0, redelivered=false, receivedExchange=springCloudBus, receivedRoutingKey=springCloudBus, deliveryTag=3, consumerTag=amq.ctag-PfoD7KUOMlQQqrzElbvNnQ, consumerQueue=springCloudBus.anonymous.F2X77IUrTzS0yI-HAS3Gew]), contentType=application/json, timestamp=1784881448670}]
		at org.springframework.integration.support.utils.IntegrationUtils.wrapInHandlingExceptionIfNecessary(IntegrationUtils.java:190)
		at org.springframework.integration.handler.AbstractMessageHandler.doHandleMessage(AbstractMessageHandler.java:105)
		at org.springframework.integration.handler.AbstractMessageHandler.handleMessage(AbstractMessageHandler.java:70)
		at org.springframework.integration.dispatcher.AbstractDispatcher.tryOptimizedDispatch(AbstractDispatcher.java:133)
		at org.springframework.integration.dispatcher.UnicastingDispatcher.doDispatch(UnicastingDispatcher.java:150)
		at org.springframework.integration.dispatcher.UnicastingDispatcher.dispatch(UnicastingDispatcher.java:123)
		at org.springframework.integration.channel.AbstractSubscribableChannel.doSend(AbstractSubscribableChannel.java:72)
		at org.springframework.integration.channel.AbstractMessageChannel.sendInternal(AbstractMessageChannel.java:438)
		at org.springframework.integration.channel.AbstractMessageChannel.sendWithMetrics(AbstractMessageChannel.java:409)
		at org.springframework.integration.channel.AbstractMessageChannel.send(AbstractMessageChannel.java:338)
		at org.springframework.integration.channel.AbstractMessageChannel.send(AbstractMessageChannel.java:310)
		at org.springframework.messaging.core.GenericMessagingTemplate.doSend(GenericMessagingTemplate.java:187)
		at org.springframework.messaging.core.GenericMessagingTemplate.doSend(GenericMessagingTemplate.java:166)
		at org.springframework.messaging.core.GenericMessagingTemplate.doSend(GenericMessagingTemplate.java:47)
		at org.springframework.messaging.core.AbstractMessageSendingTemplate.send(AbstractMessageSendingTemplate.java:108)
		at org.springframework.integration.endpoint.MessageProducerSupport.sendMessageWithTracking(MessageProducerSupport.java:278)
		at org.springframework.integration.endpoint.MessageProducerSupport.sendMessage(MessageProducerSupport.java:267)
		at org.springframework.integration.amqp.inbound.AmqpInboundChannelAdapter.access$000(AmqpInboundChannelAdapter.java:71)
		at org.springframework.integration.amqp.inbound.AmqpInboundChannelAdapter$Listener.lambda$onMessage$0(AmqpInboundChannelAdapter.java:407)
		at org.springframework.core.retry.RetryTemplate.execute(RetryTemplate.java:135)
		... 14 more
	Caused by: org.springframework.beans.factory.BeanCreationException: Error creating bean with name 'scopedTarget.eurekaClient' defined in class path resource [org/springframework/cloud/netflix/eureka/EurekaClientAutoConfiguration$RefreshableEurekaClientConfiguration.class]: Failed to instantiate [com.netflix.discovery.EurekaClient]: Factory method 'eurekaClient' threw exception with message: java.lang.NullPointerException: Cannot invoke "Object.hashCode()" because "key" is null
		at org.springframework.beans.factory.support.ConstructorResolver.instantiate(ConstructorResolver.java:657)
		at org.springframework.beans.factory.support.ConstructorResolver.instantiateUsingFactoryMethod(ConstructorResolver.java:645)
		at org.springframework.beans.factory.support.AbstractAutowireCapableBeanFactory.instantiateUsingFactoryMethod(AbstractAutowireCapableBeanFactory.java:1360)
		at org.springframework.beans.factory.support.AbstractAutowireCapableBeanFactory.createBeanInstance(AbstractAutowireCapableBeanFactory.java:1192)
		at org.springframework.beans.factory.support.AbstractAutowireCapableBeanFactory.doCreateBean(AbstractAutowireCapableBeanFactory.java:565)
		at org.springframework.beans.factory.support.AbstractAutowireCapableBeanFactory.createBean(AbstractAutowireCapableBeanFactory.java:525)
		at org.springframework.beans.factory.support.AbstractBeanFactory.lambda$doGetBean$1(AbstractBeanFactory.java:372)
		at org.springframework.cloud.context.scope.GenericScope$BeanLifecycleWrapper.getBean(GenericScope.java:373)
		at org.springframework.cloud.context.scope.GenericScope.get(GenericScope.java:177)
		at org.springframework.beans.factory.support.AbstractBeanFactory.doGetBean(AbstractBeanFactory.java:369)
		at org.springframework.beans.factory.support.AbstractBeanFactory.getBean(AbstractBeanFactory.java:196)
		at org.springframework.aop.target.SimpleBeanTargetSource.getTarget(SimpleBeanTargetSource.java:35)
		at org.springframework.aop.framework.JdkDynamicAopProxy.invoke(JdkDynamicAopProxy.java:202)
		at jdk.proxy2/jdk.proxy2.$Proxy118.getApplications(Unknown Source)
		at org.springframework.cloud.netflix.eureka.EurekaDiscoveryClientConfiguration$EurekaClientConfigurationRefresher.onApplicationEvent(EurekaDiscoveryClientConfiguration.java:91)
		at org.springframework.cloud.netflix.eureka.EurekaDiscoveryClientConfiguration$EurekaClientConfigurationRefresher.onApplicationEvent(EurekaDiscoveryClientConfiguration.java:75)
		at org.springframework.context.event.SimpleApplicationEventMulticaster.doInvokeListener(SimpleApplicationEventMulticaster.java:180)
		at org.springframework.context.event.SimpleApplicationEventMulticaster.invokeListener(SimpleApplicationEventMulticaster.java:173)
		at org.springframework.context.event.SimpleApplicationEventMulticaster.multicastEvent(SimpleApplicationEventMulticaster.java:151)
		at org.springframework.context.support.AbstractApplicationContext.publishEvent(AbstractApplicationContext.java:448)
		at org.springframework.context.support.AbstractApplicationContext.publishEvent(AbstractApplicationContext.java:381)
		at org.springframework.cloud.context.scope.refresh.RefreshScope.refreshAll(RefreshScope.java:169)
		at org.springframework.cloud.context.refresh.ContextRefresher.refresh(ContextRefresher.java:95)
		at org.springframework.cloud.bus.event.RefreshListener.onApplicationEvent(RefreshListener.java:49)
		at org.springframework.cloud.bus.event.RefreshListener.onApplicationEvent(RefreshListener.java:32)
		at org.springframework.context.event.SimpleApplicationEventMulticaster.doInvokeListener(SimpleApplicationEventMulticaster.java:180)
		at org.springframework.context.event.SimpleApplicationEventMulticaster.invokeListener(SimpleApplicationEventMulticaster.java:173)
		at org.springframework.context.event.SimpleApplicationEventMulticaster.multicastEvent(SimpleApplicationEventMulticaster.java:151)
		at org.springframework.context.support.AbstractApplicationContext.publishEvent(AbstractApplicationContext.java:448)
		at org.springframework.context.support.AbstractApplicationContext.publishEvent(AbstractApplicationContext.java:381)
		at org.springframework.cloud.bus.BusConsumer.accept(BusConsumer.java:71)
		at org.springframework.cloud.bus.BusConsumer.accept(BusConsumer.java:31)
		at org.springframework.cloud.function.context.catalog.SimpleFunctionRegistry$FunctionInvocationWrapper.invokeConsumer(SimpleFunctionRegistry.java:1129)
		at org.springframework.cloud.function.context.catalog.SimpleFunctionRegistry$FunctionInvocationWrapper.doApply(SimpleFunctionRegistry.java:829)
		at org.springframework.cloud.function.context.catalog.SimpleFunctionRegistry$FunctionInvocationWrapper.apply(SimpleFunctionRegistry.java:656)
		at org.springframework.cloud.function.observability.ObservationFunctionAroundWrapper.lambda$nonReactorStream$0(ObservationFunctionAroundWrapper.java:50)
		at io.micrometer.observation.Observation.observe(Observation.java:634)
		at org.springframework.cloud.function.observability.ObservationFunctionAroundWrapper.nonReactorStream(ObservationFunctionAroundWrapper.java:50)
		at org.springframework.cloud.function.observability.ObservationFunctionAroundWrapper.doApply(ObservationFunctionAroundWrapper.java:45)
		at org.springframework.cloud.function.context.catalog.FunctionAroundWrapper.apply(FunctionAroundWrapper.java:45)
		at org.springframework.cloud.function.context.catalog.SimpleFunctionRegistry$FunctionInvocationWrapper.apply(SimpleFunctionRegistry.java:653)
		at org.springframework.cloud.stream.function.PartitionAwareFunctionWrapper.apply(PartitionAwareFunctionWrapper.java:92)
		at org.springframework.cloud.stream.function.FunctionConfiguration$FunctionWrapper.apply(FunctionConfiguration.java:830)
		at org.springframework.cloud.stream.function.FunctionConfiguration$FunctionToDestinationBinder$1.handleMessageInternal(FunctionConfiguration.java:668)
		at org.springframework.integration.handler.AbstractMessageHandler.doHandleMessage(AbstractMessageHandler.java:102)
		... 32 more
	Caused by: org.springframework.beans.BeanInstantiationException: Failed to instantiate [com.netflix.discovery.EurekaClient]: Factory method 'eurekaClient' threw exception with message: java.lang.NullPointerException: Cannot invoke "Object.hashCode()" because "key" is null
		at org.springframework.beans.factory.support.SimpleInstantiationStrategy.lambda$instantiate$0(SimpleInstantiationStrategy.java:183)
		at org.springframework.beans.factory.support.SimpleInstantiationStrategy.instantiateWithFactoryMethod(SimpleInstantiationStrategy.java:72)
		at org.springframework.beans.factory.support.SimpleInstantiationStrategy.instantiate(SimpleInstantiationStrategy.java:152)
		at org.springframework.beans.factory.support.ConstructorResolver.instantiate(ConstructorResolver.java:653)
		... 76 more
	Caused by: java.lang.IllegalStateException: java.lang.NullPointerException: Cannot invoke "Object.hashCode()" because "key" is null
		at com.netflix.discovery.DiscoveryClient.<init>(DiscoveryClient.java:433)
		at com.netflix.discovery.DiscoveryClient.<init>(DiscoveryClient.java:254)
		at com.netflix.discovery.DiscoveryClient.<init>(DiscoveryClient.java:249)
		at org.springframework.cloud.netflix.eureka.CloudEurekaClient.<init>(CloudEurekaClient.java:68)
		at org.springframework.cloud.netflix.eureka.EurekaClientAutoConfiguration$RefreshableEurekaClientConfiguration.eurekaClient(EurekaClientAutoConfiguration.java:324)
		at java.base/jdk.internal.reflect.DirectMethodHandleAccessor.invoke(DirectMethodHandleAccessor.java:104)
		at java.base/java.lang.reflect.Method.invoke(Method.java:565)
		at org.springframework.beans.factory.support.SimpleInstantiationStrategy.lambda$instantiate$0(SimpleInstantiationStrategy.java:155)
		... 79 more
	Caused by: java.lang.NullPointerException: Cannot invoke "Object.hashCode()" because "key" is null
		at java.base/java.util.concurrent.ConcurrentHashMap.get(ConcurrentHashMap.java:948)
		at com.netflix.discovery.shared.Application.getByInstanceId(Application.java:181)
		at com.netflix.discovery.DiscoveryClient.updateInstanceRemoteStatus(DiscoveryClient.java:1006)
		at com.netflix.discovery.DiscoveryClient.fetchRegistry(DiscoveryClient.java:994)
		at com.netflix.discovery.DiscoveryClient.<init>(DiscoveryClient.java:419)
		... 86 more
	Suppressed: org.springframework.messaging.MessageHandlingException: error occurred in message handler [org.springframework.cloud.stream.function.FunctionConfiguration$FunctionToDestinationBinder$1@3b3cb408], failedMessage=GenericMessage [payload=byte[212], headers={amqp_receivedDeliveryMode=PERSISTENT, amqp_receivedExchange=springCloudBus, amqp_deliveryTag=3, deliveryAttempt=3, amqp_consumerQueue=springCloudBus.anonymous.F2X77IUrTzS0yI-HAS3Gew, amqp_redelivered=false, amqp_receivedRoutingKey=springCloudBus, amqp_timestamp=Fri Jul 24 13:54:08 IST 2026, amqp_messageId=a191bc9c-6a9b-f839-8552-ffd6fa725e55, amqp_retryCount=0, id=0ba7dd7e-9e50-b8ec-f354-2dd79e21ff0b, amqp_consumerTag=amq.ctag-PfoD7KUOMlQQqrzElbvNnQ, sourceData=(Body:'[B@1e297e93(byte[212])' MessageProperties [headers={}, timestamp=Fri Jul 24 13:54:08 IST 2026, messageId=a191bc9c-6a9b-f839-8552-ffd6fa725e55, contentType=application/json, contentLength=0, receivedDeliveryMode=PERSISTENT, priority=0, redelivered=false, receivedExchange=springCloudBus, receivedRoutingKey=springCloudBus, deliveryTag=3, consumerTag=amq.ctag-PfoD7KUOMlQQqrzElbvNnQ, consumerQueue=springCloudBus.anonymous.F2X77IUrTzS0yI-HAS3Gew]), contentType=application/json, timestamp=1784881448670}]
		at org.springframework.integration.support.utils.IntegrationUtils.wrapInHandlingExceptionIfNecessary(IntegrationUtils.java:190)
		at org.springframework.integration.handler.AbstractMessageHandler.doHandleMessage(AbstractMessageHandler.java:105)
		at org.springframework.integration.handler.AbstractMessageHandler.handleMessage(AbstractMessageHandler.java:70)
		at org.springframework.integration.dispatcher.AbstractDispatcher.tryOptimizedDispatch(AbstractDispatcher.java:133)
		at org.springframework.integration.dispatcher.UnicastingDispatcher.doDispatch(UnicastingDispatcher.java:150)
		at org.springframework.integration.dispatcher.UnicastingDispatcher.dispatch(UnicastingDispatcher.java:123)
		at org.springframework.integration.channel.AbstractSubscribableChannel.doSend(AbstractSubscribableChannel.java:72)
		at org.springframework.integration.channel.AbstractMessageChannel.sendInternal(AbstractMessageChannel.java:438)
		at org.springframework.integration.channel.AbstractMessageChannel.sendWithMetrics(AbstractMessageChannel.java:409)
		at org.springframework.integration.channel.AbstractMessageChannel.send(AbstractMessageChannel.java:338)
		at org.springframework.integration.channel.AbstractMessageChannel.send(AbstractMessageChannel.java:310)
		at org.springframework.messaging.core.GenericMessagingTemplate.doSend(GenericMessagingTemplate.java:187)
		at org.springframework.messaging.core.GenericMessagingTemplate.doSend(GenericMessagingTemplate.java:166)
		at org.springframework.messaging.core.GenericMessagingTemplate.doSend(GenericMessagingTemplate.java:47)
		at org.springframework.messaging.core.AbstractMessageSendingTemplate.send(AbstractMessageSendingTemplate.java:108)
		at org.springframework.integration.endpoint.MessageProducerSupport.sendMessageWithTracking(MessageProducerSupport.java:278)
		at org.springframework.integration.endpoint.MessageProducerSupport.sendMessage(MessageProducerSupport.java:267)
		at org.springframework.integration.amqp.inbound.AmqpInboundChannelAdapter.access$000(AmqpInboundChannelAdapter.java:71)
		at org.springframework.integration.amqp.inbound.AmqpInboundChannelAdapter$Listener.lambda$onMessage$0(AmqpInboundChannelAdapter.java:407)
		at org.springframework.core.retry.RetryTemplate.execute(RetryTemplate.java:174)
		... 14 more
	Caused by: org.springframework.beans.factory.BeanCreationException: Error creating bean with name 'scopedTarget.eurekaClient' defined in class path resource [org/springframework/cloud/netflix/eureka/EurekaClientAutoConfiguration$RefreshableEurekaClientConfiguration.class]: Failed to instantiate [com.netflix.discovery.EurekaClient]: Factory method 'eurekaClient' threw exception with message: java.lang.NullPointerException: Cannot invoke "Object.hashCode()" because "key" is null
		at org.springframework.beans.factory.support.ConstructorResolver.instantiate(ConstructorResolver.java:657)
		at org.springframework.beans.factory.support.ConstructorResolver.instantiateUsingFactoryMethod(ConstructorResolver.java:645)
		at org.springframework.beans.factory.support.AbstractAutowireCapableBeanFactory.instantiateUsingFactoryMethod(AbstractAutowireCapableBeanFactory.java:1360)
		at org.springframework.beans.factory.support.AbstractAutowireCapableBeanFactory.createBeanInstance(AbstractAutowireCapableBeanFactory.java:1192)
		at org.springframework.beans.factory.support.AbstractAutowireCapableBeanFactory.doCreateBean(AbstractAutowireCapableBeanFactory.java:565)
		at org.springframework.beans.factory.support.AbstractAutowireCapableBeanFactory.createBean(AbstractAutowireCapableBeanFactory.java:525)
		at org.springframework.beans.factory.support.AbstractBeanFactory.lambda$doGetBean$1(AbstractBeanFactory.java:372)
		at org.springframework.cloud.context.scope.GenericScope$BeanLifecycleWrapper.getBean(GenericScope.java:373)
		at org.springframework.cloud.context.scope.GenericScope.get(GenericScope.java:177)
		at org.springframework.beans.factory.support.AbstractBeanFactory.doGetBean(AbstractBeanFactory.java:369)
		at org.springframework.beans.factory.support.AbstractBeanFactory.getBean(AbstractBeanFactory.java:196)
		at org.springframework.aop.target.SimpleBeanTargetSource.getTarget(SimpleBeanTargetSource.java:35)
		at org.springframework.aop.framework.JdkDynamicAopProxy.invoke(JdkDynamicAopProxy.java:202)
		at jdk.proxy2/jdk.proxy2.$Proxy118.getApplications(Unknown Source)
		at org.springframework.cloud.netflix.eureka.EurekaDiscoveryClientConfiguration$EurekaClientConfigurationRefresher.onApplicationEvent(EurekaDiscoveryClientConfiguration.java:91)
		at org.springframework.cloud.netflix.eureka.EurekaDiscoveryClientConfiguration$EurekaClientConfigurationRefresher.onApplicationEvent(EurekaDiscoveryClientConfiguration.java:75)
		at org.springframework.context.event.SimpleApplicationEventMulticaster.doInvokeListener(SimpleApplicationEventMulticaster.java:180)
		at org.springframework.context.event.SimpleApplicationEventMulticaster.invokeListener(SimpleApplicationEventMulticaster.java:173)
		at org.springframework.context.event.SimpleApplicationEventMulticaster.multicastEvent(SimpleApplicationEventMulticaster.java:151)
		at org.springframework.context.support.AbstractApplicationContext.publishEvent(AbstractApplicationContext.java:448)
		at org.springframework.context.support.AbstractApplicationContext.publishEvent(AbstractApplicationContext.java:381)
		at org.springframework.cloud.context.scope.refresh.RefreshScope.refreshAll(RefreshScope.java:169)
		at org.springframework.cloud.context.refresh.ContextRefresher.refresh(ContextRefresher.java:95)
		at org.springframework.cloud.bus.event.RefreshListener.onApplicationEvent(RefreshListener.java:49)
		at org.springframework.cloud.bus.event.RefreshListener.onApplicationEvent(RefreshListener.java:32)
		at org.springframework.context.event.SimpleApplicationEventMulticaster.doInvokeListener(SimpleApplicationEventMulticaster.java:180)
		at org.springframework.context.event.SimpleApplicationEventMulticaster.invokeListener(SimpleApplicationEventMulticaster.java:173)
		at org.springframework.context.event.SimpleApplicationEventMulticaster.multicastEvent(SimpleApplicationEventMulticaster.java:151)
		at org.springframework.context.support.AbstractApplicationContext.publishEvent(AbstractApplicationContext.java:448)
		at org.springframework.context.support.AbstractApplicationContext.publishEvent(AbstractApplicationContext.java:381)
		at org.springframework.cloud.bus.BusConsumer.accept(BusConsumer.java:71)
		at org.springframework.cloud.bus.BusConsumer.accept(BusConsumer.java:31)
		at org.springframework.cloud.function.context.catalog.SimpleFunctionRegistry$FunctionInvocationWrapper.invokeConsumer(SimpleFunctionRegistry.java:1129)
		at org.springframework.cloud.function.context.catalog.SimpleFunctionRegistry$FunctionInvocationWrapper.doApply(SimpleFunctionRegistry.java:829)
		at org.springframework.cloud.function.context.catalog.SimpleFunctionRegistry$FunctionInvocationWrapper.apply(SimpleFunctionRegistry.java:656)
		at org.springframework.cloud.function.observability.ObservationFunctionAroundWrapper.lambda$nonReactorStream$0(ObservationFunctionAroundWrapper.java:50)
		at io.micrometer.observation.Observation.observe(Observation.java:634)
		at org.springframework.cloud.function.observability.ObservationFunctionAroundWrapper.nonReactorStream(ObservationFunctionAroundWrapper.java:50)
		at org.springframework.cloud.function.observability.ObservationFunctionAroundWrapper.doApply(ObservationFunctionAroundWrapper.java:45)
		at org.springframework.cloud.function.context.catalog.FunctionAroundWrapper.apply(FunctionAroundWrapper.java:45)
		at org.springframework.cloud.function.context.catalog.SimpleFunctionRegistry$FunctionInvocationWrapper.apply(SimpleFunctionRegistry.java:653)
		at org.springframework.cloud.stream.function.PartitionAwareFunctionWrapper.apply(PartitionAwareFunctionWrapper.java:92)
		at org.springframework.cloud.stream.function.FunctionConfiguration$FunctionWrapper.apply(FunctionConfiguration.java:830)
		at org.springframework.cloud.stream.function.FunctionConfiguration$FunctionToDestinationBinder$1.handleMessageInternal(FunctionConfiguration.java:668)
		at org.springframework.integration.handler.AbstractMessageHandler.doHandleMessage(AbstractMessageHandler.java:102)
		... 32 more
	Caused by: org.springframework.beans.BeanInstantiationException: Failed to instantiate [com.netflix.discovery.EurekaClient]: Factory method 'eurekaClient' threw exception with message: java.lang.NullPointerException: Cannot invoke "Object.hashCode()" because "key" is null
		at org.springframework.beans.factory.support.SimpleInstantiationStrategy.lambda$instantiate$0(SimpleInstantiationStrategy.java:183)
		at org.springframework.beans.factory.support.SimpleInstantiationStrategy.instantiateWithFactoryMethod(SimpleInstantiationStrategy.java:72)
		at org.springframework.beans.factory.support.SimpleInstantiationStrategy.instantiate(SimpleInstantiationStrategy.java:152)
		at org.springframework.beans.factory.support.ConstructorResolver.instantiate(ConstructorResolver.java:653)
		... 76 more
	Caused by: java.lang.IllegalStateException: java.lang.NullPointerException: Cannot invoke "Object.hashCode()" because "key" is null
		at com.netflix.discovery.DiscoveryClient.<init>(DiscoveryClient.java:433)
		at com.netflix.discovery.DiscoveryClient.<init>(DiscoveryClient.java:254)
		at com.netflix.discovery.DiscoveryClient.<init>(DiscoveryClient.java:249)
		at org.springframework.cloud.netflix.eureka.CloudEurekaClient.<init>(CloudEurekaClient.java:68)
		at org.springframework.cloud.netflix.eureka.EurekaClientAutoConfiguration$RefreshableEurekaClientConfiguration.eurekaClient(EurekaClientAutoConfiguration.java:324)
		at java.base/jdk.internal.reflect.DirectMethodHandleAccessor.invoke(DirectMethodHandleAccessor.java:104)
		at java.base/java.lang.reflect.Method.invoke(Method.java:565)
		at org.springframework.beans.factory.support.SimpleInstantiationStrategy.lambda$instantiate$0(SimpleInstantiationStrategy.java:155)
		... 79 more
	Caused by: java.lang.NullPointerException: Cannot invoke "Object.hashCode()" because "key" is null
		at java.base/java.util.concurrent.ConcurrentHashMap.get(ConcurrentHashMap.java:948)
		at com.netflix.discovery.shared.Application.getByInstanceId(Application.java:181)
		at com.netflix.discovery.DiscoveryClient.updateInstanceRemoteStatus(DiscoveryClient.java:1006)
		at com.netflix.discovery.DiscoveryClient.fetchRegistry(DiscoveryClient.java:994)
		at com.netflix.discovery.DiscoveryClient.<init>(DiscoveryClient.java:419)
		... 86 more
Caused by: org.springframework.messaging.MessageHandlingException: error occurred in message handler [org.springframework.cloud.stream.function.FunctionConfiguration$FunctionToDestinationBinder$1@3b3cb408], failedMessage=GenericMessage [payload=byte[212], headers={amqp_receivedDeliveryMode=PERSISTENT, amqp_receivedExchange=springCloudBus, amqp_deliveryTag=3, deliveryAttempt=3, amqp_consumerQueue=springCloudBus.anonymous.F2X77IUrTzS0yI-HAS3Gew, amqp_redelivered=false, amqp_receivedRoutingKey=springCloudBus, amqp_timestamp=Fri Jul 24 13:54:08 IST 2026, amqp_messageId=a191bc9c-6a9b-f839-8552-ffd6fa725e55, amqp_retryCount=0, id=0ba7dd7e-9e50-b8ec-f354-2dd79e21ff0b, amqp_consumerTag=amq.ctag-PfoD7KUOMlQQqrzElbvNnQ, sourceData=(Body:'[B@1e297e93(byte[212])' MessageProperties [headers={}, timestamp=Fri Jul 24 13:54:08 IST 2026, messageId=a191bc9c-6a9b-f839-8552-ffd6fa725e55, contentType=application/json, contentLength=0, receivedDeliveryMode=PERSISTENT, priority=0, redelivered=false, receivedExchange=springCloudBus, receivedRoutingKey=springCloudBus, deliveryTag=3, consumerTag=amq.ctag-PfoD7KUOMlQQqrzElbvNnQ, consumerQueue=springCloudBus.anonymous.F2X77IUrTzS0yI-HAS3Gew]), contentType=application/json, timestamp=1784881448670}]
	at org.springframework.integration.support.utils.IntegrationUtils.wrapInHandlingExceptionIfNecessary(IntegrationUtils.java:190)
	at org.springframework.integration.handler.AbstractMessageHandler.doHandleMessage(AbstractMessageHandler.java:105)
	at org.springframework.integration.handler.AbstractMessageHandler.handleMessage(AbstractMessageHandler.java:70)
	at org.springframework.integration.dispatcher.AbstractDispatcher.tryOptimizedDispatch(AbstractDispatcher.java:133)
	at org.springframework.integration.dispatcher.UnicastingDispatcher.doDispatch(UnicastingDispatcher.java:150)
	at org.springframework.integration.dispatcher.UnicastingDispatcher.dispatch(UnicastingDispatcher.java:123)
	at org.springframework.integration.channel.AbstractSubscribableChannel.doSend(AbstractSubscribableChannel.java:72)
	at org.springframework.integration.channel.AbstractMessageChannel.sendInternal(AbstractMessageChannel.java:438)
	at org.springframework.integration.channel.AbstractMessageChannel.sendWithMetrics(AbstractMessageChannel.java:409)
	at org.springframework.integration.channel.AbstractMessageChannel.send(AbstractMessageChannel.java:338)
	at org.springframework.integration.channel.AbstractMessageChannel.send(AbstractMessageChannel.java:310)
	at org.springframework.messaging.core.GenericMessagingTemplate.doSend(GenericMessagingTemplate.java:187)
	at org.springframework.messaging.core.GenericMessagingTemplate.doSend(GenericMessagingTemplate.java:166)
	at org.springframework.messaging.core.GenericMessagingTemplate.doSend(GenericMessagingTemplate.java:47)
	at org.springframework.messaging.core.AbstractMessageSendingTemplate.send(AbstractMessageSendingTemplate.java:108)
	at org.springframework.integration.endpoint.MessageProducerSupport.sendMessageWithTracking(MessageProducerSupport.java:278)
	at org.springframework.integration.endpoint.MessageProducerSupport.sendMessage(MessageProducerSupport.java:267)
	at org.springframework.integration.amqp.inbound.AmqpInboundChannelAdapter.access$000(AmqpInboundChannelAdapter.java:71)
	at org.springframework.integration.amqp.inbound.AmqpInboundChannelAdapter$Listener.lambda$onMessage$0(AmqpInboundChannelAdapter.java:407)
	at org.springframework.core.retry.RetryTemplate.execute(RetryTemplate.java:174)
	... 14 more
Caused by: org.springframework.beans.factory.BeanCreationException: Error creating bean with name 'scopedTarget.eurekaClient' defined in class path resource [org/springframework/cloud/netflix/eureka/EurekaClientAutoConfiguration$RefreshableEurekaClientConfiguration.class]: Failed to instantiate [com.netflix.discovery.EurekaClient]: Factory method 'eurekaClient' threw exception with message: java.lang.NullPointerException: Cannot invoke "Object.hashCode()" because "key" is null
	at org.springframework.beans.factory.support.ConstructorResolver.instantiate(ConstructorResolver.java:657)
	at org.springframework.beans.factory.support.ConstructorResolver.instantiateUsingFactoryMethod(ConstructorResolver.java:645)
	at org.springframework.beans.factory.support.AbstractAutowireCapableBeanFactory.instantiateUsingFactoryMethod(AbstractAutowireCapableBeanFactory.java:1360)
	at org.springframework.beans.factory.support.AbstractAutowireCapableBeanFactory.createBeanInstance(AbstractAutowireCapableBeanFactory.java:1192)
	at org.springframework.beans.factory.support.AbstractAutowireCapableBeanFactory.doCreateBean(AbstractAutowireCapableBeanFactory.java:565)
	at org.springframework.beans.factory.support.AbstractAutowireCapableBeanFactory.createBean(AbstractAutowireCapableBeanFactory.java:525)
	at org.springframework.beans.factory.support.AbstractBeanFactory.lambda$doGetBean$1(AbstractBeanFactory.java:372)
	at org.springframework.cloud.context.scope.GenericScope$BeanLifecycleWrapper.getBean(GenericScope.java:373)
	at org.springframework.cloud.context.scope.GenericScope.get(GenericScope.java:177)
	at org.springframework.beans.factory.support.AbstractBeanFactory.doGetBean(AbstractBeanFactory.java:369)
	at org.springframework.beans.factory.support.AbstractBeanFactory.getBean(AbstractBeanFactory.java:196)
	at org.springframework.aop.target.SimpleBeanTargetSource.getTarget(SimpleBeanTargetSource.java:35)
	at org.springframework.aop.framework.JdkDynamicAopProxy.invoke(JdkDynamicAopProxy.java:202)
	at jdk.proxy2/jdk.proxy2.$Proxy118.getApplications(Unknown Source)
	at org.springframework.cloud.netflix.eureka.EurekaDiscoveryClientConfiguration$EurekaClientConfigurationRefresher.onApplicationEvent(EurekaDiscoveryClientConfiguration.java:91)
	at org.springframework.cloud.netflix.eureka.EurekaDiscoveryClientConfiguration$EurekaClientConfigurationRefresher.onApplicationEvent(EurekaDiscoveryClientConfiguration.java:75)
	at org.springframework.context.event.SimpleApplicationEventMulticaster.doInvokeListener(SimpleApplicationEventMulticaster.java:180)
	at org.springframework.context.event.SimpleApplicationEventMulticaster.invokeListener(SimpleApplicationEventMulticaster.java:173)
	at org.springframework.context.event.SimpleApplicationEventMulticaster.multicastEvent(SimpleApplicationEventMulticaster.java:151)
	at org.springframework.context.support.AbstractApplicationContext.publishEvent(AbstractApplicationContext.java:448)
	at org.springframework.context.support.AbstractApplicationContext.publishEvent(AbstractApplicationContext.java:381)
	at org.springframework.cloud.context.scope.refresh.RefreshScope.refreshAll(RefreshScope.java:169)
	at org.springframework.cloud.context.refresh.ContextRefresher.refresh(ContextRefresher.java:95)
	at org.springframework.cloud.bus.event.RefreshListener.onApplicationEvent(RefreshListener.java:49)
	at org.springframework.cloud.bus.event.RefreshListener.onApplicationEvent(RefreshListener.java:32)
	at org.springframework.context.event.SimpleApplicationEventMulticaster.doInvokeListener(SimpleApplicationEventMulticaster.java:180)
	at org.springframework.context.event.SimpleApplicationEventMulticaster.invokeListener(SimpleApplicationEventMulticaster.java:173)
	at org.springframework.context.event.SimpleApplicationEventMulticaster.multicastEvent(SimpleApplicationEventMulticaster.java:151)
	at org.springframework.context.support.AbstractApplicationContext.publishEvent(AbstractApplicationContext.java:448)
	at org.springframework.context.support.AbstractApplicationContext.publishEvent(AbstractApplicationContext.java:381)
	at org.springframework.cloud.bus.BusConsumer.accept(BusConsumer.java:71)
	at org.springframework.cloud.bus.BusConsumer.accept(BusConsumer.java:31)
	at org.springframework.cloud.function.context.catalog.SimpleFunctionRegistry$FunctionInvocationWrapper.invokeConsumer(SimpleFunctionRegistry.java:1129)
	at org.springframework.cloud.function.context.catalog.SimpleFunctionRegistry$FunctionInvocationWrapper.doApply(SimpleFunctionRegistry.java:829)
	at org.springframework.cloud.function.context.catalog.SimpleFunctionRegistry$FunctionInvocationWrapper.apply(SimpleFunctionRegistry.java:656)
	at org.springframework.cloud.function.observability.ObservationFunctionAroundWrapper.lambda$nonReactorStream$0(ObservationFunctionAroundWrapper.java:50)
	at io.micrometer.observation.Observation.observe(Observation.java:634)
	at org.springframework.cloud.function.observability.ObservationFunctionAroundWrapper.nonReactorStream(ObservationFunctionAroundWrapper.java:50)
	at org.springframework.cloud.function.observability.ObservationFunctionAroundWrapper.doApply(ObservationFunctionAroundWrapper.java:45)
	at org.springframework.cloud.function.context.catalog.FunctionAroundWrapper.apply(FunctionAroundWrapper.java:45)
	at org.springframework.cloud.function.context.catalog.SimpleFunctionRegistry$FunctionInvocationWrapper.apply(SimpleFunctionRegistry.java:653)
	at org.springframework.cloud.stream.function.PartitionAwareFunctionWrapper.apply(PartitionAwareFunctionWrapper.java:92)
	at org.springframework.cloud.stream.function.FunctionConfiguration$FunctionWrapper.apply(FunctionConfiguration.java:830)
	at org.springframework.cloud.stream.function.FunctionConfiguration$FunctionToDestinationBinder$1.handleMessageInternal(FunctionConfiguration.java:668)
	at org.springframework.integration.handler.AbstractMessageHandler.doHandleMessage(AbstractMessageHandler.java:102)
	... 32 more
Caused by: org.springframework.beans.BeanInstantiationException: Failed to instantiate [com.netflix.discovery.EurekaClient]: Factory method 'eurekaClient' threw exception with message: java.lang.NullPointerException: Cannot invoke "Object.hashCode()" because "key" is null
	at org.springframework.beans.factory.support.SimpleInstantiationStrategy.lambda$instantiate$0(SimpleInstantiationStrategy.java:183)
	at org.springframework.beans.factory.support.SimpleInstantiationStrategy.instantiateWithFactoryMethod(SimpleInstantiationStrategy.java:72)
	at org.springframework.beans.factory.support.SimpleInstantiationStrategy.instantiate(SimpleInstantiationStrategy.java:152)
	at org.springframework.beans.factory.support.ConstructorResolver.instantiate(ConstructorResolver.java:653)
	... 76 more
Caused by: java.lang.IllegalStateException: java.lang.NullPointerException: Cannot invoke "Object.hashCode()" because "key" is null
	at com.netflix.discovery.DiscoveryClient.<init>(DiscoveryClient.java:433)
	at com.netflix.discovery.DiscoveryClient.<init>(DiscoveryClient.java:254)
	at com.netflix.discovery.DiscoveryClient.<init>(DiscoveryClient.java:249)
	at org.springframework.cloud.netflix.eureka.CloudEurekaClient.<init>(CloudEurekaClient.java:68)
	at org.springframework.cloud.netflix.eureka.EurekaClientAutoConfiguration$RefreshableEurekaClientConfiguration.eurekaClient(EurekaClientAutoConfiguration.java:324)
	at java.base/jdk.internal.reflect.DirectMethodHandleAccessor.invoke(DirectMethodHandleAccessor.java:104)
	at java.base/java.lang.reflect.Method.invoke(Method.java:565)
	at org.springframework.beans.factory.support.SimpleInstantiationStrategy.lambda$instantiate$0(SimpleInstantiationStrategy.java:155)
	... 79 more
Caused by: java.lang.NullPointerException: Cannot invoke "Object.hashCode()" because "key" is null
	at java.base/java.util.concurrent.ConcurrentHashMap.get(ConcurrentHashMap.java:948)
	at com.netflix.discovery.shared.Application.getByInstanceId(Application.java:181)
	at com.netflix.discovery.DiscoveryClient.updateInstanceRemoteStatus(DiscoveryClient.java:1006)
	at com.netflix.discovery.DiscoveryClient.fetchRegistry(DiscoveryClient.java:994)
	at com.netflix.discovery.DiscoveryClient.<init>(DiscoveryClient.java:419)
	... 86 more

2026-07-24T13:54:11.986+05:30  INFO 19840 --- [UserModule] [springCloudBus.anonymous.F2X77IUrTzS0yI-HAS3Gew-1] o.s.cloud.bus.event.RefreshListener      : Received remote refresh request.
2026-07-24T13:54:11.995+05:30  INFO 19840 --- [UserModule] [springCloudBus.anonymous.F2X77IUrTzS0yI-HAS3Gew-1] o.s.c.c.c.ConfigServerConfigDataLoader   : Fetching config from server at : http://localhost:8888
2026-07-24T13:54:12.002+05:30  INFO 19840 --- [UserModule] [springCloudBus.anonymous.F2X77IUrTzS0yI-HAS3Gew-1] o.s.c.c.c.ConfigServerConfigDataLoader   : Located environment: name=UserModule, profiles=[default], label=null, version=null, state=null
2026-07-24T13:54:12.010+05:30  INFO 19840 --- [UserModule] [springCloudBus.anonymous.F2X77IUrTzS0yI-HAS3Gew-1] o.s.c.c.c.ConfigServerConfigDataLoader   : Fetching config from server at : http://localhost:8888
2026-07-24T13:54:12.023+05:30  INFO 19840 --- [UserModule] [springCloudBus.anonymous.F2X77IUrTzS0yI-HAS3Gew-1] o.s.c.c.c.ConfigServerConfigDataLoader   : Located environment: name=UserModule, profiles=[dev], label=null, version=null, state=null
2026-07-24T13:54:12.062+05:30  WARN 19840 --- [UserModule] [springCloudBus.anonymous.F2X77IUrTzS0yI-HAS3Gew-1] com.netflix.appinfo.InstanceInfo         : Passed in hostname is blank, not setting it
2026-07-24T13:54:12.062+05:30  INFO 19840 --- [UserModule] [springCloudBus.anonymous.F2X77IUrTzS0yI-HAS3Gew-1] o.s.c.n.eureka.InstanceInfoFactory       : Setting initial instance status as: STARTING
2026-07-24T13:54:12.063+05:30  INFO 19840 --- [UserModule] [springCloudBus.anonymous.F2X77IUrTzS0yI-HAS3Gew-1] com.netflix.discovery.DiscoveryClient    : Initializing Eureka in region us-east-1
2026-07-24T13:54:12.063+05:30  INFO 19840 --- [UserModule] [springCloudBus.anonymous.F2X77IUrTzS0yI-HAS3Gew-1] c.n.d.s.r.aws.ConfigClusterResolver      : Resolving eureka endpoints via configuration
2026-07-24T13:54:12.063+05:30  INFO 19840 --- [UserModule] [springCloudBus.anonymous.F2X77IUrTzS0yI-HAS3Gew-1] com.netflix.discovery.DiscoveryClient    : Disable delta property : false
2026-07-24T13:54:12.063+05:30  INFO 19840 --- [UserModule] [springCloudBus.anonymous.F2X77IUrTzS0yI-HAS3Gew-1] com.netflix.discovery.DiscoveryClient    : Single vip registry refresh property : null
2026-07-24T13:54:12.063+05:30  INFO 19840 --- [UserModule] [springCloudBus.anonymous.F2X77IUrTzS0yI-HAS3Gew-1] com.netflix.discovery.DiscoveryClient    : Force full registry fetch : false
2026-07-24T13:54:12.063+05:30  INFO 19840 --- [UserModule] [springCloudBus.anonymous.F2X77IUrTzS0yI-HAS3Gew-1] com.netflix.discovery.DiscoveryClient    : Application is null : false
2026-07-24T13:54:12.063+05:30  INFO 19840 --- [UserModule] [springCloudBus.anonymous.F2X77IUrTzS0yI-HAS3Gew-1] com.netflix.discovery.DiscoveryClient    : Registered Applications size is zero : true
2026-07-24T13:54:12.063+05:30  INFO 19840 --- [UserModule] [springCloudBus.anonymous.F2X77IUrTzS0yI-HAS3Gew-1] com.netflix.discovery.DiscoveryClient    : Application version is -1: true
2026-07-24T13:54:12.063+05:30  INFO 19840 --- [UserModule] [springCloudBus.anonymous.F2X77IUrTzS0yI-HAS3Gew-1] com.netflix.discovery.DiscoveryClient    : Getting all instance registry info from the eureka server
2026-07-24T13:54:12.073+05:30  INFO 19840 --- [UserModule] [springCloudBus.anonymous.F2X77IUrTzS0yI-HAS3Gew-1] com.netflix.discovery.DiscoveryClient    : The response status is 200
2026-07-24T13:54:12.073+05:30 ERROR 19840 --- [UserModule] [springCloudBus.anonymous.F2X77IUrTzS0yI-HAS3Gew-1] com.netflix.discovery.DiscoveryClient    : Fetch registry error at startup: Cannot invoke "Object.hashCode()" because "key" is null
2026-07-24T13:54:13.077+05:30  INFO 19840 --- [UserModule] [springCloudBus.anonymous.F2X77IUrTzS0yI-HAS3Gew-1] o.s.cloud.bus.event.RefreshListener      : Received remote refresh request.
2026-07-24T13:54:13.088+05:30  INFO 19840 --- [UserModule] [springCloudBus.anonymous.F2X77IUrTzS0yI-HAS3Gew-1] o.s.c.c.c.ConfigServerConfigDataLoader   : Fetching config from server at : http://localhost:8888
2026-07-24T13:54:13.100+05:30  INFO 19840 --- [UserModule] [springCloudBus.anonymous.F2X77IUrTzS0yI-HAS3Gew-1] o.s.c.c.c.ConfigServerConfigDataLoader   : Located environment: name=UserModule, profiles=[default], label=null, version=null, state=null
2026-07-24T13:54:13.107+05:30  INFO 19840 --- [UserModule] [springCloudBus.anonymous.F2X77IUrTzS0yI-HAS3Gew-1] o.s.c.c.c.ConfigServerConfigDataLoader   : Fetching config from server at : http://localhost:8888
2026-07-24T13:54:13.119+05:30  INFO 19840 --- [UserModule] [springCloudBus.anonymous.F2X77IUrTzS0yI-HAS3Gew-1] o.s.c.c.c.ConfigServerConfigDataLoader   : Located environment: name=UserModule, profiles=[dev], label=null, version=null, state=null
2026-07-24T13:54:13.154+05:30  WARN 19840 --- [UserModule] [springCloudBus.anonymous.F2X77IUrTzS0yI-HAS3Gew-1] com.netflix.appinfo.InstanceInfo         : Passed in hostname is blank, not setting it
2026-07-24T13:54:13.154+05:30  INFO 19840 --- [UserModule] [springCloudBus.anonymous.F2X77IUrTzS0yI-HAS3Gew-1] o.s.c.n.eureka.InstanceInfoFactory       : Setting initial instance status as: STARTING
2026-07-24T13:54:13.154+05:30  INFO 19840 --- [UserModule] [springCloudBus.anonymous.F2X77IUrTzS0yI-HAS3Gew-1] com.netflix.discovery.DiscoveryClient    : Initializing Eureka in region us-east-1
2026-07-24T13:54:13.154+05:30  INFO 19840 --- [UserModule] [springCloudBus.anonymous.F2X77IUrTzS0yI-HAS3Gew-1] c.n.d.s.r.aws.ConfigClusterResolver      : Resolving eureka endpoints via configuration
2026-07-24T13:54:13.155+05:30  INFO 19840 --- [UserModule] [springCloudBus.anonymous.F2X77IUrTzS0yI-HAS3Gew-1] com.netflix.discovery.DiscoveryClient    : Disable delta property : false
2026-07-24T13:54:13.155+05:30  INFO 19840 --- [UserModule] [springCloudBus.anonymous.F2X77IUrTzS0yI-HAS3Gew-1] com.netflix.discovery.DiscoveryClient    : Single vip registry refresh property : null
2026-07-24T13:54:13.155+05:30  INFO 19840 --- [UserModule] [springCloudBus.anonymous.F2X77IUrTzS0yI-HAS3Gew-1] com.netflix.discovery.DiscoveryClient    : Force full registry fetch : false
2026-07-24T13:54:13.155+05:30  INFO 19840 --- [UserModule] [springCloudBus.anonymous.F2X77IUrTzS0yI-HAS3Gew-1] com.netflix.discovery.DiscoveryClient    : Application is null : false
2026-07-24T13:54:13.155+05:30  INFO 19840 --- [UserModule] [springCloudBus.anonymous.F2X77IUrTzS0yI-HAS3Gew-1] com.netflix.discovery.DiscoveryClient    : Registered Applications size is zero : true
2026-07-24T13:54:13.155+05:30  INFO 19840 --- [UserModule] [springCloudBus.anonymous.F2X77IUrTzS0yI-HAS3Gew-1] com.netflix.discovery.DiscoveryClient    : Application version is -1: true
2026-07-24T13:54:13.155+05:30  INFO 19840 --- [UserModule] [springCloudBus.anonymous.F2X77IUrTzS0yI-HAS3Gew-1] com.netflix.discovery.DiscoveryClient    : Getting all instance registry info from the eureka server
2026-07-24T13:54:13.165+05:30  INFO 19840 --- [UserModule] [springCloudBus.anonymous.F2X77IUrTzS0yI-HAS3Gew-1] com.netflix.discovery.DiscoveryClient    : The response status is 200
2026-07-24T13:54:13.165+05:30 ERROR 19840 --- [UserModule] [springCloudBus.anonymous.F2X77IUrTzS0yI-HAS3Gew-1] com.netflix.discovery.DiscoveryClient    : Fetch registry error at startup: Cannot invoke "Object.hashCode()" because "key" is null
2026-07-24T13:54:15.169+05:30  INFO 19840 --- [UserModule] [springCloudBus.anonymous.F2X77IUrTzS0yI-HAS3Gew-1] o.s.cloud.bus.event.RefreshListener      : Received remote refresh request.
2026-07-24T13:54:15.181+05:30  INFO 19840 --- [UserModule] [springCloudBus.anonymous.F2X77IUrTzS0yI-HAS3Gew-1] o.s.c.c.c.ConfigServerConfigDataLoader   : Fetching config from server at : http://localhost:8888
2026-07-24T13:54:15.192+05:30  INFO 19840 --- [UserModule] [springCloudBus.anonymous.F2X77IUrTzS0yI-HAS3Gew-1] o.s.c.c.c.ConfigServerConfigDataLoader   : Located environment: name=UserModule, profiles=[default], label=null, version=null, state=null
2026-07-24T13:54:15.198+05:30  INFO 19840 --- [UserModule] [springCloudBus.anonymous.F2X77IUrTzS0yI-HAS3Gew-1] o.s.c.c.c.ConfigServerConfigDataLoader   : Fetching config from server at : http://localhost:8888
2026-07-24T13:54:15.208+05:30  INFO 19840 --- [UserModule] [springCloudBus.anonymous.F2X77IUrTzS0yI-HAS3Gew-1] o.s.c.c.c.ConfigServerConfigDataLoader   : Located environment: name=UserModule, profiles=[dev], label=null, version=null, state=null
2026-07-24T13:54:15.244+05:30  WARN 19840 --- [UserModule] [springCloudBus.anonymous.F2X77IUrTzS0yI-HAS3Gew-1] com.netflix.appinfo.InstanceInfo         : Passed in hostname is blank, not setting it
2026-07-24T13:54:15.245+05:30  INFO 19840 --- [UserModule] [springCloudBus.anonymous.F2X77IUrTzS0yI-HAS3Gew-1] o.s.c.n.eureka.InstanceInfoFactory       : Setting initial instance status as: STARTING
2026-07-24T13:54:15.245+05:30  INFO 19840 --- [UserModule] [springCloudBus.anonymous.F2X77IUrTzS0yI-HAS3Gew-1] com.netflix.discovery.DiscoveryClient    : Initializing Eureka in region us-east-1
2026-07-24T13:54:15.245+05:30  INFO 19840 --- [UserModule] [springCloudBus.anonymous.F2X77IUrTzS0yI-HAS3Gew-1] c.n.d.s.r.aws.ConfigClusterResolver      : Resolving eureka endpoints via configuration
2026-07-24T13:54:15.245+05:30  INFO 19840 --- [UserModule] [springCloudBus.anonymous.F2X77IUrTzS0yI-HAS3Gew-1] com.netflix.discovery.DiscoveryClient    : Disable delta property : false
2026-07-24T13:54:15.245+05:30  INFO 19840 --- [UserModule] [springCloudBus.anonymous.F2X77IUrTzS0yI-HAS3Gew-1] com.netflix.discovery.DiscoveryClient    : Single vip registry refresh property : null
2026-07-24T13:54:15.245+05:30  INFO 19840 --- [UserModule] [springCloudBus.anonymous.F2X77IUrTzS0yI-HAS3Gew-1] com.netflix.discovery.DiscoveryClient    : Force full registry fetch : false
2026-07-24T13:54:15.245+05:30  INFO 19840 --- [UserModule] [springCloudBus.anonymous.F2X77IUrTzS0yI-HAS3Gew-1] com.netflix.discovery.DiscoveryClient    : Application is null : false
2026-07-24T13:54:15.245+05:30  INFO 19840 --- [UserModule] [springCloudBus.anonymous.F2X77IUrTzS0yI-HAS3Gew-1] com.netflix.discovery.DiscoveryClient    : Registered Applications size is zero : true
2026-07-24T13:54:15.245+05:30  INFO 19840 --- [UserModule] [springCloudBus.anonymous.F2X77IUrTzS0yI-HAS3Gew-1] com.netflix.discovery.DiscoveryClient    : Application version is -1: true
2026-07-24T13:54:15.245+05:30  INFO 19840 --- [UserModule] [springCloudBus.anonymous.F2X77IUrTzS0yI-HAS3Gew-1] com.netflix.discovery.DiscoveryClient    : Getting all instance registry info from the eureka server
2026-07-24T13:54:15.253+05:30  INFO 19840 --- [UserModule] [springCloudBus.anonymous.F2X77IUrTzS0yI-HAS3Gew-1] com.netflix.discovery.DiscoveryClient    : The response status is 200
2026-07-24T13:54:15.253+05:30 ERROR 19840 --- [UserModule] [springCloudBus.anonymous.F2X77IUrTzS0yI-HAS3Gew-1] com.netflix.discovery.DiscoveryClient    : Fetch registry error at startup: Cannot invoke "Object.hashCode()" because "key" is null
2026-07-24T13:54:15.254+05:30 ERROR 19840 --- [UserModule] [springCloudBus.anonymous.F2X77IUrTzS0yI-HAS3Gew-1] o.s.integration.handler.LoggingHandler   : org.springframework.messaging.MessagingException: Retry policy for operation 'org.springframework.integration.amqp.inbound.AmqpInboundChannelAdapter$Listener$$Lambda/0x0000000010b64258' exhausted; aborting execution
	at org.springframework.integration.core.ErrorMessagePublisher.determinePayload(ErrorMessagePublisher.java:186)
	at org.springframework.integration.core.ErrorMessagePublisher.publish(ErrorMessagePublisher.java:162)
	at org.springframework.integration.handler.advice.ErrorMessageSendingRecoverer.recover(ErrorMessageSendingRecoverer.java:79)
	at org.springframework.integration.amqp.inbound.AmqpInboundChannelAdapter$Listener.onMessage(AmqpInboundChannelAdapter.java:413)
	at org.springframework.amqp.rabbit.listener.AbstractMessageListenerContainer.doInvokeListener(AbstractMessageListenerContainer.java:1691)
	at org.springframework.amqp.rabbit.listener.AbstractMessageListenerContainer.actualInvokeListener(AbstractMessageListenerContainer.java:1620)
	at org.springframework.amqp.rabbit.listener.AbstractMessageListenerContainer.invokeListener(AbstractMessageListenerContainer.java:1603)
	at org.springframework.amqp.rabbit.listener.AbstractMessageListenerContainer.doExecuteListener(AbstractMessageListenerContainer.java:1594)
	at org.springframework.amqp.rabbit.listener.AbstractMessageListenerContainer.executeListenerAndHandleException(AbstractMessageListenerContainer.java:1541)
	at org.springframework.amqp.rabbit.listener.AbstractMessageListenerContainer.lambda$executeListener$1(AbstractMessageListenerContainer.java:1519)
	at io.micrometer.observation.Observation.observe(Observation.java:569)
	at org.springframework.amqp.rabbit.listener.AbstractMessageListenerContainer.executeListener(AbstractMessageListenerContainer.java:1519)
	at org.springframework.amqp.rabbit.listener.SimpleMessageListenerContainer.doReceiveAndExecute(SimpleMessageListenerContainer.java:1158)
	at org.springframework.amqp.rabbit.listener.SimpleMessageListenerContainer.receiveAndExecute(SimpleMessageListenerContainer.java:1103)
	at org.springframework.amqp.rabbit.listener.SimpleMessageListenerContainer$AsyncMessageProcessingConsumer.mainLoop(SimpleMessageListenerContainer.java:1511)
	at org.springframework.amqp.rabbit.listener.SimpleMessageListenerContainer$AsyncMessageProcessingConsumer.run(SimpleMessageListenerContainer.java:1405)
	at java.base/java.lang.Thread.run(Thread.java:1474)
Caused by: org.springframework.core.retry.RetryException: Retry policy for operation 'org.springframework.integration.amqp.inbound.AmqpInboundChannelAdapter$Listener$$Lambda/0x0000000010b64258' exhausted; aborting execution
	at org.springframework.core.retry.RetryTemplate.execute(RetryTemplate.java:197)
	at org.springframework.integration.amqp.inbound.AmqpInboundChannelAdapter$Listener.onMessage(AmqpInboundChannelAdapter.java:400)
	... 13 more
	Suppressed: org.springframework.messaging.MessageHandlingException: error occurred in message handler [org.springframework.cloud.stream.function.FunctionConfiguration$FunctionToDestinationBinder$1@3b3cb408], failedMessage=GenericMessage [payload=byte[212], headers={amqp_receivedDeliveryMode=PERSISTENT, amqp_receivedExchange=springCloudBus, amqp_deliveryTag=5, deliveryAttempt=3, amqp_consumerQueue=springCloudBus.anonymous.F2X77IUrTzS0yI-HAS3Gew, amqp_redelivered=false, amqp_receivedRoutingKey=springCloudBus, amqp_timestamp=Fri Jul 24 13:54:10 IST 2026, amqp_messageId=a5a88de4-b58d-6d71-1c61-e3a5572c551c, amqp_retryCount=0, id=b7445452-9d00-6bcf-0a6b-742cd500192c, amqp_consumerTag=amq.ctag-PfoD7KUOMlQQqrzElbvNnQ, sourceData=(Body:'[B@5af6d63e(byte[212])' MessageProperties [headers={}, timestamp=Fri Jul 24 13:54:10 IST 2026, messageId=a5a88de4-b58d-6d71-1c61-e3a5572c551c, contentType=application/json, contentLength=0, receivedDeliveryMode=PERSISTENT, priority=0, redelivered=false, receivedExchange=springCloudBus, receivedRoutingKey=springCloudBus, deliveryTag=5, consumerTag=amq.ctag-PfoD7KUOMlQQqrzElbvNnQ, consumerQueue=springCloudBus.anonymous.F2X77IUrTzS0yI-HAS3Gew]), contentType=application/json, timestamp=1784881451985}]
		at org.springframework.integration.support.utils.IntegrationUtils.wrapInHandlingExceptionIfNecessary(IntegrationUtils.java:190)
		at org.springframework.integration.handler.AbstractMessageHandler.doHandleMessage(AbstractMessageHandler.java:105)
		at org.springframework.integration.handler.AbstractMessageHandler.handleMessage(AbstractMessageHandler.java:70)
		at org.springframework.integration.dispatcher.AbstractDispatcher.tryOptimizedDispatch(AbstractDispatcher.java:133)
		at org.springframework.integration.dispatcher.UnicastingDispatcher.doDispatch(UnicastingDispatcher.java:150)
		at org.springframework.integration.dispatcher.UnicastingDispatcher.dispatch(UnicastingDispatcher.java:123)
		at org.springframework.integration.channel.AbstractSubscribableChannel.doSend(AbstractSubscribableChannel.java:72)
		at org.springframework.integration.channel.AbstractMessageChannel.sendInternal(AbstractMessageChannel.java:438)
		at org.springframework.integration.channel.AbstractMessageChannel.sendWithMetrics(AbstractMessageChannel.java:409)
		at org.springframework.integration.channel.AbstractMessageChannel.send(AbstractMessageChannel.java:338)
		at org.springframework.integration.channel.AbstractMessageChannel.send(AbstractMessageChannel.java:310)
		at org.springframework.messaging.core.GenericMessagingTemplate.doSend(GenericMessagingTemplate.java:187)
		at org.springframework.messaging.core.GenericMessagingTemplate.doSend(GenericMessagingTemplate.java:166)
		at org.springframework.messaging.core.GenericMessagingTemplate.doSend(GenericMessagingTemplate.java:47)
		at org.springframework.messaging.core.AbstractMessageSendingTemplate.send(AbstractMessageSendingTemplate.java:108)
		at org.springframework.integration.endpoint.MessageProducerSupport.sendMessageWithTracking(MessageProducerSupport.java:278)
		at org.springframework.integration.endpoint.MessageProducerSupport.sendMessage(MessageProducerSupport.java:267)
		at org.springframework.integration.amqp.inbound.AmqpInboundChannelAdapter.access$000(AmqpInboundChannelAdapter.java:71)
		at org.springframework.integration.amqp.inbound.AmqpInboundChannelAdapter$Listener.lambda$onMessage$0(AmqpInboundChannelAdapter.java:407)
		at org.springframework.core.retry.RetryTemplate.execute(RetryTemplate.java:135)
		... 14 more
	Caused by: org.springframework.beans.factory.BeanCreationException: Error creating bean with name 'scopedTarget.eurekaClient' defined in class path resource [org/springframework/cloud/netflix/eureka/EurekaClientAutoConfiguration$RefreshableEurekaClientConfiguration.class]: Failed to instantiate [com.netflix.discovery.EurekaClient]: Factory method 'eurekaClient' threw exception with message: java.lang.NullPointerException: Cannot invoke "Object.hashCode()" because "key" is null
		at org.springframework.beans.factory.support.ConstructorResolver.instantiate(ConstructorResolver.java:657)
		at org.springframework.beans.factory.support.ConstructorResolver.instantiateUsingFactoryMethod(ConstructorResolver.java:645)
		at org.springframework.beans.factory.support.AbstractAutowireCapableBeanFactory.instantiateUsingFactoryMethod(AbstractAutowireCapableBeanFactory.java:1360)
		at org.springframework.beans.factory.support.AbstractAutowireCapableBeanFactory.createBeanInstance(AbstractAutowireCapableBeanFactory.java:1192)
		at org.springframework.beans.factory.support.AbstractAutowireCapableBeanFactory.doCreateBean(AbstractAutowireCapableBeanFactory.java:565)
		at org.springframework.beans.factory.support.AbstractAutowireCapableBeanFactory.createBean(AbstractAutowireCapableBeanFactory.java:525)
		at org.springframework.beans.factory.support.AbstractBeanFactory.lambda$doGetBean$1(AbstractBeanFactory.java:372)
		at org.springframework.cloud.context.scope.GenericScope$BeanLifecycleWrapper.getBean(GenericScope.java:373)
		at org.springframework.cloud.context.scope.GenericScope.get(GenericScope.java:177)
		at org.springframework.beans.factory.support.AbstractBeanFactory.doGetBean(AbstractBeanFactory.java:369)
		at org.springframework.beans.factory.support.AbstractBeanFactory.getBean(AbstractBeanFactory.java:196)
		at org.springframework.aop.target.SimpleBeanTargetSource.getTarget(SimpleBeanTargetSource.java:35)
		at org.springframework.aop.framework.JdkDynamicAopProxy.invoke(JdkDynamicAopProxy.java:202)
		at jdk.proxy2/jdk.proxy2.$Proxy118.getApplications(Unknown Source)
		at org.springframework.cloud.netflix.eureka.EurekaDiscoveryClientConfiguration$EurekaClientConfigurationRefresher.onApplicationEvent(EurekaDiscoveryClientConfiguration.java:91)
		at org.springframework.cloud.netflix.eureka.EurekaDiscoveryClientConfiguration$EurekaClientConfigurationRefresher.onApplicationEvent(EurekaDiscoveryClientConfiguration.java:75)
		at org.springframework.context.event.SimpleApplicationEventMulticaster.doInvokeListener(SimpleApplicationEventMulticaster.java:180)
		at org.springframework.context.event.SimpleApplicationEventMulticaster.invokeListener(SimpleApplicationEventMulticaster.java:173)
		at org.springframework.context.event.SimpleApplicationEventMulticaster.multicastEvent(SimpleApplicationEventMulticaster.java:151)
		at org.springframework.context.support.AbstractApplicationContext.publishEvent(AbstractApplicationContext.java:448)
		at org.springframework.context.support.AbstractApplicationContext.publishEvent(AbstractApplicationContext.java:381)
		at org.springframework.cloud.context.scope.refresh.RefreshScope.refreshAll(RefreshScope.java:169)
		at org.springframework.cloud.context.refresh.ContextRefresher.refresh(ContextRefresher.java:95)
		at org.springframework.cloud.bus.event.RefreshListener.onApplicationEvent(RefreshListener.java:49)
		at org.springframework.cloud.bus.event.RefreshListener.onApplicationEvent(RefreshListener.java:32)
		at org.springframework.context.event.SimpleApplicationEventMulticaster.doInvokeListener(SimpleApplicationEventMulticaster.java:180)
		at org.springframework.context.event.SimpleApplicationEventMulticaster.invokeListener(SimpleApplicationEventMulticaster.java:173)
		at org.springframework.context.event.SimpleApplicationEventMulticaster.multicastEvent(SimpleApplicationEventMulticaster.java:151)
		at org.springframework.context.support.AbstractApplicationContext.publishEvent(AbstractApplicationContext.java:448)
		at org.springframework.context.support.AbstractApplicationContext.publishEvent(AbstractApplicationContext.java:381)
		at org.springframework.cloud.bus.BusConsumer.accept(BusConsumer.java:71)
		at org.springframework.cloud.bus.BusConsumer.accept(BusConsumer.java:31)
		at org.springframework.cloud.function.context.catalog.SimpleFunctionRegistry$FunctionInvocationWrapper.invokeConsumer(SimpleFunctionRegistry.java:1129)
		at org.springframework.cloud.function.context.catalog.SimpleFunctionRegistry$FunctionInvocationWrapper.doApply(SimpleFunctionRegistry.java:829)
		at org.springframework.cloud.function.context.catalog.SimpleFunctionRegistry$FunctionInvocationWrapper.apply(SimpleFunctionRegistry.java:656)
		at org.springframework.cloud.function.observability.ObservationFunctionAroundWrapper.lambda$nonReactorStream$0(ObservationFunctionAroundWrapper.java:50)
		at io.micrometer.observation.Observation.observe(Observation.java:634)
		at org.springframework.cloud.function.observability.ObservationFunctionAroundWrapper.nonReactorStream(ObservationFunctionAroundWrapper.java:50)
		at org.springframework.cloud.function.observability.ObservationFunctionAroundWrapper.doApply(ObservationFunctionAroundWrapper.java:45)
		at org.springframework.cloud.function.context.catalog.FunctionAroundWrapper.apply(FunctionAroundWrapper.java:45)
		at org.springframework.cloud.function.context.catalog.SimpleFunctionRegistry$FunctionInvocationWrapper.apply(SimpleFunctionRegistry.java:653)
		at org.springframework.cloud.stream.function.PartitionAwareFunctionWrapper.apply(PartitionAwareFunctionWrapper.java:92)
		at org.springframework.cloud.stream.function.FunctionConfiguration$FunctionWrapper.apply(FunctionConfiguration.java:830)
		at org.springframework.cloud.stream.function.FunctionConfiguration$FunctionToDestinationBinder$1.handleMessageInternal(FunctionConfiguration.java:668)
		at org.springframework.integration.handler.AbstractMessageHandler.doHandleMessage(AbstractMessageHandler.java:102)
		... 32 more
	Caused by: org.springframework.beans.BeanInstantiationException: Failed to instantiate [com.netflix.discovery.EurekaClient]: Factory method 'eurekaClient' threw exception with message: java.lang.NullPointerException: Cannot invoke "Object.hashCode()" because "key" is null
		at org.springframework.beans.factory.support.SimpleInstantiationStrategy.lambda$instantiate$0(SimpleInstantiationStrategy.java:183)
		at org.springframework.beans.factory.support.SimpleInstantiationStrategy.instantiateWithFactoryMethod(SimpleInstantiationStrategy.java:72)
		at org.springframework.beans.factory.support.SimpleInstantiationStrategy.instantiate(SimpleInstantiationStrategy.java:152)
		at org.springframework.beans.factory.support.ConstructorResolver.instantiate(ConstructorResolver.java:653)
		... 76 more
	Caused by: java.lang.IllegalStateException: java.lang.NullPointerException: Cannot invoke "Object.hashCode()" because "key" is null
		at com.netflix.discovery.DiscoveryClient.<init>(DiscoveryClient.java:433)
		at com.netflix.discovery.DiscoveryClient.<init>(DiscoveryClient.java:254)
		at com.netflix.discovery.DiscoveryClient.<init>(DiscoveryClient.java:249)
		at org.springframework.cloud.netflix.eureka.CloudEurekaClient.<init>(CloudEurekaClient.java:68)
		at org.springframework.cloud.netflix.eureka.EurekaClientAutoConfiguration$RefreshableEurekaClientConfiguration.eurekaClient(EurekaClientAutoConfiguration.java:324)
		at java.base/jdk.internal.reflect.DirectMethodHandleAccessor.invoke(DirectMethodHandleAccessor.java:104)
		at java.base/java.lang.reflect.Method.invoke(Method.java:565)
		at org.springframework.beans.factory.support.SimpleInstantiationStrategy.lambda$instantiate$0(SimpleInstantiationStrategy.java:155)
		... 79 more
	Caused by: java.lang.NullPointerException: Cannot invoke "Object.hashCode()" because "key" is null
		at java.base/java.util.concurrent.ConcurrentHashMap.get(ConcurrentHashMap.java:948)
		at com.netflix.discovery.shared.Application.getByInstanceId(Application.java:181)
		at com.netflix.discovery.DiscoveryClient.updateInstanceRemoteStatus(DiscoveryClient.java:1006)
		at com.netflix.discovery.DiscoveryClient.fetchRegistry(DiscoveryClient.java:994)
		at com.netflix.discovery.DiscoveryClient.<init>(DiscoveryClient.java:419)
		... 86 more
	Suppressed: org.springframework.messaging.MessageHandlingException: error occurred in message handler [org.springframework.cloud.stream.function.FunctionConfiguration$FunctionToDestinationBinder$1@3b3cb408], failedMessage=GenericMessage [payload=byte[212], headers={amqp_receivedDeliveryMode=PERSISTENT, amqp_receivedExchange=springCloudBus, amqp_deliveryTag=5, deliveryAttempt=3, amqp_consumerQueue=springCloudBus.anonymous.F2X77IUrTzS0yI-HAS3Gew, amqp_redelivered=false, amqp_receivedRoutingKey=springCloudBus, amqp_timestamp=Fri Jul 24 13:54:10 IST 2026, amqp_messageId=a5a88de4-b58d-6d71-1c61-e3a5572c551c, amqp_retryCount=0, id=b7445452-9d00-6bcf-0a6b-742cd500192c, amqp_consumerTag=amq.ctag-PfoD7KUOMlQQqrzElbvNnQ, sourceData=(Body:'[B@5af6d63e(byte[212])' MessageProperties [headers={}, timestamp=Fri Jul 24 13:54:10 IST 2026, messageId=a5a88de4-b58d-6d71-1c61-e3a5572c551c, contentType=application/json, contentLength=0, receivedDeliveryMode=PERSISTENT, priority=0, redelivered=false, receivedExchange=springCloudBus, receivedRoutingKey=springCloudBus, deliveryTag=5, consumerTag=amq.ctag-PfoD7KUOMlQQqrzElbvNnQ, consumerQueue=springCloudBus.anonymous.F2X77IUrTzS0yI-HAS3Gew]), contentType=application/json, timestamp=1784881451985}]
		at org.springframework.integration.support.utils.IntegrationUtils.wrapInHandlingExceptionIfNecessary(IntegrationUtils.java:190)
		at org.springframework.integration.handler.AbstractMessageHandler.doHandleMessage(AbstractMessageHandler.java:105)
		at org.springframework.integration.handler.AbstractMessageHandler.handleMessage(AbstractMessageHandler.java:70)
		at org.springframework.integration.dispatcher.AbstractDispatcher.tryOptimizedDispatch(AbstractDispatcher.java:133)
		at org.springframework.integration.dispatcher.UnicastingDispatcher.doDispatch(UnicastingDispatcher.java:150)
		at org.springframework.integration.dispatcher.UnicastingDispatcher.dispatch(UnicastingDispatcher.java:123)
		at org.springframework.integration.channel.AbstractSubscribableChannel.doSend(AbstractSubscribableChannel.java:72)
		at org.springframework.integration.channel.AbstractMessageChannel.sendInternal(AbstractMessageChannel.java:438)
		at org.springframework.integration.channel.AbstractMessageChannel.sendWithMetrics(AbstractMessageChannel.java:409)
		at org.springframework.integration.channel.AbstractMessageChannel.send(AbstractMessageChannel.java:338)
		at org.springframework.integration.channel.AbstractMessageChannel.send(AbstractMessageChannel.java:310)
		at org.springframework.messaging.core.GenericMessagingTemplate.doSend(GenericMessagingTemplate.java:187)
		at org.springframework.messaging.core.GenericMessagingTemplate.doSend(GenericMessagingTemplate.java:166)
		at org.springframework.messaging.core.GenericMessagingTemplate.doSend(GenericMessagingTemplate.java:47)
		at org.springframework.messaging.core.AbstractMessageSendingTemplate.send(AbstractMessageSendingTemplate.java:108)
		at org.springframework.integration.endpoint.MessageProducerSupport.sendMessageWithTracking(MessageProducerSupport.java:278)
		at org.springframework.integration.endpoint.MessageProducerSupport.sendMessage(MessageProducerSupport.java:267)
		at org.springframework.integration.amqp.inbound.AmqpInboundChannelAdapter.access$000(AmqpInboundChannelAdapter.java:71)
		at org.springframework.integration.amqp.inbound.AmqpInboundChannelAdapter$Listener.lambda$onMessage$0(AmqpInboundChannelAdapter.java:407)
		at org.springframework.core.retry.RetryTemplate.execute(RetryTemplate.java:174)
		... 14 more
	Caused by: org.springframework.beans.factory.BeanCreationException: Error creating bean with name 'scopedTarget.eurekaClient' defined in class path resource [org/springframework/cloud/netflix/eureka/EurekaClientAutoConfiguration$RefreshableEurekaClientConfiguration.class]: Failed to instantiate [com.netflix.discovery.EurekaClient]: Factory method 'eurekaClient' threw exception with message: java.lang.NullPointerException: Cannot invoke "Object.hashCode()" because "key" is null
		at org.springframework.beans.factory.support.ConstructorResolver.instantiate(ConstructorResolver.java:657)
		at org.springframework.beans.factory.support.ConstructorResolver.instantiateUsingFactoryMethod(ConstructorResolver.java:645)
		at org.springframework.beans.factory.support.AbstractAutowireCapableBeanFactory.instantiateUsingFactoryMethod(AbstractAutowireCapableBeanFactory.java:1360)
		at org.springframework.beans.factory.support.AbstractAutowireCapableBeanFactory.createBeanInstance(AbstractAutowireCapableBeanFactory.java:1192)
		at org.springframework.beans.factory.support.AbstractAutowireCapableBeanFactory.doCreateBean(AbstractAutowireCapableBeanFactory.java:565)
		at org.springframework.beans.factory.support.AbstractAutowireCapableBeanFactory.createBean(AbstractAutowireCapableBeanFactory.java:525)
		at org.springframework.beans.factory.support.AbstractBeanFactory.lambda$doGetBean$1(AbstractBeanFactory.java:372)
		at org.springframework.cloud.context.scope.GenericScope$BeanLifecycleWrapper.getBean(GenericScope.java:373)
		at org.springframework.cloud.context.scope.GenericScope.get(GenericScope.java:177)
		at org.springframework.beans.factory.support.AbstractBeanFactory.doGetBean(AbstractBeanFactory.java:369)
		at org.springframework.beans.factory.support.AbstractBeanFactory.getBean(AbstractBeanFactory.java:196)
		at org.springframework.aop.target.SimpleBeanTargetSource.getTarget(SimpleBeanTargetSource.java:35)
		at org.springframework.aop.framework.JdkDynamicAopProxy.invoke(JdkDynamicAopProxy.java:202)
		at jdk.proxy2/jdk.proxy2.$Proxy118.getApplications(Unknown Source)
		at org.springframework.cloud.netflix.eureka.EurekaDiscoveryClientConfiguration$EurekaClientConfigurationRefresher.onApplicationEvent(EurekaDiscoveryClientConfiguration.java:91)
		at org.springframework.cloud.netflix.eureka.EurekaDiscoveryClientConfiguration$EurekaClientConfigurationRefresher.onApplicationEvent(EurekaDiscoveryClientConfiguration.java:75)
		at org.springframework.context.event.SimpleApplicationEventMulticaster.doInvokeListener(SimpleApplicationEventMulticaster.java:180)
		at org.springframework.context.event.SimpleApplicationEventMulticaster.invokeListener(SimpleApplicationEventMulticaster.java:173)
		at org.springframework.context.event.SimpleApplicationEventMulticaster.multicastEvent(SimpleApplicationEventMulticaster.java:151)
		at org.springframework.context.support.AbstractApplicationContext.publishEvent(AbstractApplicationContext.java:448)
		at org.springframework.context.support.AbstractApplicationContext.publishEvent(AbstractApplicationContext.java:381)
		at org.springframework.cloud.context.scope.refresh.RefreshScope.refreshAll(RefreshScope.java:169)
		at org.springframework.cloud.context.refresh.ContextRefresher.refresh(ContextRefresher.java:95)
		at org.springframework.cloud.bus.event.RefreshListener.onApplicationEvent(RefreshListener.java:49)
		at org.springframework.cloud.bus.event.RefreshListener.onApplicationEvent(RefreshListener.java:32)
		at org.springframework.context.event.SimpleApplicationEventMulticaster.doInvokeListener(SimpleApplicationEventMulticaster.java:180)
		at org.springframework.context.event.SimpleApplicationEventMulticaster.invokeListener(SimpleApplicationEventMulticaster.java:173)
		at org.springframework.context.event.SimpleApplicationEventMulticaster.multicastEvent(SimpleApplicationEventMulticaster.java:151)
		at org.springframework.context.support.AbstractApplicationContext.publishEvent(AbstractApplicationContext.java:448)
		at org.springframework.context.support.AbstractApplicationContext.publishEvent(AbstractApplicationContext.java:381)
		at org.springframework.cloud.bus.BusConsumer.accept(BusConsumer.java:71)
		at org.springframework.cloud.bus.BusConsumer.accept(BusConsumer.java:31)
		at org.springframework.cloud.function.context.catalog.SimpleFunctionRegistry$FunctionInvocationWrapper.invokeConsumer(SimpleFunctionRegistry.java:1129)
		at org.springframework.cloud.function.context.catalog.SimpleFunctionRegistry$FunctionInvocationWrapper.doApply(SimpleFunctionRegistry.java:829)
		at org.springframework.cloud.function.context.catalog.SimpleFunctionRegistry$FunctionInvocationWrapper.apply(SimpleFunctionRegistry.java:656)
		at org.springframework.cloud.function.observability.ObservationFunctionAroundWrapper.lambda$nonReactorStream$0(ObservationFunctionAroundWrapper.java:50)
		at io.micrometer.observation.Observation.observe(Observation.java:634)
		at org.springframework.cloud.function.observability.ObservationFunctionAroundWrapper.nonReactorStream(ObservationFunctionAroundWrapper.java:50)
		at org.springframework.cloud.function.observability.ObservationFunctionAroundWrapper.doApply(ObservationFunctionAroundWrapper.java:45)
		at org.springframework.cloud.function.context.catalog.FunctionAroundWrapper.apply(FunctionAroundWrapper.java:45)
		at org.springframework.cloud.function.context.catalog.SimpleFunctionRegistry$FunctionInvocationWrapper.apply(SimpleFunctionRegistry.java:653)
		at org.springframework.cloud.stream.function.PartitionAwareFunctionWrapper.apply(PartitionAwareFunctionWrapper.java:92)
		at org.springframework.cloud.stream.function.FunctionConfiguration$FunctionWrapper.apply(FunctionConfiguration.java:830)
		at org.springframework.cloud.stream.function.FunctionConfiguration$FunctionToDestinationBinder$1.handleMessageInternal(FunctionConfiguration.java:668)
		at org.springframework.integration.handler.AbstractMessageHandler.doHandleMessage(AbstractMessageHandler.java:102)
		... 32 more
	Caused by: org.springframework.beans.BeanInstantiationException: Failed to instantiate [com.netflix.discovery.EurekaClient]: Factory method 'eurekaClient' threw exception with message: java.lang.NullPointerException: Cannot invoke "Object.hashCode()" because "key" is null
		at org.springframework.beans.factory.support.SimpleInstantiationStrategy.lambda$instantiate$0(SimpleInstantiationStrategy.java:183)
		at org.springframework.beans.factory.support.SimpleInstantiationStrategy.instantiateWithFactoryMethod(SimpleInstantiationStrategy.java:72)
		at org.springframework.beans.factory.support.SimpleInstantiationStrategy.instantiate(SimpleInstantiationStrategy.java:152)
		at org.springframework.beans.factory.support.ConstructorResolver.instantiate(ConstructorResolver.java:653)
		... 76 more
	Caused by: java.lang.IllegalStateException: java.lang.NullPointerException: Cannot invoke "Object.hashCode()" because "key" is null
		at com.netflix.discovery.DiscoveryClient.<init>(DiscoveryClient.java:433)
		at com.netflix.discovery.DiscoveryClient.<init>(DiscoveryClient.java:254)
		at com.netflix.discovery.DiscoveryClient.<init>(DiscoveryClient.java:249)
		at org.springframework.cloud.netflix.eureka.CloudEurekaClient.<init>(CloudEurekaClient.java:68)
		at org.springframework.cloud.netflix.eureka.EurekaClientAutoConfiguration$RefreshableEurekaClientConfiguration.eurekaClient(EurekaClientAutoConfiguration.java:324)
		at java.base/jdk.internal.reflect.DirectMethodHandleAccessor.invoke(DirectMethodHandleAccessor.java:104)
		at java.base/java.lang.reflect.Method.invoke(Method.java:565)
		at org.springframework.beans.factory.support.SimpleInstantiationStrategy.lambda$instantiate$0(SimpleInstantiationStrategy.java:155)
		... 79 more
	Caused by: java.lang.NullPointerException: Cannot invoke "Object.hashCode()" because "key" is null
		at java.base/java.util.concurrent.ConcurrentHashMap.get(ConcurrentHashMap.java:948)
		at com.netflix.discovery.shared.Application.getByInstanceId(Application.java:181)
		at com.netflix.discovery.DiscoveryClient.updateInstanceRemoteStatus(DiscoveryClient.java:1006)
		at com.netflix.discovery.DiscoveryClient.fetchRegistry(DiscoveryClient.java:994)
		at com.netflix.discovery.DiscoveryClient.<init>(DiscoveryClient.java:419)
		... 86 more
Caused by: org.springframework.messaging.MessageHandlingException: error occurred in message handler [org.springframework.cloud.stream.function.FunctionConfiguration$FunctionToDestinationBinder$1@3b3cb408], failedMessage=GenericMessage [payload=byte[212], headers={amqp_receivedDeliveryMode=PERSISTENT, amqp_receivedExchange=springCloudBus, amqp_deliveryTag=5, deliveryAttempt=3, amqp_consumerQueue=springCloudBus.anonymous.F2X77IUrTzS0yI-HAS3Gew, amqp_redelivered=false, amqp_receivedRoutingKey=springCloudBus, amqp_timestamp=Fri Jul 24 13:54:10 IST 2026, amqp_messageId=a5a88de4-b58d-6d71-1c61-e3a5572c551c, amqp_retryCount=0, id=b7445452-9d00-6bcf-0a6b-742cd500192c, amqp_consumerTag=amq.ctag-PfoD7KUOMlQQqrzElbvNnQ, sourceData=(Body:'[B@5af6d63e(byte[212])' MessageProperties [headers={}, timestamp=Fri Jul 24 13:54:10 IST 2026, messageId=a5a88de4-b58d-6d71-1c61-e3a5572c551c, contentType=application/json, contentLength=0, receivedDeliveryMode=PERSISTENT, priority=0, redelivered=false, receivedExchange=springCloudBus, receivedRoutingKey=springCloudBus, deliveryTag=5, consumerTag=amq.ctag-PfoD7KUOMlQQqrzElbvNnQ, consumerQueue=springCloudBus.anonymous.F2X77IUrTzS0yI-HAS3Gew]), contentType=application/json, timestamp=1784881451985}]
	at org.springframework.integration.support.utils.IntegrationUtils.wrapInHandlingExceptionIfNecessary(IntegrationUtils.java:190)
	at org.springframework.integration.handler.AbstractMessageHandler.doHandleMessage(AbstractMessageHandler.java:105)
	at org.springframework.integration.handler.AbstractMessageHandler.handleMessage(AbstractMessageHandler.java:70)
	at org.springframework.integration.dispatcher.AbstractDispatcher.tryOptimizedDispatch(AbstractDispatcher.java:133)
	at org.springframework.integration.dispatcher.UnicastingDispatcher.doDispatch(UnicastingDispatcher.java:150)
	at org.springframework.integration.dispatcher.UnicastingDispatcher.dispatch(UnicastingDispatcher.java:123)
	at org.springframework.integration.channel.AbstractSubscribableChannel.doSend(AbstractSubscribableChannel.java:72)
	at org.springframework.integration.channel.AbstractMessageChannel.sendInternal(AbstractMessageChannel.java:438)
	at org.springframework.integration.channel.AbstractMessageChannel.sendWithMetrics(AbstractMessageChannel.java:409)
	at org.springframework.integration.channel.AbstractMessageChannel.send(AbstractMessageChannel.java:338)
	at org.springframework.integration.channel.AbstractMessageChannel.send(AbstractMessageChannel.java:310)
	at org.springframework.messaging.core.GenericMessagingTemplate.doSend(GenericMessagingTemplate.java:187)
	at org.springframework.messaging.core.GenericMessagingTemplate.doSend(GenericMessagingTemplate.java:166)
	at org.springframework.messaging.core.GenericMessagingTemplate.doSend(GenericMessagingTemplate.java:47)
	at org.springframework.messaging.core.AbstractMessageSendingTemplate.send(AbstractMessageSendingTemplate.java:108)
	at org.springframework.integration.endpoint.MessageProducerSupport.sendMessageWithTracking(MessageProducerSupport.java:278)
	at org.springframework.integration.endpoint.MessageProducerSupport.sendMessage(MessageProducerSupport.java:267)
	at org.springframework.integration.amqp.inbound.AmqpInboundChannelAdapter.access$000(AmqpInboundChannelAdapter.java:71)
	at org.springframework.integration.amqp.inbound.AmqpInboundChannelAdapter$Listener.lambda$onMessage$0(AmqpInboundChannelAdapter.java:407)
	at org.springframework.core.retry.RetryTemplate.execute(RetryTemplate.java:174)
	... 14 more
Caused by: org.springframework.beans.factory.BeanCreationException: Error creating bean with name 'scopedTarget.eurekaClient' defined in class path resource [org/springframework/cloud/netflix/eureka/EurekaClientAutoConfiguration$RefreshableEurekaClientConfiguration.class]: Failed to instantiate [com.netflix.discovery.EurekaClient]: Factory method 'eurekaClient' threw exception with message: java.lang.NullPointerException: Cannot invoke "Object.hashCode()" because "key" is null
	at org.springframework.beans.factory.support.ConstructorResolver.instantiate(ConstructorResolver.java:657)
	at org.springframework.beans.factory.support.ConstructorResolver.instantiateUsingFactoryMethod(ConstructorResolver.java:645)
	at org.springframework.beans.factory.support.AbstractAutowireCapableBeanFactory.instantiateUsingFactoryMethod(AbstractAutowireCapableBeanFactory.java:1360)
	at org.springframework.beans.factory.support.AbstractAutowireCapableBeanFactory.createBeanInstance(AbstractAutowireCapableBeanFactory.java:1192)
	at org.springframework.beans.factory.support.AbstractAutowireCapableBeanFactory.doCreateBean(AbstractAutowireCapableBeanFactory.java:565)
	at org.springframework.beans.factory.support.AbstractAutowireCapableBeanFactory.createBean(AbstractAutowireCapableBeanFactory.java:525)
	at org.springframework.beans.factory.support.AbstractBeanFactory.lambda$doGetBean$1(AbstractBeanFactory.java:372)
	at org.springframework.cloud.context.scope.GenericScope$BeanLifecycleWrapper.getBean(GenericScope.java:373)
	at org.springframework.cloud.context.scope.GenericScope.get(GenericScope.java:177)
	at org.springframework.beans.factory.support.AbstractBeanFactory.doGetBean(AbstractBeanFactory.java:369)
	at org.springframework.beans.factory.support.AbstractBeanFactory.getBean(AbstractBeanFactory.java:196)
	at org.springframework.aop.target.SimpleBeanTargetSource.getTarget(SimpleBeanTargetSource.java:35)
	at org.springframework.aop.framework.JdkDynamicAopProxy.invoke(JdkDynamicAopProxy.java:202)
	at jdk.proxy2/jdk.proxy2.$Proxy118.getApplications(Unknown Source)
	at org.springframework.cloud.netflix.eureka.EurekaDiscoveryClientConfiguration$EurekaClientConfigurationRefresher.onApplicationEvent(EurekaDiscoveryClientConfiguration.java:91)
	at org.springframework.cloud.netflix.eureka.EurekaDiscoveryClientConfiguration$EurekaClientConfigurationRefresher.onApplicationEvent(EurekaDiscoveryClientConfiguration.java:75)
	at org.springframework.context.event.SimpleApplicationEventMulticaster.doInvokeListener(SimpleApplicationEventMulticaster.java:180)
	at org.springframework.context.event.SimpleApplicationEventMulticaster.invokeListener(SimpleApplicationEventMulticaster.java:173)
	at org.springframework.context.event.SimpleApplicationEventMulticaster.multicastEvent(SimpleApplicationEventMulticaster.java:151)
	at org.springframework.context.support.AbstractApplicationContext.publishEvent(AbstractApplicationContext.java:448)
	at org.springframework.context.support.AbstractApplicationContext.publishEvent(AbstractApplicationContext.java:381)
	at org.springframework.cloud.context.scope.refresh.RefreshScope.refreshAll(RefreshScope.java:169)
	at org.springframework.cloud.context.refresh.ContextRefresher.refresh(ContextRefresher.java:95)
	at org.springframework.cloud.bus.event.RefreshListener.onApplicationEvent(RefreshListener.java:49)
	at org.springframework.cloud.bus.event.RefreshListener.onApplicationEvent(RefreshListener.java:32)
	at org.springframework.context.event.SimpleApplicationEventMulticaster.doInvokeListener(SimpleApplicationEventMulticaster.java:180)
	at org.springframework.context.event.SimpleApplicationEventMulticaster.invokeListener(SimpleApplicationEventMulticaster.java:173)
	at org.springframework.context.event.SimpleApplicationEventMulticaster.multicastEvent(SimpleApplicationEventMulticaster.java:151)
	at org.springframework.context.support.AbstractApplicationContext.publishEvent(AbstractApplicationContext.java:448)
	at org.springframework.context.support.AbstractApplicationContext.publishEvent(AbstractApplicationContext.java:381)
	at org.springframework.cloud.bus.BusConsumer.accept(BusConsumer.java:71)
	at org.springframework.cloud.bus.BusConsumer.accept(BusConsumer.java:31)
	at org.springframework.cloud.function.context.catalog.SimpleFunctionRegistry$FunctionInvocationWrapper.invokeConsumer(SimpleFunctionRegistry.java:1129)
	at org.springframework.cloud.function.context.catalog.SimpleFunctionRegistry$FunctionInvocationWrapper.doApply(SimpleFunctionRegistry.java:829)
	at org.springframework.cloud.function.context.catalog.SimpleFunctionRegistry$FunctionInvocationWrapper.apply(SimpleFunctionRegistry.java:656)
	at org.springframework.cloud.function.observability.ObservationFunctionAroundWrapper.lambda$nonReactorStream$0(ObservationFunctionAroundWrapper.java:50)
	at io.micrometer.observation.Observation.observe(Observation.java:634)
	at org.springframework.cloud.function.observability.ObservationFunctionAroundWrapper.nonReactorStream(ObservationFunctionAroundWrapper.java:50)
	at org.springframework.cloud.function.observability.ObservationFunctionAroundWrapper.doApply(ObservationFunctionAroundWrapper.java:45)
	at org.springframework.cloud.function.context.catalog.FunctionAroundWrapper.apply(FunctionAroundWrapper.java:45)
	at org.springframework.cloud.function.context.catalog.SimpleFunctionRegistry$FunctionInvocationWrapper.apply(SimpleFunctionRegistry.java:653)
	at org.springframework.cloud.stream.function.PartitionAwareFunctionWrapper.apply(PartitionAwareFunctionWrapper.java:92)
	at org.springframework.cloud.stream.function.FunctionConfiguration$FunctionWrapper.apply(FunctionConfiguration.java:830)
	at org.springframework.cloud.stream.function.FunctionConfiguration$FunctionToDestinationBinder$1.handleMessageInternal(FunctionConfiguration.java:668)
	at org.springframework.integration.handler.AbstractMessageHandler.doHandleMessage(AbstractMessageHandler.java:102)
	... 32 more
Caused by: org.springframework.beans.BeanInstantiationException: Failed to instantiate [com.netflix.discovery.EurekaClient]: Factory method 'eurekaClient' threw exception with message: java.lang.NullPointerException: Cannot invoke "Object.hashCode()" because "key" is null
	at org.springframework.beans.factory.support.SimpleInstantiationStrategy.lambda$instantiate$0(SimpleInstantiationStrategy.java:183)
	at org.springframework.beans.factory.support.SimpleInstantiationStrategy.instantiateWithFactoryMethod(SimpleInstantiationStrategy.java:72)
	at org.springframework.beans.factory.support.SimpleInstantiationStrategy.instantiate(SimpleInstantiationStrategy.java:152)
	at org.springframework.beans.factory.support.ConstructorResolver.instantiate(ConstructorResolver.java:653)
	... 76 more
Caused by: java.lang.IllegalStateException: java.lang.NullPointerException: Cannot invoke "Object.hashCode()" because "key" is null
	at com.netflix.discovery.DiscoveryClient.<init>(DiscoveryClient.java:433)
	at com.netflix.discovery.DiscoveryClient.<init>(DiscoveryClient.java:254)
	at com.netflix.discovery.DiscoveryClient.<init>(DiscoveryClient.java:249)
	at org.springframework.cloud.netflix.eureka.CloudEurekaClient.<init>(CloudEurekaClient.java:68)
	at org.springframework.cloud.netflix.eureka.EurekaClientAutoConfiguration$RefreshableEurekaClientConfiguration.eurekaClient(EurekaClientAutoConfiguration.java:324)
	at java.base/jdk.internal.reflect.DirectMethodHandleAccessor.invoke(DirectMethodHandleAccessor.java:104)
	at java.base/java.lang.reflect.Method.invoke(Method.java:565)
	at org.springframework.beans.factory.support.SimpleInstantiationStrategy.lambda$instantiate$0(SimpleInstantiationStrategy.java:155)
	... 79 more
Caused by: java.lang.NullPointerException: Cannot invoke "Object.hashCode()" because "key" is null
	at java.base/java.util.concurrent.ConcurrentHashMap.get(ConcurrentHashMap.java:948)
	at com.netflix.discovery.shared.Application.getByInstanceId(Application.java:181)
	at com.netflix.discovery.DiscoveryClient.updateInstanceRemoteStatus(DiscoveryClient.java:1006)
	at com.netflix.discovery.DiscoveryClient.fetchRegistry(DiscoveryClient.java:994)
	at com.netflix.discovery.DiscoveryClient.<init>(DiscoveryClient.java:419)
	... 86 more

2026-07-24T13:54:15.260+05:30  INFO 19840 --- [UserModule] [springCloudBus.anonymous.F2X77IUrTzS0yI-HAS3Gew-1] o.s.cloud.bus.event.RefreshListener      : Received remote refresh request.
2026-07-24T13:54:15.264+05:30  INFO 19840 --- [UserModule] [springCloudBus.anonymous.F2X77IUrTzS0yI-HAS3Gew-1] o.s.c.c.c.ConfigServerConfigDataLoader   : Fetching config from server at : http://localhost:8888
2026-07-24T13:54:15.271+05:30  INFO 19840 --- [UserModule] [springCloudBus.anonymous.F2X77IUrTzS0yI-HAS3Gew-1] o.s.c.c.c.ConfigServerConfigDataLoader   : Located environment: name=UserModule, profiles=[default], label=null, version=null, state=null
2026-07-24T13:54:15.279+05:30  INFO 19840 --- [UserModule] [springCloudBus.anonymous.F2X77IUrTzS0yI-HAS3Gew-1] o.s.c.c.c.ConfigServerConfigDataLoader   : Fetching config from server at : http://localhost:8888
2026-07-24T13:54:15.286+05:30  INFO 19840 --- [UserModule] [springCloudBus.anonymous.F2X77IUrTzS0yI-HAS3Gew-1] o.s.c.c.c.ConfigServerConfigDataLoader   : Located environment: name=UserModule, profiles=[dev], label=null, version=null, state=null
2026-07-24T13:54:15.320+05:30  WARN 19840 --- [UserModule] [springCloudBus.anonymous.F2X77IUrTzS0yI-HAS3Gew-1] com.netflix.appinfo.InstanceInfo         : Passed in hostname is blank, not setting it
2026-07-24T13:54:15.320+05:30  INFO 19840 --- [UserModule] [springCloudBus.anonymous.F2X77IUrTzS0yI-HAS3Gew-1] o.s.c.n.eureka.InstanceInfoFactory       : Setting initial instance status as: STARTING
2026-07-24T13:54:15.321+05:30  INFO 19840 --- [UserModule] [springCloudBus.anonymous.F2X77IUrTzS0yI-HAS3Gew-1] com.netflix.discovery.DiscoveryClient    : Initializing Eureka in region us-east-1
2026-07-24T13:54:15.321+05:30  INFO 19840 --- [UserModule] [springCloudBus.anonymous.F2X77IUrTzS0yI-HAS3Gew-1] c.n.d.s.r.aws.ConfigClusterResolver      : Resolving eureka endpoints via configuration
2026-07-24T13:54:15.321+05:30  INFO 19840 --- [UserModule] [springCloudBus.anonymous.F2X77IUrTzS0yI-HAS3Gew-1] com.netflix.discovery.DiscoveryClient    : Disable delta property : false
2026-07-24T13:54:15.321+05:30  INFO 19840 --- [UserModule] [springCloudBus.anonymous.F2X77IUrTzS0yI-HAS3Gew-1] com.netflix.discovery.DiscoveryClient    : Single vip registry refresh property : null
2026-07-24T13:54:15.321+05:30  INFO 19840 --- [UserModule] [springCloudBus.anonymous.F2X77IUrTzS0yI-HAS3Gew-1] com.netflix.discovery.DiscoveryClient    : Force full registry fetch : false
2026-07-24T13:54:15.321+05:30  INFO 19840 --- [UserModule] [springCloudBus.anonymous.F2X77IUrTzS0yI-HAS3Gew-1] com.netflix.discovery.DiscoveryClient    : Application is null : false
2026-07-24T13:54:15.321+05:30  INFO 19840 --- [UserModule] [springCloudBus.anonymous.F2X77IUrTzS0yI-HAS3Gew-1] com.netflix.discovery.DiscoveryClient    : Registered Applications size is zero : true
2026-07-24T13:54:15.321+05:30  INFO 19840 --- [UserModule] [springCloudBus.anonymous.F2X77IUrTzS0yI-HAS3Gew-1] com.netflix.discovery.DiscoveryClient    : Application version is -1: true
2026-07-24T13:54:15.321+05:30  INFO 19840 --- [UserModule] [springCloudBus.anonymous.F2X77IUrTzS0yI-HAS3Gew-1] com.netflix.discovery.DiscoveryClient    : Getting all instance registry info from the eureka server
2026-07-24T13:54:15.330+05:30  INFO 19840 --- [UserModule] [springCloudBus.anonymous.F2X77IUrTzS0yI-HAS3Gew-1] com.netflix.discovery.DiscoveryClient    : The response status is 200
2026-07-24T13:54:15.330+05:30 ERROR 19840 --- [UserModule] [springCloudBus.anonymous.F2X77IUrTzS0yI-HAS3Gew-1] com.netflix.discovery.DiscoveryClient    : Fetch registry error at startup: Cannot invoke "Object.hashCode()" because "key" is null
2026-07-24T13:54:16.332+05:30  INFO 19840 --- [UserModule] [springCloudBus.anonymous.F2X77IUrTzS0yI-HAS3Gew-1] o.s.cloud.bus.event.RefreshListener      : Received remote refresh request.
2026-07-24T13:54:16.341+05:30  INFO 19840 --- [UserModule] [springCloudBus.anonymous.F2X77IUrTzS0yI-HAS3Gew-1] o.s.c.c.c.ConfigServerConfigDataLoader   : Fetching config from server at : http://localhost:8888
2026-07-24T13:54:16.347+05:30  INFO 19840 --- [UserModule] [springCloudBus.anonymous.F2X77IUrTzS0yI-HAS3Gew-1] o.s.c.c.c.ConfigServerConfigDataLoader   : Located environment: name=UserModule, profiles=[default], label=null, version=null, state=null
2026-07-24T13:54:16.351+05:30  INFO 19840 --- [UserModule] [springCloudBus.anonymous.F2X77IUrTzS0yI-HAS3Gew-1] o.s.c.c.c.ConfigServerConfigDataLoader   : Fetching config from server at : http://localhost:8888
2026-07-24T13:54:16.359+05:30  INFO 19840 --- [UserModule] [springCloudBus.anonymous.F2X77IUrTzS0yI-HAS3Gew-1] o.s.c.c.c.ConfigServerConfigDataLoader   : Located environment: name=UserModule, profiles=[dev], label=null, version=null, state=null
2026-07-24T13:54:16.390+05:30  WARN 19840 --- [UserModule] [springCloudBus.anonymous.F2X77IUrTzS0yI-HAS3Gew-1] com.netflix.appinfo.InstanceInfo         : Passed in hostname is blank, not setting it
2026-07-24T13:54:16.390+05:30  INFO 19840 --- [UserModule] [springCloudBus.anonymous.F2X77IUrTzS0yI-HAS3Gew-1] o.s.c.n.eureka.InstanceInfoFactory       : Setting initial instance status as: STARTING
2026-07-24T13:54:16.390+05:30  INFO 19840 --- [UserModule] [springCloudBus.anonymous.F2X77IUrTzS0yI-HAS3Gew-1] com.netflix.discovery.DiscoveryClient    : Initializing Eureka in region us-east-1
2026-07-24T13:54:16.390+05:30  INFO 19840 --- [UserModule] [springCloudBus.anonymous.F2X77IUrTzS0yI-HAS3Gew-1] c.n.d.s.r.aws.ConfigClusterResolver      : Resolving eureka endpoints via configuration
2026-07-24T13:54:16.390+05:30  INFO 19840 --- [UserModule] [springCloudBus.anonymous.F2X77IUrTzS0yI-HAS3Gew-1] com.netflix.discovery.DiscoveryClient    : Disable delta property : false
2026-07-24T13:54:16.390+05:30  INFO 19840 --- [UserModule] [springCloudBus.anonymous.F2X77IUrTzS0yI-HAS3Gew-1] com.netflix.discovery.DiscoveryClient    : Single vip registry refresh property : null
2026-07-24T13:54:16.390+05:30  INFO 19840 --- [UserModule] [springCloudBus.anonymous.F2X77IUrTzS0yI-HAS3Gew-1] com.netflix.discovery.DiscoveryClient    : Force full registry fetch : false
2026-07-24T13:54:16.390+05:30  INFO 19840 --- [UserModule] [springCloudBus.anonymous.F2X77IUrTzS0yI-HAS3Gew-1] com.netflix.discovery.DiscoveryClient    : Application is null : false
2026-07-24T13:54:16.390+05:30  INFO 19840 --- [UserModule] [springCloudBus.anonymous.F2X77IUrTzS0yI-HAS3Gew-1] com.netflix.discovery.DiscoveryClient    : Registered Applications size is zero : true
2026-07-24T13:54:16.390+05:30  INFO 19840 --- [UserModule] [springCloudBus.anonymous.F2X77IUrTzS0yI-HAS3Gew-1] com.netflix.discovery.DiscoveryClient    : Application version is -1: true
2026-07-24T13:54:16.390+05:30  INFO 19840 --- [UserModule] [springCloudBus.anonymous.F2X77IUrTzS0yI-HAS3Gew-1] com.netflix.discovery.DiscoveryClient    : Getting all instance registry info from the eureka server
2026-07-24T13:54:16.398+05:30  INFO 19840 --- [UserModule] [springCloudBus.anonymous.F2X77IUrTzS0yI-HAS3Gew-1] com.netflix.discovery.DiscoveryClient    : The response status is 200
2026-07-24T13:54:16.399+05:30 ERROR 19840 --- [UserModule] [springCloudBus.anonymous.F2X77IUrTzS0yI-HAS3Gew-1] com.netflix.discovery.DiscoveryClient    : Fetch registry error at startup: Cannot invoke "Object.hashCode()" because "key" is null
2026-07-24T13:54:18.401+05:30  INFO 19840 --- [UserModule] [springCloudBus.anonymous.F2X77IUrTzS0yI-HAS3Gew-1] o.s.cloud.bus.event.RefreshListener      : Received remote refresh request.
2026-07-24T13:54:18.408+05:30  INFO 19840 --- [UserModule] [springCloudBus.anonymous.F2X77IUrTzS0yI-HAS3Gew-1] o.s.c.c.c.ConfigServerConfigDataLoader   : Fetching config from server at : http://localhost:8888
2026-07-24T13:54:18.414+05:30  INFO 19840 --- [UserModule] [springCloudBus.anonymous.F2X77IUrTzS0yI-HAS3Gew-1] o.s.c.c.c.ConfigServerConfigDataLoader   : Located environment: name=UserModule, profiles=[default], label=null, version=null, state=null
2026-07-24T13:54:18.419+05:30  INFO 19840 --- [UserModule] [springCloudBus.anonymous.F2X77IUrTzS0yI-HAS3Gew-1] o.s.c.c.c.ConfigServerConfigDataLoader   : Fetching config from server at : http://localhost:8888
2026-07-24T13:54:18.427+05:30  INFO 19840 --- [UserModule] [springCloudBus.anonymous.F2X77IUrTzS0yI-HAS3Gew-1] o.s.c.c.c.ConfigServerConfigDataLoader   : Located environment: name=UserModule, profiles=[dev], label=null, version=null, state=null
2026-07-24T13:54:18.471+05:30  WARN 19840 --- [UserModule] [springCloudBus.anonymous.F2X77IUrTzS0yI-HAS3Gew-1] com.netflix.appinfo.InstanceInfo         : Passed in hostname is blank, not setting it
2026-07-24T13:54:18.471+05:30  INFO 19840 --- [UserModule] [springCloudBus.anonymous.F2X77IUrTzS0yI-HAS3Gew-1] o.s.c.n.eureka.InstanceInfoFactory       : Setting initial instance status as: STARTING
2026-07-24T13:54:18.471+05:30  INFO 19840 --- [UserModule] [springCloudBus.anonymous.F2X77IUrTzS0yI-HAS3Gew-1] com.netflix.discovery.DiscoveryClient    : Initializing Eureka in region us-east-1
2026-07-24T13:54:18.471+05:30  INFO 19840 --- [UserModule] [springCloudBus.anonymous.F2X77IUrTzS0yI-HAS3Gew-1] c.n.d.s.r.aws.ConfigClusterResolver      : Resolving eureka endpoints via configuration
2026-07-24T13:54:18.471+05:30  INFO 19840 --- [UserModule] [springCloudBus.anonymous.F2X77IUrTzS0yI-HAS3Gew-1] com.netflix.discovery.DiscoveryClient    : Disable delta property : false
2026-07-24T13:54:18.472+05:30  INFO 19840 --- [UserModule] [springCloudBus.anonymous.F2X77IUrTzS0yI-HAS3Gew-1] com.netflix.discovery.DiscoveryClient    : Single vip registry refresh property : null
2026-07-24T13:54:18.472+05:30  INFO 19840 --- [UserModule] [springCloudBus.anonymous.F2X77IUrTzS0yI-HAS3Gew-1] com.netflix.discovery.DiscoveryClient    : Force full registry fetch : false
2026-07-24T13:54:18.472+05:30  INFO 19840 --- [UserModule] [springCloudBus.anonymous.F2X77IUrTzS0yI-HAS3Gew-1] com.netflix.discovery.DiscoveryClient    : Application is null : false
2026-07-24T13:54:18.472+05:30  INFO 19840 --- [UserModule] [springCloudBus.anonymous.F2X77IUrTzS0yI-HAS3Gew-1] com.netflix.discovery.DiscoveryClient    : Registered Applications size is zero : true
2026-07-24T13:54:18.472+05:30  INFO 19840 --- [UserModule] [springCloudBus.anonymous.F2X77IUrTzS0yI-HAS3Gew-1] com.netflix.discovery.DiscoveryClient    : Application version is -1: true
2026-07-24T13:54:18.472+05:30  INFO 19840 --- [UserModule] [springCloudBus.anonymous.F2X77IUrTzS0yI-HAS3Gew-1] com.netflix.discovery.DiscoveryClient    : Getting all instance registry info from the eureka server
2026-07-24T13:54:18.480+05:30  INFO 19840 --- [UserModule] [springCloudBus.anonymous.F2X77IUrTzS0yI-HAS3Gew-1] com.netflix.discovery.DiscoveryClient    : The response status is 200
2026-07-24T13:54:18.480+05:30 ERROR 19840 --- [UserModule] [springCloudBus.anonymous.F2X77IUrTzS0yI-HAS3Gew-1] com.netflix.discovery.DiscoveryClient    : Fetch registry error at startup: Cannot invoke "Object.hashCode()" because "key" is null
2026-07-24T13:54:18.482+05:30 ERROR 19840 --- [UserModule] [springCloudBus.anonymous.F2X77IUrTzS0yI-HAS3Gew-1] o.s.integration.handler.LoggingHandler   : org.springframework.messaging.MessagingException: Retry policy for operation 'org.springframework.integration.amqp.inbound.AmqpInboundChannelAdapter$Listener$$Lambda/0x0000000010b64258' exhausted; aborting execution
	at org.springframework.integration.core.ErrorMessagePublisher.determinePayload(ErrorMessagePublisher.java:186)
	at org.springframework.integration.core.ErrorMessagePublisher.publish(ErrorMessagePublisher.java:162)
	at org.springframework.integration.handler.advice.ErrorMessageSendingRecoverer.recover(ErrorMessageSendingRecoverer.java:79)
	at org.springframework.integration.amqp.inbound.AmqpInboundChannelAdapter$Listener.onMessage(AmqpInboundChannelAdapter.java:413)
	at org.springframework.amqp.rabbit.listener.AbstractMessageListenerContainer.doInvokeListener(AbstractMessageListenerContainer.java:1691)
	at org.springframework.amqp.rabbit.listener.AbstractMessageListenerContainer.actualInvokeListener(AbstractMessageListenerContainer.java:1620)
	at org.springframework.amqp.rabbit.listener.AbstractMessageListenerContainer.invokeListener(AbstractMessageListenerContainer.java:1603)
	at org.springframework.amqp.rabbit.listener.AbstractMessageListenerContainer.doExecuteListener(AbstractMessageListenerContainer.java:1594)
	at org.springframework.amqp.rabbit.listener.AbstractMessageListenerContainer.executeListenerAndHandleException(AbstractMessageListenerContainer.java:1541)
	at org.springframework.amqp.rabbit.listener.AbstractMessageListenerContainer.lambda$executeListener$1(AbstractMessageListenerContainer.java:1519)
	at io.micrometer.observation.Observation.observe(Observation.java:569)
	at org.springframework.amqp.rabbit.listener.AbstractMessageListenerContainer.executeListener(AbstractMessageListenerContainer.java:1519)
	at org.springframework.amqp.rabbit.listener.SimpleMessageListenerContainer.doReceiveAndExecute(SimpleMessageListenerContainer.java:1158)
	at org.springframework.amqp.rabbit.listener.SimpleMessageListenerContainer.receiveAndExecute(SimpleMessageListenerContainer.java:1103)
	at org.springframework.amqp.rabbit.listener.SimpleMessageListenerContainer$AsyncMessageProcessingConsumer.mainLoop(SimpleMessageListenerContainer.java:1511)
	at org.springframework.amqp.rabbit.listener.SimpleMessageListenerContainer$AsyncMessageProcessingConsumer.run(SimpleMessageListenerContainer.java:1405)
	at java.base/java.lang.Thread.run(Thread.java:1474)
Caused by: org.springframework.core.retry.RetryException: Retry policy for operation 'org.springframework.integration.amqp.inbound.AmqpInboundChannelAdapter$Listener$$Lambda/0x0000000010b64258' exhausted; aborting execution
	at org.springframework.core.retry.RetryTemplate.execute(RetryTemplate.java:197)
	at org.springframework.integration.amqp.inbound.AmqpInboundChannelAdapter$Listener.onMessage(AmqpInboundChannelAdapter.java:400)
	... 13 more
	Suppressed: org.springframework.messaging.MessageHandlingException: error occurred in message handler [org.springframework.cloud.stream.function.FunctionConfiguration$FunctionToDestinationBinder$1@3b3cb408], failedMessage=GenericMessage [payload=byte[212], headers={amqp_receivedDeliveryMode=PERSISTENT, amqp_receivedExchange=springCloudBus, amqp_deliveryTag=7, deliveryAttempt=3, amqp_consumerQueue=springCloudBus.anonymous.F2X77IUrTzS0yI-HAS3Gew, amqp_redelivered=false, amqp_receivedRoutingKey=springCloudBus, amqp_timestamp=Fri Jul 24 13:54:11 IST 2026, amqp_messageId=b27a57d1-6b5a-dd8f-3b79-78d1d59fbde7, amqp_retryCount=0, id=a58333ee-f7b9-8ea9-611b-05648032036f, amqp_consumerTag=amq.ctag-PfoD7KUOMlQQqrzElbvNnQ, sourceData=(Body:'[B@3b1a8b2e(byte[212])' MessageProperties [headers={}, timestamp=Fri Jul 24 13:54:11 IST 2026, messageId=b27a57d1-6b5a-dd8f-3b79-78d1d59fbde7, contentType=application/json, contentLength=0, receivedDeliveryMode=PERSISTENT, priority=0, redelivered=false, receivedExchange=springCloudBus, receivedRoutingKey=springCloudBus, deliveryTag=7, consumerTag=amq.ctag-PfoD7KUOMlQQqrzElbvNnQ, consumerQueue=springCloudBus.anonymous.F2X77IUrTzS0yI-HAS3Gew]), contentType=application/json, timestamp=1784881455259}]
		at org.springframework.integration.support.utils.IntegrationUtils.wrapInHandlingExceptionIfNecessary(IntegrationUtils.java:190)
		at org.springframework.integration.handler.AbstractMessageHandler.doHandleMessage(AbstractMessageHandler.java:105)
		at org.springframework.integration.handler.AbstractMessageHandler.handleMessage(AbstractMessageHandler.java:70)
		at org.springframework.integration.dispatcher.AbstractDispatcher.tryOptimizedDispatch(AbstractDispatcher.java:133)
		at org.springframework.integration.dispatcher.UnicastingDispatcher.doDispatch(UnicastingDispatcher.java:150)
		at org.springframework.integration.dispatcher.UnicastingDispatcher.dispatch(UnicastingDispatcher.java:123)
		at org.springframework.integration.channel.AbstractSubscribableChannel.doSend(AbstractSubscribableChannel.java:72)
		at org.springframework.integration.channel.AbstractMessageChannel.sendInternal(AbstractMessageChannel.java:438)
		at org.springframework.integration.channel.AbstractMessageChannel.sendWithMetrics(AbstractMessageChannel.java:409)
		at org.springframework.integration.channel.AbstractMessageChannel.send(AbstractMessageChannel.java:338)
		at org.springframework.integration.channel.AbstractMessageChannel.send(AbstractMessageChannel.java:310)
		at org.springframework.messaging.core.GenericMessagingTemplate.doSend(GenericMessagingTemplate.java:187)
		at org.springframework.messaging.core.GenericMessagingTemplate.doSend(GenericMessagingTemplate.java:166)
		at org.springframework.messaging.core.GenericMessagingTemplate.doSend(GenericMessagingTemplate.java:47)
		at org.springframework.messaging.core.AbstractMessageSendingTemplate.send(AbstractMessageSendingTemplate.java:108)
		at org.springframework.integration.endpoint.MessageProducerSupport.sendMessageWithTracking(MessageProducerSupport.java:278)
		at org.springframework.integration.endpoint.MessageProducerSupport.sendMessage(MessageProducerSupport.java:267)
		at org.springframework.integration.amqp.inbound.AmqpInboundChannelAdapter.access$000(AmqpInboundChannelAdapter.java:71)
		at org.springframework.integration.amqp.inbound.AmqpInboundChannelAdapter$Listener.lambda$onMessage$0(AmqpInboundChannelAdapter.java:407)
		at org.springframework.core.retry.RetryTemplate.execute(RetryTemplate.java:135)
		... 14 more
	Caused by: org.springframework.beans.factory.BeanCreationException: Error creating bean with name 'scopedTarget.eurekaClient' defined in class path resource [org/springframework/cloud/netflix/eureka/EurekaClientAutoConfiguration$RefreshableEurekaClientConfiguration.class]: Failed to instantiate [com.netflix.discovery.EurekaClient]: Factory method 'eurekaClient' threw exception with message: java.lang.NullPointerException: Cannot invoke "Object.hashCode()" because "key" is null
		at org.springframework.beans.factory.support.ConstructorResolver.instantiate(ConstructorResolver.java:657)
		at org.springframework.beans.factory.support.ConstructorResolver.instantiateUsingFactoryMethod(ConstructorResolver.java:645)
		at org.springframework.beans.factory.support.AbstractAutowireCapableBeanFactory.instantiateUsingFactoryMethod(AbstractAutowireCapableBeanFactory.java:1360)
		at org.springframework.beans.factory.support.AbstractAutowireCapableBeanFactory.createBeanInstance(AbstractAutowireCapableBeanFactory.java:1192)
		at org.springframework.beans.factory.support.AbstractAutowireCapableBeanFactory.doCreateBean(AbstractAutowireCapableBeanFactory.java:565)
		at org.springframework.beans.factory.support.AbstractAutowireCapableBeanFactory.createBean(AbstractAutowireCapableBeanFactory.java:525)
		at org.springframework.beans.factory.support.AbstractBeanFactory.lambda$doGetBean$1(AbstractBeanFactory.java:372)
		at org.springframework.cloud.context.scope.GenericScope$BeanLifecycleWrapper.getBean(GenericScope.java:373)
		at org.springframework.cloud.context.scope.GenericScope.get(GenericScope.java:177)
		at org.springframework.beans.factory.support.AbstractBeanFactory.doGetBean(AbstractBeanFactory.java:369)
		at org.springframework.beans.factory.support.AbstractBeanFactory.getBean(AbstractBeanFactory.java:196)
		at org.springframework.aop.target.SimpleBeanTargetSource.getTarget(SimpleBeanTargetSource.java:35)
		at org.springframework.aop.framework.JdkDynamicAopProxy.invoke(JdkDynamicAopProxy.java:202)
		at jdk.proxy2/jdk.proxy2.$Proxy118.getApplications(Unknown Source)
		at org.springframework.cloud.netflix.eureka.EurekaDiscoveryClientConfiguration$EurekaClientConfigurationRefresher.onApplicationEvent(EurekaDiscoveryClientConfiguration.java:91)
		at org.springframework.cloud.netflix.eureka.EurekaDiscoveryClientConfiguration$EurekaClientConfigurationRefresher.onApplicationEvent(EurekaDiscoveryClientConfiguration.java:75)
		at org.springframework.context.event.SimpleApplicationEventMulticaster.doInvokeListener(SimpleApplicationEventMulticaster.java:180)
		at org.springframework.context.event.SimpleApplicationEventMulticaster.invokeListener(SimpleApplicationEventMulticaster.java:173)
		at org.springframework.context.event.SimpleApplicationEventMulticaster.multicastEvent(SimpleApplicationEventMulticaster.java:151)
		at org.springframework.context.support.AbstractApplicationContext.publishEvent(AbstractApplicationContext.java:448)
		at org.springframework.context.support.AbstractApplicationContext.publishEvent(AbstractApplicationContext.java:381)
		at org.springframework.cloud.context.scope.refresh.RefreshScope.refreshAll(RefreshScope.java:169)
		at org.springframework.cloud.context.refresh.ContextRefresher.refresh(ContextRefresher.java:95)
		at org.springframework.cloud.bus.event.RefreshListener.onApplicationEvent(RefreshListener.java:49)
		at org.springframework.cloud.bus.event.RefreshListener.onApplicationEvent(RefreshListener.java:32)
		at org.springframework.context.event.SimpleApplicationEventMulticaster.doInvokeListener(SimpleApplicationEventMulticaster.java:180)
		at org.springframework.context.event.SimpleApplicationEventMulticaster.invokeListener(SimpleApplicationEventMulticaster.java:173)
		at org.springframework.context.event.SimpleApplicationEventMulticaster.multicastEvent(SimpleApplicationEventMulticaster.java:151)
		at org.springframework.context.support.AbstractApplicationContext.publishEvent(AbstractApplicationContext.java:448)
		at org.springframework.context.support.AbstractApplicationContext.publishEvent(AbstractApplicationContext.java:381)
		at org.springframework.cloud.bus.BusConsumer.accept(BusConsumer.java:71)
		at org.springframework.cloud.bus.BusConsumer.accept(BusConsumer.java:31)
		at org.springframework.cloud.function.context.catalog.SimpleFunctionRegistry$FunctionInvocationWrapper.invokeConsumer(SimpleFunctionRegistry.java:1129)
		at org.springframework.cloud.function.context.catalog.SimpleFunctionRegistry$FunctionInvocationWrapper.doApply(SimpleFunctionRegistry.java:829)
		at org.springframework.cloud.function.context.catalog.SimpleFunctionRegistry$FunctionInvocationWrapper.apply(SimpleFunctionRegistry.java:656)
		at org.springframework.cloud.function.observability.ObservationFunctionAroundWrapper.lambda$nonReactorStream$0(ObservationFunctionAroundWrapper.java:50)
		at io.micrometer.observation.Observation.observe(Observation.java:634)
		at org.springframework.cloud.function.observability.ObservationFunctionAroundWrapper.nonReactorStream(ObservationFunctionAroundWrapper.java:50)
		at org.springframework.cloud.function.observability.ObservationFunctionAroundWrapper.doApply(ObservationFunctionAroundWrapper.java:45)
		at org.springframework.cloud.function.context.catalog.FunctionAroundWrapper.apply(FunctionAroundWrapper.java:45)
		at org.springframework.cloud.function.context.catalog.SimpleFunctionRegistry$FunctionInvocationWrapper.apply(SimpleFunctionRegistry.java:653)
		at org.springframework.cloud.stream.function.PartitionAwareFunctionWrapper.apply(PartitionAwareFunctionWrapper.java:92)
		at org.springframework.cloud.stream.function.FunctionConfiguration$FunctionWrapper.apply(FunctionConfiguration.java:830)
		at org.springframework.cloud.stream.function.FunctionConfiguration$FunctionToDestinationBinder$1.handleMessageInternal(FunctionConfiguration.java:668)
		at org.springframework.integration.handler.AbstractMessageHandler.doHandleMessage(AbstractMessageHandler.java:102)
		... 32 more
	Caused by: org.springframework.beans.BeanInstantiationException: Failed to instantiate [com.netflix.discovery.EurekaClient]: Factory method 'eurekaClient' threw exception with message: java.lang.NullPointerException: Cannot invoke "Object.hashCode()" because "key" is null
		at org.springframework.beans.factory.support.SimpleInstantiationStrategy.lambda$instantiate$0(SimpleInstantiationStrategy.java:183)
		at org.springframework.beans.factory.support.SimpleInstantiationStrategy.instantiateWithFactoryMethod(SimpleInstantiationStrategy.java:72)
		at org.springframework.beans.factory.support.SimpleInstantiationStrategy.instantiate(SimpleInstantiationStrategy.java:152)
		at org.springframework.beans.factory.support.ConstructorResolver.instantiate(ConstructorResolver.java:653)
		... 76 more
	Caused by: java.lang.IllegalStateException: java.lang.NullPointerException: Cannot invoke "Object.hashCode()" because "key" is null
		at com.netflix.discovery.DiscoveryClient.<init>(DiscoveryClient.java:433)
		at com.netflix.discovery.DiscoveryClient.<init>(DiscoveryClient.java:254)
		at com.netflix.discovery.DiscoveryClient.<init>(DiscoveryClient.java:249)
		at org.springframework.cloud.netflix.eureka.CloudEurekaClient.<init>(CloudEurekaClient.java:68)
		at org.springframework.cloud.netflix.eureka.EurekaClientAutoConfiguration$RefreshableEurekaClientConfiguration.eurekaClient(EurekaClientAutoConfiguration.java:324)
		at java.base/jdk.internal.reflect.DirectMethodHandleAccessor.invoke(DirectMethodHandleAccessor.java:104)
		at java.base/java.lang.reflect.Method.invoke(Method.java:565)
		at org.springframework.beans.factory.support.SimpleInstantiationStrategy.lambda$instantiate$0(SimpleInstantiationStrategy.java:155)
		... 79 more
	Caused by: java.lang.NullPointerException: Cannot invoke "Object.hashCode()" because "key" is null
		at java.base/java.util.concurrent.ConcurrentHashMap.get(ConcurrentHashMap.java:948)
		at com.netflix.discovery.shared.Application.getByInstanceId(Application.java:181)
		at com.netflix.discovery.DiscoveryClient.updateInstanceRemoteStatus(DiscoveryClient.java:1006)
		at com.netflix.discovery.DiscoveryClient.fetchRegistry(DiscoveryClient.java:994)
		at com.netflix.discovery.DiscoveryClient.<init>(DiscoveryClient.java:419)
		... 86 more
	Suppressed: org.springframework.messaging.MessageHandlingException: error occurred in message handler [org.springframework.cloud.stream.function.FunctionConfiguration$FunctionToDestinationBinder$1@3b3cb408], failedMessage=GenericMessage [payload=byte[212], headers={amqp_receivedDeliveryMode=PERSISTENT, amqp_receivedExchange=springCloudBus, amqp_deliveryTag=7, deliveryAttempt=3, amqp_consumerQueue=springCloudBus.anonymous.F2X77IUrTzS0yI-HAS3Gew, amqp_redelivered=false, amqp_receivedRoutingKey=springCloudBus, amqp_timestamp=Fri Jul 24 13:54:11 IST 2026, amqp_messageId=b27a57d1-6b5a-dd8f-3b79-78d1d59fbde7, amqp_retryCount=0, id=a58333ee-f7b9-8ea9-611b-05648032036f, amqp_consumerTag=amq.ctag-PfoD7KUOMlQQqrzElbvNnQ, sourceData=(Body:'[B@3b1a8b2e(byte[212])' MessageProperties [headers={}, timestamp=Fri Jul 24 13:54:11 IST 2026, messageId=b27a57d1-6b5a-dd8f-3b79-78d1d59fbde7, contentType=application/json, contentLength=0, receivedDeliveryMode=PERSISTENT, priority=0, redelivered=false, receivedExchange=springCloudBus, receivedRoutingKey=springCloudBus, deliveryTag=7, consumerTag=amq.ctag-PfoD7KUOMlQQqrzElbvNnQ, consumerQueue=springCloudBus.anonymous.F2X77IUrTzS0yI-HAS3Gew]), contentType=application/json, timestamp=1784881455259}]
		at org.springframework.integration.support.utils.IntegrationUtils.wrapInHandlingExceptionIfNecessary(IntegrationUtils.java:190)
		at org.springframework.integration.handler.AbstractMessageHandler.doHandleMessage(AbstractMessageHandler.java:105)
		at org.springframework.integration.handler.AbstractMessageHandler.handleMessage(AbstractMessageHandler.java:70)
		at org.springframework.integration.dispatcher.AbstractDispatcher.tryOptimizedDispatch(AbstractDispatcher.java:133)
		at org.springframework.integration.dispatcher.UnicastingDispatcher.doDispatch(UnicastingDispatcher.java:150)
		at org.springframework.integration.dispatcher.UnicastingDispatcher.dispatch(UnicastingDispatcher.java:123)
		at org.springframework.integration.channel.AbstractSubscribableChannel.doSend(AbstractSubscribableChannel.java:72)
		at org.springframework.integration.channel.AbstractMessageChannel.sendInternal(AbstractMessageChannel.java:438)
		at org.springframework.integration.channel.AbstractMessageChannel.sendWithMetrics(AbstractMessageChannel.java:409)
		at org.springframework.integration.channel.AbstractMessageChannel.send(AbstractMessageChannel.java:338)
		at org.springframework.integration.channel.AbstractMessageChannel.send(AbstractMessageChannel.java:310)
		at org.springframework.messaging.core.GenericMessagingTemplate.doSend(GenericMessagingTemplate.java:187)
		at org.springframework.messaging.core.GenericMessagingTemplate.doSend(GenericMessagingTemplate.java:166)
		at org.springframework.messaging.core.GenericMessagingTemplate.doSend(GenericMessagingTemplate.java:47)
		at org.springframework.messaging.core.AbstractMessageSendingTemplate.send(AbstractMessageSendingTemplate.java:108)
		at org.springframework.integration.endpoint.MessageProducerSupport.sendMessageWithTracking(MessageProducerSupport.java:278)
		at org.springframework.integration.endpoint.MessageProducerSupport.sendMessage(MessageProducerSupport.java:267)
		at org.springframework.integration.amqp.inbound.AmqpInboundChannelAdapter.access$000(AmqpInboundChannelAdapter.java:71)
		at org.springframework.integration.amqp.inbound.AmqpInboundChannelAdapter$Listener.lambda$onMessage$0(AmqpInboundChannelAdapter.java:407)
		at org.springframework.core.retry.RetryTemplate.execute(RetryTemplate.java:174)
		... 14 more
	Caused by: org.springframework.beans.factory.BeanCreationException: Error creating bean with name 'scopedTarget.eurekaClient' defined in class path resource [org/springframework/cloud/netflix/eureka/EurekaClientAutoConfiguration$RefreshableEurekaClientConfiguration.class]: Failed to instantiate [com.netflix.discovery.EurekaClient]: Factory method 'eurekaClient' threw exception with message: java.lang.NullPointerException: Cannot invoke "Object.hashCode()" because "key" is null
		at org.springframework.beans.factory.support.ConstructorResolver.instantiate(ConstructorResolver.java:657)
		at org.springframework.beans.factory.support.ConstructorResolver.instantiateUsingFactoryMethod(ConstructorResolver.java:645)
		at org.springframework.beans.factory.support.AbstractAutowireCapableBeanFactory.instantiateUsingFactoryMethod(AbstractAutowireCapableBeanFactory.java:1360)
		at org.springframework.beans.factory.support.AbstractAutowireCapableBeanFactory.createBeanInstance(AbstractAutowireCapableBeanFactory.java:1192)
		at org.springframework.beans.factory.support.AbstractAutowireCapableBeanFactory.doCreateBean(AbstractAutowireCapableBeanFactory.java:565)
		at org.springframework.beans.factory.support.AbstractAutowireCapableBeanFactory.createBean(AbstractAutowireCapableBeanFactory.java:525)
		at org.springframework.beans.factory.support.AbstractBeanFactory.lambda$doGetBean$1(AbstractBeanFactory.java:372)
		at org.springframework.cloud.context.scope.GenericScope$BeanLifecycleWrapper.getBean(GenericScope.java:373)
		at org.springframework.cloud.context.scope.GenericScope.get(GenericScope.java:177)
		at org.springframework.beans.factory.support.AbstractBeanFactory.doGetBean(AbstractBeanFactory.java:369)
		at org.springframework.beans.factory.support.AbstractBeanFactory.getBean(AbstractBeanFactory.java:196)
		at org.springframework.aop.target.SimpleBeanTargetSource.getTarget(SimpleBeanTargetSource.java:35)
		at org.springframework.aop.framework.JdkDynamicAopProxy.invoke(JdkDynamicAopProxy.java:202)
		at jdk.proxy2/jdk.proxy2.$Proxy118.getApplications(Unknown Source)
		at org.springframework.cloud.netflix.eureka.EurekaDiscoveryClientConfiguration$EurekaClientConfigurationRefresher.onApplicationEvent(EurekaDiscoveryClientConfiguration.java:91)
		at org.springframework.cloud.netflix.eureka.EurekaDiscoveryClientConfiguration$EurekaClientConfigurationRefresher.onApplicationEvent(EurekaDiscoveryClientConfiguration.java:75)
		at org.springframework.context.event.SimpleApplicationEventMulticaster.doInvokeListener(SimpleApplicationEventMulticaster.java:180)
		at org.springframework.context.event.SimpleApplicationEventMulticaster.invokeListener(SimpleApplicationEventMulticaster.java:173)
		at org.springframework.context.event.SimpleApplicationEventMulticaster.multicastEvent(SimpleApplicationEventMulticaster.java:151)
		at org.springframework.context.support.AbstractApplicationContext.publishEvent(AbstractApplicationContext.java:448)
		at org.springframework.context.support.AbstractApplicationContext.publishEvent(AbstractApplicationContext.java:381)
		at org.springframework.cloud.context.scope.refresh.RefreshScope.refreshAll(RefreshScope.java:169)
		at org.springframework.cloud.context.refresh.ContextRefresher.refresh(ContextRefresher.java:95)
		at org.springframework.cloud.bus.event.RefreshListener.onApplicationEvent(RefreshListener.java:49)
		at org.springframework.cloud.bus.event.RefreshListener.onApplicationEvent(RefreshListener.java:32)
		at org.springframework.context.event.SimpleApplicationEventMulticaster.doInvokeListener(SimpleApplicationEventMulticaster.java:180)
		at org.springframework.context.event.SimpleApplicationEventMulticaster.invokeListener(SimpleApplicationEventMulticaster.java:173)
		at org.springframework.context.event.SimpleApplicationEventMulticaster.multicastEvent(SimpleApplicationEventMulticaster.java:151)
		at org.springframework.context.support.AbstractApplicationContext.publishEvent(AbstractApplicationContext.java:448)
		at org.springframework.context.support.AbstractApplicationContext.publishEvent(AbstractApplicationContext.java:381)
		at org.springframework.cloud.bus.BusConsumer.accept(BusConsumer.java:71)
		at org.springframework.cloud.bus.BusConsumer.accept(BusConsumer.java:31)
		at org.springframework.cloud.function.context.catalog.SimpleFunctionRegistry$FunctionInvocationWrapper.invokeConsumer(SimpleFunctionRegistry.java:1129)
		at org.springframework.cloud.function.context.catalog.SimpleFunctionRegistry$FunctionInvocationWrapper.doApply(SimpleFunctionRegistry.java:829)
		at org.springframework.cloud.function.context.catalog.SimpleFunctionRegistry$FunctionInvocationWrapper.apply(SimpleFunctionRegistry.java:656)
		at org.springframework.cloud.function.observability.ObservationFunctionAroundWrapper.lambda$nonReactorStream$0(ObservationFunctionAroundWrapper.java:50)
		at io.micrometer.observation.Observation.observe(Observation.java:634)
		at org.springframework.cloud.function.observability.ObservationFunctionAroundWrapper.nonReactorStream(ObservationFunctionAroundWrapper.java:50)
		at org.springframework.cloud.function.observability.ObservationFunctionAroundWrapper.doApply(ObservationFunctionAroundWrapper.java:45)
		at org.springframework.cloud.function.context.catalog.FunctionAroundWrapper.apply(FunctionAroundWrapper.java:45)
		at org.springframework.cloud.function.context.catalog.SimpleFunctionRegistry$FunctionInvocationWrapper.apply(SimpleFunctionRegistry.java:653)
		at org.springframework.cloud.stream.function.PartitionAwareFunctionWrapper.apply(PartitionAwareFunctionWrapper.java:92)
		at org.springframework.cloud.stream.function.FunctionConfiguration$FunctionWrapper.apply(FunctionConfiguration.java:830)
		at org.springframework.cloud.stream.function.FunctionConfiguration$FunctionToDestinationBinder$1.handleMessageInternal(FunctionConfiguration.java:668)
		at org.springframework.integration.handler.AbstractMessageHandler.doHandleMessage(AbstractMessageHandler.java:102)
		... 32 more
	Caused by: org.springframework.beans.BeanInstantiationException: Failed to instantiate [com.netflix.discovery.EurekaClient]: Factory method 'eurekaClient' threw exception with message: java.lang.NullPointerException: Cannot invoke "Object.hashCode()" because "key" is null
		at org.springframework.beans.factory.support.SimpleInstantiationStrategy.lambda$instantiate$0(SimpleInstantiationStrategy.java:183)
		at org.springframework.beans.factory.support.SimpleInstantiationStrategy.instantiateWithFactoryMethod(SimpleInstantiationStrategy.java:72)
		at org.springframework.beans.factory.support.SimpleInstantiationStrategy.instantiate(SimpleInstantiationStrategy.java:152)
		at org.springframework.beans.factory.support.ConstructorResolver.instantiate(ConstructorResolver.java:653)
		... 76 more
	Caused by: java.lang.IllegalStateException: java.lang.NullPointerException: Cannot invoke "Object.hashCode()" because "key" is null
		at com.netflix.discovery.DiscoveryClient.<init>(DiscoveryClient.java:433)
		at com.netflix.discovery.DiscoveryClient.<init>(DiscoveryClient.java:254)
		at com.netflix.discovery.DiscoveryClient.<init>(DiscoveryClient.java:249)
		at org.springframework.cloud.netflix.eureka.CloudEurekaClient.<init>(CloudEurekaClient.java:68)
		at org.springframework.cloud.netflix.eureka.EurekaClientAutoConfiguration$RefreshableEurekaClientConfiguration.eurekaClient(EurekaClientAutoConfiguration.java:324)
		at java.base/jdk.internal.reflect.DirectMethodHandleAccessor.invoke(DirectMethodHandleAccessor.java:104)
		at java.base/java.lang.reflect.Method.invoke(Method.java:565)
		at org.springframework.beans.factory.support.SimpleInstantiationStrategy.lambda$instantiate$0(SimpleInstantiationStrategy.java:155)
		... 79 more
	Caused by: java.lang.NullPointerException: Cannot invoke "Object.hashCode()" because "key" is null
		at java.base/java.util.concurrent.ConcurrentHashMap.get(ConcurrentHashMap.java:948)
		at com.netflix.discovery.shared.Application.getByInstanceId(Application.java:181)
		at com.netflix.discovery.DiscoveryClient.updateInstanceRemoteStatus(DiscoveryClient.java:1006)
		at com.netflix.discovery.DiscoveryClient.fetchRegistry(DiscoveryClient.java:994)
		at com.netflix.discovery.DiscoveryClient.<init>(DiscoveryClient.java:419)
		... 86 more
Caused by: org.springframework.messaging.MessageHandlingException: error occurred in message handler [org.springframework.cloud.stream.function.FunctionConfiguration$FunctionToDestinationBinder$1@3b3cb408], failedMessage=GenericMessage [payload=byte[212], headers={amqp_receivedDeliveryMode=PERSISTENT, amqp_receivedExchange=springCloudBus, amqp_deliveryTag=7, deliveryAttempt=3, amqp_consumerQueue=springCloudBus.anonymous.F2X77IUrTzS0yI-HAS3Gew, amqp_redelivered=false, amqp_receivedRoutingKey=springCloudBus, amqp_timestamp=Fri Jul 24 13:54:11 IST 2026, amqp_messageId=b27a57d1-6b5a-dd8f-3b79-78d1d59fbde7, amqp_retryCount=0, id=a58333ee-f7b9-8ea9-611b-05648032036f, amqp_consumerTag=amq.ctag-PfoD7KUOMlQQqrzElbvNnQ, sourceData=(Body:'[B@3b1a8b2e(byte[212])' MessageProperties [headers={}, timestamp=Fri Jul 24 13:54:11 IST 2026, messageId=b27a57d1-6b5a-dd8f-3b79-78d1d59fbde7, contentType=application/json, contentLength=0, receivedDeliveryMode=PERSISTENT, priority=0, redelivered=false, receivedExchange=springCloudBus, receivedRoutingKey=springCloudBus, deliveryTag=7, consumerTag=amq.ctag-PfoD7KUOMlQQqrzElbvNnQ, consumerQueue=springCloudBus.anonymous.F2X77IUrTzS0yI-HAS3Gew]), contentType=application/json, timestamp=1784881455259}]
	at org.springframework.integration.support.utils.IntegrationUtils.wrapInHandlingExceptionIfNecessary(IntegrationUtils.java:190)
	at org.springframework.integration.handler.AbstractMessageHandler.doHandleMessage(AbstractMessageHandler.java:105)
	at org.springframework.integration.handler.AbstractMessageHandler.handleMessage(AbstractMessageHandler.java:70)
	at org.springframework.integration.dispatcher.AbstractDispatcher.tryOptimizedDispatch(AbstractDispatcher.java:133)
	at org.springframework.integration.dispatcher.UnicastingDispatcher.doDispatch(UnicastingDispatcher.java:150)
	at org.springframework.integration.dispatcher.UnicastingDispatcher.dispatch(UnicastingDispatcher.java:123)
	at org.springframework.integration.channel.AbstractSubscribableChannel.doSend(AbstractSubscribableChannel.java:72)
	at org.springframework.integration.channel.AbstractMessageChannel.sendInternal(AbstractMessageChannel.java:438)
	at org.springframework.integration.channel.AbstractMessageChannel.sendWithMetrics(AbstractMessageChannel.java:409)
	at org.springframework.integration.channel.AbstractMessageChannel.send(AbstractMessageChannel.java:338)
	at org.springframework.integration.channel.AbstractMessageChannel.send(AbstractMessageChannel.java:310)
	at org.springframework.messaging.core.GenericMessagingTemplate.doSend(GenericMessagingTemplate.java:187)
	at org.springframework.messaging.core.GenericMessagingTemplate.doSend(GenericMessagingTemplate.java:166)
	at org.springframework.messaging.core.GenericMessagingTemplate.doSend(GenericMessagingTemplate.java:47)
	at org.springframework.messaging.core.AbstractMessageSendingTemplate.send(AbstractMessageSendingTemplate.java:108)
	at org.springframework.integration.endpoint.MessageProducerSupport.sendMessageWithTracking(MessageProducerSupport.java:278)
	at org.springframework.integration.endpoint.MessageProducerSupport.sendMessage(MessageProducerSupport.java:267)
	at org.springframework.integration.amqp.inbound.AmqpInboundChannelAdapter.access$000(AmqpInboundChannelAdapter.java:71)
	at org.springframework.integration.amqp.inbound.AmqpInboundChannelAdapter$Listener.lambda$onMessage$0(AmqpInboundChannelAdapter.java:407)
	at org.springframework.core.retry.RetryTemplate.execute(RetryTemplate.java:174)
	... 14 more
Caused by: org.springframework.beans.factory.BeanCreationException: Error creating bean with name 'scopedTarget.eurekaClient' defined in class path resource [org/springframework/cloud/netflix/eureka/EurekaClientAutoConfiguration$RefreshableEurekaClientConfiguration.class]: Failed to instantiate [com.netflix.discovery.EurekaClient]: Factory method 'eurekaClient' threw exception with message: java.lang.NullPointerException: Cannot invoke "Object.hashCode()" because "key" is null
	at org.springframework.beans.factory.support.ConstructorResolver.instantiate(ConstructorResolver.java:657)
	at org.springframework.beans.factory.support.ConstructorResolver.instantiateUsingFactoryMethod(ConstructorResolver.java:645)
	at org.springframework.beans.factory.support.AbstractAutowireCapableBeanFactory.instantiateUsingFactoryMethod(AbstractAutowireCapableBeanFactory.java:1360)
	at org.springframework.beans.factory.support.AbstractAutowireCapableBeanFactory.createBeanInstance(AbstractAutowireCapableBeanFactory.java:1192)
	at org.springframework.beans.factory.support.AbstractAutowireCapableBeanFactory.doCreateBean(AbstractAutowireCapableBeanFactory.java:565)
	at org.springframework.beans.factory.support.AbstractAutowireCapableBeanFactory.createBean(AbstractAutowireCapableBeanFactory.java:525)
	at org.springframework.beans.factory.support.AbstractBeanFactory.lambda$doGetBean$1(AbstractBeanFactory.java:372)
	at org.springframework.cloud.context.scope.GenericScope$BeanLifecycleWrapper.getBean(GenericScope.java:373)
	at org.springframework.cloud.context.scope.GenericScope.get(GenericScope.java:177)
	at org.springframework.beans.factory.support.AbstractBeanFactory.doGetBean(AbstractBeanFactory.java:369)
	at org.springframework.beans.factory.support.AbstractBeanFactory.getBean(AbstractBeanFactory.java:196)
	at org.springframework.aop.target.SimpleBeanTargetSource.getTarget(SimpleBeanTargetSource.java:35)
	at org.springframework.aop.framework.JdkDynamicAopProxy.invoke(JdkDynamicAopProxy.java:202)
	at jdk.proxy2/jdk.proxy2.$Proxy118.getApplications(Unknown Source)
	at org.springframework.cloud.netflix.eureka.EurekaDiscoveryClientConfiguration$EurekaClientConfigurationRefresher.onApplicationEvent(EurekaDiscoveryClientConfiguration.java:91)
	at org.springframework.cloud.netflix.eureka.EurekaDiscoveryClientConfiguration$EurekaClientConfigurationRefresher.onApplicationEvent(EurekaDiscoveryClientConfiguration.java:75)
	at org.springframework.context.event.SimpleApplicationEventMulticaster.doInvokeListener(SimpleApplicationEventMulticaster.java:180)
	at org.springframework.context.event.SimpleApplicationEventMulticaster.invokeListener(SimpleApplicationEventMulticaster.java:173)
	at org.springframework.context.event.SimpleApplicationEventMulticaster.multicastEvent(SimpleApplicationEventMulticaster.java:151)
	at org.springframework.context.support.AbstractApplicationContext.publishEvent(AbstractApplicationContext.java:448)
	at org.springframework.context.support.AbstractApplicationContext.publishEvent(AbstractApplicationContext.java:381)
	at org.springframework.cloud.context.scope.refresh.RefreshScope.refreshAll(RefreshScope.java:169)
	at org.springframework.cloud.context.refresh.ContextRefresher.refresh(ContextRefresher.java:95)
	at org.springframework.cloud.bus.event.RefreshListener.onApplicationEvent(RefreshListener.java:49)
	at org.springframework.cloud.bus.event.RefreshListener.onApplicationEvent(RefreshListener.java:32)
	at org.springframework.context.event.SimpleApplicationEventMulticaster.doInvokeListener(SimpleApplicationEventMulticaster.java:180)
	at org.springframework.context.event.SimpleApplicationEventMulticaster.invokeListener(SimpleApplicationEventMulticaster.java:173)
	at org.springframework.context.event.SimpleApplicationEventMulticaster.multicastEvent(SimpleApplicationEventMulticaster.java:151)
	at org.springframework.context.support.AbstractApplicationContext.publishEvent(AbstractApplicationContext.java:448)
	at org.springframework.context.support.AbstractApplicationContext.publishEvent(AbstractApplicationContext.java:381)
	at org.springframework.cloud.bus.BusConsumer.accept(BusConsumer.java:71)
	at org.springframework.cloud.bus.BusConsumer.accept(BusConsumer.java:31)
	at org.springframework.cloud.function.context.catalog.SimpleFunctionRegistry$FunctionInvocationWrapper.invokeConsumer(SimpleFunctionRegistry.java:1129)
	at org.springframework.cloud.function.context.catalog.SimpleFunctionRegistry$FunctionInvocationWrapper.doApply(SimpleFunctionRegistry.java:829)
	at org.springframework.cloud.function.context.catalog.SimpleFunctionRegistry$FunctionInvocationWrapper.apply(SimpleFunctionRegistry.java:656)
	at org.springframework.cloud.function.observability.ObservationFunctionAroundWrapper.lambda$nonReactorStream$0(ObservationFunctionAroundWrapper.java:50)
	at io.micrometer.observation.Observation.observe(Observation.java:634)
	at org.springframework.cloud.function.observability.ObservationFunctionAroundWrapper.nonReactorStream(ObservationFunctionAroundWrapper.java:50)
	at org.springframework.cloud.function.observability.ObservationFunctionAroundWrapper.doApply(ObservationFunctionAroundWrapper.java:45)
	at org.springframework.cloud.function.context.catalog.FunctionAroundWrapper.apply(FunctionAroundWrapper.java:45)
	at org.springframework.cloud.function.context.catalog.SimpleFunctionRegistry$FunctionInvocationWrapper.apply(SimpleFunctionRegistry.java:653)
	at org.springframework.cloud.stream.function.PartitionAwareFunctionWrapper.apply(PartitionAwareFunctionWrapper.java:92)
	at org.springframework.cloud.stream.function.FunctionConfiguration$FunctionWrapper.apply(FunctionConfiguration.java:830)
	at org.springframework.cloud.stream.function.FunctionConfiguration$FunctionToDestinationBinder$1.handleMessageInternal(FunctionConfiguration.java:668)
	at org.springframework.integration.handler.AbstractMessageHandler.doHandleMessage(AbstractMessageHandler.java:102)
	... 32 more
Caused by: org.springframework.beans.BeanInstantiationException: Failed to instantiate [com.netflix.discovery.EurekaClient]: Factory method 'eurekaClient' threw exception with message: java.lang.NullPointerException: Cannot invoke "Object.hashCode()" because "key" is null
	at org.springframework.beans.factory.support.SimpleInstantiationStrategy.lambda$instantiate$0(SimpleInstantiationStrategy.java:183)
	at org.springframework.beans.factory.support.SimpleInstantiationStrategy.instantiateWithFactoryMethod(SimpleInstantiationStrategy.java:72)
	at org.springframework.beans.factory.support.SimpleInstantiationStrategy.instantiate(SimpleInstantiationStrategy.java:152)
	at org.springframework.beans.factory.support.ConstructorResolver.instantiate(ConstructorResolver.java:653)
	... 76 more
Caused by: java.lang.IllegalStateException: java.lang.NullPointerException: Cannot invoke "Object.hashCode()" because "key" is null
	at com.netflix.discovery.DiscoveryClient.<init>(DiscoveryClient.java:433)
	at com.netflix.discovery.DiscoveryClient.<init>(DiscoveryClient.java:254)
	at com.netflix.discovery.DiscoveryClient.<init>(DiscoveryClient.java:249)
	at org.springframework.cloud.netflix.eureka.CloudEurekaClient.<init>(CloudEurekaClient.java:68)
	at org.springframework.cloud.netflix.eureka.EurekaClientAutoConfiguration$RefreshableEurekaClientConfiguration.eurekaClient(EurekaClientAutoConfiguration.java:324)
	at java.base/jdk.internal.reflect.DirectMethodHandleAccessor.invoke(DirectMethodHandleAccessor.java:104)
	at java.base/java.lang.reflect.Method.invoke(Method.java:565)
	at org.springframework.beans.factory.support.SimpleInstantiationStrategy.lambda$instantiate$0(SimpleInstantiationStrategy.java:155)
	... 79 more
Caused by: java.lang.NullPointerException: Cannot invoke "Object.hashCode()" because "key" is null
	at java.base/java.util.concurrent.ConcurrentHashMap.get(ConcurrentHashMap.java:948)
	at com.netflix.discovery.shared.Application.getByInstanceId(Application.java:181)
	at com.netflix.discovery.DiscoveryClient.updateInstanceRemoteStatus(DiscoveryClient.java:1006)
	at com.netflix.discovery.DiscoveryClient.fetchRegistry(DiscoveryClient.java:994)
	at com.netflix.discovery.DiscoveryClient.<init>(DiscoveryClient.java:419)
	... 86 more

2026-07-24T13:54:18.488+05:30  INFO 19840 --- [UserModule] [springCloudBus.anonymous.F2X77IUrTzS0yI-HAS3Gew-1] o.s.cloud.bus.event.RefreshListener      : Received remote refresh request.
2026-07-24T13:54:18.493+05:30  INFO 19840 --- [UserModule] [springCloudBus.anonymous.F2X77IUrTzS0yI-HAS3Gew-1] o.s.c.c.c.ConfigServerConfigDataLoader   : Fetching config from server at : http://localhost:8888
2026-07-24T13:54:18.499+05:30  INFO 19840 --- [UserModule] [springCloudBus.anonymous.F2X77IUrTzS0yI-HAS3Gew-1] o.s.c.c.c.ConfigServerConfigDataLoader   : Located environment: name=UserModule, profiles=[default], label=null, version=null, state=null
2026-07-24T13:54:18.504+05:30  INFO 19840 --- [UserModule] [springCloudBus.anonymous.F2X77IUrTzS0yI-HAS3Gew-1] o.s.c.c.c.ConfigServerConfigDataLoader   : Fetching config from server at : http://localhost:8888
2026-07-24T13:54:18.512+05:30  INFO 19840 --- [UserModule] [springCloudBus.anonymous.F2X77IUrTzS0yI-HAS3Gew-1] o.s.c.c.c.ConfigServerConfigDataLoader   : Located environment: name=UserModule, profiles=[dev], label=null, version=null, state=null
2026-07-24T13:54:18.545+05:30  WARN 19840 --- [UserModule] [springCloudBus.anonymous.F2X77IUrTzS0yI-HAS3Gew-1] com.netflix.appinfo.InstanceInfo         : Passed in hostname is blank, not setting it
2026-07-24T13:54:18.546+05:30  INFO 19840 --- [UserModule] [springCloudBus.anonymous.F2X77IUrTzS0yI-HAS3Gew-1] o.s.c.n.eureka.InstanceInfoFactory       : Setting initial instance status as: STARTING
2026-07-24T13:54:18.546+05:30  INFO 19840 --- [UserModule] [springCloudBus.anonymous.F2X77IUrTzS0yI-HAS3Gew-1] com.netflix.discovery.DiscoveryClient    : Initializing Eureka in region us-east-1
2026-07-24T13:54:18.546+05:30  INFO 19840 --- [UserModule] [springCloudBus.anonymous.F2X77IUrTzS0yI-HAS3Gew-1] c.n.d.s.r.aws.ConfigClusterResolver      : Resolving eureka endpoints via configuration
2026-07-24T13:54:18.546+05:30  INFO 19840 --- [UserModule] [springCloudBus.anonymous.F2X77IUrTzS0yI-HAS3Gew-1] com.netflix.discovery.DiscoveryClient    : Disable delta property : false
2026-07-24T13:54:18.546+05:30  INFO 19840 --- [UserModule] [springCloudBus.anonymous.F2X77IUrTzS0yI-HAS3Gew-1] com.netflix.discovery.DiscoveryClient    : Single vip registry refresh property : null
2026-07-24T13:54:18.546+05:30  INFO 19840 --- [UserModule] [springCloudBus.anonymous.F2X77IUrTzS0yI-HAS3Gew-1] com.netflix.discovery.DiscoveryClient    : Force full registry fetch : false
2026-07-24T13:54:18.546+05:30  INFO 19840 --- [UserModule] [springCloudBus.anonymous.F2X77IUrTzS0yI-HAS3Gew-1] com.netflix.discovery.DiscoveryClient    : Application is null : false
2026-07-24T13:54:18.546+05:30  INFO 19840 --- [UserModule] [springCloudBus.anonymous.F2X77IUrTzS0yI-HAS3Gew-1] com.netflix.discovery.DiscoveryClient    : Registered Applications size is zero : true
2026-07-24T13:54:18.546+05:30  INFO 19840 --- [UserModule] [springCloudBus.anonymous.F2X77IUrTzS0yI-HAS3Gew-1] com.netflix.discovery.DiscoveryClient    : Application version is -1: true
2026-07-24T13:54:18.546+05:30  INFO 19840 --- [UserModule] [springCloudBus.anonymous.F2X77IUrTzS0yI-HAS3Gew-1] com.netflix.discovery.DiscoveryClient    : Getting all instance registry info from the eureka server
2026-07-24T13:54:18.554+05:30  INFO 19840 --- [UserModule] [springCloudBus.anonymous.F2X77IUrTzS0yI-HAS3Gew-1] com.netflix.discovery.DiscoveryClient    : The response status is 200
2026-07-24T13:54:18.554+05:30 ERROR 19840 --- [UserModule] [springCloudBus.anonymous.F2X77IUrTzS0yI-HAS3Gew-1] com.netflix.discovery.DiscoveryClient    : Fetch registry error at startup: Cannot invoke "Object.hashCode()" because "key" is null
2026-07-24T13:54:19.558+05:30  INFO 19840 --- [UserModule] [springCloudBus.anonymous.F2X77IUrTzS0yI-HAS3Gew-1] o.s.cloud.bus.event.RefreshListener      : Received remote refresh request.
2026-07-24T13:54:19.569+05:30  INFO 19840 --- [UserModule] [springCloudBus.anonymous.F2X77IUrTzS0yI-HAS3Gew-1] o.s.c.c.c.ConfigServerConfigDataLoader   : Fetching config from server at : http://localhost:8888
2026-07-24T13:54:19.579+05:30  INFO 19840 --- [UserModule] [springCloudBus.anonymous.F2X77IUrTzS0yI-HAS3Gew-1] o.s.c.c.c.ConfigServerConfigDataLoader   : Located environment: name=UserModule, profiles=[default], label=null, version=null, state=null
2026-07-24T13:54:19.589+05:30  INFO 19840 --- [UserModule] [springCloudBus.anonymous.F2X77IUrTzS0yI-HAS3Gew-1] o.s.c.c.c.ConfigServerConfigDataLoader   : Fetching config from server at : http://localhost:8888
2026-07-24T13:54:19.603+05:30  INFO 19840 --- [UserModule] [springCloudBus.anonymous.F2X77IUrTzS0yI-HAS3Gew-1] o.s.c.c.c.ConfigServerConfigDataLoader   : Located environment: name=UserModule, profiles=[dev], label=null, version=null, state=null
2026-07-24T13:54:19.643+05:30  WARN 19840 --- [UserModule] [springCloudBus.anonymous.F2X77IUrTzS0yI-HAS3Gew-1] com.netflix.appinfo.InstanceInfo         : Passed in hostname is blank, not setting it
2026-07-24T13:54:19.644+05:30  INFO 19840 --- [UserModule] [springCloudBus.anonymous.F2X77IUrTzS0yI-HAS3Gew-1] o.s.c.n.eureka.InstanceInfoFactory       : Setting initial instance status as: STARTING
2026-07-24T13:54:19.644+05:30  INFO 19840 --- [UserModule] [springCloudBus.anonymous.F2X77IUrTzS0yI-HAS3Gew-1] com.netflix.discovery.DiscoveryClient    : Initializing Eureka in region us-east-1
2026-07-24T13:54:19.644+05:30  INFO 19840 --- [UserModule] [springCloudBus.anonymous.F2X77IUrTzS0yI-HAS3Gew-1] c.n.d.s.r.aws.ConfigClusterResolver      : Resolving eureka endpoints via configuration
2026-07-24T13:54:19.644+05:30  INFO 19840 --- [UserModule] [springCloudBus.anonymous.F2X77IUrTzS0yI-HAS3Gew-1] com.netflix.discovery.DiscoveryClient    : Disable delta property : false
2026-07-24T13:54:19.644+05:30  INFO 19840 --- [UserModule] [springCloudBus.anonymous.F2X77IUrTzS0yI-HAS3Gew-1] com.netflix.discovery.DiscoveryClient    : Single vip registry refresh property : null
2026-07-24T13:54:19.644+05:30  INFO 19840 --- [UserModule] [springCloudBus.anonymous.F2X77IUrTzS0yI-HAS3Gew-1] com.netflix.discovery.DiscoveryClient    : Force full registry fetch : false
2026-07-24T13:54:19.644+05:30  INFO 19840 --- [UserModule] [springCloudBus.anonymous.F2X77IUrTzS0yI-HAS3Gew-1] com.netflix.discovery.DiscoveryClient    : Application is null : false
2026-07-24T13:54:19.644+05:30  INFO 19840 --- [UserModule] [springCloudBus.anonymous.F2X77IUrTzS0yI-HAS3Gew-1] com.netflix.discovery.DiscoveryClient    : Registered Applications size is zero : true
2026-07-24T13:54:19.644+05:30  INFO 19840 --- [UserModule] [springCloudBus.anonymous.F2X77IUrTzS0yI-HAS3Gew-1] com.netflix.discovery.DiscoveryClient    : Application version is -1: true
2026-07-24T13:54:19.644+05:30  INFO 19840 --- [UserModule] [springCloudBus.anonymous.F2X77IUrTzS0yI-HAS3Gew-1] com.netflix.discovery.DiscoveryClient    : Getting all instance registry info from the eureka server
2026-07-24T13:54:19.655+05:30  INFO 19840 --- [UserModule] [springCloudBus.anonymous.F2X77IUrTzS0yI-HAS3Gew-1] com.netflix.discovery.DiscoveryClient    : The response status is 200
2026-07-24T13:54:19.655+05:30 ERROR 19840 --- [UserModule] [springCloudBus.anonymous.F2X77IUrTzS0yI-HAS3Gew-1] com.netflix.discovery.DiscoveryClient    : Fetch registry error at startup: Cannot invoke "Object.hashCode()" because "key" is null
2026-07-24T13:54:21.659+05:30  INFO 19840 --- [UserModule] [springCloudBus.anonymous.F2X77IUrTzS0yI-HAS3Gew-1] o.s.cloud.bus.event.RefreshListener      : Received remote refresh request.
2026-07-24T13:54:21.667+05:30  INFO 19840 --- [UserModule] [springCloudBus.anonymous.F2X77IUrTzS0yI-HAS3Gew-1] o.s.c.c.c.ConfigServerConfigDataLoader   : Fetching config from server at : http://localhost:8888
2026-07-24T13:54:21.677+05:30  INFO 19840 --- [UserModule] [springCloudBus.anonymous.F2X77IUrTzS0yI-HAS3Gew-1] o.s.c.c.c.ConfigServerConfigDataLoader   : Located environment: name=UserModule, profiles=[default], label=null, version=null, state=null
2026-07-24T13:54:21.682+05:30  INFO 19840 --- [UserModule] [springCloudBus.anonymous.F2X77IUrTzS0yI-HAS3Gew-1] o.s.c.c.c.ConfigServerConfigDataLoader   : Fetching config from server at : http://localhost:8888
2026-07-24T13:54:21.691+05:30  INFO 19840 --- [UserModule] [springCloudBus.anonymous.F2X77IUrTzS0yI-HAS3Gew-1] o.s.c.c.c.ConfigServerConfigDataLoader   : Located environment: name=UserModule, profiles=[dev], label=null, version=null, state=null
2026-07-24T13:54:21.732+05:30  WARN 19840 --- [UserModule] [springCloudBus.anonymous.F2X77IUrTzS0yI-HAS3Gew-1] com.netflix.appinfo.InstanceInfo         : Passed in hostname is blank, not setting it
2026-07-24T13:54:21.732+05:30  INFO 19840 --- [UserModule] [springCloudBus.anonymous.F2X77IUrTzS0yI-HAS3Gew-1] o.s.c.n.eureka.InstanceInfoFactory       : Setting initial instance status as: STARTING
2026-07-24T13:54:21.732+05:30  INFO 19840 --- [UserModule] [springCloudBus.anonymous.F2X77IUrTzS0yI-HAS3Gew-1] com.netflix.discovery.DiscoveryClient    : Initializing Eureka in region us-east-1
2026-07-24T13:54:21.732+05:30  INFO 19840 --- [UserModule] [springCloudBus.anonymous.F2X77IUrTzS0yI-HAS3Gew-1] c.n.d.s.r.aws.ConfigClusterResolver      : Resolving eureka endpoints via configuration
2026-07-24T13:54:21.732+05:30  INFO 19840 --- [UserModule] [springCloudBus.anonymous.F2X77IUrTzS0yI-HAS3Gew-1] com.netflix.discovery.DiscoveryClient    : Disable delta property : false
2026-07-24T13:54:21.732+05:30  INFO 19840 --- [UserModule] [springCloudBus.anonymous.F2X77IUrTzS0yI-HAS3Gew-1] com.netflix.discovery.DiscoveryClient    : Single vip registry refresh property : null
2026-07-24T13:54:21.732+05:30  INFO 19840 --- [UserModule] [springCloudBus.anonymous.F2X77IUrTzS0yI-HAS3Gew-1] com.netflix.discovery.DiscoveryClient    : Force full registry fetch : false
2026-07-24T13:54:21.732+05:30  INFO 19840 --- [UserModule] [springCloudBus.anonymous.F2X77IUrTzS0yI-HAS3Gew-1] com.netflix.discovery.DiscoveryClient    : Application is null : false
2026-07-24T13:54:21.732+05:30  INFO 19840 --- [UserModule] [springCloudBus.anonymous.F2X77IUrTzS0yI-HAS3Gew-1] com.netflix.discovery.DiscoveryClient    : Registered Applications size is zero : true
2026-07-24T13:54:21.732+05:30  INFO 19840 --- [UserModule] [springCloudBus.anonymous.F2X77IUrTzS0yI-HAS3Gew-1] com.netflix.discovery.DiscoveryClient    : Application version is -1: true
2026-07-24T13:54:21.732+05:30  INFO 19840 --- [UserModule] [springCloudBus.anonymous.F2X77IUrTzS0yI-HAS3Gew-1] com.netflix.discovery.DiscoveryClient    : Getting all instance registry info from the eureka server
2026-07-24T13:54:21.744+05:30  INFO 19840 --- [UserModule] [springCloudBus.anonymous.F2X77IUrTzS0yI-HAS3Gew-1] com.netflix.discovery.DiscoveryClient    : The response status is 200
2026-07-24T13:54:21.744+05:30 ERROR 19840 --- [UserModule] [springCloudBus.anonymous.F2X77IUrTzS0yI-HAS3Gew-1] com.netflix.discovery.DiscoveryClient    : Fetch registry error at startup: Cannot invoke "Object.hashCode()" because "key" is null
2026-07-24T13:54:21.746+05:30 ERROR 19840 --- [UserModule] [springCloudBus.anonymous.F2X77IUrTzS0yI-HAS3Gew-1] o.s.integration.handler.LoggingHandler   : org.springframework.messaging.MessagingException: Retry policy for operation 'org.springframework.integration.amqp.inbound.AmqpInboundChannelAdapter$Listener$$Lambda/0x0000000010b64258' exhausted; aborting execution
	at org.springframework.integration.core.ErrorMessagePublisher.determinePayload(ErrorMessagePublisher.java:186)
	at org.springframework.integration.core.ErrorMessagePublisher.publish(ErrorMessagePublisher.java:162)
	at org.springframework.integration.handler.advice.ErrorMessageSendingRecoverer.recover(ErrorMessageSendingRecoverer.java:79)
	at org.springframework.integration.amqp.inbound.AmqpInboundChannelAdapter$Listener.onMessage(AmqpInboundChannelAdapter.java:413)
	at org.springframework.amqp.rabbit.listener.AbstractMessageListenerContainer.doInvokeListener(AbstractMessageListenerContainer.java:1691)
	at org.springframework.amqp.rabbit.listener.AbstractMessageListenerContainer.actualInvokeListener(AbstractMessageListenerContainer.java:1620)
	at org.springframework.amqp.rabbit.listener.AbstractMessageListenerContainer.invokeListener(AbstractMessageListenerContainer.java:1603)
	at org.springframework.amqp.rabbit.listener.AbstractMessageListenerContainer.doExecuteListener(AbstractMessageListenerContainer.java:1594)
	at org.springframework.amqp.rabbit.listener.AbstractMessageListenerContainer.executeListenerAndHandleException(AbstractMessageListenerContainer.java:1541)
	at org.springframework.amqp.rabbit.listener.AbstractMessageListenerContainer.lambda$executeListener$1(AbstractMessageListenerContainer.java:1519)
	at io.micrometer.observation.Observation.observe(Observation.java:569)
	at org.springframework.amqp.rabbit.listener.AbstractMessageListenerContainer.executeListener(AbstractMessageListenerContainer.java:1519)
	at org.springframework.amqp.rabbit.listener.SimpleMessageListenerContainer.doReceiveAndExecute(SimpleMessageListenerContainer.java:1158)
	at org.springframework.amqp.rabbit.listener.SimpleMessageListenerContainer.receiveAndExecute(SimpleMessageListenerContainer.java:1103)
	at org.springframework.amqp.rabbit.listener.SimpleMessageListenerContainer$AsyncMessageProcessingConsumer.mainLoop(SimpleMessageListenerContainer.java:1511)
	at org.springframework.amqp.rabbit.listener.SimpleMessageListenerContainer$AsyncMessageProcessingConsumer.run(SimpleMessageListenerContainer.java:1405)
	at java.base/java.lang.Thread.run(Thread.java:1474)
Caused by: org.springframework.core.retry.RetryException: Retry policy for operation 'org.springframework.integration.amqp.inbound.AmqpInboundChannelAdapter$Listener$$Lambda/0x0000000010b64258' exhausted; aborting execution
	at org.springframework.core.retry.RetryTemplate.execute(RetryTemplate.java:197)
	at org.springframework.integration.amqp.inbound.AmqpInboundChannelAdapter$Listener.onMessage(AmqpInboundChannelAdapter.java:400)
	... 13 more
	Suppressed: org.springframework.messaging.MessageHandlingException: error occurred in message handler [org.springframework.cloud.stream.function.FunctionConfiguration$FunctionToDestinationBinder$1@3b3cb408], failedMessage=GenericMessage [payload=byte[212], headers={amqp_receivedDeliveryMode=PERSISTENT, amqp_receivedExchange=springCloudBus, amqp_deliveryTag=9, deliveryAttempt=3, amqp_consumerQueue=springCloudBus.anonymous.F2X77IUrTzS0yI-HAS3Gew, amqp_redelivered=false, amqp_receivedRoutingKey=springCloudBus, amqp_timestamp=Fri Jul 24 13:54:11 IST 2026, amqp_messageId=ffb298c5-6338-abba-db04-63470cbc6d5e, amqp_retryCount=0, id=00341986-8640-aa9a-9ee0-4934891c572a, amqp_consumerTag=amq.ctag-PfoD7KUOMlQQqrzElbvNnQ, sourceData=(Body:'[B@351babee(byte[212])' MessageProperties [headers={}, timestamp=Fri Jul 24 13:54:11 IST 2026, messageId=ffb298c5-6338-abba-db04-63470cbc6d5e, contentType=application/json, contentLength=0, receivedDeliveryMode=PERSISTENT, priority=0, redelivered=false, receivedExchange=springCloudBus, receivedRoutingKey=springCloudBus, deliveryTag=9, consumerTag=amq.ctag-PfoD7KUOMlQQqrzElbvNnQ, consumerQueue=springCloudBus.anonymous.F2X77IUrTzS0yI-HAS3Gew]), contentType=application/json, timestamp=1784881458486}]
		at org.springframework.integration.support.utils.IntegrationUtils.wrapInHandlingExceptionIfNecessary(IntegrationUtils.java:190)
		at org.springframework.integration.handler.AbstractMessageHandler.doHandleMessage(AbstractMessageHandler.java:105)
		at org.springframework.integration.handler.AbstractMessageHandler.handleMessage(AbstractMessageHandler.java:70)
		at org.springframework.integration.dispatcher.AbstractDispatcher.tryOptimizedDispatch(AbstractDispatcher.java:133)
		at org.springframework.integration.dispatcher.UnicastingDispatcher.doDispatch(UnicastingDispatcher.java:150)
		at org.springframework.integration.dispatcher.UnicastingDispatcher.dispatch(UnicastingDispatcher.java:123)
		at org.springframework.integration.channel.AbstractSubscribableChannel.doSend(AbstractSubscribableChannel.java:72)
		at org.springframework.integration.channel.AbstractMessageChannel.sendInternal(AbstractMessageChannel.java:438)
		at org.springframework.integration.channel.AbstractMessageChannel.sendWithMetrics(AbstractMessageChannel.java:409)
		at org.springframework.integration.channel.AbstractMessageChannel.send(AbstractMessageChannel.java:338)
		at org.springframework.integration.channel.AbstractMessageChannel.send(AbstractMessageChannel.java:310)
		at org.springframework.messaging.core.GenericMessagingTemplate.doSend(GenericMessagingTemplate.java:187)
		at org.springframework.messaging.core.GenericMessagingTemplate.doSend(GenericMessagingTemplate.java:166)
		at org.springframework.messaging.core.GenericMessagingTemplate.doSend(GenericMessagingTemplate.java:47)
		at org.springframework.messaging.core.AbstractMessageSendingTemplate.send(AbstractMessageSendingTemplate.java:108)
		at org.springframework.integration.endpoint.MessageProducerSupport.sendMessageWithTracking(MessageProducerSupport.java:278)
		at org.springframework.integration.endpoint.MessageProducerSupport.sendMessage(MessageProducerSupport.java:267)
		at org.springframework.integration.amqp.inbound.AmqpInboundChannelAdapter.access$000(AmqpInboundChannelAdapter.java:71)
		at org.springframework.integration.amqp.inbound.AmqpInboundChannelAdapter$Listener.lambda$onMessage$0(AmqpInboundChannelAdapter.java:407)
		at org.springframework.core.retry.RetryTemplate.execute(RetryTemplate.java:135)
		... 14 more
	Caused by: org.springframework.beans.factory.BeanCreationException: Error creating bean with name 'scopedTarget.eurekaClient' defined in class path resource [org/springframework/cloud/netflix/eureka/EurekaClientAutoConfiguration$RefreshableEurekaClientConfiguration.class]: Failed to instantiate [com.netflix.discovery.EurekaClient]: Factory method 'eurekaClient' threw exception with message: java.lang.NullPointerException: Cannot invoke "Object.hashCode()" because "key" is null
		at org.springframework.beans.factory.support.ConstructorResolver.instantiate(ConstructorResolver.java:657)
		at org.springframework.beans.factory.support.ConstructorResolver.instantiateUsingFactoryMethod(ConstructorResolver.java:645)
		at org.springframework.beans.factory.support.AbstractAutowireCapableBeanFactory.instantiateUsingFactoryMethod(AbstractAutowireCapableBeanFactory.java:1360)
		at org.springframework.beans.factory.support.AbstractAutowireCapableBeanFactory.createBeanInstance(AbstractAutowireCapableBeanFactory.java:1192)
		at org.springframework.beans.factory.support.AbstractAutowireCapableBeanFactory.doCreateBean(AbstractAutowireCapableBeanFactory.java:565)
		at org.springframework.beans.factory.support.AbstractAutowireCapableBeanFactory.createBean(AbstractAutowireCapableBeanFactory.java:525)
		at org.springframework.beans.factory.support.AbstractBeanFactory.lambda$doGetBean$1(AbstractBeanFactory.java:372)
		at org.springframework.cloud.context.scope.GenericScope$BeanLifecycleWrapper.getBean(GenericScope.java:373)
		at org.springframework.cloud.context.scope.GenericScope.get(GenericScope.java:177)
		at org.springframework.beans.factory.support.AbstractBeanFactory.doGetBean(AbstractBeanFactory.java:369)
		at org.springframework.beans.factory.support.AbstractBeanFactory.getBean(AbstractBeanFactory.java:196)
		at org.springframework.aop.target.SimpleBeanTargetSource.getTarget(SimpleBeanTargetSource.java:35)
		at org.springframework.aop.framework.JdkDynamicAopProxy.invoke(JdkDynamicAopProxy.java:202)
		at jdk.proxy2/jdk.proxy2.$Proxy118.getApplications(Unknown Source)
		at org.springframework.cloud.netflix.eureka.EurekaDiscoveryClientConfiguration$EurekaClientConfigurationRefresher.onApplicationEvent(EurekaDiscoveryClientConfiguration.java:91)
		at org.springframework.cloud.netflix.eureka.EurekaDiscoveryClientConfiguration$EurekaClientConfigurationRefresher.onApplicationEvent(EurekaDiscoveryClientConfiguration.java:75)
		at org.springframework.context.event.SimpleApplicationEventMulticaster.doInvokeListener(SimpleApplicationEventMulticaster.java:180)
		at org.springframework.context.event.SimpleApplicationEventMulticaster.invokeListener(SimpleApplicationEventMulticaster.java:173)
		at org.springframework.context.event.SimpleApplicationEventMulticaster.multicastEvent(SimpleApplicationEventMulticaster.java:151)
		at org.springframework.context.support.AbstractApplicationContext.publishEvent(AbstractApplicationContext.java:448)
		at org.springframework.context.support.AbstractApplicationContext.publishEvent(AbstractApplicationContext.java:381)
		at org.springframework.cloud.context.scope.refresh.RefreshScope.refreshAll(RefreshScope.java:169)
		at org.springframework.cloud.context.refresh.ContextRefresher.refresh(ContextRefresher.java:95)
		at org.springframework.cloud.bus.event.RefreshListener.onApplicationEvent(RefreshListener.java:49)
		at org.springframework.cloud.bus.event.RefreshListener.onApplicationEvent(RefreshListener.java:32)
		at org.springframework.context.event.SimpleApplicationEventMulticaster.doInvokeListener(SimpleApplicationEventMulticaster.java:180)
		at org.springframework.context.event.SimpleApplicationEventMulticaster.invokeListener(SimpleApplicationEventMulticaster.java:173)
		at org.springframework.context.event.SimpleApplicationEventMulticaster.multicastEvent(SimpleApplicationEventMulticaster.java:151)
		at org.springframework.context.support.AbstractApplicationContext.publishEvent(AbstractApplicationContext.java:448)
		at org.springframework.context.support.AbstractApplicationContext.publishEvent(AbstractApplicationContext.java:381)
		at org.springframework.cloud.bus.BusConsumer.accept(BusConsumer.java:71)
		at org.springframework.cloud.bus.BusConsumer.accept(BusConsumer.java:31)
		at org.springframework.cloud.function.context.catalog.SimpleFunctionRegistry$FunctionInvocationWrapper.invokeConsumer(SimpleFunctionRegistry.java:1129)
		at org.springframework.cloud.function.context.catalog.SimpleFunctionRegistry$FunctionInvocationWrapper.doApply(SimpleFunctionRegistry.java:829)
		at org.springframework.cloud.function.context.catalog.SimpleFunctionRegistry$FunctionInvocationWrapper.apply(SimpleFunctionRegistry.java:656)
		at org.springframework.cloud.function.observability.ObservationFunctionAroundWrapper.lambda$nonReactorStream$0(ObservationFunctionAroundWrapper.java:50)
		at io.micrometer.observation.Observation.observe(Observation.java:634)
		at org.springframework.cloud.function.observability.ObservationFunctionAroundWrapper.nonReactorStream(ObservationFunctionAroundWrapper.java:50)
		at org.springframework.cloud.function.observability.ObservationFunctionAroundWrapper.doApply(ObservationFunctionAroundWrapper.java:45)
		at org.springframework.cloud.function.context.catalog.FunctionAroundWrapper.apply(FunctionAroundWrapper.java:45)
		at org.springframework.cloud.function.context.catalog.SimpleFunctionRegistry$FunctionInvocationWrapper.apply(SimpleFunctionRegistry.java:653)
		at org.springframework.cloud.stream.function.PartitionAwareFunctionWrapper.apply(PartitionAwareFunctionWrapper.java:92)
		at org.springframework.cloud.stream.function.FunctionConfiguration$FunctionWrapper.apply(FunctionConfiguration.java:830)
		at org.springframework.cloud.stream.function.FunctionConfiguration$FunctionToDestinationBinder$1.handleMessageInternal(FunctionConfiguration.java:668)
		at org.springframework.integration.handler.AbstractMessageHandler.doHandleMessage(AbstractMessageHandler.java:102)
		... 32 more
	Caused by: org.springframework.beans.BeanInstantiationException: Failed to instantiate [com.netflix.discovery.EurekaClient]: Factory method 'eurekaClient' threw exception with message: java.lang.NullPointerException: Cannot invoke "Object.hashCode()" because "key" is null
		at org.springframework.beans.factory.support.SimpleInstantiationStrategy.lambda$instantiate$0(SimpleInstantiationStrategy.java:183)
		at org.springframework.beans.factory.support.SimpleInstantiationStrategy.instantiateWithFactoryMethod(SimpleInstantiationStrategy.java:72)
		at org.springframework.beans.factory.support.SimpleInstantiationStrategy.instantiate(SimpleInstantiationStrategy.java:152)
		at org.springframework.beans.factory.support.ConstructorResolver.instantiate(ConstructorResolver.java:653)
		... 76 more
	Caused by: java.lang.IllegalStateException: java.lang.NullPointerException: Cannot invoke "Object.hashCode()" because "key" is null
		at com.netflix.discovery.DiscoveryClient.<init>(DiscoveryClient.java:433)
		at com.netflix.discovery.DiscoveryClient.<init>(DiscoveryClient.java:254)
		at com.netflix.discovery.DiscoveryClient.<init>(DiscoveryClient.java:249)
		at org.springframework.cloud.netflix.eureka.CloudEurekaClient.<init>(CloudEurekaClient.java:68)
		at org.springframework.cloud.netflix.eureka.EurekaClientAutoConfiguration$RefreshableEurekaClientConfiguration.eurekaClient(EurekaClientAutoConfiguration.java:324)
		at java.base/jdk.internal.reflect.DirectMethodHandleAccessor.invoke(DirectMethodHandleAccessor.java:104)
		at java.base/java.lang.reflect.Method.invoke(Method.java:565)
		at org.springframework.beans.factory.support.SimpleInstantiationStrategy.lambda$instantiate$0(SimpleInstantiationStrategy.java:155)
		... 79 more
	Caused by: java.lang.NullPointerException: Cannot invoke "Object.hashCode()" because "key" is null
		at java.base/java.util.concurrent.ConcurrentHashMap.get(ConcurrentHashMap.java:948)
		at com.netflix.discovery.shared.Application.getByInstanceId(Application.java:181)
		at com.netflix.discovery.DiscoveryClient.updateInstanceRemoteStatus(DiscoveryClient.java:1006)
		at com.netflix.discovery.DiscoveryClient.fetchRegistry(DiscoveryClient.java:994)
		at com.netflix.discovery.DiscoveryClient.<init>(DiscoveryClient.java:419)
		... 86 more
	Suppressed: org.springframework.messaging.MessageHandlingException: error occurred in message handler [org.springframework.cloud.stream.function.FunctionConfiguration$FunctionToDestinationBinder$1@3b3cb408], failedMessage=GenericMessage [payload=byte[212], headers={amqp_receivedDeliveryMode=PERSISTENT, amqp_receivedExchange=springCloudBus, amqp_deliveryTag=9, deliveryAttempt=3, amqp_consumerQueue=springCloudBus.anonymous.F2X77IUrTzS0yI-HAS3Gew, amqp_redelivered=false, amqp_receivedRoutingKey=springCloudBus, amqp_timestamp=Fri Jul 24 13:54:11 IST 2026, amqp_messageId=ffb298c5-6338-abba-db04-63470cbc6d5e, amqp_retryCount=0, id=00341986-8640-aa9a-9ee0-4934891c572a, amqp_consumerTag=amq.ctag-PfoD7KUOMlQQqrzElbvNnQ, sourceData=(Body:'[B@351babee(byte[212])' MessageProperties [headers={}, timestamp=Fri Jul 24 13:54:11 IST 2026, messageId=ffb298c5-6338-abba-db04-63470cbc6d5e, contentType=application/json, contentLength=0, receivedDeliveryMode=PERSISTENT, priority=0, redelivered=false, receivedExchange=springCloudBus, receivedRoutingKey=springCloudBus, deliveryTag=9, consumerTag=amq.ctag-PfoD7KUOMlQQqrzElbvNnQ, consumerQueue=springCloudBus.anonymous.F2X77IUrTzS0yI-HAS3Gew]), contentType=application/json, timestamp=1784881458486}]
		at org.springframework.integration.support.utils.IntegrationUtils.wrapInHandlingExceptionIfNecessary(IntegrationUtils.java:190)
		at org.springframework.integration.handler.AbstractMessageHandler.doHandleMessage(AbstractMessageHandler.java:105)
		at org.springframework.integration.handler.AbstractMessageHandler.handleMessage(AbstractMessageHandler.java:70)
		at org.springframework.integration.dispatcher.AbstractDispatcher.tryOptimizedDispatch(AbstractDispatcher.java:133)
		at org.springframework.integration.dispatcher.UnicastingDispatcher.doDispatch(UnicastingDispatcher.java:150)
		at org.springframework.integration.dispatcher.UnicastingDispatcher.dispatch(UnicastingDispatcher.java:123)
		at org.springframework.integration.channel.AbstractSubscribableChannel.doSend(AbstractSubscribableChannel.java:72)
		at org.springframework.integration.channel.AbstractMessageChannel.sendInternal(AbstractMessageChannel.java:438)
		at org.springframework.integration.channel.AbstractMessageChannel.sendWithMetrics(AbstractMessageChannel.java:409)
		at org.springframework.integration.channel.AbstractMessageChannel.send(AbstractMessageChannel.java:338)
		at org.springframework.integration.channel.AbstractMessageChannel.send(AbstractMessageChannel.java:310)
		at org.springframework.messaging.core.GenericMessagingTemplate.doSend(GenericMessagingTemplate.java:187)
		at org.springframework.messaging.core.GenericMessagingTemplate.doSend(GenericMessagingTemplate.java:166)
		at org.springframework.messaging.core.GenericMessagingTemplate.doSend(GenericMessagingTemplate.java:47)
		at org.springframework.messaging.core.AbstractMessageSendingTemplate.send(AbstractMessageSendingTemplate.java:108)
		at org.springframework.integration.endpoint.MessageProducerSupport.sendMessageWithTracking(MessageProducerSupport.java:278)
		at org.springframework.integration.endpoint.MessageProducerSupport.sendMessage(MessageProducerSupport.java:267)
		at org.springframework.integration.amqp.inbound.AmqpInboundChannelAdapter.access$000(AmqpInboundChannelAdapter.java:71)
		at org.springframework.integration.amqp.inbound.AmqpInboundChannelAdapter$Listener.lambda$onMessage$0(AmqpInboundChannelAdapter.java:407)
		at org.springframework.core.retry.RetryTemplate.execute(RetryTemplate.java:174)
		... 14 more
	Caused by: org.springframework.beans.factory.BeanCreationException: Error creating bean with name 'scopedTarget.eurekaClient' defined in class path resource [org/springframework/cloud/netflix/eureka/EurekaClientAutoConfiguration$RefreshableEurekaClientConfiguration.class]: Failed to instantiate [com.netflix.discovery.EurekaClient]: Factory method 'eurekaClient' threw exception with message: java.lang.NullPointerException: Cannot invoke "Object.hashCode()" because "key" is null
		at org.springframework.beans.factory.support.ConstructorResolver.instantiate(ConstructorResolver.java:657)
		at org.springframework.beans.factory.support.ConstructorResolver.instantiateUsingFactoryMethod(ConstructorResolver.java:645)
		at org.springframework.beans.factory.support.AbstractAutowireCapableBeanFactory.instantiateUsingFactoryMethod(AbstractAutowireCapableBeanFactory.java:1360)
		at org.springframework.beans.factory.support.AbstractAutowireCapableBeanFactory.createBeanInstance(AbstractAutowireCapableBeanFactory.java:1192)
		at org.springframework.beans.factory.support.AbstractAutowireCapableBeanFactory.doCreateBean(AbstractAutowireCapableBeanFactory.java:565)
		at org.springframework.beans.factory.support.AbstractAutowireCapableBeanFactory.createBean(AbstractAutowireCapableBeanFactory.java:525)
		at org.springframework.beans.factory.support.AbstractBeanFactory.lambda$doGetBean$1(AbstractBeanFactory.java:372)
		at org.springframework.cloud.context.scope.GenericScope$BeanLifecycleWrapper.getBean(GenericScope.java:373)
		at org.springframework.cloud.context.scope.GenericScope.get(GenericScope.java:177)
		at org.springframework.beans.factory.support.AbstractBeanFactory.doGetBean(AbstractBeanFactory.java:369)
		at org.springframework.beans.factory.support.AbstractBeanFactory.getBean(AbstractBeanFactory.java:196)
		at org.springframework.aop.target.SimpleBeanTargetSource.getTarget(SimpleBeanTargetSource.java:35)
		at org.springframework.aop.framework.JdkDynamicAopProxy.invoke(JdkDynamicAopProxy.java:202)
		at jdk.proxy2/jdk.proxy2.$Proxy118.getApplications(Unknown Source)
		at org.springframework.cloud.netflix.eureka.EurekaDiscoveryClientConfiguration$EurekaClientConfigurationRefresher.onApplicationEvent(EurekaDiscoveryClientConfiguration.java:91)
		at org.springframework.cloud.netflix.eureka.EurekaDiscoveryClientConfiguration$EurekaClientConfigurationRefresher.onApplicationEvent(EurekaDiscoveryClientConfiguration.java:75)
		at org.springframework.context.event.SimpleApplicationEventMulticaster.doInvokeListener(SimpleApplicationEventMulticaster.java:180)
		at org.springframework.context.event.SimpleApplicationEventMulticaster.invokeListener(SimpleApplicationEventMulticaster.java:173)
		at org.springframework.context.event.SimpleApplicationEventMulticaster.multicastEvent(SimpleApplicationEventMulticaster.java:151)
		at org.springframework.context.support.AbstractApplicationContext.publishEvent(AbstractApplicationContext.java:448)
		at org.springframework.context.support.AbstractApplicationContext.publishEvent(AbstractApplicationContext.java:381)
		at org.springframework.cloud.context.scope.refresh.RefreshScope.refreshAll(RefreshScope.java:169)
		at org.springframework.cloud.context.refresh.ContextRefresher.refresh(ContextRefresher.java:95)
		at org.springframework.cloud.bus.event.RefreshListener.onApplicationEvent(RefreshListener.java:49)
		at org.springframework.cloud.bus.event.RefreshListener.onApplicationEvent(RefreshListener.java:32)
		at org.springframework.context.event.SimpleApplicationEventMulticaster.doInvokeListener(SimpleApplicationEventMulticaster.java:180)
		at org.springframework.context.event.SimpleApplicationEventMulticaster.invokeListener(SimpleApplicationEventMulticaster.java:173)
		at org.springframework.context.event.SimpleApplicationEventMulticaster.multicastEvent(SimpleApplicationEventMulticaster.java:151)
		at org.springframework.context.support.AbstractApplicationContext.publishEvent(AbstractApplicationContext.java:448)
		at org.springframework.context.support.AbstractApplicationContext.publishEvent(AbstractApplicationContext.java:381)
		at org.springframework.cloud.bus.BusConsumer.accept(BusConsumer.java:71)
		at org.springframework.cloud.bus.BusConsumer.accept(BusConsumer.java:31)
		at org.springframework.cloud.function.context.catalog.SimpleFunctionRegistry$FunctionInvocationWrapper.invokeConsumer(SimpleFunctionRegistry.java:1129)
		at org.springframework.cloud.function.context.catalog.SimpleFunctionRegistry$FunctionInvocationWrapper.doApply(SimpleFunctionRegistry.java:829)
		at org.springframework.cloud.function.context.catalog.SimpleFunctionRegistry$FunctionInvocationWrapper.apply(SimpleFunctionRegistry.java:656)
		at org.springframework.cloud.function.observability.ObservationFunctionAroundWrapper.lambda$nonReactorStream$0(ObservationFunctionAroundWrapper.java:50)
		at io.micrometer.observation.Observation.observe(Observation.java:634)
		at org.springframework.cloud.function.observability.ObservationFunctionAroundWrapper.nonReactorStream(ObservationFunctionAroundWrapper.java:50)
		at org.springframework.cloud.function.observability.ObservationFunctionAroundWrapper.doApply(ObservationFunctionAroundWrapper.java:45)
		at org.springframework.cloud.function.context.catalog.FunctionAroundWrapper.apply(FunctionAroundWrapper.java:45)
		at org.springframework.cloud.function.context.catalog.SimpleFunctionRegistry$FunctionInvocationWrapper.apply(SimpleFunctionRegistry.java:653)
		at org.springframework.cloud.stream.function.PartitionAwareFunctionWrapper.apply(PartitionAwareFunctionWrapper.java:92)
		at org.springframework.cloud.stream.function.FunctionConfiguration$FunctionWrapper.apply(FunctionConfiguration.java:830)
		at org.springframework.cloud.stream.function.FunctionConfiguration$FunctionToDestinationBinder$1.handleMessageInternal(FunctionConfiguration.java:668)
		at org.springframework.integration.handler.AbstractMessageHandler.doHandleMessage(AbstractMessageHandler.java:102)
		... 32 more
	Caused by: org.springframework.beans.BeanInstantiationException: Failed to instantiate [com.netflix.discovery.EurekaClient]: Factory method 'eurekaClient' threw exception with message: java.lang.NullPointerException: Cannot invoke "Object.hashCode()" because "key" is null
		at org.springframework.beans.factory.support.SimpleInstantiationStrategy.lambda$instantiate$0(SimpleInstantiationStrategy.java:183)
		at org.springframework.beans.factory.support.SimpleInstantiationStrategy.instantiateWithFactoryMethod(SimpleInstantiationStrategy.java:72)
		at org.springframework.beans.factory.support.SimpleInstantiationStrategy.instantiate(SimpleInstantiationStrategy.java:152)
		at org.springframework.beans.factory.support.ConstructorResolver.instantiate(ConstructorResolver.java:653)
		... 76 more
	Caused by: java.lang.IllegalStateException: java.lang.NullPointerException: Cannot invoke "Object.hashCode()" because "key" is null
		at com.netflix.discovery.DiscoveryClient.<init>(DiscoveryClient.java:433)
		at com.netflix.discovery.DiscoveryClient.<init>(DiscoveryClient.java:254)
		at com.netflix.discovery.DiscoveryClient.<init>(DiscoveryClient.java:249)
		at org.springframework.cloud.netflix.eureka.CloudEurekaClient.<init>(CloudEurekaClient.java:68)
		at org.springframework.cloud.netflix.eureka.EurekaClientAutoConfiguration$RefreshableEurekaClientConfiguration.eurekaClient(EurekaClientAutoConfiguration.java:324)
		at java.base/jdk.internal.reflect.DirectMethodHandleAccessor.invoke(DirectMethodHandleAccessor.java:104)
		at java.base/java.lang.reflect.Method.invoke(Method.java:565)
		at org.springframework.beans.factory.support.SimpleInstantiationStrategy.lambda$instantiate$0(SimpleInstantiationStrategy.java:155)
		... 79 more
	Caused by: java.lang.NullPointerException: Cannot invoke "Object.hashCode()" because "key" is null
		at java.base/java.util.concurrent.ConcurrentHashMap.get(ConcurrentHashMap.java:948)
		at com.netflix.discovery.shared.Application.getByInstanceId(Application.java:181)
		at com.netflix.discovery.DiscoveryClient.updateInstanceRemoteStatus(DiscoveryClient.java:1006)
		at com.netflix.discovery.DiscoveryClient.fetchRegistry(DiscoveryClient.java:994)
		at com.netflix.discovery.DiscoveryClient.<init>(DiscoveryClient.java:419)
		... 86 more
Caused by: org.springframework.messaging.MessageHandlingException: error occurred in message handler [org.springframework.cloud.stream.function.FunctionConfiguration$FunctionToDestinationBinder$1@3b3cb408], failedMessage=GenericMessage [payload=byte[212], headers={amqp_receivedDeliveryMode=PERSISTENT, amqp_receivedExchange=springCloudBus, amqp_deliveryTag=9, deliveryAttempt=3, amqp_consumerQueue=springCloudBus.anonymous.F2X77IUrTzS0yI-HAS3Gew, amqp_redelivered=false, amqp_receivedRoutingKey=springCloudBus, amqp_timestamp=Fri Jul 24 13:54:11 IST 2026, amqp_messageId=ffb298c5-6338-abba-db04-63470cbc6d5e, amqp_retryCount=0, id=00341986-8640-aa9a-9ee0-4934891c572a, amqp_consumerTag=amq.ctag-PfoD7KUOMlQQqrzElbvNnQ, sourceData=(Body:'[B@351babee(byte[212])' MessageProperties [headers={}, timestamp=Fri Jul 24 13:54:11 IST 2026, messageId=ffb298c5-6338-abba-db04-63470cbc6d5e, contentType=application/json, contentLength=0, receivedDeliveryMode=PERSISTENT, priority=0, redelivered=false, receivedExchange=springCloudBus, receivedRoutingKey=springCloudBus, deliveryTag=9, consumerTag=amq.ctag-PfoD7KUOMlQQqrzElbvNnQ, consumerQueue=springCloudBus.anonymous.F2X77IUrTzS0yI-HAS3Gew]), contentType=application/json, timestamp=1784881458486}]
	at org.springframework.integration.support.utils.IntegrationUtils.wrapInHandlingExceptionIfNecessary(IntegrationUtils.java:190)
	at org.springframework.integration.handler.AbstractMessageHandler.doHandleMessage(AbstractMessageHandler.java:105)
	at org.springframework.integration.handler.AbstractMessageHandler.handleMessage(AbstractMessageHandler.java:70)
	at org.springframework.integration.dispatcher.AbstractDispatcher.tryOptimizedDispatch(AbstractDispatcher.java:133)
	at org.springframework.integration.dispatcher.UnicastingDispatcher.doDispatch(UnicastingDispatcher.java:150)
	at org.springframework.integration.dispatcher.UnicastingDispatcher.dispatch(UnicastingDispatcher.java:123)
	at org.springframework.integration.channel.AbstractSubscribableChannel.doSend(AbstractSubscribableChannel.java:72)
	at org.springframework.integration.channel.AbstractMessageChannel.sendInternal(AbstractMessageChannel.java:438)
	at org.springframework.integration.channel.AbstractMessageChannel.sendWithMetrics(AbstractMessageChannel.java:409)
	at org.springframework.integration.channel.AbstractMessageChannel.send(AbstractMessageChannel.java:338)
	at org.springframework.integration.channel.AbstractMessageChannel.send(AbstractMessageChannel.java:310)
	at org.springframework.messaging.core.GenericMessagingTemplate.doSend(GenericMessagingTemplate.java:187)
	at org.springframework.messaging.core.GenericMessagingTemplate.doSend(GenericMessagingTemplate.java:166)
	at org.springframework.messaging.core.GenericMessagingTemplate.doSend(GenericMessagingTemplate.java:47)
	at org.springframework.messaging.core.AbstractMessageSendingTemplate.send(AbstractMessageSendingTemplate.java:108)
	at org.springframework.integration.endpoint.MessageProducerSupport.sendMessageWithTracking(MessageProducerSupport.java:278)
	at org.springframework.integration.endpoint.MessageProducerSupport.sendMessage(MessageProducerSupport.java:267)
	at org.springframework.integration.amqp.inbound.AmqpInboundChannelAdapter.access$000(AmqpInboundChannelAdapter.java:71)
	at org.springframework.integration.amqp.inbound.AmqpInboundChannelAdapter$Listener.lambda$onMessage$0(AmqpInboundChannelAdapter.java:407)
	at org.springframework.core.retry.RetryTemplate.execute(RetryTemplate.java:174)
	... 14 more
Caused by: org.springframework.beans.factory.BeanCreationException: Error creating bean with name 'scopedTarget.eurekaClient' defined in class path resource [org/springframework/cloud/netflix/eureka/EurekaClientAutoConfiguration$RefreshableEurekaClientConfiguration.class]: Failed to instantiate [com.netflix.discovery.EurekaClient]: Factory method 'eurekaClient' threw exception with message: java.lang.NullPointerException: Cannot invoke "Object.hashCode()" because "key" is null
	at org.springframework.beans.factory.support.ConstructorResolver.instantiate(ConstructorResolver.java:657)
	at org.springframework.beans.factory.support.ConstructorResolver.instantiateUsingFactoryMethod(ConstructorResolver.java:645)
	at org.springframework.beans.factory.support.AbstractAutowireCapableBeanFactory.instantiateUsingFactoryMethod(AbstractAutowireCapableBeanFactory.java:1360)
	at org.springframework.beans.factory.support.AbstractAutowireCapableBeanFactory.createBeanInstance(AbstractAutowireCapableBeanFactory.java:1192)
	at org.springframework.beans.factory.support.AbstractAutowireCapableBeanFactory.doCreateBean(AbstractAutowireCapableBeanFactory.java:565)
	at org.springframework.beans.factory.support.AbstractAutowireCapableBeanFactory.createBean(AbstractAutowireCapableBeanFactory.java:525)
	at org.springframework.beans.factory.support.AbstractBeanFactory.lambda$doGetBean$1(AbstractBeanFactory.java:372)
	at org.springframework.cloud.context.scope.GenericScope$BeanLifecycleWrapper.getBean(GenericScope.java:373)
	at org.springframework.cloud.context.scope.GenericScope.get(GenericScope.java:177)
	at org.springframework.beans.factory.support.AbstractBeanFactory.doGetBean(AbstractBeanFactory.java:369)
	at org.springframework.beans.factory.support.AbstractBeanFactory.getBean(AbstractBeanFactory.java:196)
	at org.springframework.aop.target.SimpleBeanTargetSource.getTarget(SimpleBeanTargetSource.java:35)
	at org.springframework.aop.framework.JdkDynamicAopProxy.invoke(JdkDynamicAopProxy.java:202)
	at jdk.proxy2/jdk.proxy2.$Proxy118.getApplications(Unknown Source)
	at org.springframework.cloud.netflix.eureka.EurekaDiscoveryClientConfiguration$EurekaClientConfigurationRefresher.onApplicationEvent(EurekaDiscoveryClientConfiguration.java:91)
	at org.springframework.cloud.netflix.eureka.EurekaDiscoveryClientConfiguration$EurekaClientConfigurationRefresher.onApplicationEvent(EurekaDiscoveryClientConfiguration.java:75)
	at org.springframework.context.event.SimpleApplicationEventMulticaster.doInvokeListener(SimpleApplicationEventMulticaster.java:180)
	at org.springframework.context.event.SimpleApplicationEventMulticaster.invokeListener(SimpleApplicationEventMulticaster.java:173)
	at org.springframework.context.event.SimpleApplicationEventMulticaster.multicastEvent(SimpleApplicationEventMulticaster.java:151)
	at org.springframework.context.support.AbstractApplicationContext.publishEvent(AbstractApplicationContext.java:448)
	at org.springframework.context.support.AbstractApplicationContext.publishEvent(AbstractApplicationContext.java:381)
	at org.springframework.cloud.context.scope.refresh.RefreshScope.refreshAll(RefreshScope.java:169)
	at org.springframework.cloud.context.refresh.ContextRefresher.refresh(ContextRefresher.java:95)
	at org.springframework.cloud.bus.event.RefreshListener.onApplicationEvent(RefreshListener.java:49)
	at org.springframework.cloud.bus.event.RefreshListener.onApplicationEvent(RefreshListener.java:32)
	at org.springframework.context.event.SimpleApplicationEventMulticaster.doInvokeListener(SimpleApplicationEventMulticaster.java:180)
	at org.springframework.context.event.SimpleApplicationEventMulticaster.invokeListener(SimpleApplicationEventMulticaster.java:173)
	at org.springframework.context.event.SimpleApplicationEventMulticaster.multicastEvent(SimpleApplicationEventMulticaster.java:151)
	at org.springframework.context.support.AbstractApplicationContext.publishEvent(AbstractApplicationContext.java:448)
	at org.springframework.context.support.AbstractApplicationContext.publishEvent(AbstractApplicationContext.java:381)
	at org.springframework.cloud.bus.BusConsumer.accept(BusConsumer.java:71)
	at org.springframework.cloud.bus.BusConsumer.accept(BusConsumer.java:31)
	at org.springframework.cloud.function.context.catalog.SimpleFunctionRegistry$FunctionInvocationWrapper.invokeConsumer(SimpleFunctionRegistry.java:1129)
	at org.springframework.cloud.function.context.catalog.SimpleFunctionRegistry$FunctionInvocationWrapper.doApply(SimpleFunctionRegistry.java:829)
	at org.springframework.cloud.function.context.catalog.SimpleFunctionRegistry$FunctionInvocationWrapper.apply(SimpleFunctionRegistry.java:656)
	at org.springframework.cloud.function.observability.ObservationFunctionAroundWrapper.lambda$nonReactorStream$0(ObservationFunctionAroundWrapper.java:50)
	at io.micrometer.observation.Observation.observe(Observation.java:634)
	at org.springframework.cloud.function.observability.ObservationFunctionAroundWrapper.nonReactorStream(ObservationFunctionAroundWrapper.java:50)
	at org.springframework.cloud.function.observability.ObservationFunctionAroundWrapper.doApply(ObservationFunctionAroundWrapper.java:45)
	at org.springframework.cloud.function.context.catalog.FunctionAroundWrapper.apply(FunctionAroundWrapper.java:45)
	at org.springframework.cloud.function.context.catalog.SimpleFunctionRegistry$FunctionInvocationWrapper.apply(SimpleFunctionRegistry.java:653)
	at org.springframework.cloud.stream.function.PartitionAwareFunctionWrapper.apply(PartitionAwareFunctionWrapper.java:92)
	at org.springframework.cloud.stream.function.FunctionConfiguration$FunctionWrapper.apply(FunctionConfiguration.java:830)
	at org.springframework.cloud.stream.function.FunctionConfiguration$FunctionToDestinationBinder$1.handleMessageInternal(FunctionConfiguration.java:668)
	at org.springframework.integration.handler.AbstractMessageHandler.doHandleMessage(AbstractMessageHandler.java:102)
	... 32 more
Caused by: org.springframework.beans.BeanInstantiationException: Failed to instantiate [com.netflix.discovery.EurekaClient]: Factory method 'eurekaClient' threw exception with message: java.lang.NullPointerException: Cannot invoke "Object.hashCode()" because "key" is null
	at org.springframework.beans.factory.support.SimpleInstantiationStrategy.lambda$instantiate$0(SimpleInstantiationStrategy.java:183)
	at org.springframework.beans.factory.support.SimpleInstantiationStrategy.instantiateWithFactoryMethod(SimpleInstantiationStrategy.java:72)
	at org.springframework.beans.factory.support.SimpleInstantiationStrategy.instantiate(SimpleInstantiationStrategy.java:152)
	at org.springframework.beans.factory.support.ConstructorResolver.instantiate(ConstructorResolver.java:653)
	... 76 more
Caused by: java.lang.IllegalStateException: java.lang.NullPointerException: Cannot invoke "Object.hashCode()" because "key" is null
	at com.netflix.discovery.DiscoveryClient.<init>(DiscoveryClient.java:433)
	at com.netflix.discovery.DiscoveryClient.<init>(DiscoveryClient.java:254)
	at com.netflix.discovery.DiscoveryClient.<init>(DiscoveryClient.java:249)
	at org.springframework.cloud.netflix.eureka.CloudEurekaClient.<init>(CloudEurekaClient.java:68)
	at org.springframework.cloud.netflix.eureka.EurekaClientAutoConfiguration$RefreshableEurekaClientConfiguration.eurekaClient(EurekaClientAutoConfiguration.java:324)
	at java.base/jdk.internal.reflect.DirectMethodHandleAccessor.invoke(DirectMethodHandleAccessor.java:104)
	at java.base/java.lang.reflect.Method.invoke(Method.java:565)
	at org.springframework.beans.factory.support.SimpleInstantiationStrategy.lambda$instantiate$0(SimpleInstantiationStrategy.java:155)
	... 79 more
Caused by: java.lang.NullPointerException: Cannot invoke "Object.hashCode()" because "key" is null
	at java.base/java.util.concurrent.ConcurrentHashMap.get(ConcurrentHashMap.java:948)
	at com.netflix.discovery.shared.Application.getByInstanceId(Application.java:181)
	at com.netflix.discovery.DiscoveryClient.updateInstanceRemoteStatus(DiscoveryClient.java:1006)
	at com.netflix.discovery.DiscoveryClient.fetchRegistry(DiscoveryClient.java:994)
	at com.netflix.discovery.DiscoveryClient.<init>(DiscoveryClient.java:419)
	... 86 more

2026-07-24T13:56:56.992+05:30  INFO 19840 --- [UserModule] [springCloudBus.anonymous.F2X77IUrTzS0yI-HAS3Gew-1] o.s.cloud.bus.event.RefreshListener      : Received remote refresh request.
2026-07-24T13:56:56.998+05:30  INFO 19840 --- [UserModule] [springCloudBus.anonymous.F2X77IUrTzS0yI-HAS3Gew-1] o.s.c.c.c.ConfigServerConfigDataLoader   : Fetching config from server at : http://localhost:8888
2026-07-24T13:56:57.021+05:30  INFO 19840 --- [UserModule] [springCloudBus.anonymous.F2X77IUrTzS0yI-HAS3Gew-1] o.s.c.c.c.ConfigServerConfigDataLoader   : Located environment: name=UserModule, profiles=[default], label=null, version=null, state=null
2026-07-24T13:56:57.026+05:30  INFO 19840 --- [UserModule] [springCloudBus.anonymous.F2X77IUrTzS0yI-HAS3Gew-1] o.s.c.c.c.ConfigServerConfigDataLoader   : Fetching config from server at : http://localhost:8888
2026-07-24T13:56:57.040+05:30  INFO 19840 --- [UserModule] [springCloudBus.anonymous.F2X77IUrTzS0yI-HAS3Gew-1] o.s.c.c.c.ConfigServerConfigDataLoader   : Located environment: name=UserModule, profiles=[dev], label=null, version=null, state=null
2026-07-24T13:56:57.088+05:30  WARN 19840 --- [UserModule] [springCloudBus.anonymous.F2X77IUrTzS0yI-HAS3Gew-1] com.netflix.appinfo.InstanceInfo         : Passed in hostname is blank, not setting it
2026-07-24T13:56:57.088+05:30  INFO 19840 --- [UserModule] [springCloudBus.anonymous.F2X77IUrTzS0yI-HAS3Gew-1] o.s.c.n.eureka.InstanceInfoFactory       : Setting initial instance status as: STARTING
2026-07-24T13:56:57.088+05:30  INFO 19840 --- [UserModule] [springCloudBus.anonymous.F2X77IUrTzS0yI-HAS3Gew-1] com.netflix.discovery.DiscoveryClient    : Initializing Eureka in region us-east-1
2026-07-24T13:56:57.088+05:30  INFO 19840 --- [UserModule] [springCloudBus.anonymous.F2X77IUrTzS0yI-HAS3Gew-1] c.n.d.s.r.aws.ConfigClusterResolver      : Resolving eureka endpoints via configuration
2026-07-24T13:56:57.088+05:30  INFO 19840 --- [UserModule] [springCloudBus.anonymous.F2X77IUrTzS0yI-HAS3Gew-1] com.netflix.discovery.DiscoveryClient    : Disable delta property : false
2026-07-24T13:56:57.088+05:30  INFO 19840 --- [UserModule] [springCloudBus.anonymous.F2X77IUrTzS0yI-HAS3Gew-1] com.netflix.discovery.DiscoveryClient    : Single vip registry refresh property : null
2026-07-24T13:56:57.088+05:30  INFO 19840 --- [UserModule] [springCloudBus.anonymous.F2X77IUrTzS0yI-HAS3Gew-1] com.netflix.discovery.DiscoveryClient    : Force full registry fetch : false
2026-07-24T13:56:57.089+05:30  INFO 19840 --- [UserModule] [springCloudBus.anonymous.F2X77IUrTzS0yI-HAS3Gew-1] com.netflix.discovery.DiscoveryClient    : Application is null : false
2026-07-24T13:56:57.089+05:30  INFO 19840 --- [UserModule] [springCloudBus.anonymous.F2X77IUrTzS0yI-HAS3Gew-1] com.netflix.discovery.DiscoveryClient    : Registered Applications size is zero : true
2026-07-24T13:56:57.089+05:30  INFO 19840 --- [UserModule] [springCloudBus.anonymous.F2X77IUrTzS0yI-HAS3Gew-1] com.netflix.discovery.DiscoveryClient    : Application version is -1: true
2026-07-24T13:56:57.089+05:30  INFO 19840 --- [UserModule] [springCloudBus.anonymous.F2X77IUrTzS0yI-HAS3Gew-1] com.netflix.discovery.DiscoveryClient    : Getting all instance registry info from the eureka server
2026-07-24T13:56:57.098+05:30  INFO 19840 --- [UserModule] [springCloudBus.anonymous.F2X77IUrTzS0yI-HAS3Gew-1] com.netflix.discovery.DiscoveryClient    : The response status is 200
2026-07-24T13:56:57.099+05:30  INFO 19840 --- [UserModule] [springCloudBus.anonymous.F2X77IUrTzS0yI-HAS3Gew-1] com.netflix.discovery.DiscoveryClient    : Starting heartbeat executor: renew interval is: 5
2026-07-24T13:56:57.099+05:30  INFO 19840 --- [UserModule] [springCloudBus.anonymous.F2X77IUrTzS0yI-HAS3Gew-1] c.n.discovery.InstanceInfoReplicator     : InstanceInfoReplicator onDemand update allowed rate per min is 4
2026-07-24T13:56:57.099+05:30  INFO 19840 --- [UserModule] [springCloudBus.anonymous.F2X77IUrTzS0yI-HAS3Gew-1] com.netflix.discovery.DiscoveryClient    : Discovery Client initialized at timestamp 1784881617099 with initial instances count: 0
2026-07-24T13:56:57.100+05:30  INFO 19840 --- [UserModule] [springCloudBus.anonymous.F2X77IUrTzS0yI-HAS3Gew-1] o.s.c.n.e.s.EurekaServiceRegistry        : Unregistering application USERMODULE with eureka with status DOWN
2026-07-24T13:56:57.100+05:30  INFO 19840 --- [UserModule] [springCloudBus.anonymous.F2X77IUrTzS0yI-HAS3Gew-1] com.netflix.discovery.DiscoveryClient    : Saw local status change event StatusChangeEvent [timestamp=1784881617100, current=DOWN, previous=STARTING]
2026-07-24T13:56:57.100+05:30  INFO 19840 --- [UserModule] [DiscoveryClient-InstanceInfoReplicator-%d] com.netflix.discovery.DiscoveryClient    : DiscoveryClient_USERMODULE/null: registering service...
2026-07-24T13:56:57.100+05:30  INFO 19840 --- [UserModule] [springCloudBus.anonymous.F2X77IUrTzS0yI-HAS3Gew-1] o.s.c.n.e.s.EurekaServiceRegistry        : Registering application USERMODULE with eureka with status UP
2026-07-24T13:56:57.101+05:30  INFO 19840 --- [UserModule] [springCloudBus.anonymous.F2X77IUrTzS0yI-HAS3Gew-1] com.netflix.discovery.DiscoveryClient    : Saw local status change event StatusChangeEvent [timestamp=1784881617101, current=UP, previous=DOWN]
2026-07-24T13:56:57.101+05:30  INFO 19840 --- [UserModule] [springCloudBus.anonymous.F2X77IUrTzS0yI-HAS3Gew-1] o.s.cloud.bus.event.RefreshListener      : Keys refreshed []
2026-07-24T13:56:57.109+05:30  WARN 19840 --- [UserModule] [DiscoveryClient-InstanceInfoReplicator-%d] c.n.d.s.t.d.RetryableEurekaHttpClient    : Request execution failure with status code 400; retrying on another server if available
2026-07-24T13:56:57.109+05:30  WARN 19840 --- [UserModule] [DiscoveryClient-InstanceInfoReplicator-%d] com.netflix.discovery.DiscoveryClient    : DiscoveryClient_USERMODULE/null - registration failed Cannot execute request on any known server

com.netflix.discovery.shared.transport.TransportException: Cannot execute request on any known server
	at com.netflix.discovery.shared.transport.decorator.RetryableEurekaHttpClient.execute(RetryableEurekaHttpClient.java:112) ~[eureka-client-2.0.6.jar:2.0.6]
	at com.netflix.discovery.shared.transport.decorator.EurekaHttpClientDecorator.register(EurekaHttpClientDecorator.java:56) ~[eureka-client-2.0.6.jar:2.0.6]
	at com.netflix.discovery.shared.transport.decorator.EurekaHttpClientDecorator$1.execute(EurekaHttpClientDecorator.java:59) ~[eureka-client-2.0.6.jar:2.0.6]
	at com.netflix.discovery.shared.transport.decorator.SessionedEurekaHttpClient.execute(SessionedEurekaHttpClient.java:76) ~[eureka-client-2.0.6.jar:2.0.6]
	at com.netflix.discovery.shared.transport.decorator.EurekaHttpClientDecorator.register(EurekaHttpClientDecorator.java:56) ~[eureka-client-2.0.6.jar:2.0.6]
	at com.netflix.discovery.DiscoveryClient.register(DiscoveryClient.java:843) ~[eureka-client-2.0.6.jar:2.0.6]
	at com.netflix.discovery.InstanceInfoReplicator.run(InstanceInfoReplicator.java:125) ~[eureka-client-2.0.6.jar:2.0.6]
	at com.netflix.discovery.InstanceInfoReplicator$2.run(InstanceInfoReplicator.java:105) ~[eureka-client-2.0.6.jar:2.0.6]
	at java.base/java.util.concurrent.Executors$RunnableAdapter.call(Executors.java:545) ~[na:na]
	at java.base/java.util.concurrent.FutureTask.run(FutureTask.java:328) ~[na:na]
	at java.base/java.util.concurrent.ScheduledThreadPoolExecutor$ScheduledFutureTask.run(ScheduledThreadPoolExecutor.java:309) ~[na:na]
	at java.base/java.util.concurrent.ThreadPoolExecutor.runWorker(ThreadPoolExecutor.java:1090) ~[na:na]
	at java.base/java.util.concurrent.ThreadPoolExecutor$Worker.run(ThreadPoolExecutor.java:614) ~[na:na]
	at java.base/java.lang.Thread.run(Thread.java:1474) ~[na:na]

2026-07-24T13:56:57.112+05:30  WARN 19840 --- [UserModule] [DiscoveryClient-InstanceInfoReplicator-%d] c.n.discovery.InstanceInfoReplicator     : There was a problem with the instance info replicator

com.netflix.discovery.shared.transport.TransportException: Cannot execute request on any known server
	at com.netflix.discovery.shared.transport.decorator.RetryableEurekaHttpClient.execute(RetryableEurekaHttpClient.java:112) ~[eureka-client-2.0.6.jar:2.0.6]
	at com.netflix.discovery.shared.transport.decorator.EurekaHttpClientDecorator.register(EurekaHttpClientDecorator.java:56) ~[eureka-client-2.0.6.jar:2.0.6]
	at com.netflix.discovery.shared.transport.decorator.EurekaHttpClientDecorator$1.execute(EurekaHttpClientDecorator.java:59) ~[eureka-client-2.0.6.jar:2.0.6]
	at com.netflix.discovery.shared.transport.decorator.SessionedEurekaHttpClient.execute(SessionedEurekaHttpClient.java:76) ~[eureka-client-2.0.6.jar:2.0.6]
	at com.netflix.discovery.shared.transport.decorator.EurekaHttpClientDecorator.register(EurekaHttpClientDecorator.java:56) ~[eureka-client-2.0.6.jar:2.0.6]
	at com.netflix.discovery.DiscoveryClient.register(DiscoveryClient.java:843) ~[eureka-client-2.0.6.jar:2.0.6]
	at com.netflix.discovery.InstanceInfoReplicator.run(InstanceInfoReplicator.java:125) ~[eureka-client-2.0.6.jar:2.0.6]
	at com.netflix.discovery.InstanceInfoReplicator$2.run(InstanceInfoReplicator.java:105) ~[eureka-client-2.0.6.jar:2.0.6]
	at java.base/java.util.concurrent.Executors$RunnableAdapter.call(Executors.java:545) ~[na:na]
	at java.base/java.util.concurrent.FutureTask.run(FutureTask.java:328) ~[na:na]
	at java.base/java.util.concurrent.ScheduledThreadPoolExecutor$ScheduledFutureTask.run(ScheduledThreadPoolExecutor.java:309) ~[na:na]
	at java.base/java.util.concurrent.ThreadPoolExecutor.runWorker(ThreadPoolExecutor.java:1090) ~[na:na]
	at java.base/java.util.concurrent.ThreadPoolExecutor$Worker.run(ThreadPoolExecutor.java:614) ~[na:na]
	at java.base/java.lang.Thread.run(Thread.java:1474) ~[na:na]

2026-07-24T13:56:57.112+05:30  INFO 19840 --- [UserModule] [DiscoveryClient-InstanceInfoReplicator-%d] com.netflix.discovery.DiscoveryClient    : DiscoveryClient_USERMODULE/null: registering service...
2026-07-24T13:56:57.117+05:30  INFO 19840 --- [UserModule] [springCloudBus.anonymous.F2X77IUrTzS0yI-HAS3Gew-1] o.s.c.s.m.DirectWithAttributesChannel    : Channel 'UserModule.springCloudBusOutput' has 1 subscriber(s).
2026-07-24T13:56:57.121+05:30  WARN 19840 --- [UserModule] [DiscoveryClient-InstanceInfoReplicator-%d] c.n.d.s.t.d.RetryableEurekaHttpClient    : Request execution failure with status code 400; retrying on another server if available
2026-07-24T13:56:57.121+05:30  WARN 19840 --- [UserModule] [DiscoveryClient-InstanceInfoReplicator-%d] com.netflix.discovery.DiscoveryClient    : DiscoveryClient_USERMODULE/null - registration failed Cannot execute request on any known server

com.netflix.discovery.shared.transport.TransportException: Cannot execute request on any known server
	at com.netflix.discovery.shared.transport.decorator.RetryableEurekaHttpClient.execute(RetryableEurekaHttpClient.java:112) ~[eureka-client-2.0.6.jar:2.0.6]
	at com.netflix.discovery.shared.transport.decorator.EurekaHttpClientDecorator.register(EurekaHttpClientDecorator.java:56) ~[eureka-client-2.0.6.jar:2.0.6]
	at com.netflix.discovery.shared.transport.decorator.EurekaHttpClientDecorator$1.execute(EurekaHttpClientDecorator.java:59) ~[eureka-client-2.0.6.jar:2.0.6]
	at com.netflix.discovery.shared.transport.decorator.SessionedEurekaHttpClient.execute(SessionedEurekaHttpClient.java:76) ~[eureka-client-2.0.6.jar:2.0.6]
	at com.netflix.discovery.shared.transport.decorator.EurekaHttpClientDecorator.register(EurekaHttpClientDecorator.java:56) ~[eureka-client-2.0.6.jar:2.0.6]
	at com.netflix.discovery.DiscoveryClient.register(DiscoveryClient.java:843) ~[eureka-client-2.0.6.jar:2.0.6]
	at com.netflix.discovery.InstanceInfoReplicator.run(InstanceInfoReplicator.java:125) ~[eureka-client-2.0.6.jar:2.0.6]
	at com.netflix.discovery.InstanceInfoReplicator$2.run(InstanceInfoReplicator.java:105) ~[eureka-client-2.0.6.jar:2.0.6]
	at java.base/java.util.concurrent.Executors$RunnableAdapter.call(Executors.java:545) ~[na:na]
	at java.base/java.util.concurrent.FutureTask.run(FutureTask.java:328) ~[na:na]
	at java.base/java.util.concurrent.ScheduledThreadPoolExecutor$ScheduledFutureTask.run(ScheduledThreadPoolExecutor.java:309) ~[na:na]
	at java.base/java.util.concurrent.ThreadPoolExecutor.runWorker(ThreadPoolExecutor.java:1090) ~[na:na]
	at java.base/java.util.concurrent.ThreadPoolExecutor$Worker.run(ThreadPoolExecutor.java:614) ~[na:na]
	at java.base/java.lang.Thread.run(Thread.java:1474) ~[na:na]

2026-07-24T13:56:57.122+05:30  WARN 19840 --- [UserModule] [DiscoveryClient-InstanceInfoReplicator-%d] c.n.discovery.InstanceInfoReplicator     : There was a problem with the instance info replicator

com.netflix.discovery.shared.transport.TransportException: Cannot execute request on any known server
	at com.netflix.discovery.shared.transport.decorator.RetryableEurekaHttpClient.execute(RetryableEurekaHttpClient.java:112) ~[eureka-client-2.0.6.jar:2.0.6]
	at com.netflix.discovery.shared.transport.decorator.EurekaHttpClientDecorator.register(EurekaHttpClientDecorator.java:56) ~[eureka-client-2.0.6.jar:2.0.6]
	at com.netflix.discovery.shared.transport.decorator.EurekaHttpClientDecorator$1.execute(EurekaHttpClientDecorator.java:59) ~[eureka-client-2.0.6.jar:2.0.6]
	at com.netflix.discovery.shared.transport.decorator.SessionedEurekaHttpClient.execute(SessionedEurekaHttpClient.java:76) ~[eureka-client-2.0.6.jar:2.0.6]
	at com.netflix.discovery.shared.transport.decorator.EurekaHttpClientDecorator.register(EurekaHttpClientDecorator.java:56) ~[eureka-client-2.0.6.jar:2.0.6]
	at com.netflix.discovery.DiscoveryClient.register(DiscoveryClient.java:843) ~[eureka-client-2.0.6.jar:2.0.6]
	at com.netflix.discovery.InstanceInfoReplicator.run(InstanceInfoReplicator.java:125) ~[eureka-client-2.0.6.jar:2.0.6]
	at com.netflix.discovery.InstanceInfoReplicator$2.run(InstanceInfoReplicator.java:105) ~[eureka-client-2.0.6.jar:2.0.6]
	at java.base/java.util.concurrent.Executors$RunnableAdapter.call(Executors.java:545) ~[na:na]
	at java.base/java.util.concurrent.FutureTask.run(FutureTask.java:328) ~[na:na]
	at java.base/java.util.concurrent.ScheduledThreadPoolExecutor$ScheduledFutureTask.run(ScheduledThreadPoolExecutor.java:309) ~[na:na]
	at java.base/java.util.concurrent.ThreadPoolExecutor.runWorker(ThreadPoolExecutor.java:1090) ~[na:na]
	at java.base/java.util.concurrent.ThreadPoolExecutor$Worker.run(ThreadPoolExecutor.java:614) ~[na:na]
	at java.base/java.lang.Thread.run(Thread.java:1474) ~[na:na]

2026-07-24T13:57:02.115+05:30  INFO 19840 --- [UserModule] [DiscoveryClient-HeartbeatExecutor-%d] c.n.d.s.t.d.RedirectingEurekaHttpClient  : Request execution error. endpoint=DefaultEndpoint{ serviceUrl='http://localhost:8761/eureka/}, exception=Error while extracting response for type [com.netflix.appinfo.InstanceInfo] and content type [application/json]

org.springframework.web.client.RestClientException: Error while extracting response for type [com.netflix.appinfo.InstanceInfo] and content type [application/json]
	at org.springframework.web.client.DefaultRestClient.readWithMessageConverters(DefaultRestClient.java:274) ~[spring-web-7.0.8.jar:7.0.8]
	at org.springframework.web.client.DefaultRestClient$DefaultResponseSpec.readBody(DefaultRestClient.java:931) ~[spring-web-7.0.8.jar:7.0.8]
	at org.springframework.web.client.DefaultRestClient$DefaultResponseSpec.lambda$toEntityInternal$0(DefaultRestClient.java:871) ~[spring-web-7.0.8.jar:7.0.8]
	at org.springframework.web.client.DefaultRestClient$DefaultRequestBodyUriSpec.exchangeInternal(DefaultRestClient.java:617) ~[spring-web-7.0.8.jar:7.0.8]
	at org.springframework.web.client.DefaultRestClient$DefaultRequestBodyUriSpec.exchange(DefaultRestClient.java:572) ~[spring-web-7.0.8.jar:7.0.8]
	at org.springframework.web.client.RestClient$RequestHeadersSpec.exchange(RestClient.java:747) ~[spring-web-7.0.8.jar:7.0.8]
	at org.springframework.web.client.DefaultRestClient$DefaultResponseSpec.executeAndExtract(DefaultRestClient.java:924) ~[spring-web-7.0.8.jar:7.0.8]
	at org.springframework.web.client.DefaultRestClient$DefaultResponseSpec.toEntityInternal(DefaultRestClient.java:870) ~[spring-web-7.0.8.jar:7.0.8]
	at org.springframework.web.client.DefaultRestClient$DefaultResponseSpec.toEntity(DefaultRestClient.java:859) ~[spring-web-7.0.8.jar:7.0.8]
	at org.springframework.cloud.netflix.eureka.http.RestClientEurekaHttpClient.sendHeartBeat(RestClientEurekaHttpClient.java:91) ~[spring-cloud-netflix-eureka-client-5.0.2.jar:5.0.2]
	at com.netflix.discovery.shared.transport.decorator.EurekaHttpClientDecorator$3.execute(EurekaHttpClientDecorator.java:92) ~[eureka-client-2.0.6.jar:2.0.6]
	at com.netflix.discovery.shared.transport.decorator.RedirectingEurekaHttpClient.executeOnNewServer(RedirectingEurekaHttpClient.java:120) ~[eureka-client-2.0.6.jar:2.0.6]
	at com.netflix.discovery.shared.transport.decorator.RedirectingEurekaHttpClient.execute(RedirectingEurekaHttpClient.java:79) ~[eureka-client-2.0.6.jar:2.0.6]
	at com.netflix.discovery.shared.transport.decorator.EurekaHttpClientDecorator.sendHeartBeat(EurekaHttpClientDecorator.java:89) ~[eureka-client-2.0.6.jar:2.0.6]
	at com.netflix.discovery.shared.transport.decorator.EurekaHttpClientDecorator$3.execute(EurekaHttpClientDecorator.java:92) ~[eureka-client-2.0.6.jar:2.0.6]
	at com.netflix.discovery.shared.transport.decorator.RetryableEurekaHttpClient.execute(RetryableEurekaHttpClient.java:120) ~[eureka-client-2.0.6.jar:2.0.6]
	at com.netflix.discovery.shared.transport.decorator.EurekaHttpClientDecorator.sendHeartBeat(EurekaHttpClientDecorator.java:89) ~[eureka-client-2.0.6.jar:2.0.6]
	at com.netflix.discovery.shared.transport.decorator.EurekaHttpClientDecorator$3.execute(EurekaHttpClientDecorator.java:92) ~[eureka-client-2.0.6.jar:2.0.6]
	at com.netflix.discovery.shared.transport.decorator.SessionedEurekaHttpClient.execute(SessionedEurekaHttpClient.java:76) ~[eureka-client-2.0.6.jar:2.0.6]
	at com.netflix.discovery.shared.transport.decorator.EurekaHttpClientDecorator.sendHeartBeat(EurekaHttpClientDecorator.java:89) ~[eureka-client-2.0.6.jar:2.0.6]
	at com.netflix.discovery.DiscoveryClient.renew(DiscoveryClient.java:860) ~[eureka-client-2.0.6.jar:2.0.6]
	at com.netflix.discovery.DiscoveryClient$HeartbeatThread.run(DiscoveryClient.java:1418) ~[eureka-client-2.0.6.jar:2.0.6]
	at java.base/java.util.concurrent.Executors$RunnableAdapter.call(Executors.java:545) ~[na:na]
	at java.base/java.util.concurrent.FutureTask.run(FutureTask.java:328) ~[na:na]
	at java.base/java.util.concurrent.ThreadPoolExecutor.runWorker(ThreadPoolExecutor.java:1090) ~[na:na]
	at java.base/java.util.concurrent.ThreadPoolExecutor$Worker.run(ThreadPoolExecutor.java:614) ~[na:na]
	at java.base/java.lang.Thread.run(Thread.java:1474) ~[na:na]
Caused by: org.springframework.http.converter.HttpMessageNotReadableException: JSON parse error: Root name ('timestamp') does not match expected ('instance') for type `com.netflix.appinfo.InstanceInfo`
	at org.springframework.http.converter.json.AbstractJackson2HttpMessageConverter.readJavaType(AbstractJackson2HttpMessageConverter.java:408) ~[spring-web-7.0.8.jar:7.0.8]
	at org.springframework.http.converter.json.AbstractJackson2HttpMessageConverter.read(AbstractJackson2HttpMessageConverter.java:356) ~[spring-web-7.0.8.jar:7.0.8]
	at org.springframework.web.client.DefaultRestClient.readWithMessageConverters(DefaultRestClient.java:237) ~[spring-web-7.0.8.jar:7.0.8]
	... 26 common frames omitted
Caused by: com.fasterxml.jackson.databind.exc.MismatchedInputException: Root name ('timestamp') does not match expected ('instance') for type `com.netflix.appinfo.InstanceInfo`
 at [Source: REDACTED (`StreamReadFeature.INCLUDE_SOURCE_IN_LOCATION` disabled); line: 1, column: 2] (through reference chain: com.netflix.appinfo.InstanceInfo["timestamp"])
	at com.fasterxml.jackson.databind.exc.MismatchedInputException.from(MismatchedInputException.java:76) ~[jackson-databind-2.21.4.jar:2.21.4]
	at com.fasterxml.jackson.databind.DeserializationContext.reportPropertyInputMismatch(DeserializationContext.java:1849) ~[jackson-databind-2.21.4.jar:2.21.4]
	at com.fasterxml.jackson.databind.DeserializationContext.reportPropertyInputMismatch(DeserializationContext.java:1865) ~[jackson-databind-2.21.4.jar:2.21.4]
	at com.fasterxml.jackson.databind.deser.DefaultDeserializationContext._unwrapAndDeserialize(DefaultDeserializationContext.java:367) ~[jackson-databind-2.21.4.jar:2.21.4]
	at com.fasterxml.jackson.databind.deser.DefaultDeserializationContext.readRootValue(DefaultDeserializationContext.java:339) ~[jackson-databind-2.21.4.jar:2.21.4]
	at com.fasterxml.jackson.databind.ObjectReader._bindAndClose(ObjectReader.java:2148) ~[jackson-databind-2.21.4.jar:2.21.4]
	at com.fasterxml.jackson.databind.ObjectReader.readValue(ObjectReader.java:1504) ~[jackson-databind-2.21.4.jar:2.21.4]
	at org.springframework.http.converter.json.AbstractJackson2HttpMessageConverter.readJavaType(AbstractJackson2HttpMessageConverter.java:397) ~[spring-web-7.0.8.jar:7.0.8]
	... 28 common frames omitted

2026-07-24T13:57:02.116+05:30  WARN 19840 --- [UserModule] [DiscoveryClient-HeartbeatExecutor-%d] c.n.d.s.t.d.RetryableEurekaHttpClient    : Request execution failed with message: Error while extracting response for type [com.netflix.appinfo.InstanceInfo] and content type [application/json]
2026-07-24T13:57:02.116+05:30 ERROR 19840 --- [UserModule] [DiscoveryClient-HeartbeatExecutor-%d] com.netflix.discovery.DiscoveryClient    : DiscoveryClient_USERMODULE/null - was unable to send heartbeat!

com.netflix.discovery.shared.transport.TransportException: Cannot execute request on any known server
	at com.netflix.discovery.shared.transport.decorator.RetryableEurekaHttpClient.execute(RetryableEurekaHttpClient.java:112) ~[eureka-client-2.0.6.jar:2.0.6]
	at com.netflix.discovery.shared.transport.decorator.EurekaHttpClientDecorator.sendHeartBeat(EurekaHttpClientDecorator.java:89) ~[eureka-client-2.0.6.jar:2.0.6]
	at com.netflix.discovery.shared.transport.decorator.EurekaHttpClientDecorator$3.execute(EurekaHttpClientDecorator.java:92) ~[eureka-client-2.0.6.jar:2.0.6]
	at com.netflix.discovery.shared.transport.decorator.SessionedEurekaHttpClient.execute(SessionedEurekaHttpClient.java:76) ~[eureka-client-2.0.6.jar:2.0.6]
	at com.netflix.discovery.shared.transport.decorator.EurekaHttpClientDecorator.sendHeartBeat(EurekaHttpClientDecorator.java:89) ~[eureka-client-2.0.6.jar:2.0.6]
	at com.netflix.discovery.DiscoveryClient.renew(DiscoveryClient.java:860) ~[eureka-client-2.0.6.jar:2.0.6]
	at com.netflix.discovery.DiscoveryClient$HeartbeatThread.run(DiscoveryClient.java:1418) ~[eureka-client-2.0.6.jar:2.0.6]
	at java.base/java.util.concurrent.Executors$RunnableAdapter.call(Executors.java:545) ~[na:na]
	at java.base/java.util.concurrent.FutureTask.run(FutureTask.java:328) ~[na:na]
	at java.base/java.util.concurrent.ThreadPoolExecutor.runWorker(ThreadPoolExecutor.java:1090) ~[na:na]
	at java.base/java.util.concurrent.ThreadPoolExecutor$Worker.run(ThreadPoolExecutor.java:614) ~[na:na]
	at java.base/java.lang.Thread.run(Thread.java:1474) ~[na:na]

2026-07-24T13:57:07.124+05:30  INFO 19840 --- [UserModule] [DiscoveryClient-HeartbeatExecutor-%d] c.n.d.s.t.d.RedirectingEurekaHttpClient  : Request execution error. endpoint=DefaultEndpoint{ serviceUrl='http://localhost:8761/eureka/}, exception=Error while extracting response for type [com.netflix.appinfo.InstanceInfo] and content type [application/json]

org.springframework.web.client.RestClientException: Error while extracting response for type [com.netflix.appinfo.InstanceInfo] and content type [application/json]
	at org.springframework.web.client.DefaultRestClient.readWithMessageConverters(DefaultRestClient.java:274) ~[spring-web-7.0.8.jar:7.0.8]
	at org.springframework.web.client.DefaultRestClient$DefaultResponseSpec.readBody(DefaultRestClient.java:931) ~[spring-web-7.0.8.jar:7.0.8]
	at org.springframework.web.client.DefaultRestClient$DefaultResponseSpec.lambda$toEntityInternal$0(DefaultRestClient.java:871) ~[spring-web-7.0.8.jar:7.0.8]
	at org.springframework.web.client.DefaultRestClient$DefaultRequestBodyUriSpec.exchangeInternal(DefaultRestClient.java:617) ~[spring-web-7.0.8.jar:7.0.8]
	at org.springframework.web.client.DefaultRestClient$DefaultRequestBodyUriSpec.exchange(DefaultRestClient.java:572) ~[spring-web-7.0.8.jar:7.0.8]
	at org.springframework.web.client.RestClient$RequestHeadersSpec.exchange(RestClient.java:747) ~[spring-web-7.0.8.jar:7.0.8]
	at org.springframework.web.client.DefaultRestClient$DefaultResponseSpec.executeAndExtract(DefaultRestClient.java:924) ~[spring-web-7.0.8.jar:7.0.8]
	at org.springframework.web.client.DefaultRestClient$DefaultResponseSpec.toEntityInternal(DefaultRestClient.java:870) ~[spring-web-7.0.8.jar:7.0.8]
	at org.springframework.web.client.DefaultRestClient$DefaultResponseSpec.toEntity(DefaultRestClient.java:859) ~[spring-web-7.0.8.jar:7.0.8]
	at org.springframework.cloud.netflix.eureka.http.RestClientEurekaHttpClient.sendHeartBeat(RestClientEurekaHttpClient.java:91) ~[spring-cloud-netflix-eureka-client-5.0.2.jar:5.0.2]
	at com.netflix.discovery.shared.transport.decorator.EurekaHttpClientDecorator$3.execute(EurekaHttpClientDecorator.java:92) ~[eureka-client-2.0.6.jar:2.0.6]
	at com.netflix.discovery.shared.transport.decorator.RedirectingEurekaHttpClient.executeOnNewServer(RedirectingEurekaHttpClient.java:120) ~[eureka-client-2.0.6.jar:2.0.6]
	at com.netflix.discovery.shared.transport.decorator.RedirectingEurekaHttpClient.execute(RedirectingEurekaHttpClient.java:79) ~[eureka-client-2.0.6.jar:2.0.6]
	at com.netflix.discovery.shared.transport.decorator.EurekaHttpClientDecorator.sendHeartBeat(EurekaHttpClientDecorator.java:89) ~[eureka-client-2.0.6.jar:2.0.6]
	at com.netflix.discovery.shared.transport.decorator.EurekaHttpClientDecorator$3.execute(EurekaHttpClientDecorator.java:92) ~[eureka-client-2.0.6.jar:2.0.6]
	at com.netflix.discovery.shared.transport.decorator.RetryableEurekaHttpClient.execute(RetryableEurekaHttpClient.java:120) ~[eureka-client-2.0.6.jar:2.0.6]
	at com.netflix.discovery.shared.transport.decorator.EurekaHttpClientDecorator.sendHeartBeat(EurekaHttpClientDecorator.java:89) ~[eureka-client-2.0.6.jar:2.0.6]
	at com.netflix.discovery.shared.transport.decorator.EurekaHttpClientDecorator$3.execute(EurekaHttpClientDecorator.java:92) ~[eureka-client-2.0.6.jar:2.0.6]
	at com.netflix.discovery.shared.transport.decorator.SessionedEurekaHttpClient.execute(SessionedEurekaHttpClient.java:76) ~[eureka-client-2.0.6.jar:2.0.6]
	at com.netflix.discovery.shared.transport.decorator.EurekaHttpClientDecorator.sendHeartBeat(EurekaHttpClientDecorator.java:89) ~[eureka-client-2.0.6.jar:2.0.6]
	at com.netflix.discovery.DiscoveryClient.renew(DiscoveryClient.java:860) ~[eureka-client-2.0.6.jar:2.0.6]
	at com.netflix.discovery.DiscoveryClient$HeartbeatThread.run(DiscoveryClient.java:1418) ~[eureka-client-2.0.6.jar:2.0.6]
	at java.base/java.util.concurrent.Executors$RunnableAdapter.call(Executors.java:545) ~[na:na]
	at java.base/java.util.concurrent.FutureTask.run(FutureTask.java:328) ~[na:na]
	at java.base/java.util.concurrent.ThreadPoolExecutor.runWorker(ThreadPoolExecutor.java:1090) ~[na:na]
	at java.base/java.util.concurrent.ThreadPoolExecutor$Worker.run(ThreadPoolExecutor.java:614) ~[na:na]
	at java.base/java.lang.Thread.run(Thread.java:1474) ~[na:na]
Caused by: org.springframework.http.converter.HttpMessageNotReadableException: JSON parse error: Root name ('timestamp') does not match expected ('instance') for type `com.netflix.appinfo.InstanceInfo`
	at org.springframework.http.converter.json.AbstractJackson2HttpMessageConverter.readJavaType(AbstractJackson2HttpMessageConverter.java:408) ~[spring-web-7.0.8.jar:7.0.8]
	at org.springframework.http.converter.json.AbstractJackson2HttpMessageConverter.read(AbstractJackson2HttpMessageConverter.java:356) ~[spring-web-7.0.8.jar:7.0.8]
	at org.springframework.web.client.DefaultRestClient.readWithMessageConverters(DefaultRestClient.java:237) ~[spring-web-7.0.8.jar:7.0.8]
	... 26 common frames omitted
Caused by: com.fasterxml.jackson.databind.exc.MismatchedInputException: Root name ('timestamp') does not match expected ('instance') for type `com.netflix.appinfo.InstanceInfo`
 at [Source: REDACTED (`StreamReadFeature.INCLUDE_SOURCE_IN_LOCATION` disabled); line: 1, column: 2] (through reference chain: com.netflix.appinfo.InstanceInfo["timestamp"])
	at com.fasterxml.jackson.databind.exc.MismatchedInputException.from(MismatchedInputException.java:76) ~[jackson-databind-2.21.4.jar:2.21.4]
	at com.fasterxml.jackson.databind.DeserializationContext.reportPropertyInputMismatch(DeserializationContext.java:1849) ~[jackson-databind-2.21.4.jar:2.21.4]
	at com.fasterxml.jackson.databind.DeserializationContext.reportPropertyInputMismatch(DeserializationContext.java:1865) ~[jackson-databind-2.21.4.jar:2.21.4]
	at com.fasterxml.jackson.databind.deser.DefaultDeserializationContext._unwrapAndDeserialize(DefaultDeserializationContext.java:367) ~[jackson-databind-2.21.4.jar:2.21.4]
	at com.fasterxml.jackson.databind.deser.DefaultDeserializationContext.readRootValue(DefaultDeserializationContext.java:339) ~[jackson-databind-2.21.4.jar:2.21.4]
	at com.fasterxml.jackson.databind.ObjectReader._bindAndClose(ObjectReader.java:2148) ~[jackson-databind-2.21.4.jar:2.21.4]
	at com.fasterxml.jackson.databind.ObjectReader.readValue(ObjectReader.java:1504) ~[jackson-databind-2.21.4.jar:2.21.4]
	at org.springframework.http.converter.json.AbstractJackson2HttpMessageConverter.readJavaType(AbstractJackson2HttpMessageConverter.java:397) ~[spring-web-7.0.8.jar:7.0.8]
	... 28 common frames omitted

2026-07-24T13:57:07.124+05:30  WARN 19840 --- [UserModule] [DiscoveryClient-HeartbeatExecutor-%d] c.n.d.s.t.d.RetryableEurekaHttpClient    : Request execution failed with message: Error while extracting response for type [com.netflix.appinfo.InstanceInfo] and content type [application/json]
2026-07-24T13:57:07.124+05:30 ERROR 19840 --- [UserModule] [DiscoveryClient-HeartbeatExecutor-%d] com.netflix.discovery.DiscoveryClient    : DiscoveryClient_USERMODULE/null - was unable to send heartbeat!

com.netflix.discovery.shared.transport.TransportException: Cannot execute request on any known server
	at com.netflix.discovery.shared.transport.decorator.RetryableEurekaHttpClient.execute(RetryableEurekaHttpClient.java:112) ~[eureka-client-2.0.6.jar:2.0.6]
	at com.netflix.discovery.shared.transport.decorator.EurekaHttpClientDecorator.sendHeartBeat(EurekaHttpClientDecorator.java:89) ~[eureka-client-2.0.6.jar:2.0.6]
	at com.netflix.discovery.shared.transport.decorator.EurekaHttpClientDecorator$3.execute(EurekaHttpClientDecorator.java:92) ~[eureka-client-2.0.6.jar:2.0.6]
	at com.netflix.discovery.shared.transport.decorator.SessionedEurekaHttpClient.execute(SessionedEurekaHttpClient.java:76) ~[eureka-client-2.0.6.jar:2.0.6]
	at com.netflix.discovery.shared.transport.decorator.EurekaHttpClientDecorator.sendHeartBeat(EurekaHttpClientDecorator.java:89) ~[eureka-client-2.0.6.jar:2.0.6]
	at com.netflix.discovery.DiscoveryClient.renew(DiscoveryClient.java:860) ~[eureka-client-2.0.6.jar:2.0.6]
	at com.netflix.discovery.DiscoveryClient$HeartbeatThread.run(DiscoveryClient.java:1418) ~[eureka-client-2.0.6.jar:2.0.6]
	at java.base/java.util.concurrent.Executors$RunnableAdapter.call(Executors.java:545) ~[na:na]
	at java.base/java.util.concurrent.FutureTask.run(FutureTask.java:328) ~[na:na]
	at java.base/java.util.concurrent.ThreadPoolExecutor.runWorker(ThreadPoolExecutor.java:1090) ~[na:na]
	at java.base/java.util.concurrent.ThreadPoolExecutor$Worker.run(ThreadPoolExecutor.java:614) ~[na:na]
	at java.base/java.lang.Thread.run(Thread.java:1474) ~[na:na]

2026-07-24T13:57:12.144+05:30  INFO 19840 --- [UserModule] [DiscoveryClient-HeartbeatExecutor-%d] c.n.d.s.t.d.RedirectingEurekaHttpClient  : Request execution error. endpoint=DefaultEndpoint{ serviceUrl='http://localhost:8761/eureka/}, exception=Error while extracting response for type [com.netflix.appinfo.InstanceInfo] and content type [application/json]

org.springframework.web.client.RestClientException: Error while extracting response for type [com.netflix.appinfo.InstanceInfo] and content type [application/json]
	at org.springframework.web.client.DefaultRestClient.readWithMessageConverters(DefaultRestClient.java:274) ~[spring-web-7.0.8.jar:7.0.8]
	at org.springframework.web.client.DefaultRestClient$DefaultResponseSpec.readBody(DefaultRestClient.java:931) ~[spring-web-7.0.8.jar:7.0.8]
	at org.springframework.web.client.DefaultRestClient$DefaultResponseSpec.lambda$toEntityInternal$0(DefaultRestClient.java:871) ~[spring-web-7.0.8.jar:7.0.8]
	at org.springframework.web.client.DefaultRestClient$DefaultRequestBodyUriSpec.exchangeInternal(DefaultRestClient.java:617) ~[spring-web-7.0.8.jar:7.0.8]
	at org.springframework.web.client.DefaultRestClient$DefaultRequestBodyUriSpec.exchange(DefaultRestClient.java:572) ~[spring-web-7.0.8.jar:7.0.8]
	at org.springframework.web.client.RestClient$RequestHeadersSpec.exchange(RestClient.java:747) ~[spring-web-7.0.8.jar:7.0.8]
	at org.springframework.web.client.DefaultRestClient$DefaultResponseSpec.executeAndExtract(DefaultRestClient.java:924) ~[spring-web-7.0.8.jar:7.0.8]
	at org.springframework.web.client.DefaultRestClient$DefaultResponseSpec.toEntityInternal(DefaultRestClient.java:870) ~[spring-web-7.0.8.jar:7.0.8]
	at org.springframework.web.client.DefaultRestClient$DefaultResponseSpec.toEntity(DefaultRestClient.java:859) ~[spring-web-7.0.8.jar:7.0.8]
	at org.springframework.cloud.netflix.eureka.http.RestClientEurekaHttpClient.sendHeartBeat(RestClientEurekaHttpClient.java:91) ~[spring-cloud-netflix-eureka-client-5.0.2.jar:5.0.2]
	at com.netflix.discovery.shared.transport.decorator.EurekaHttpClientDecorator$3.execute(EurekaHttpClientDecorator.java:92) ~[eureka-client-2.0.6.jar:2.0.6]
	at com.netflix.discovery.shared.transport.decorator.RedirectingEurekaHttpClient.executeOnNewServer(RedirectingEurekaHttpClient.java:120) ~[eureka-client-2.0.6.jar:2.0.6]
	at com.netflix.discovery.shared.transport.decorator.RedirectingEurekaHttpClient.execute(RedirectingEurekaHttpClient.java:79) ~[eureka-client-2.0.6.jar:2.0.6]
	at com.netflix.discovery.shared.transport.decorator.EurekaHttpClientDecorator.sendHeartBeat(EurekaHttpClientDecorator.java:89) ~[eureka-client-2.0.6.jar:2.0.6]
	at com.netflix.discovery.shared.transport.decorator.EurekaHttpClientDecorator$3.execute(EurekaHttpClientDecorator.java:92) ~[eureka-client-2.0.6.jar:2.0.6]
	at com.netflix.discovery.shared.transport.decorator.RetryableEurekaHttpClient.execute(RetryableEurekaHttpClient.java:120) ~[eureka-client-2.0.6.jar:2.0.6]
	at com.netflix.discovery.shared.transport.decorator.EurekaHttpClientDecorator.sendHeartBeat(EurekaHttpClientDecorator.java:89) ~[eureka-client-2.0.6.jar:2.0.6]
	at com.netflix.discovery.shared.transport.decorator.EurekaHttpClientDecorator$3.execute(EurekaHttpClientDecorator.java:92) ~[eureka-client-2.0.6.jar:2.0.6]
	at com.netflix.discovery.shared.transport.decorator.SessionedEurekaHttpClient.execute(SessionedEurekaHttpClient.java:76) ~[eureka-client-2.0.6.jar:2.0.6]
	at com.netflix.discovery.shared.transport.decorator.EurekaHttpClientDecorator.sendHeartBeat(EurekaHttpClientDecorator.java:89) ~[eureka-client-2.0.6.jar:2.0.6]
	at com.netflix.discovery.DiscoveryClient.renew(DiscoveryClient.java:860) ~[eureka-client-2.0.6.jar:2.0.6]
	at com.netflix.discovery.DiscoveryClient$HeartbeatThread.run(DiscoveryClient.java:1418) ~[eureka-client-2.0.6.jar:2.0.6]
	at java.base/java.util.concurrent.Executors$RunnableAdapter.call(Executors.java:545) ~[na:na]
	at java.base/java.util.concurrent.FutureTask.run(FutureTask.java:328) ~[na:na]
	at java.base/java.util.concurrent.ThreadPoolExecutor.runWorker(ThreadPoolExecutor.java:1090) ~[na:na]
	at java.base/java.util.concurrent.ThreadPoolExecutor$Worker.run(ThreadPoolExecutor.java:614) ~[na:na]
	at java.base/java.lang.Thread.run(Thread.java:1474) ~[na:na]
Caused by: org.springframework.http.converter.HttpMessageNotReadableException: JSON parse error: Root name ('timestamp') does not match expected ('instance') for type `com.netflix.appinfo.InstanceInfo`
	at org.springframework.http.converter.json.AbstractJackson2HttpMessageConverter.readJavaType(AbstractJackson2HttpMessageConverter.java:408) ~[spring-web-7.0.8.jar:7.0.8]
	at org.springframework.http.converter.json.AbstractJackson2HttpMessageConverter.read(AbstractJackson2HttpMessageConverter.java:356) ~[spring-web-7.0.8.jar:7.0.8]
	at org.springframework.web.client.DefaultRestClient.readWithMessageConverters(DefaultRestClient.java:237) ~[spring-web-7.0.8.jar:7.0.8]
	... 26 common frames omitted
Caused by: com.fasterxml.jackson.databind.exc.MismatchedInputException: Root name ('timestamp') does not match expected ('instance') for type `com.netflix.appinfo.InstanceInfo`
 at [Source: REDACTED (`StreamReadFeature.INCLUDE_SOURCE_IN_LOCATION` disabled); line: 1, column: 2] (through reference chain: com.netflix.appinfo.InstanceInfo["timestamp"])
	at com.fasterxml.jackson.databind.exc.MismatchedInputException.from(MismatchedInputException.java:76) ~[jackson-databind-2.21.4.jar:2.21.4]
	at com.fasterxml.jackson.databind.DeserializationContext.reportPropertyInputMismatch(DeserializationContext.java:1849) ~[jackson-databind-2.21.4.jar:2.21.4]
	at com.fasterxml.jackson.databind.DeserializationContext.reportPropertyInputMismatch(DeserializationContext.java:1865) ~[jackson-databind-2.21.4.jar:2.21.4]
	at com.fasterxml.jackson.databind.deser.DefaultDeserializationContext._unwrapAndDeserialize(DefaultDeserializationContext.java:367) ~[jackson-databind-2.21.4.jar:2.21.4]
	at com.fasterxml.jackson.databind.deser.DefaultDeserializationContext.readRootValue(DefaultDeserializationContext.java:339) ~[jackson-databind-2.21.4.jar:2.21.4]
	at com.fasterxml.jackson.databind.ObjectReader._bindAndClose(ObjectReader.java:2148) ~[jackson-databind-2.21.4.jar:2.21.4]
	at com.fasterxml.jackson.databind.ObjectReader.readValue(ObjectReader.java:1504) ~[jackson-databind-2.21.4.jar:2.21.4]
	at org.springframework.http.converter.json.AbstractJackson2HttpMessageConverter.readJavaType(AbstractJackson2HttpMessageConverter.java:397) ~[spring-web-7.0.8.jar:7.0.8]
	... 28 common frames omitted

2026-07-24T13:57:12.146+05:30  WARN 19840 --- [UserModule] [DiscoveryClient-HeartbeatExecutor-%d] c.n.d.s.t.d.RetryableEurekaHttpClient    : Request execution failed with message: Error while extracting response for type [com.netflix.appinfo.InstanceInfo] and content type [application/json]
2026-07-24T13:57:12.146+05:30 ERROR 19840 --- [UserModule] [DiscoveryClient-HeartbeatExecutor-%d] com.netflix.discovery.DiscoveryClient    : DiscoveryClient_USERMODULE/null - was unable to send heartbeat!

com.netflix.discovery.shared.transport.TransportException: Cannot execute request on any known server
	at com.netflix.discovery.shared.transport.decorator.RetryableEurekaHttpClient.execute(RetryableEurekaHttpClient.java:112) ~[eureka-client-2.0.6.jar:2.0.6]
	at com.netflix.discovery.shared.transport.decorator.EurekaHttpClientDecorator.sendHeartBeat(EurekaHttpClientDecorator.java:89) ~[eureka-client-2.0.6.jar:2.0.6]
	at com.netflix.discovery.shared.transport.decorator.EurekaHttpClientDecorator$3.execute(EurekaHttpClientDecorator.java:92) ~[eureka-client-2.0.6.jar:2.0.6]
	at com.netflix.discovery.shared.transport.decorator.SessionedEurekaHttpClient.execute(SessionedEurekaHttpClient.java:76) ~[eureka-client-2.0.6.jar:2.0.6]
	at com.netflix.discovery.shared.transport.decorator.EurekaHttpClientDecorator.sendHeartBeat(EurekaHttpClientDecorator.java:89) ~[eureka-client-2.0.6.jar:2.0.6]
	at com.netflix.discovery.DiscoveryClient.renew(DiscoveryClient.java:860) ~[eureka-client-2.0.6.jar:2.0.6]
	at com.netflix.discovery.DiscoveryClient$HeartbeatThread.run(DiscoveryClient.java:1418) ~[eureka-client-2.0.6.jar:2.0.6]
	at java.base/java.util.concurrent.Executors$RunnableAdapter.call(Executors.java:545) ~[na:na]
	at java.base/java.util.concurrent.FutureTask.run(FutureTask.java:328) ~[na:na]
	at java.base/java.util.concurrent.ThreadPoolExecutor.runWorker(ThreadPoolExecutor.java:1090) ~[na:na]
	at java.base/java.util.concurrent.ThreadPoolExecutor$Worker.run(ThreadPoolExecutor.java:614) ~[na:na]
	at java.base/java.lang.Thread.run(Thread.java:1474) ~[na:na]

2026-07-24T13:57:17.163+05:30  INFO 19840 --- [UserModule] [DiscoveryClient-HeartbeatExecutor-%d] c.n.d.s.t.d.RedirectingEurekaHttpClient  : Request execution error. endpoint=DefaultEndpoint{ serviceUrl='http://localhost:8761/eureka/}, exception=Error while extracting response for type [com.netflix.appinfo.InstanceInfo] and content type [application/json]

org.springframework.web.client.RestClientException: Error while extracting response for type [com.netflix.appinfo.InstanceInfo] and content type [application/json]
	at org.springframework.web.client.DefaultRestClient.readWithMessageConverters(DefaultRestClient.java:274) ~[spring-web-7.0.8.jar:7.0.8]
	at org.springframework.web.client.DefaultRestClient$DefaultResponseSpec.readBody(DefaultRestClient.java:931) ~[spring-web-7.0.8.jar:7.0.8]
	at org.springframework.web.client.DefaultRestClient$DefaultResponseSpec.lambda$toEntityInternal$0(DefaultRestClient.java:871) ~[spring-web-7.0.8.jar:7.0.8]
	at org.springframework.web.client.DefaultRestClient$DefaultRequestBodyUriSpec.exchangeInternal(DefaultRestClient.java:617) ~[spring-web-7.0.8.jar:7.0.8]
	at org.springframework.web.client.DefaultRestClient$DefaultRequestBodyUriSpec.exchange(DefaultRestClient.java:572) ~[spring-web-7.0.8.jar:7.0.8]
	at org.springframework.web.client.RestClient$RequestHeadersSpec.exchange(RestClient.java:747) ~[spring-web-7.0.8.jar:7.0.8]
	at org.springframework.web.client.DefaultRestClient$DefaultResponseSpec.executeAndExtract(DefaultRestClient.java:924) ~[spring-web-7.0.8.jar:7.0.8]
	at org.springframework.web.client.DefaultRestClient$DefaultResponseSpec.toEntityInternal(DefaultRestClient.java:870) ~[spring-web-7.0.8.jar:7.0.8]
	at org.springframework.web.client.DefaultRestClient$DefaultResponseSpec.toEntity(DefaultRestClient.java:859) ~[spring-web-7.0.8.jar:7.0.8]
	at org.springframework.cloud.netflix.eureka.http.RestClientEurekaHttpClient.sendHeartBeat(RestClientEurekaHttpClient.java:91) ~[spring-cloud-netflix-eureka-client-5.0.2.jar:5.0.2]
	at com.netflix.discovery.shared.transport.decorator.EurekaHttpClientDecorator$3.execute(EurekaHttpClientDecorator.java:92) ~[eureka-client-2.0.6.jar:2.0.6]
	at com.netflix.discovery.shared.transport.decorator.RedirectingEurekaHttpClient.executeOnNewServer(RedirectingEurekaHttpClient.java:120) ~[eureka-client-2.0.6.jar:2.0.6]
	at com.netflix.discovery.shared.transport.decorator.RedirectingEurekaHttpClient.execute(RedirectingEurekaHttpClient.java:79) ~[eureka-client-2.0.6.jar:2.0.6]
	at com.netflix.discovery.shared.transport.decorator.EurekaHttpClientDecorator.sendHeartBeat(EurekaHttpClientDecorator.java:89) ~[eureka-client-2.0.6.jar:2.0.6]
	at com.netflix.discovery.shared.transport.decorator.EurekaHttpClientDecorator$3.execute(EurekaHttpClientDecorator.java:92) ~[eureka-client-2.0.6.jar:2.0.6]
	at com.netflix.discovery.shared.transport.decorator.RetryableEurekaHttpClient.execute(RetryableEurekaHttpClient.java:120) ~[eureka-client-2.0.6.jar:2.0.6]
	at com.netflix.discovery.shared.transport.decorator.EurekaHttpClientDecorator.sendHeartBeat(EurekaHttpClientDecorator.java:89) ~[eureka-client-2.0.6.jar:2.0.6]
	at com.netflix.discovery.shared.transport.decorator.EurekaHttpClientDecorator$3.execute(EurekaHttpClientDecorator.java:92) ~[eureka-client-2.0.6.jar:2.0.6]
	at com.netflix.discovery.shared.transport.decorator.SessionedEurekaHttpClient.execute(SessionedEurekaHttpClient.java:76) ~[eureka-client-2.0.6.jar:2.0.6]
	at com.netflix.discovery.shared.transport.decorator.EurekaHttpClientDecorator.sendHeartBeat(EurekaHttpClientDecorator.java:89) ~[eureka-client-2.0.6.jar:2.0.6]
	at com.netflix.discovery.DiscoveryClient.renew(DiscoveryClient.java:860) ~[eureka-client-2.0.6.jar:2.0.6]
	at com.netflix.discovery.DiscoveryClient$HeartbeatThread.run(DiscoveryClient.java:1418) ~[eureka-client-2.0.6.jar:2.0.6]
	at java.base/java.util.concurrent.Executors$RunnableAdapter.call(Executors.java:545) ~[na:na]
	at java.base/java.util.concurrent.FutureTask.run(FutureTask.java:328) ~[na:na]
	at java.base/java.util.concurrent.ThreadPoolExecutor.runWorker(ThreadPoolExecutor.java:1090) ~[na:na]
	at java.base/java.util.concurrent.ThreadPoolExecutor$Worker.run(ThreadPoolExecutor.java:614) ~[na:na]
	at java.base/java.lang.Thread.run(Thread.java:1474) ~[na:na]
Caused by: org.springframework.http.converter.HttpMessageNotReadableException: JSON parse error: Root name ('timestamp') does not match expected ('instance') for type `com.netflix.appinfo.InstanceInfo`
	at org.springframework.http.converter.json.AbstractJackson2HttpMessageConverter.readJavaType(AbstractJackson2HttpMessageConverter.java:408) ~[spring-web-7.0.8.jar:7.0.8]
	at org.springframework.http.converter.json.AbstractJackson2HttpMessageConverter.read(AbstractJackson2HttpMessageConverter.java:356) ~[spring-web-7.0.8.jar:7.0.8]
	at org.springframework.web.client.DefaultRestClient.readWithMessageConverters(DefaultRestClient.java:237) ~[spring-web-7.0.8.jar:7.0.8]
	... 26 common frames omitted
Caused by: com.fasterxml.jackson.databind.exc.MismatchedInputException: Root name ('timestamp') does not match expected ('instance') for type `com.netflix.appinfo.InstanceInfo`
 at [Source: REDACTED (`StreamReadFeature.INCLUDE_SOURCE_IN_LOCATION` disabled); line: 1, column: 2] (through reference chain: com.netflix.appinfo.InstanceInfo["timestamp"])
	at com.fasterxml.jackson.databind.exc.MismatchedInputException.from(MismatchedInputException.java:76) ~[jackson-databind-2.21.4.jar:2.21.4]
	at com.fasterxml.jackson.databind.DeserializationContext.reportPropertyInputMismatch(DeserializationContext.java:1849) ~[jackson-databind-2.21.4.jar:2.21.4]
	at com.fasterxml.jackson.databind.DeserializationContext.reportPropertyInputMismatch(DeserializationContext.java:1865) ~[jackson-databind-2.21.4.jar:2.21.4]
	at com.fasterxml.jackson.databind.deser.DefaultDeserializationContext._unwrapAndDeserialize(DefaultDeserializationContext.java:367) ~[jackson-databind-2.21.4.jar:2.21.4]
	at com.fasterxml.jackson.databind.deser.DefaultDeserializationContext.readRootValue(DefaultDeserializationContext.java:339) ~[jackson-databind-2.21.4.jar:2.21.4]
	at com.fasterxml.jackson.databind.ObjectReader._bindAndClose(ObjectReader.java:2148) ~[jackson-databind-2.21.4.jar:2.21.4]
	at com.fasterxml.jackson.databind.ObjectReader.readValue(ObjectReader.java:1504) ~[jackson-databind-2.21.4.jar:2.21.4]
	at org.springframework.http.converter.json.AbstractJackson2HttpMessageConverter.readJavaType(AbstractJackson2HttpMessageConverter.java:397) ~[spring-web-7.0.8.jar:7.0.8]
	... 28 common frames omitted

2026-07-24T13:57:17.164+05:30  WARN 19840 --- [UserModule] [DiscoveryClient-HeartbeatExecutor-%d] c.n.d.s.t.d.RetryableEurekaHttpClient    : Request execution failed with message: Error while extracting response for type [com.netflix.appinfo.InstanceInfo] and content type [application/json]
2026-07-24T13:57:17.164+05:30 ERROR 19840 --- [UserModule] [DiscoveryClient-HeartbeatExecutor-%d] com.netflix.discovery.DiscoveryClient    : DiscoveryClient_USERMODULE/null - was unable to send heartbeat!

com.netflix.discovery.shared.transport.TransportException: Cannot execute request on any known server
	at com.netflix.discovery.shared.transport.decorator.RetryableEurekaHttpClient.execute(RetryableEurekaHttpClient.java:112) ~[eureka-client-2.0.6.jar:2.0.6]
	at com.netflix.discovery.shared.transport.decorator.EurekaHttpClientDecorator.sendHeartBeat(EurekaHttpClientDecorator.java:89) ~[eureka-client-2.0.6.jar:2.0.6]
	at com.netflix.discovery.shared.transport.decorator.EurekaHttpClientDecorator$3.execute(EurekaHttpClientDecorator.java:92) ~[eureka-client-2.0.6.jar:2.0.6]
	at com.netflix.discovery.shared.transport.decorator.SessionedEurekaHttpClient.execute(SessionedEurekaHttpClient.java:76) ~[eureka-client-2.0.6.jar:2.0.6]
	at com.netflix.discovery.shared.transport.decorator.EurekaHttpClientDecorator.sendHeartBeat(EurekaHttpClientDecorator.java:89) ~[eureka-client-2.0.6.jar:2.0.6]
	at com.netflix.discovery.DiscoveryClient.renew(DiscoveryClient.java:860) ~[eureka-client-2.0.6.jar:2.0.6]
	at com.netflix.discovery.DiscoveryClient$HeartbeatThread.run(DiscoveryClient.java:1418) ~[eureka-client-2.0.6.jar:2.0.6]
	at java.base/java.util.concurrent.Executors$RunnableAdapter.call(Executors.java:545) ~[na:na]
	at java.base/java.util.concurrent.FutureTask.run(FutureTask.java:328) ~[na:na]
	at java.base/java.util.concurrent.ThreadPoolExecutor.runWorker(ThreadPoolExecutor.java:1090) ~[na:na]
	at java.base/java.util.concurrent.ThreadPoolExecutor$Worker.run(ThreadPoolExecutor.java:614) ~[na:na]
	at java.base/java.lang.Thread.run(Thread.java:1474) ~[na:na]

2026-07-24T13:57:22.176+05:30  INFO 19840 --- [UserModule] [DiscoveryClient-HeartbeatExecutor-%d] c.n.d.s.t.d.RedirectingEurekaHttpClient  : Request execution error. endpoint=DefaultEndpoint{ serviceUrl='http://localhost:8761/eureka/}, exception=Error while extracting response for type [com.netflix.appinfo.InstanceInfo] and content type [application/json]

org.springframework.web.client.RestClientException: Error while extracting response for type [com.netflix.appinfo.InstanceInfo] and content type [application/json]
	at org.springframework.web.client.DefaultRestClient.readWithMessageConverters(DefaultRestClient.java:274) ~[spring-web-7.0.8.jar:7.0.8]
	at org.springframework.web.client.DefaultRestClient$DefaultResponseSpec.readBody(DefaultRestClient.java:931) ~[spring-web-7.0.8.jar:7.0.8]
	at org.springframework.web.client.DefaultRestClient$DefaultResponseSpec.lambda$toEntityInternal$0(DefaultRestClient.java:871) ~[spring-web-7.0.8.jar:7.0.8]
	at org.springframework.web.client.DefaultRestClient$DefaultRequestBodyUriSpec.exchangeInternal(DefaultRestClient.java:617) ~[spring-web-7.0.8.jar:7.0.8]
	at org.springframework.web.client.DefaultRestClient$DefaultRequestBodyUriSpec.exchange(DefaultRestClient.java:572) ~[spring-web-7.0.8.jar:7.0.8]
	at org.springframework.web.client.RestClient$RequestHeadersSpec.exchange(RestClient.java:747) ~[spring-web-7.0.8.jar:7.0.8]
	at org.springframework.web.client.DefaultRestClient$DefaultResponseSpec.executeAndExtract(DefaultRestClient.java:924) ~[spring-web-7.0.8.jar:7.0.8]
	at org.springframework.web.client.DefaultRestClient$DefaultResponseSpec.toEntityInternal(DefaultRestClient.java:870) ~[spring-web-7.0.8.jar:7.0.8]
	at org.springframework.web.client.DefaultRestClient$DefaultResponseSpec.toEntity(DefaultRestClient.java:859) ~[spring-web-7.0.8.jar:7.0.8]
	at org.springframework.cloud.netflix.eureka.http.RestClientEurekaHttpClient.sendHeartBeat(RestClientEurekaHttpClient.java:91) ~[spring-cloud-netflix-eureka-client-5.0.2.jar:5.0.2]
	at com.netflix.discovery.shared.transport.decorator.EurekaHttpClientDecorator$3.execute(EurekaHttpClientDecorator.java:92) ~[eureka-client-2.0.6.jar:2.0.6]
	at com.netflix.discovery.shared.transport.decorator.RedirectingEurekaHttpClient.executeOnNewServer(RedirectingEurekaHttpClient.java:120) ~[eureka-client-2.0.6.jar:2.0.6]
	at com.netflix.discovery.shared.transport.decorator.RedirectingEurekaHttpClient.execute(RedirectingEurekaHttpClient.java:79) ~[eureka-client-2.0.6.jar:2.0.6]
	at com.netflix.discovery.shared.transport.decorator.EurekaHttpClientDecorator.sendHeartBeat(EurekaHttpClientDecorator.java:89) ~[eureka-client-2.0.6.jar:2.0.6]
	at com.netflix.discovery.shared.transport.decorator.EurekaHttpClientDecorator$3.execute(EurekaHttpClientDecorator.java:92) ~[eureka-client-2.0.6.jar:2.0.6]
	at com.netflix.discovery.shared.transport.decorator.RetryableEurekaHttpClient.execute(RetryableEurekaHttpClient.java:120) ~[eureka-client-2.0.6.jar:2.0.6]
	at com.netflix.discovery.shared.transport.decorator.EurekaHttpClientDecorator.sendHeartBeat(EurekaHttpClientDecorator.java:89) ~[eureka-client-2.0.6.jar:2.0.6]
	at com.netflix.discovery.shared.transport.decorator.EurekaHttpClientDecorator$3.execute(EurekaHttpClientDecorator.java:92) ~[eureka-client-2.0.6.jar:2.0.6]
	at com.netflix.discovery.shared.transport.decorator.SessionedEurekaHttpClient.execute(SessionedEurekaHttpClient.java:76) ~[eureka-client-2.0.6.jar:2.0.6]
	at com.netflix.discovery.shared.transport.decorator.EurekaHttpClientDecorator.sendHeartBeat(EurekaHttpClientDecorator.java:89) ~[eureka-client-2.0.6.jar:2.0.6]
	at com.netflix.discovery.DiscoveryClient.renew(DiscoveryClient.java:860) ~[eureka-client-2.0.6.jar:2.0.6]
	at com.netflix.discovery.DiscoveryClient$HeartbeatThread.run(DiscoveryClient.java:1418) ~[eureka-client-2.0.6.jar:2.0.6]
	at java.base/java.util.concurrent.Executors$RunnableAdapter.call(Executors.java:545) ~[na:na]
	at java.base/java.util.concurrent.FutureTask.run(FutureTask.java:328) ~[na:na]
	at java.base/java.util.concurrent.ThreadPoolExecutor.runWorker(ThreadPoolExecutor.java:1090) ~[na:na]
	at java.base/java.util.concurrent.ThreadPoolExecutor$Worker.run(ThreadPoolExecutor.java:614) ~[na:na]
	at java.base/java.lang.Thread.run(Thread.java:1474) ~[na:na]
Caused by: org.springframework.http.converter.HttpMessageNotReadableException: JSON parse error: Root name ('timestamp') does not match expected ('instance') for type `com.netflix.appinfo.InstanceInfo`
	at org.springframework.http.converter.json.AbstractJackson2HttpMessageConverter.readJavaType(AbstractJackson2HttpMessageConverter.java:408) ~[spring-web-7.0.8.jar:7.0.8]
	at org.springframework.http.converter.json.AbstractJackson2HttpMessageConverter.read(AbstractJackson2HttpMessageConverter.java:356) ~[spring-web-7.0.8.jar:7.0.8]
	at org.springframework.web.client.DefaultRestClient.readWithMessageConverters(DefaultRestClient.java:237) ~[spring-web-7.0.8.jar:7.0.8]
	... 26 common frames omitted
Caused by: com.fasterxml.jackson.databind.exc.MismatchedInputException: Root name ('timestamp') does not match expected ('instance') for type `com.netflix.appinfo.InstanceInfo`
 at [Source: REDACTED (`StreamReadFeature.INCLUDE_SOURCE_IN_LOCATION` disabled); line: 1, column: 2] (through reference chain: com.netflix.appinfo.InstanceInfo["timestamp"])
	at com.fasterxml.jackson.databind.exc.MismatchedInputException.from(MismatchedInputException.java:76) ~[jackson-databind-2.21.4.jar:2.21.4]
	at com.fasterxml.jackson.databind.DeserializationContext.reportPropertyInputMismatch(DeserializationContext.java:1849) ~[jackson-databind-2.21.4.jar:2.21.4]
	at com.fasterxml.jackson.databind.DeserializationContext.reportPropertyInputMismatch(DeserializationContext.java:1865) ~[jackson-databind-2.21.4.jar:2.21.4]
	at com.fasterxml.jackson.databind.deser.DefaultDeserializationContext._unwrapAndDeserialize(DefaultDeserializationContext.java:367) ~[jackson-databind-2.21.4.jar:2.21.4]
	at com.fasterxml.jackson.databind.deser.DefaultDeserializationContext.readRootValue(DefaultDeserializationContext.java:339) ~[jackson-databind-2.21.4.jar:2.21.4]
	at com.fasterxml.jackson.databind.ObjectReader._bindAndClose(ObjectReader.java:2148) ~[jackson-databind-2.21.4.jar:2.21.4]
	at com.fasterxml.jackson.databind.ObjectReader.readValue(ObjectReader.java:1504) ~[jackson-databind-2.21.4.jar:2.21.4]
	at org.springframework.http.converter.json.AbstractJackson2HttpMessageConverter.readJavaType(AbstractJackson2HttpMessageConverter.java:397) ~[spring-web-7.0.8.jar:7.0.8]
	... 28 common frames omitted

2026-07-24T13:57:22.177+05:30  WARN 19840 --- [UserModule] [DiscoveryClient-HeartbeatExecutor-%d] c.n.d.s.t.d.RetryableEurekaHttpClient    : Request execution failed with message: Error while extracting response for type [com.netflix.appinfo.InstanceInfo] and content type [application/json]
2026-07-24T13:57:22.177+05:30 ERROR 19840 --- [UserModule] [DiscoveryClient-HeartbeatExecutor-%d] com.netflix.discovery.DiscoveryClient    : DiscoveryClient_USERMODULE/null - was unable to send heartbeat!

com.netflix.discovery.shared.transport.TransportException: Cannot execute request on any known server
	at com.netflix.discovery.shared.transport.decorator.RetryableEurekaHttpClient.execute(RetryableEurekaHttpClient.java:112) ~[eureka-client-2.0.6.jar:2.0.6]
	at com.netflix.discovery.shared.transport.decorator.EurekaHttpClientDecorator.sendHeartBeat(EurekaHttpClientDecorator.java:89) ~[eureka-client-2.0.6.jar:2.0.6]
	at com.netflix.discovery.shared.transport.decorator.EurekaHttpClientDecorator$3.execute(EurekaHttpClientDecorator.java:92) ~[eureka-client-2.0.6.jar:2.0.6]
	at com.netflix.discovery.shared.transport.decorator.SessionedEurekaHttpClient.execute(SessionedEurekaHttpClient.java:76) ~[eureka-client-2.0.6.jar:2.0.6]
	at com.netflix.discovery.shared.transport.decorator.EurekaHttpClientDecorator.sendHeartBeat(EurekaHttpClientDecorator.java:89) ~[eureka-client-2.0.6.jar:2.0.6]
	at com.netflix.discovery.DiscoveryClient.renew(DiscoveryClient.java:860) ~[eureka-client-2.0.6.jar:2.0.6]
	at com.netflix.discovery.DiscoveryClient$HeartbeatThread.run(DiscoveryClient.java:1418) ~[eureka-client-2.0.6.jar:2.0.6]
	at java.base/java.util.concurrent.Executors$RunnableAdapter.call(Executors.java:545) ~[na:na]
	at java.base/java.util.concurrent.FutureTask.run(FutureTask.java:328) ~[na:na]
	at java.base/java.util.concurrent.ThreadPoolExecutor.runWorker(ThreadPoolExecutor.java:1090) ~[na:na]
	at java.base/java.util.concurrent.ThreadPoolExecutor$Worker.run(ThreadPoolExecutor.java:614) ~[na:na]
	at java.base/java.lang.Thread.run(Thread.java:1474) ~[na:na]

2026-07-24T13:57:27.099+05:30  INFO 19840 --- [UserModule] [DiscoveryClient-CacheRefreshExecutor-%d] com.netflix.discovery.DiscoveryClient    : Disable delta property : false
2026-07-24T13:57:27.099+05:30  INFO 19840 --- [UserModule] [DiscoveryClient-CacheRefreshExecutor-%d] com.netflix.discovery.DiscoveryClient    : Single vip registry refresh property : null
2026-07-24T13:57:27.099+05:30  INFO 19840 --- [UserModule] [DiscoveryClient-CacheRefreshExecutor-%d] com.netflix.discovery.DiscoveryClient    : Force full registry fetch : false
2026-07-24T13:57:27.099+05:30  INFO 19840 --- [UserModule] [DiscoveryClient-CacheRefreshExecutor-%d] com.netflix.discovery.DiscoveryClient    : Application is null : false
2026-07-24T13:57:27.099+05:30  INFO 19840 --- [UserModule] [DiscoveryClient-CacheRefreshExecutor-%d] com.netflix.discovery.DiscoveryClient    : Registered Applications size is zero : true
2026-07-24T13:57:27.099+05:30  INFO 19840 --- [UserModule] [DiscoveryClient-CacheRefreshExecutor-%d] com.netflix.discovery.DiscoveryClient    : Application version is -1: false
2026-07-24T13:57:27.099+05:30  INFO 19840 --- [UserModule] [DiscoveryClient-CacheRefreshExecutor-%d] com.netflix.discovery.DiscoveryClient    : Getting all instance registry info from the eureka server
2026-07-24T13:57:27.105+05:30  INFO 19840 --- [UserModule] [DiscoveryClient-CacheRefreshExecutor-%d] com.netflix.discovery.DiscoveryClient    : The response status is 200
2026-07-24T13:57:27.122+05:30  INFO 19840 --- [UserModule] [DiscoveryClient-InstanceInfoReplicator-%d] com.netflix.discovery.DiscoveryClient    : DiscoveryClient_USERMODULE/null: registering service...
2026-07-24T13:57:27.138+05:30  WARN 19840 --- [UserModule] [DiscoveryClient-InstanceInfoReplicator-%d] c.n.d.s.t.d.RetryableEurekaHttpClient    : Request execution failure with status code 400; retrying on another server if available
2026-07-24T13:57:27.138+05:30  WARN 19840 --- [UserModule] [DiscoveryClient-InstanceInfoReplicator-%d] com.netflix.discovery.DiscoveryClient    : DiscoveryClient_USERMODULE/null - registration failed Cannot execute request on any known server

com.netflix.discovery.shared.transport.TransportException: Cannot execute request on any known server
	at com.netflix.discovery.shared.transport.decorator.RetryableEurekaHttpClient.execute(RetryableEurekaHttpClient.java:112) ~[eureka-client-2.0.6.jar:2.0.6]
	at com.netflix.discovery.shared.transport.decorator.EurekaHttpClientDecorator.register(EurekaHttpClientDecorator.java:56) ~[eureka-client-2.0.6.jar:2.0.6]
	at com.netflix.discovery.shared.transport.decorator.EurekaHttpClientDecorator$1.execute(EurekaHttpClientDecorator.java:59) ~[eureka-client-2.0.6.jar:2.0.6]
	at com.netflix.discovery.shared.transport.decorator.SessionedEurekaHttpClient.execute(SessionedEurekaHttpClient.java:76) ~[eureka-client-2.0.6.jar:2.0.6]
	at com.netflix.discovery.shared.transport.decorator.EurekaHttpClientDecorator.register(EurekaHttpClientDecorator.java:56) ~[eureka-client-2.0.6.jar:2.0.6]
	at com.netflix.discovery.DiscoveryClient.register(DiscoveryClient.java:843) ~[eureka-client-2.0.6.jar:2.0.6]
	at com.netflix.discovery.InstanceInfoReplicator.run(InstanceInfoReplicator.java:125) ~[eureka-client-2.0.6.jar:2.0.6]
	at java.base/java.util.concurrent.Executors$RunnableAdapter.call(Executors.java:545) ~[na:na]
	at java.base/java.util.concurrent.FutureTask.run(FutureTask.java:328) ~[na:na]
	at java.base/java.util.concurrent.ScheduledThreadPoolExecutor$ScheduledFutureTask.run(ScheduledThreadPoolExecutor.java:309) ~[na:na]
	at java.base/java.util.concurrent.ThreadPoolExecutor.runWorker(ThreadPoolExecutor.java:1090) ~[na:na]
	at java.base/java.util.concurrent.ThreadPoolExecutor$Worker.run(ThreadPoolExecutor.java:614) ~[na:na]
	at java.base/java.lang.Thread.run(Thread.java:1474) ~[na:na]

2026-07-24T13:57:27.139+05:30  WARN 19840 --- [UserModule] [DiscoveryClient-InstanceInfoReplicator-%d] c.n.discovery.InstanceInfoReplicator     : There was a problem with the instance info replicator

com.netflix.discovery.shared.transport.TransportException: Cannot execute request on any known server
	at com.netflix.discovery.shared.transport.decorator.RetryableEurekaHttpClient.execute(RetryableEurekaHttpClient.java:112) ~[eureka-client-2.0.6.jar:2.0.6]
	at com.netflix.discovery.shared.transport.decorator.EurekaHttpClientDecorator.register(EurekaHttpClientDecorator.java:56) ~[eureka-client-2.0.6.jar:2.0.6]
	at com.netflix.discovery.shared.transport.decorator.EurekaHttpClientDecorator$1.execute(EurekaHttpClientDecorator.java:59) ~[eureka-client-2.0.6.jar:2.0.6]
	at com.netflix.discovery.shared.transport.decorator.SessionedEurekaHttpClient.execute(SessionedEurekaHttpClient.java:76) ~[eureka-client-2.0.6.jar:2.0.6]
	at com.netflix.discovery.shared.transport.decorator.EurekaHttpClientDecorator.register(EurekaHttpClientDecorator.java:56) ~[eureka-client-2.0.6.jar:2.0.6]
	at com.netflix.discovery.DiscoveryClient.register(DiscoveryClient.java:843) ~[eureka-client-2.0.6.jar:2.0.6]
	at com.netflix.discovery.InstanceInfoReplicator.run(InstanceInfoReplicator.java:125) ~[eureka-client-2.0.6.jar:2.0.6]
	at java.base/java.util.concurrent.Executors$RunnableAdapter.call(Executors.java:545) ~[na:na]
	at java.base/java.util.concurrent.FutureTask.run(FutureTask.java:328) ~[na:na]
	at java.base/java.util.concurrent.ScheduledThreadPoolExecutor$ScheduledFutureTask.run(ScheduledThreadPoolExecutor.java:309) ~[na:na]
	at java.base/java.util.concurrent.ThreadPoolExecutor.runWorker(ThreadPoolExecutor.java:1090) ~[na:na]
	at java.base/java.util.concurrent.ThreadPoolExecutor$Worker.run(ThreadPoolExecutor.java:614) ~[na:na]
	at java.base/java.lang.Thread.run(Thread.java:1474) ~[na:na]

2026-07-24T13:57:27.193+05:30  INFO 19840 --- [UserModule] [DiscoveryClient-HeartbeatExecutor-%d] c.n.d.s.t.d.RedirectingEurekaHttpClient  : Request execution error. endpoint=DefaultEndpoint{ serviceUrl='http://localhost:8761/eureka/}, exception=Error while extracting response for type [com.netflix.appinfo.InstanceInfo] and content type [application/json]

org.springframework.web.client.RestClientException: Error while extracting response for type [com.netflix.appinfo.InstanceInfo] and content type [application/json]
	at org.springframework.web.client.DefaultRestClient.readWithMessageConverters(DefaultRestClient.java:274) ~[spring-web-7.0.8.jar:7.0.8]
	at org.springframework.web.client.DefaultRestClient$DefaultResponseSpec.readBody(DefaultRestClient.java:931) ~[spring-web-7.0.8.jar:7.0.8]
	at org.springframework.web.client.DefaultRestClient$DefaultResponseSpec.lambda$toEntityInternal$0(DefaultRestClient.java:871) ~[spring-web-7.0.8.jar:7.0.8]
	at org.springframework.web.client.DefaultRestClient$DefaultRequestBodyUriSpec.exchangeInternal(DefaultRestClient.java:617) ~[spring-web-7.0.8.jar:7.0.8]
	at org.springframework.web.client.DefaultRestClient$DefaultRequestBodyUriSpec.exchange(DefaultRestClient.java:572) ~[spring-web-7.0.8.jar:7.0.8]
	at org.springframework.web.client.RestClient$RequestHeadersSpec.exchange(RestClient.java:747) ~[spring-web-7.0.8.jar:7.0.8]
	at org.springframework.web.client.DefaultRestClient$DefaultResponseSpec.executeAndExtract(DefaultRestClient.java:924) ~[spring-web-7.0.8.jar:7.0.8]
	at org.springframework.web.client.DefaultRestClient$DefaultResponseSpec.toEntityInternal(DefaultRestClient.java:870) ~[spring-web-7.0.8.jar:7.0.8]
	at org.springframework.web.client.DefaultRestClient$DefaultResponseSpec.toEntity(DefaultRestClient.java:859) ~[spring-web-7.0.8.jar:7.0.8]
	at org.springframework.cloud.netflix.eureka.http.RestClientEurekaHttpClient.sendHeartBeat(RestClientEurekaHttpClient.java:91) ~[spring-cloud-netflix-eureka-client-5.0.2.jar:5.0.2]
	at com.netflix.discovery.shared.transport.decorator.EurekaHttpClientDecorator$3.execute(EurekaHttpClientDecorator.java:92) ~[eureka-client-2.0.6.jar:2.0.6]
	at com.netflix.discovery.shared.transport.decorator.RedirectingEurekaHttpClient.executeOnNewServer(RedirectingEurekaHttpClient.java:120) ~[eureka-client-2.0.6.jar:2.0.6]
	at com.netflix.discovery.shared.transport.decorator.RedirectingEurekaHttpClient.execute(RedirectingEurekaHttpClient.java:79) ~[eureka-client-2.0.6.jar:2.0.6]
	at com.netflix.discovery.shared.transport.decorator.EurekaHttpClientDecorator.sendHeartBeat(EurekaHttpClientDecorator.java:89) ~[eureka-client-2.0.6.jar:2.0.6]
	at com.netflix.discovery.shared.transport.decorator.EurekaHttpClientDecorator$3.execute(EurekaHttpClientDecorator.java:92) ~[eureka-client-2.0.6.jar:2.0.6]
	at com.netflix.discovery.shared.transport.decorator.RetryableEurekaHttpClient.execute(RetryableEurekaHttpClient.java:120) ~[eureka-client-2.0.6.jar:2.0.6]
	at com.netflix.discovery.shared.transport.decorator.EurekaHttpClientDecorator.sendHeartBeat(EurekaHttpClientDecorator.java:89) ~[eureka-client-2.0.6.jar:2.0.6]
	at com.netflix.discovery.shared.transport.decorator.EurekaHttpClientDecorator$3.execute(EurekaHttpClientDecorator.java:92) ~[eureka-client-2.0.6.jar:2.0.6]
	at com.netflix.discovery.shared.transport.decorator.SessionedEurekaHttpClient.execute(SessionedEurekaHttpClient.java:76) ~[eureka-client-2.0.6.jar:2.0.6]
	at com.netflix.discovery.shared.transport.decorator.EurekaHttpClientDecorator.sendHeartBeat(EurekaHttpClientDecorator.java:89) ~[eureka-client-2.0.6.jar:2.0.6]
	at com.netflix.discovery.DiscoveryClient.renew(DiscoveryClient.java:860) ~[eureka-client-2.0.6.jar:2.0.6]
	at com.netflix.discovery.DiscoveryClient$HeartbeatThread.run(DiscoveryClient.java:1418) ~[eureka-client-2.0.6.jar:2.0.6]
	at java.base/java.util.concurrent.Executors$RunnableAdapter.call(Executors.java:545) ~[na:na]
	at java.base/java.util.concurrent.FutureTask.run(FutureTask.java:328) ~[na:na]
	at java.base/java.util.concurrent.ThreadPoolExecutor.runWorker(ThreadPoolExecutor.java:1090) ~[na:na]
	at java.base/java.util.concurrent.ThreadPoolExecutor$Worker.run(ThreadPoolExecutor.java:614) ~[na:na]
	at java.base/java.lang.Thread.run(Thread.java:1474) ~[na:na]
Caused by: org.springframework.http.converter.HttpMessageNotReadableException: JSON parse error: Root name ('timestamp') does not match expected ('instance') for type `com.netflix.appinfo.InstanceInfo`
	at org.springframework.http.converter.json.AbstractJackson2HttpMessageConverter.readJavaType(AbstractJackson2HttpMessageConverter.java:408) ~[spring-web-7.0.8.jar:7.0.8]
	at org.springframework.http.converter.json.AbstractJackson2HttpMessageConverter.read(AbstractJackson2HttpMessageConverter.java:356) ~[spring-web-7.0.8.jar:7.0.8]
	at org.springframework.web.client.DefaultRestClient.readWithMessageConverters(DefaultRestClient.java:237) ~[spring-web-7.0.8.jar:7.0.8]
	... 26 common frames omitted
Caused by: com.fasterxml.jackson.databind.exc.MismatchedInputException: Root name ('timestamp') does not match expected ('instance') for type `com.netflix.appinfo.InstanceInfo`
 at [Source: REDACTED (`StreamReadFeature.INCLUDE_SOURCE_IN_LOCATION` disabled); line: 1, column: 2] (through reference chain: com.netflix.appinfo.InstanceInfo["timestamp"])
	at com.fasterxml.jackson.databind.exc.MismatchedInputException.from(MismatchedInputException.java:76) ~[jackson-databind-2.21.4.jar:2.21.4]
	at com.fasterxml.jackson.databind.DeserializationContext.reportPropertyInputMismatch(DeserializationContext.java:1849) ~[jackson-databind-2.21.4.jar:2.21.4]
	at com.fasterxml.jackson.databind.DeserializationContext.reportPropertyInputMismatch(DeserializationContext.java:1865) ~[jackson-databind-2.21.4.jar:2.21.4]
	at com.fasterxml.jackson.databind.deser.DefaultDeserializationContext._unwrapAndDeserialize(DefaultDeserializationContext.java:367) ~[jackson-databind-2.21.4.jar:2.21.4]
	at com.fasterxml.jackson.databind.deser.DefaultDeserializationContext.readRootValue(DefaultDeserializationContext.java:339) ~[jackson-databind-2.21.4.jar:2.21.4]
	at com.fasterxml.jackson.databind.ObjectReader._bindAndClose(ObjectReader.java:2148) ~[jackson-databind-2.21.4.jar:2.21.4]
	at com.fasterxml.jackson.databind.ObjectReader.readValue(ObjectReader.java:1504) ~[jackson-databind-2.21.4.jar:2.21.4]
	at org.springframework.http.converter.json.AbstractJackson2HttpMessageConverter.readJavaType(AbstractJackson2HttpMessageConverter.java:397) ~[spring-web-7.0.8.jar:7.0.8]
	... 28 common frames omitted

2026-07-24T13:57:27.194+05:30  WARN 19840 --- [UserModule] [DiscoveryClient-HeartbeatExecutor-%d] c.n.d.s.t.d.RetryableEurekaHttpClient    : Request execution failed with message: Error while extracting response for type [com.netflix.appinfo.InstanceInfo] and content type [application/json]
2026-07-24T13:57:27.194+05:30 ERROR 19840 --- [UserModule] [DiscoveryClient-HeartbeatExecutor-%d] com.netflix.discovery.DiscoveryClient    : DiscoveryClient_USERMODULE/null - was unable to send heartbeat!

com.netflix.discovery.shared.transport.TransportException: Cannot execute request on any known server
	at com.netflix.discovery.shared.transport.decorator.RetryableEurekaHttpClient.execute(RetryableEurekaHttpClient.java:112) ~[eureka-client-2.0.6.jar:2.0.6]
	at com.netflix.discovery.shared.transport.decorator.EurekaHttpClientDecorator.sendHeartBeat(EurekaHttpClientDecorator.java:89) ~[eureka-client-2.0.6.jar:2.0.6]
	at com.netflix.discovery.shared.transport.decorator.EurekaHttpClientDecorator$3.execute(EurekaHttpClientDecorator.java:92) ~[eureka-client-2.0.6.jar:2.0.6]
	at com.netflix.discovery.shared.transport.decorator.SessionedEurekaHttpClient.execute(SessionedEurekaHttpClient.java:76) ~[eureka-client-2.0.6.jar:2.0.6]
	at com.netflix.discovery.shared.transport.decorator.EurekaHttpClientDecorator.sendHeartBeat(EurekaHttpClientDecorator.java:89) ~[eureka-client-2.0.6.jar:2.0.6]
	at com.netflix.discovery.DiscoveryClient.renew(DiscoveryClient.java:860) ~[eureka-client-2.0.6.jar:2.0.6]
	at com.netflix.discovery.DiscoveryClient$HeartbeatThread.run(DiscoveryClient.java:1418) ~[eureka-client-2.0.6.jar:2.0.6]
	at java.base/java.util.concurrent.Executors$RunnableAdapter.call(Executors.java:545) ~[na:na]
	at java.base/java.util.concurrent.FutureTask.run(FutureTask.java:328) ~[na:na]
	at java.base/java.util.concurrent.ThreadPoolExecutor.runWorker(ThreadPoolExecutor.java:1090) ~[na:na]
	at java.base/java.util.concurrent.ThreadPoolExecutor$Worker.run(ThreadPoolExecutor.java:614) ~[na:na]
	at java.base/java.lang.Thread.run(Thread.java:1474) ~[na:na]

2026-07-24T13:57:32.209+05:30  INFO 19840 --- [UserModule] [DiscoveryClient-HeartbeatExecutor-%d] c.n.d.s.t.d.RedirectingEurekaHttpClient  : Request execution error. endpoint=DefaultEndpoint{ serviceUrl='http://localhost:8761/eureka/}, exception=Error while extracting response for type [com.netflix.appinfo.InstanceInfo] and content type [application/json]

org.springframework.web.client.RestClientException: Error while extracting response for type [com.netflix.appinfo.InstanceInfo] and content type [application/json]
	at org.springframework.web.client.DefaultRestClient.readWithMessageConverters(DefaultRestClient.java:274) ~[spring-web-7.0.8.jar:7.0.8]
	at org.springframework.web.client.DefaultRestClient$DefaultResponseSpec.readBody(DefaultRestClient.java:931) ~[spring-web-7.0.8.jar:7.0.8]
	at org.springframework.web.client.DefaultRestClient$DefaultResponseSpec.lambda$toEntityInternal$0(DefaultRestClient.java:871) ~[spring-web-7.0.8.jar:7.0.8]
	at org.springframework.web.client.DefaultRestClient$DefaultRequestBodyUriSpec.exchangeInternal(DefaultRestClient.java:617) ~[spring-web-7.0.8.jar:7.0.8]
	at org.springframework.web.client.DefaultRestClient$DefaultRequestBodyUriSpec.exchange(DefaultRestClient.java:572) ~[spring-web-7.0.8.jar:7.0.8]
	at org.springframework.web.client.RestClient$RequestHeadersSpec.exchange(RestClient.java:747) ~[spring-web-7.0.8.jar:7.0.8]
	at org.springframework.web.client.DefaultRestClient$DefaultResponseSpec.executeAndExtract(DefaultRestClient.java:924) ~[spring-web-7.0.8.jar:7.0.8]
	at org.springframework.web.client.DefaultRestClient$DefaultResponseSpec.toEntityInternal(DefaultRestClient.java:870) ~[spring-web-7.0.8.jar:7.0.8]
	at org.springframework.web.client.DefaultRestClient$DefaultResponseSpec.toEntity(DefaultRestClient.java:859) ~[spring-web-7.0.8.jar:7.0.8]
	at org.springframework.cloud.netflix.eureka.http.RestClientEurekaHttpClient.sendHeartBeat(RestClientEurekaHttpClient.java:91) ~[spring-cloud-netflix-eureka-client-5.0.2.jar:5.0.2]
	at com.netflix.discovery.shared.transport.decorator.EurekaHttpClientDecorator$3.execute(EurekaHttpClientDecorator.java:92) ~[eureka-client-2.0.6.jar:2.0.6]
	at com.netflix.discovery.shared.transport.decorator.RedirectingEurekaHttpClient.executeOnNewServer(RedirectingEurekaHttpClient.java:120) ~[eureka-client-2.0.6.jar:2.0.6]
	at com.netflix.discovery.shared.transport.decorator.RedirectingEurekaHttpClient.execute(RedirectingEurekaHttpClient.java:79) ~[eureka-client-2.0.6.jar:2.0.6]
	at com.netflix.discovery.shared.transport.decorator.EurekaHttpClientDecorator.sendHeartBeat(EurekaHttpClientDecorator.java:89) ~[eureka-client-2.0.6.jar:2.0.6]
	at com.netflix.discovery.shared.transport.decorator.EurekaHttpClientDecorator$3.execute(EurekaHttpClientDecorator.java:92) ~[eureka-client-2.0.6.jar:2.0.6]
	at com.netflix.discovery.shared.transport.decorator.RetryableEurekaHttpClient.execute(RetryableEurekaHttpClient.java:120) ~[eureka-client-2.0.6.jar:2.0.6]
	at com.netflix.discovery.shared.transport.decorator.EurekaHttpClientDecorator.sendHeartBeat(EurekaHttpClientDecorator.java:89) ~[eureka-client-2.0.6.jar:2.0.6]
	at com.netflix.discovery.shared.transport.decorator.EurekaHttpClientDecorator$3.execute(EurekaHttpClientDecorator.java:92) ~[eureka-client-2.0.6.jar:2.0.6]
	at com.netflix.discovery.shared.transport.decorator.SessionedEurekaHttpClient.execute(SessionedEurekaHttpClient.java:76) ~[eureka-client-2.0.6.jar:2.0.6]
	at com.netflix.discovery.shared.transport.decorator.EurekaHttpClientDecorator.sendHeartBeat(EurekaHttpClientDecorator.java:89) ~[eureka-client-2.0.6.jar:2.0.6]
	at com.netflix.discovery.DiscoveryClient.renew(DiscoveryClient.java:860) ~[eureka-client-2.0.6.jar:2.0.6]
	at com.netflix.discovery.DiscoveryClient$HeartbeatThread.run(DiscoveryClient.java:1418) ~[eureka-client-2.0.6.jar:2.0.6]
	at java.base/java.util.concurrent.Executors$RunnableAdapter.call(Executors.java:545) ~[na:na]
	at java.base/java.util.concurrent.FutureTask.run(FutureTask.java:328) ~[na:na]
	at java.base/java.util.concurrent.ThreadPoolExecutor.runWorker(ThreadPoolExecutor.java:1090) ~[na:na]
	at java.base/java.util.concurrent.ThreadPoolExecutor$Worker.run(ThreadPoolExecutor.java:614) ~[na:na]
	at java.base/java.lang.Thread.run(Thread.java:1474) ~[na:na]
Caused by: org.springframework.http.converter.HttpMessageNotReadableException: JSON parse error: Root name ('timestamp') does not match expected ('instance') for type `com.netflix.appinfo.InstanceInfo`
	at org.springframework.http.converter.json.AbstractJackson2HttpMessageConverter.readJavaType(AbstractJackson2HttpMessageConverter.java:408) ~[spring-web-7.0.8.jar:7.0.8]
	at org.springframework.http.converter.json.AbstractJackson2HttpMessageConverter.read(AbstractJackson2HttpMessageConverter.java:356) ~[spring-web-7.0.8.jar:7.0.8]
	at org.springframework.web.client.DefaultRestClient.readWithMessageConverters(DefaultRestClient.java:237) ~[spring-web-7.0.8.jar:7.0.8]
	... 26 common frames omitted
Caused by: com.fasterxml.jackson.databind.exc.MismatchedInputException: Root name ('timestamp') does not match expected ('instance') for type `com.netflix.appinfo.InstanceInfo`
 at [Source: REDACTED (`StreamReadFeature.INCLUDE_SOURCE_IN_LOCATION` disabled); line: 1, column: 2] (through reference chain: com.netflix.appinfo.InstanceInfo["timestamp"])
	at com.fasterxml.jackson.databind.exc.MismatchedInputException.from(MismatchedInputException.java:76) ~[jackson-databind-2.21.4.jar:2.21.4]
	at com.fasterxml.jackson.databind.DeserializationContext.reportPropertyInputMismatch(DeserializationContext.java:1849) ~[jackson-databind-2.21.4.jar:2.21.4]
	at com.fasterxml.jackson.databind.DeserializationContext.reportPropertyInputMismatch(DeserializationContext.java:1865) ~[jackson-databind-2.21.4.jar:2.21.4]
	at com.fasterxml.jackson.databind.deser.DefaultDeserializationContext._unwrapAndDeserialize(DefaultDeserializationContext.java:367) ~[jackson-databind-2.21.4.jar:2.21.4]
	at com.fasterxml.jackson.databind.deser.DefaultDeserializationContext.readRootValue(DefaultDeserializationContext.java:339) ~[jackson-databind-2.21.4.jar:2.21.4]
	at com.fasterxml.jackson.databind.ObjectReader._bindAndClose(ObjectReader.java:2148) ~[jackson-databind-2.21.4.jar:2.21.4]
	at com.fasterxml.jackson.databind.ObjectReader.readValue(ObjectReader.java:1504) ~[jackson-databind-2.21.4.jar:2.21.4]
	at org.springframework.http.converter.json.AbstractJackson2HttpMessageConverter.readJavaType(AbstractJackson2HttpMessageConverter.java:397) ~[spring-web-7.0.8.jar:7.0.8]
	... 28 common frames omitted

2026-07-24T13:57:32.210+05:30  WARN 19840 --- [UserModule] [DiscoveryClient-HeartbeatExecutor-%d] c.n.d.s.t.d.RetryableEurekaHttpClient    : Request execution failed with message: Error while extracting response for type [com.netflix.appinfo.InstanceInfo] and content type [application/json]
2026-07-24T13:57:32.210+05:30 ERROR 19840 --- [UserModule] [DiscoveryClient-HeartbeatExecutor-%d] com.netflix.discovery.DiscoveryClient    : DiscoveryClient_USERMODULE/null - was unable to send heartbeat!

com.netflix.discovery.shared.transport.TransportException: Cannot execute request on any known server
	at com.netflix.discovery.shared.transport.decorator.RetryableEurekaHttpClient.execute(RetryableEurekaHttpClient.java:112) ~[eureka-client-2.0.6.jar:2.0.6]
	at com.netflix.discovery.shared.transport.decorator.EurekaHttpClientDecorator.sendHeartBeat(EurekaHttpClientDecorator.java:89) ~[eureka-client-2.0.6.jar:2.0.6]
	at com.netflix.discovery.shared.transport.decorator.EurekaHttpClientDecorator$3.execute(EurekaHttpClientDecorator.java:92) ~[eureka-client-2.0.6.jar:2.0.6]
	at com.netflix.discovery.shared.transport.decorator.SessionedEurekaHttpClient.execute(SessionedEurekaHttpClient.java:76) ~[eureka-client-2.0.6.jar:2.0.6]
	at com.netflix.discovery.shared.transport.decorator.EurekaHttpClientDecorator.sendHeartBeat(EurekaHttpClientDecorator.java:89) ~[eureka-client-2.0.6.jar:2.0.6]
	at com.netflix.discovery.DiscoveryClient.renew(DiscoveryClient.java:860) ~[eureka-client-2.0.6.jar:2.0.6]
	at com.netflix.discovery.DiscoveryClient$HeartbeatThread.run(DiscoveryClient.java:1418) ~[eureka-client-2.0.6.jar:2.0.6]
	at java.base/java.util.concurrent.Executors$RunnableAdapter.call(Executors.java:545) ~[na:na]
	at java.base/java.util.concurrent.FutureTask.run(FutureTask.java:328) ~[na:na]
	at java.base/java.util.concurrent.ThreadPoolExecutor.runWorker(ThreadPoolExecutor.java:1090) ~[na:na]
	at java.base/java.util.concurrent.ThreadPoolExecutor$Worker.run(ThreadPoolExecutor.java:614) ~[na:na]
	at java.base/java.lang.Thread.run(Thread.java:1474) ~[na:na]

2026-07-24T13:57:37.222+05:30  INFO 19840 --- [UserModule] [DiscoveryClient-HeartbeatExecutor-%d] c.n.d.s.t.d.RedirectingEurekaHttpClient  : Request execution error. endpoint=DefaultEndpoint{ serviceUrl='http://localhost:8761/eureka/}, exception=Error while extracting response for type [com.netflix.appinfo.InstanceInfo] and content type [application/json]

org.springframework.web.client.RestClientException: Error while extracting response for type [com.netflix.appinfo.InstanceInfo] and content type [application/json]
	at org.springframework.web.client.DefaultRestClient.readWithMessageConverters(DefaultRestClient.java:274) ~[spring-web-7.0.8.jar:7.0.8]
	at org.springframework.web.client.DefaultRestClient$DefaultResponseSpec.readBody(DefaultRestClient.java:931) ~[spring-web-7.0.8.jar:7.0.8]
	at org.springframework.web.client.DefaultRestClient$DefaultResponseSpec.lambda$toEntityInternal$0(DefaultRestClient.java:871) ~[spring-web-7.0.8.jar:7.0.8]
	at org.springframework.web.client.DefaultRestClient$DefaultRequestBodyUriSpec.exchangeInternal(DefaultRestClient.java:617) ~[spring-web-7.0.8.jar:7.0.8]
	at org.springframework.web.client.DefaultRestClient$DefaultRequestBodyUriSpec.exchange(DefaultRestClient.java:572) ~[spring-web-7.0.8.jar:7.0.8]
	at org.springframework.web.client.RestClient$RequestHeadersSpec.exchange(RestClient.java:747) ~[spring-web-7.0.8.jar:7.0.8]
	at org.springframework.web.client.DefaultRestClient$DefaultResponseSpec.executeAndExtract(DefaultRestClient.java:924) ~[spring-web-7.0.8.jar:7.0.8]
	at org.springframework.web.client.DefaultRestClient$DefaultResponseSpec.toEntityInternal(DefaultRestClient.java:870) ~[spring-web-7.0.8.jar:7.0.8]
	at org.springframework.web.client.DefaultRestClient$DefaultResponseSpec.toEntity(DefaultRestClient.java:859) ~[spring-web-7.0.8.jar:7.0.8]
	at org.springframework.cloud.netflix.eureka.http.RestClientEurekaHttpClient.sendHeartBeat(RestClientEurekaHttpClient.java:91) ~[spring-cloud-netflix-eureka-client-5.0.2.jar:5.0.2]
	at com.netflix.discovery.shared.transport.decorator.EurekaHttpClientDecorator$3.execute(EurekaHttpClientDecorator.java:92) ~[eureka-client-2.0.6.jar:2.0.6]
	at com.netflix.discovery.shared.transport.decorator.RedirectingEurekaHttpClient.executeOnNewServer(RedirectingEurekaHttpClient.java:120) ~[eureka-client-2.0.6.jar:2.0.6]
	at com.netflix.discovery.shared.transport.decorator.RedirectingEurekaHttpClient.execute(RedirectingEurekaHttpClient.java:79) ~[eureka-client-2.0.6.jar:2.0.6]
	at com.netflix.discovery.shared.transport.decorator.EurekaHttpClientDecorator.sendHeartBeat(EurekaHttpClientDecorator.java:89) ~[eureka-client-2.0.6.jar:2.0.6]
	at com.netflix.discovery.shared.transport.decorator.EurekaHttpClientDecorator$3.execute(EurekaHttpClientDecorator.java:92) ~[eureka-client-2.0.6.jar:2.0.6]
	at com.netflix.discovery.shared.transport.decorator.RetryableEurekaHttpClient.execute(RetryableEurekaHttpClient.java:120) ~[eureka-client-2.0.6.jar:2.0.6]
	at com.netflix.discovery.shared.transport.decorator.EurekaHttpClientDecorator.sendHeartBeat(EurekaHttpClientDecorator.java:89) ~[eureka-client-2.0.6.jar:2.0.6]
	at com.netflix.discovery.shared.transport.decorator.EurekaHttpClientDecorator$3.execute(EurekaHttpClientDecorator.java:92) ~[eureka-client-2.0.6.jar:2.0.6]
	at com.netflix.discovery.shared.transport.decorator.SessionedEurekaHttpClient.execute(SessionedEurekaHttpClient.java:76) ~[eureka-client-2.0.6.jar:2.0.6]
	at com.netflix.discovery.shared.transport.decorator.EurekaHttpClientDecorator.sendHeartBeat(EurekaHttpClientDecorator.java:89) ~[eureka-client-2.0.6.jar:2.0.6]
	at com.netflix.discovery.DiscoveryClient.renew(DiscoveryClient.java:860) ~[eureka-client-2.0.6.jar:2.0.6]
	at com.netflix.discovery.DiscoveryClient$HeartbeatThread.run(DiscoveryClient.java:1418) ~[eureka-client-2.0.6.jar:2.0.6]
	at java.base/java.util.concurrent.Executors$RunnableAdapter.call(Executors.java:545) ~[na:na]
	at java.base/java.util.concurrent.FutureTask.run(FutureTask.java:328) ~[na:na]
	at java.base/java.util.concurrent.ThreadPoolExecutor.runWorker(ThreadPoolExecutor.java:1090) ~[na:na]
	at java.base/java.util.concurrent.ThreadPoolExecutor$Worker.run(ThreadPoolExecutor.java:614) ~[na:na]
	at java.base/java.lang.Thread.run(Thread.java:1474) ~[na:na]
Caused by: org.springframework.http.converter.HttpMessageNotReadableException: JSON parse error: Root name ('timestamp') does not match expected ('instance') for type `com.netflix.appinfo.InstanceInfo`
	at org.springframework.http.converter.json.AbstractJackson2HttpMessageConverter.readJavaType(AbstractJackson2HttpMessageConverter.java:408) ~[spring-web-7.0.8.jar:7.0.8]
	at org.springframework.http.converter.json.AbstractJackson2HttpMessageConverter.read(AbstractJackson2HttpMessageConverter.java:356) ~[spring-web-7.0.8.jar:7.0.8]
	at org.springframework.web.client.DefaultRestClient.readWithMessageConverters(DefaultRestClient.java:237) ~[spring-web-7.0.8.jar:7.0.8]
	... 26 common frames omitted
Caused by: com.fasterxml.jackson.databind.exc.MismatchedInputException: Root name ('timestamp') does not match expected ('instance') for type `com.netflix.appinfo.InstanceInfo`
 at [Source: REDACTED (`StreamReadFeature.INCLUDE_SOURCE_IN_LOCATION` disabled); line: 1, column: 2] (through reference chain: com.netflix.appinfo.InstanceInfo["timestamp"])
	at com.fasterxml.jackson.databind.exc.MismatchedInputException.from(MismatchedInputException.java:76) ~[jackson-databind-2.21.4.jar:2.21.4]
	at com.fasterxml.jackson.databind.DeserializationContext.reportPropertyInputMismatch(DeserializationContext.java:1849) ~[jackson-databind-2.21.4.jar:2.21.4]
	at com.fasterxml.jackson.databind.DeserializationContext.reportPropertyInputMismatch(DeserializationContext.java:1865) ~[jackson-databind-2.21.4.jar:2.21.4]
	at com.fasterxml.jackson.databind.deser.DefaultDeserializationContext._unwrapAndDeserialize(DefaultDeserializationContext.java:367) ~[jackson-databind-2.21.4.jar:2.21.4]
	at com.fasterxml.jackson.databind.deser.DefaultDeserializationContext.readRootValue(DefaultDeserializationContext.java:339) ~[jackson-databind-2.21.4.jar:2.21.4]
	at com.fasterxml.jackson.databind.ObjectReader._bindAndClose(ObjectReader.java:2148) ~[jackson-databind-2.21.4.jar:2.21.4]
	at com.fasterxml.jackson.databind.ObjectReader.readValue(ObjectReader.java:1504) ~[jackson-databind-2.21.4.jar:2.21.4]
	at org.springframework.http.converter.json.AbstractJackson2HttpMessageConverter.readJavaType(AbstractJackson2HttpMessageConverter.java:397) ~[spring-web-7.0.8.jar:7.0.8]
	... 28 common frames omitted

2026-07-24T13:57:37.222+05:30  WARN 19840 --- [UserModule] [DiscoveryClient-HeartbeatExecutor-%d] c.n.d.s.t.d.RetryableEurekaHttpClient    : Request execution failed with message: Error while extracting response for type [com.netflix.appinfo.InstanceInfo] and content type [application/json]
2026-07-24T13:57:37.222+05:30 ERROR 19840 --- [UserModule] [DiscoveryClient-HeartbeatExecutor-%d] com.netflix.discovery.DiscoveryClient    : DiscoveryClient_USERMODULE/null - was unable to send heartbeat!

com.netflix.discovery.shared.transport.TransportException: Cannot execute request on any known server
	at com.netflix.discovery.shared.transport.decorator.RetryableEurekaHttpClient.execute(RetryableEurekaHttpClient.java:112) ~[eureka-client-2.0.6.jar:2.0.6]
	at com.netflix.discovery.shared.transport.decorator.EurekaHttpClientDecorator.sendHeartBeat(EurekaHttpClientDecorator.java:89) ~[eureka-client-2.0.6.jar:2.0.6]
	at com.netflix.discovery.shared.transport.decorator.EurekaHttpClientDecorator$3.execute(EurekaHttpClientDecorator.java:92) ~[eureka-client-2.0.6.jar:2.0.6]
	at com.netflix.discovery.shared.transport.decorator.SessionedEurekaHttpClient.execute(SessionedEurekaHttpClient.java:76) ~[eureka-client-2.0.6.jar:2.0.6]
	at com.netflix.discovery.shared.transport.decorator.EurekaHttpClientDecorator.sendHeartBeat(EurekaHttpClientDecorator.java:89) ~[eureka-client-2.0.6.jar:2.0.6]
	at com.netflix.discovery.DiscoveryClient.renew(DiscoveryClient.java:860) ~[eureka-client-2.0.6.jar:2.0.6]
	at com.netflix.discovery.DiscoveryClient$HeartbeatThread.run(DiscoveryClient.java:1418) ~[eureka-client-2.0.6.jar:2.0.6]
	at java.base/java.util.concurrent.Executors$RunnableAdapter.call(Executors.java:545) ~[na:na]
	at java.base/java.util.concurrent.FutureTask.run(FutureTask.java:328) ~[na:na]
	at java.base/java.util.concurrent.ThreadPoolExecutor.runWorker(ThreadPoolExecutor.java:1090) ~[na:na]
	at java.base/java.util.concurrent.ThreadPoolExecutor$Worker.run(ThreadPoolExecutor.java:614) ~[na:na]
	at java.base/java.lang.Thread.run(Thread.java:1474) ~[na:na]

2026-07-24T13:57:42.231+05:30  INFO 19840 --- [UserModule] [DiscoveryClient-HeartbeatExecutor-%d] c.n.d.s.t.d.RedirectingEurekaHttpClient  : Request execution error. endpoint=DefaultEndpoint{ serviceUrl='http://localhost:8761/eureka/}, exception=Error while extracting response for type [com.netflix.appinfo.InstanceInfo] and content type [application/json]

org.springframework.web.client.RestClientException: Error while extracting response for type [com.netflix.appinfo.InstanceInfo] and content type [application/json]
	at org.springframework.web.client.DefaultRestClient.readWithMessageConverters(DefaultRestClient.java:274) ~[spring-web-7.0.8.jar:7.0.8]
	at org.springframework.web.client.DefaultRestClient$DefaultResponseSpec.readBody(DefaultRestClient.java:931) ~[spring-web-7.0.8.jar:7.0.8]
	at org.springframework.web.client.DefaultRestClient$DefaultResponseSpec.lambda$toEntityInternal$0(DefaultRestClient.java:871) ~[spring-web-7.0.8.jar:7.0.8]
	at org.springframework.web.client.DefaultRestClient$DefaultRequestBodyUriSpec.exchangeInternal(DefaultRestClient.java:617) ~[spring-web-7.0.8.jar:7.0.8]
	at org.springframework.web.client.DefaultRestClient$DefaultRequestBodyUriSpec.exchange(DefaultRestClient.java:572) ~[spring-web-7.0.8.jar:7.0.8]
	at org.springframework.web.client.RestClient$RequestHeadersSpec.exchange(RestClient.java:747) ~[spring-web-7.0.8.jar:7.0.8]
	at org.springframework.web.client.DefaultRestClient$DefaultResponseSpec.executeAndExtract(DefaultRestClient.java:924) ~[spring-web-7.0.8.jar:7.0.8]
	at org.springframework.web.client.DefaultRestClient$DefaultResponseSpec.toEntityInternal(DefaultRestClient.java:870) ~[spring-web-7.0.8.jar:7.0.8]
	at org.springframework.web.client.DefaultRestClient$DefaultResponseSpec.toEntity(DefaultRestClient.java:859) ~[spring-web-7.0.8.jar:7.0.8]
	at org.springframework.cloud.netflix.eureka.http.RestClientEurekaHttpClient.sendHeartBeat(RestClientEurekaHttpClient.java:91) ~[spring-cloud-netflix-eureka-client-5.0.2.jar:5.0.2]
	at com.netflix.discovery.shared.transport.decorator.EurekaHttpClientDecorator$3.execute(EurekaHttpClientDecorator.java:92) ~[eureka-client-2.0.6.jar:2.0.6]
	at com.netflix.discovery.shared.transport.decorator.RedirectingEurekaHttpClient.executeOnNewServer(RedirectingEurekaHttpClient.java:120) ~[eureka-client-2.0.6.jar:2.0.6]
	at com.netflix.discovery.shared.transport.decorator.RedirectingEurekaHttpClient.execute(RedirectingEurekaHttpClient.java:79) ~[eureka-client-2.0.6.jar:2.0.6]
	at com.netflix.discovery.shared.transport.decorator.EurekaHttpClientDecorator.sendHeartBeat(EurekaHttpClientDecorator.java:89) ~[eureka-client-2.0.6.jar:2.0.6]
	at com.netflix.discovery.shared.transport.decorator.EurekaHttpClientDecorator$3.execute(EurekaHttpClientDecorator.java:92) ~[eureka-client-2.0.6.jar:2.0.6]
	at com.netflix.discovery.shared.transport.decorator.RetryableEurekaHttpClient.execute(RetryableEurekaHttpClient.java:120) ~[eureka-client-2.0.6.jar:2.0.6]
	at com.netflix.discovery.shared.transport.decorator.EurekaHttpClientDecorator.sendHeartBeat(EurekaHttpClientDecorator.java:89) ~[eureka-client-2.0.6.jar:2.0.6]
	at com.netflix.discovery.shared.transport.decorator.EurekaHttpClientDecorator$3.execute(EurekaHttpClientDecorator.java:92) ~[eureka-client-2.0.6.jar:2.0.6]
	at com.netflix.discovery.shared.transport.decorator.SessionedEurekaHttpClient.execute(SessionedEurekaHttpClient.java:76) ~[eureka-client-2.0.6.jar:2.0.6]
	at com.netflix.discovery.shared.transport.decorator.EurekaHttpClientDecorator.sendHeartBeat(EurekaHttpClientDecorator.java:89) ~[eureka-client-2.0.6.jar:2.0.6]
	at com.netflix.discovery.DiscoveryClient.renew(DiscoveryClient.java:860) ~[eureka-client-2.0.6.jar:2.0.6]
	at com.netflix.discovery.DiscoveryClient$HeartbeatThread.run(DiscoveryClient.java:1418) ~[eureka-client-2.0.6.jar:2.0.6]
	at java.base/java.util.concurrent.Executors$RunnableAdapter.call(Executors.java:545) ~[na:na]
	at java.base/java.util.concurrent.FutureTask.run(FutureTask.java:328) ~[na:na]
	at java.base/java.util.concurrent.ThreadPoolExecutor.runWorker(ThreadPoolExecutor.java:1090) ~[na:na]
	at java.base/java.util.concurrent.ThreadPoolExecutor$Worker.run(ThreadPoolExecutor.java:614) ~[na:na]
	at java.base/java.lang.Thread.run(Thread.java:1474) ~[na:na]
Caused by: org.springframework.http.converter.HttpMessageNotReadableException: JSON parse error: Root name ('timestamp') does not match expected ('instance') for type `com.netflix.appinfo.InstanceInfo`
	at org.springframework.http.converter.json.AbstractJackson2HttpMessageConverter.readJavaType(AbstractJackson2HttpMessageConverter.java:408) ~[spring-web-7.0.8.jar:7.0.8]
	at org.springframework.http.converter.json.AbstractJackson2HttpMessageConverter.read(AbstractJackson2HttpMessageConverter.java:356) ~[spring-web-7.0.8.jar:7.0.8]
	at org.springframework.web.client.DefaultRestClient.readWithMessageConverters(DefaultRestClient.java:237) ~[spring-web-7.0.8.jar:7.0.8]
	... 26 common frames omitted
Caused by: com.fasterxml.jackson.databind.exc.MismatchedInputException: Root name ('timestamp') does not match expected ('instance') for type `com.netflix.appinfo.InstanceInfo`
 at [Source: REDACTED (`StreamReadFeature.INCLUDE_SOURCE_IN_LOCATION` disabled); line: 1, column: 2] (through reference chain: com.netflix.appinfo.InstanceInfo["timestamp"])
	at com.fasterxml.jackson.databind.exc.MismatchedInputException.from(MismatchedInputException.java:76) ~[jackson-databind-2.21.4.jar:2.21.4]
	at com.fasterxml.jackson.databind.DeserializationContext.reportPropertyInputMismatch(DeserializationContext.java:1849) ~[jackson-databind-2.21.4.jar:2.21.4]
	at com.fasterxml.jackson.databind.DeserializationContext.reportPropertyInputMismatch(DeserializationContext.java:1865) ~[jackson-databind-2.21.4.jar:2.21.4]
	at com.fasterxml.jackson.databind.deser.DefaultDeserializationContext._unwrapAndDeserialize(DefaultDeserializationContext.java:367) ~[jackson-databind-2.21.4.jar:2.21.4]
	at com.fasterxml.jackson.databind.deser.DefaultDeserializationContext.readRootValue(DefaultDeserializationContext.java:339) ~[jackson-databind-2.21.4.jar:2.21.4]
	at com.fasterxml.jackson.databind.ObjectReader._bindAndClose(ObjectReader.java:2148) ~[jackson-databind-2.21.4.jar:2.21.4]
	at com.fasterxml.jackson.databind.ObjectReader.readValue(ObjectReader.java:1504) ~[jackson-databind-2.21.4.jar:2.21.4]
	at org.springframework.http.converter.json.AbstractJackson2HttpMessageConverter.readJavaType(AbstractJackson2HttpMessageConverter.java:397) ~[spring-web-7.0.8.jar:7.0.8]
	... 28 common frames omitted

2026-07-24T13:57:42.232+05:30  WARN 19840 --- [UserModule] [DiscoveryClient-HeartbeatExecutor-%d] c.n.d.s.t.d.RetryableEurekaHttpClient    : Request execution failed with message: Error while extracting response for type [com.netflix.appinfo.InstanceInfo] and content type [application/json]
2026-07-24T13:57:42.232+05:30 ERROR 19840 --- [UserModule] [DiscoveryClient-HeartbeatExecutor-%d] com.netflix.discovery.DiscoveryClient    : DiscoveryClient_USERMODULE/null - was unable to send heartbeat!

com.netflix.discovery.shared.transport.TransportException: Cannot execute request on any known server
	at com.netflix.discovery.shared.transport.decorator.RetryableEurekaHttpClient.execute(RetryableEurekaHttpClient.java:112) ~[eureka-client-2.0.6.jar:2.0.6]
	at com.netflix.discovery.shared.transport.decorator.EurekaHttpClientDecorator.sendHeartBeat(EurekaHttpClientDecorator.java:89) ~[eureka-client-2.0.6.jar:2.0.6]
	at com.netflix.discovery.shared.transport.decorator.EurekaHttpClientDecorator$3.execute(EurekaHttpClientDecorator.java:92) ~[eureka-client-2.0.6.jar:2.0.6]
	at com.netflix.discovery.shared.transport.decorator.SessionedEurekaHttpClient.execute(SessionedEurekaHttpClient.java:76) ~[eureka-client-2.0.6.jar:2.0.6]
	at com.netflix.discovery.shared.transport.decorator.EurekaHttpClientDecorator.sendHeartBeat(EurekaHttpClientDecorator.java:89) ~[eureka-client-2.0.6.jar:2.0.6]
	at com.netflix.discovery.DiscoveryClient.renew(DiscoveryClient.java:860) ~[eureka-client-2.0.6.jar:2.0.6]
	at com.netflix.discovery.DiscoveryClient$HeartbeatThread.run(DiscoveryClient.java:1418) ~[eureka-client-2.0.6.jar:2.0.6]
	at java.base/java.util.concurrent.Executors$RunnableAdapter.call(Executors.java:545) ~[na:na]
	at java.base/java.util.concurrent.FutureTask.run(FutureTask.java:328) ~[na:na]
	at java.base/java.util.concurrent.ThreadPoolExecutor.runWorker(ThreadPoolExecutor.java:1090) ~[na:na]
	at java.base/java.util.concurrent.ThreadPoolExecutor$Worker.run(ThreadPoolExecutor.java:614) ~[na:na]
	at java.base/java.lang.Thread.run(Thread.java:1474) ~[na:na]

2026-07-24T13:57:47.241+05:30  INFO 19840 --- [UserModule] [DiscoveryClient-HeartbeatExecutor-%d] c.n.d.s.t.d.RedirectingEurekaHttpClient  : Request execution error. endpoint=DefaultEndpoint{ serviceUrl='http://localhost:8761/eureka/}, exception=Error while extracting response for type [com.netflix.appinfo.InstanceInfo] and content type [application/json]

org.springframework.web.client.RestClientException: Error while extracting response for type [com.netflix.appinfo.InstanceInfo] and content type [application/json]
	at org.springframework.web.client.DefaultRestClient.readWithMessageConverters(DefaultRestClient.java:274) ~[spring-web-7.0.8.jar:7.0.8]
	at org.springframework.web.client.DefaultRestClient$DefaultResponseSpec.readBody(DefaultRestClient.java:931) ~[spring-web-7.0.8.jar:7.0.8]
	at org.springframework.web.client.DefaultRestClient$DefaultResponseSpec.lambda$toEntityInternal$0(DefaultRestClient.java:871) ~[spring-web-7.0.8.jar:7.0.8]
	at org.springframework.web.client.DefaultRestClient$DefaultRequestBodyUriSpec.exchangeInternal(DefaultRestClient.java:617) ~[spring-web-7.0.8.jar:7.0.8]
	at org.springframework.web.client.DefaultRestClient$DefaultRequestBodyUriSpec.exchange(DefaultRestClient.java:572) ~[spring-web-7.0.8.jar:7.0.8]
	at org.springframework.web.client.RestClient$RequestHeadersSpec.exchange(RestClient.java:747) ~[spring-web-7.0.8.jar:7.0.8]
	at org.springframework.web.client.DefaultRestClient$DefaultResponseSpec.executeAndExtract(DefaultRestClient.java:924) ~[spring-web-7.0.8.jar:7.0.8]
	at org.springframework.web.client.DefaultRestClient$DefaultResponseSpec.toEntityInternal(DefaultRestClient.java:870) ~[spring-web-7.0.8.jar:7.0.8]
	at org.springframework.web.client.DefaultRestClient$DefaultResponseSpec.toEntity(DefaultRestClient.java:859) ~[spring-web-7.0.8.jar:7.0.8]
	at org.springframework.cloud.netflix.eureka.http.RestClientEurekaHttpClient.sendHeartBeat(RestClientEurekaHttpClient.java:91) ~[spring-cloud-netflix-eureka-client-5.0.2.jar:5.0.2]
	at com.netflix.discovery.shared.transport.decorator.EurekaHttpClientDecorator$3.execute(EurekaHttpClientDecorator.java:92) ~[eureka-client-2.0.6.jar:2.0.6]
	at com.netflix.discovery.shared.transport.decorator.RedirectingEurekaHttpClient.executeOnNewServer(RedirectingEurekaHttpClient.java:120) ~[eureka-client-2.0.6.jar:2.0.6]
	at com.netflix.discovery.shared.transport.decorator.RedirectingEurekaHttpClient.execute(RedirectingEurekaHttpClient.java:79) ~[eureka-client-2.0.6.jar:2.0.6]
	at com.netflix.discovery.shared.transport.decorator.EurekaHttpClientDecorator.sendHeartBeat(EurekaHttpClientDecorator.java:89) ~[eureka-client-2.0.6.jar:2.0.6]
	at com.netflix.discovery.shared.transport.decorator.EurekaHttpClientDecorator$3.execute(EurekaHttpClientDecorator.java:92) ~[eureka-client-2.0.6.jar:2.0.6]
	at com.netflix.discovery.shared.transport.decorator.RetryableEurekaHttpClient.execute(RetryableEurekaHttpClient.java:120) ~[eureka-client-2.0.6.jar:2.0.6]
	at com.netflix.discovery.shared.transport.decorator.EurekaHttpClientDecorator.sendHeartBeat(EurekaHttpClientDecorator.java:89) ~[eureka-client-2.0.6.jar:2.0.6]
	at com.netflix.discovery.shared.transport.decorator.EurekaHttpClientDecorator$3.execute(EurekaHttpClientDecorator.java:92) ~[eureka-client-2.0.6.jar:2.0.6]
	at com.netflix.discovery.shared.transport.decorator.SessionedEurekaHttpClient.execute(SessionedEurekaHttpClient.java:76) ~[eureka-client-2.0.6.jar:2.0.6]
	at com.netflix.discovery.shared.transport.decorator.EurekaHttpClientDecorator.sendHeartBeat(EurekaHttpClientDecorator.java:89) ~[eureka-client-2.0.6.jar:2.0.6]
	at com.netflix.discovery.DiscoveryClient.renew(DiscoveryClient.java:860) ~[eureka-client-2.0.6.jar:2.0.6]
	at com.netflix.discovery.DiscoveryClient$HeartbeatThread.run(DiscoveryClient.java:1418) ~[eureka-client-2.0.6.jar:2.0.6]
	at java.base/java.util.concurrent.Executors$RunnableAdapter.call(Executors.java:545) ~[na:na]
	at java.base/java.util.concurrent.FutureTask.run(FutureTask.java:328) ~[na:na]
	at java.base/java.util.concurrent.ThreadPoolExecutor.runWorker(ThreadPoolExecutor.java:1090) ~[na:na]
	at java.base/java.util.concurrent.ThreadPoolExecutor$Worker.run(ThreadPoolExecutor.java:614) ~[na:na]
	at java.base/java.lang.Thread.run(Thread.java:1474) ~[na:na]
Caused by: org.springframework.http.converter.HttpMessageNotReadableException: JSON parse error: Root name ('timestamp') does not match expected ('instance') for type `com.netflix.appinfo.InstanceInfo`
	at org.springframework.http.converter.json.AbstractJackson2HttpMessageConverter.readJavaType(AbstractJackson2HttpMessageConverter.java:408) ~[spring-web-7.0.8.jar:7.0.8]
	at org.springframework.http.converter.json.AbstractJackson2HttpMessageConverter.read(AbstractJackson2HttpMessageConverter.java:356) ~[spring-web-7.0.8.jar:7.0.8]
	at org.springframework.web.client.DefaultRestClient.readWithMessageConverters(DefaultRestClient.java:237) ~[spring-web-7.0.8.jar:7.0.8]
	... 26 common frames omitted
Caused by: com.fasterxml.jackson.databind.exc.MismatchedInputException: Root name ('timestamp') does not match expected ('instance') for type `com.netflix.appinfo.InstanceInfo`
 at [Source: REDACTED (`StreamReadFeature.INCLUDE_SOURCE_IN_LOCATION` disabled); line: 1, column: 2] (through reference chain: com.netflix.appinfo.InstanceInfo["timestamp"])
	at com.fasterxml.jackson.databind.exc.MismatchedInputException.from(MismatchedInputException.java:76) ~[jackson-databind-2.21.4.jar:2.21.4]
	at com.fasterxml.jackson.databind.DeserializationContext.reportPropertyInputMismatch(DeserializationContext.java:1849) ~[jackson-databind-2.21.4.jar:2.21.4]
	at com.fasterxml.jackson.databind.DeserializationContext.reportPropertyInputMismatch(DeserializationContext.java:1865) ~[jackson-databind-2.21.4.jar:2.21.4]
	at com.fasterxml.jackson.databind.deser.DefaultDeserializationContext._unwrapAndDeserialize(DefaultDeserializationContext.java:367) ~[jackson-databind-2.21.4.jar:2.21.4]
	at com.fasterxml.jackson.databind.deser.DefaultDeserializationContext.readRootValue(DefaultDeserializationContext.java:339) ~[jackson-databind-2.21.4.jar:2.21.4]
	at com.fasterxml.jackson.databind.ObjectReader._bindAndClose(ObjectReader.java:2148) ~[jackson-databind-2.21.4.jar:2.21.4]
	at com.fasterxml.jackson.databind.ObjectReader.readValue(ObjectReader.java:1504) ~[jackson-databind-2.21.4.jar:2.21.4]
	at org.springframework.http.converter.json.AbstractJackson2HttpMessageConverter.readJavaType(AbstractJackson2HttpMessageConverter.java:397) ~[spring-web-7.0.8.jar:7.0.8]
	... 28 common frames omitted

2026-07-24T13:57:47.242+05:30  WARN 19840 --- [UserModule] [DiscoveryClient-HeartbeatExecutor-%d] c.n.d.s.t.d.RetryableEurekaHttpClient    : Request execution failed with message: Error while extracting response for type [com.netflix.appinfo.InstanceInfo] and content type [application/json]
2026-07-24T13:57:47.242+05:30 ERROR 19840 --- [UserModule] [DiscoveryClient-HeartbeatExecutor-%d] com.netflix.discovery.DiscoveryClient    : DiscoveryClient_USERMODULE/null - was unable to send heartbeat!

com.netflix.discovery.shared.transport.TransportException: Cannot execute request on any known server
	at com.netflix.discovery.shared.transport.decorator.RetryableEurekaHttpClient.execute(RetryableEurekaHttpClient.java:112) ~[eureka-client-2.0.6.jar:2.0.6]
	at com.netflix.discovery.shared.transport.decorator.EurekaHttpClientDecorator.sendHeartBeat(EurekaHttpClientDecorator.java:89) ~[eureka-client-2.0.6.jar:2.0.6]
	at com.netflix.discovery.shared.transport.decorator.EurekaHttpClientDecorator$3.execute(EurekaHttpClientDecorator.java:92) ~[eureka-client-2.0.6.jar:2.0.6]
	at com.netflix.discovery.shared.transport.decorator.SessionedEurekaHttpClient.execute(SessionedEurekaHttpClient.java:76) ~[eureka-client-2.0.6.jar:2.0.6]
	at com.netflix.discovery.shared.transport.decorator.EurekaHttpClientDecorator.sendHeartBeat(EurekaHttpClientDecorator.java:89) ~[eureka-client-2.0.6.jar:2.0.6]
	at com.netflix.discovery.DiscoveryClient.renew(DiscoveryClient.java:860) ~[eureka-client-2.0.6.jar:2.0.6]
	at com.netflix.discovery.DiscoveryClient$HeartbeatThread.run(DiscoveryClient.java:1418) ~[eureka-client-2.0.6.jar:2.0.6]
	at java.base/java.util.concurrent.Executors$RunnableAdapter.call(Executors.java:545) ~[na:na]
	at java.base/java.util.concurrent.FutureTask.run(FutureTask.java:328) ~[na:na]
	at java.base/java.util.concurrent.ThreadPoolExecutor.runWorker(ThreadPoolExecutor.java:1090) ~[na:na]
	at java.base/java.util.concurrent.ThreadPoolExecutor$Worker.run(ThreadPoolExecutor.java:614) ~[na:na]
	at java.base/java.lang.Thread.run(Thread.java:1474) ~[na:na]

2026-07-24T13:57:52.258+05:30  INFO 19840 --- [UserModule] [DiscoveryClient-HeartbeatExecutor-%d] c.n.d.s.t.d.RedirectingEurekaHttpClient  : Request execution error. endpoint=DefaultEndpoint{ serviceUrl='http://localhost:8761/eureka/}, exception=Error while extracting response for type [com.netflix.appinfo.InstanceInfo] and content type [application/json]

org.springframework.web.client.RestClientException: Error while extracting response for type [com.netflix.appinfo.InstanceInfo] and content type [application/json]
	at org.springframework.web.client.DefaultRestClient.readWithMessageConverters(DefaultRestClient.java:274) ~[spring-web-7.0.8.jar:7.0.8]
	at org.springframework.web.client.DefaultRestClient$DefaultResponseSpec.readBody(DefaultRestClient.java:931) ~[spring-web-7.0.8.jar:7.0.8]
	at org.springframework.web.client.DefaultRestClient$DefaultResponseSpec.lambda$toEntityInternal$0(DefaultRestClient.java:871) ~[spring-web-7.0.8.jar:7.0.8]
	at org.springframework.web.client.DefaultRestClient$DefaultRequestBodyUriSpec.exchangeInternal(DefaultRestClient.java:617) ~[spring-web-7.0.8.jar:7.0.8]
	at org.springframework.web.client.DefaultRestClient$DefaultRequestBodyUriSpec.exchange(DefaultRestClient.java:572) ~[spring-web-7.0.8.jar:7.0.8]
	at org.springframework.web.client.RestClient$RequestHeadersSpec.exchange(RestClient.java:747) ~[spring-web-7.0.8.jar:7.0.8]
	at org.springframework.web.client.DefaultRestClient$DefaultResponseSpec.executeAndExtract(DefaultRestClient.java:924) ~[spring-web-7.0.8.jar:7.0.8]
	at org.springframework.web.client.DefaultRestClient$DefaultResponseSpec.toEntityInternal(DefaultRestClient.java:870) ~[spring-web-7.0.8.jar:7.0.8]
	at org.springframework.web.client.DefaultRestClient$DefaultResponseSpec.toEntity(DefaultRestClient.java:859) ~[spring-web-7.0.8.jar:7.0.8]
	at org.springframework.cloud.netflix.eureka.http.RestClientEurekaHttpClient.sendHeartBeat(RestClientEurekaHttpClient.java:91) ~[spring-cloud-netflix-eureka-client-5.0.2.jar:5.0.2]
	at com.netflix.discovery.shared.transport.decorator.EurekaHttpClientDecorator$3.execute(EurekaHttpClientDecorator.java:92) ~[eureka-client-2.0.6.jar:2.0.6]
	at com.netflix.discovery.shared.transport.decorator.RedirectingEurekaHttpClient.executeOnNewServer(RedirectingEurekaHttpClient.java:120) ~[eureka-client-2.0.6.jar:2.0.6]
	at com.netflix.discovery.shared.transport.decorator.RedirectingEurekaHttpClient.execute(RedirectingEurekaHttpClient.java:79) ~[eureka-client-2.0.6.jar:2.0.6]
	at com.netflix.discovery.shared.transport.decorator.EurekaHttpClientDecorator.sendHeartBeat(EurekaHttpClientDecorator.java:89) ~[eureka-client-2.0.6.jar:2.0.6]
	at com.netflix.discovery.shared.transport.decorator.EurekaHttpClientDecorator$3.execute(EurekaHttpClientDecorator.java:92) ~[eureka-client-2.0.6.jar:2.0.6]
	at com.netflix.discovery.shared.transport.decorator.RetryableEurekaHttpClient.execute(RetryableEurekaHttpClient.java:120) ~[eureka-client-2.0.6.jar:2.0.6]
	at com.netflix.discovery.shared.transport.decorator.EurekaHttpClientDecorator.sendHeartBeat(EurekaHttpClientDecorator.java:89) ~[eureka-client-2.0.6.jar:2.0.6]
	at com.netflix.discovery.shared.transport.decorator.EurekaHttpClientDecorator$3.execute(EurekaHttpClientDecorator.java:92) ~[eureka-client-2.0.6.jar:2.0.6]
	at com.netflix.discovery.shared.transport.decorator.SessionedEurekaHttpClient.execute(SessionedEurekaHttpClient.java:76) ~[eureka-client-2.0.6.jar:2.0.6]
	at com.netflix.discovery.shared.transport.decorator.EurekaHttpClientDecorator.sendHeartBeat(EurekaHttpClientDecorator.java:89) ~[eureka-client-2.0.6.jar:2.0.6]
	at com.netflix.discovery.DiscoveryClient.renew(DiscoveryClient.java:860) ~[eureka-client-2.0.6.jar:2.0.6]
	at com.netflix.discovery.DiscoveryClient$HeartbeatThread.run(DiscoveryClient.java:1418) ~[eureka-client-2.0.6.jar:2.0.6]
	at java.base/java.util.concurrent.Executors$RunnableAdapter.call(Executors.java:545) ~[na:na]
	at java.base/java.util.concurrent.FutureTask.run(FutureTask.java:328) ~[na:na]
	at java.base/java.util.concurrent.ThreadPoolExecutor.runWorker(ThreadPoolExecutor.java:1090) ~[na:na]
	at java.base/java.util.concurrent.ThreadPoolExecutor$Worker.run(ThreadPoolExecutor.java:614) ~[na:na]
	at java.base/java.lang.Thread.run(Thread.java:1474) ~[na:na]
Caused by: org.springframework.http.converter.HttpMessageNotReadableException: JSON parse error: Root name ('timestamp') does not match expected ('instance') for type `com.netflix.appinfo.InstanceInfo`
	at org.springframework.http.converter.json.AbstractJackson2HttpMessageConverter.readJavaType(AbstractJackson2HttpMessageConverter.java:408) ~[spring-web-7.0.8.jar:7.0.8]
	at org.springframework.http.converter.json.AbstractJackson2HttpMessageConverter.read(AbstractJackson2HttpMessageConverter.java:356) ~[spring-web-7.0.8.jar:7.0.8]
	at org.springframework.web.client.DefaultRestClient.readWithMessageConverters(DefaultRestClient.java:237) ~[spring-web-7.0.8.jar:7.0.8]
	... 26 common frames omitted
Caused by: com.fasterxml.jackson.databind.exc.MismatchedInputException: Root name ('timestamp') does not match expected ('instance') for type `com.netflix.appinfo.InstanceInfo`
 at [Source: REDACTED (`StreamReadFeature.INCLUDE_SOURCE_IN_LOCATION` disabled); line: 1, column: 2] (through reference chain: com.netflix.appinfo.InstanceInfo["timestamp"])
	at com.fasterxml.jackson.databind.exc.MismatchedInputException.from(MismatchedInputException.java:76) ~[jackson-databind-2.21.4.jar:2.21.4]
	at com.fasterxml.jackson.databind.DeserializationContext.reportPropertyInputMismatch(DeserializationContext.java:1849) ~[jackson-databind-2.21.4.jar:2.21.4]
	at com.fasterxml.jackson.databind.DeserializationContext.reportPropertyInputMismatch(DeserializationContext.java:1865) ~[jackson-databind-2.21.4.jar:2.21.4]
	at com.fasterxml.jackson.databind.deser.DefaultDeserializationContext._unwrapAndDeserialize(DefaultDeserializationContext.java:367) ~[jackson-databind-2.21.4.jar:2.21.4]
	at com.fasterxml.jackson.databind.deser.DefaultDeserializationContext.readRootValue(DefaultDeserializationContext.java:339) ~[jackson-databind-2.21.4.jar:2.21.4]
	at com.fasterxml.jackson.databind.ObjectReader._bindAndClose(ObjectReader.java:2148) ~[jackson-databind-2.21.4.jar:2.21.4]
	at com.fasterxml.jackson.databind.ObjectReader.readValue(ObjectReader.java:1504) ~[jackson-databind-2.21.4.jar:2.21.4]
	at org.springframework.http.converter.json.AbstractJackson2HttpMessageConverter.readJavaType(AbstractJackson2HttpMessageConverter.java:397) ~[spring-web-7.0.8.jar:7.0.8]
	... 28 common frames omitted

2026-07-24T13:57:52.259+05:30  WARN 19840 --- [UserModule] [DiscoveryClient-HeartbeatExecutor-%d] c.n.d.s.t.d.RetryableEurekaHttpClient    : Request execution failed with message: Error while extracting response for type [com.netflix.appinfo.InstanceInfo] and content type [application/json]
2026-07-24T13:57:52.259+05:30 ERROR 19840 --- [UserModule] [DiscoveryClient-HeartbeatExecutor-%d] com.netflix.discovery.DiscoveryClient    : DiscoveryClient_USERMODULE/null - was unable to send heartbeat!

com.netflix.discovery.shared.transport.TransportException: Cannot execute request on any known server
	at com.netflix.discovery.shared.transport.decorator.RetryableEurekaHttpClient.execute(RetryableEurekaHttpClient.java:112) ~[eureka-client-2.0.6.jar:2.0.6]
	at com.netflix.discovery.shared.transport.decorator.EurekaHttpClientDecorator.sendHeartBeat(EurekaHttpClientDecorator.java:89) ~[eureka-client-2.0.6.jar:2.0.6]
	at com.netflix.discovery.shared.transport.decorator.EurekaHttpClientDecorator$3.execute(EurekaHttpClientDecorator.java:92) ~[eureka-client-2.0.6.jar:2.0.6]
	at com.netflix.discovery.shared.transport.decorator.SessionedEurekaHttpClient.execute(SessionedEurekaHttpClient.java:76) ~[eureka-client-2.0.6.jar:2.0.6]
	at com.netflix.discovery.shared.transport.decorator.EurekaHttpClientDecorator.sendHeartBeat(EurekaHttpClientDecorator.java:89) ~[eureka-client-2.0.6.jar:2.0.6]
	at com.netflix.discovery.DiscoveryClient.renew(DiscoveryClient.java:860) ~[eureka-client-2.0.6.jar:2.0.6]
	at com.netflix.discovery.DiscoveryClient$HeartbeatThread.run(DiscoveryClient.java:1418) ~[eureka-client-2.0.6.jar:2.0.6]
	at java.base/java.util.concurrent.Executors$RunnableAdapter.call(Executors.java:545) ~[na:na]
	at java.base/java.util.concurrent.FutureTask.run(FutureTask.java:328) ~[na:na]
	at java.base/java.util.concurrent.ThreadPoolExecutor.runWorker(ThreadPoolExecutor.java:1090) ~[na:na]
	at java.base/java.util.concurrent.ThreadPoolExecutor$Worker.run(ThreadPoolExecutor.java:614) ~[na:na]
	at java.base/java.lang.Thread.run(Thread.java:1474) ~[na:na]

2026-07-24T13:57:57.139+05:30  INFO 19840 --- [UserModule] [DiscoveryClient-InstanceInfoReplicator-%d] com.netflix.discovery.DiscoveryClient    : DiscoveryClient_USERMODULE/null: registering service...
2026-07-24T13:57:57.155+05:30  WARN 19840 --- [UserModule] [DiscoveryClient-InstanceInfoReplicator-%d] c.n.d.s.t.d.RetryableEurekaHttpClient    : Request execution failure with status code 400; retrying on another server if available
2026-07-24T13:57:57.155+05:30  WARN 19840 --- [UserModule] [DiscoveryClient-InstanceInfoReplicator-%d] com.netflix.discovery.DiscoveryClient    : DiscoveryClient_USERMODULE/null - registration failed Cannot execute request on any known server

com.netflix.discovery.shared.transport.TransportException: Cannot execute request on any known server
	at com.netflix.discovery.shared.transport.decorator.RetryableEurekaHttpClient.execute(RetryableEurekaHttpClient.java:112) ~[eureka-client-2.0.6.jar:2.0.6]
	at com.netflix.discovery.shared.transport.decorator.EurekaHttpClientDecorator.register(EurekaHttpClientDecorator.java:56) ~[eureka-client-2.0.6.jar:2.0.6]
	at com.netflix.discovery.shared.transport.decorator.EurekaHttpClientDecorator$1.execute(EurekaHttpClientDecorator.java:59) ~[eureka-client-2.0.6.jar:2.0.6]
	at com.netflix.discovery.shared.transport.decorator.SessionedEurekaHttpClient.execute(SessionedEurekaHttpClient.java:76) ~[eureka-client-2.0.6.jar:2.0.6]
	at com.netflix.discovery.shared.transport.decorator.EurekaHttpClientDecorator.register(EurekaHttpClientDecorator.java:56) ~[eureka-client-2.0.6.jar:2.0.6]
	at com.netflix.discovery.DiscoveryClient.register(DiscoveryClient.java:843) ~[eureka-client-2.0.6.jar:2.0.6]
	at com.netflix.discovery.InstanceInfoReplicator.run(InstanceInfoReplicator.java:125) ~[eureka-client-2.0.6.jar:2.0.6]
	at java.base/java.util.concurrent.Executors$RunnableAdapter.call(Executors.java:545) ~[na:na]
	at java.base/java.util.concurrent.FutureTask.run(FutureTask.java:328) ~[na:na]
	at java.base/java.util.concurrent.ScheduledThreadPoolExecutor$ScheduledFutureTask.run(ScheduledThreadPoolExecutor.java:309) ~[na:na]
	at java.base/java.util.concurrent.ThreadPoolExecutor.runWorker(ThreadPoolExecutor.java:1090) ~[na:na]
	at java.base/java.util.concurrent.ThreadPoolExecutor$Worker.run(ThreadPoolExecutor.java:614) ~[na:na]
	at java.base/java.lang.Thread.run(Thread.java:1474) ~[na:na]

2026-07-24T13:57:57.156+05:30  WARN 19840 --- [UserModule] [DiscoveryClient-InstanceInfoReplicator-%d] c.n.discovery.InstanceInfoReplicator     : There was a problem with the instance info replicator

com.netflix.discovery.shared.transport.TransportException: Cannot execute request on any known server
	at com.netflix.discovery.shared.transport.decorator.RetryableEurekaHttpClient.execute(RetryableEurekaHttpClient.java:112) ~[eureka-client-2.0.6.jar:2.0.6]
	at com.netflix.discovery.shared.transport.decorator.EurekaHttpClientDecorator.register(EurekaHttpClientDecorator.java:56) ~[eureka-client-2.0.6.jar:2.0.6]
	at com.netflix.discovery.shared.transport.decorator.EurekaHttpClientDecorator$1.execute(EurekaHttpClientDecorator.java:59) ~[eureka-client-2.0.6.jar:2.0.6]
	at com.netflix.discovery.shared.transport.decorator.SessionedEurekaHttpClient.execute(SessionedEurekaHttpClient.java:76) ~[eureka-client-2.0.6.jar:2.0.6]
	at com.netflix.discovery.shared.transport.decorator.EurekaHttpClientDecorator.register(EurekaHttpClientDecorator.java:56) ~[eureka-client-2.0.6.jar:2.0.6]
	at com.netflix.discovery.DiscoveryClient.register(DiscoveryClient.java:843) ~[eureka-client-2.0.6.jar:2.0.6]
	at com.netflix.discovery.InstanceInfoReplicator.run(InstanceInfoReplicator.java:125) ~[eureka-client-2.0.6.jar:2.0.6]
	at java.base/java.util.concurrent.Executors$RunnableAdapter.call(Executors.java:545) ~[na:na]
	at java.base/java.util.concurrent.FutureTask.run(FutureTask.java:328) ~[na:na]
	at java.base/java.util.concurrent.ScheduledThreadPoolExecutor$ScheduledFutureTask.run(ScheduledThreadPoolExecutor.java:309) ~[na:na]
	at java.base/java.util.concurrent.ThreadPoolExecutor.runWorker(ThreadPoolExecutor.java:1090) ~[na:na]
	at java.base/java.util.concurrent.ThreadPoolExecutor$Worker.run(ThreadPoolExecutor.java:614) ~[na:na]
	at java.base/java.lang.Thread.run(Thread.java:1474) ~[na:na]

2026-07-24T13:57:57.267+05:30  INFO 19840 --- [UserModule] [DiscoveryClient-HeartbeatExecutor-%d] c.n.d.s.t.d.RedirectingEurekaHttpClient  : Request execution error. endpoint=DefaultEndpoint{ serviceUrl='http://localhost:8761/eureka/}, exception=Error while extracting response for type [com.netflix.appinfo.InstanceInfo] and content type [application/json]

org.springframework.web.client.RestClientException: Error while extracting response for type [com.netflix.appinfo.InstanceInfo] and content type [application/json]
	at org.springframework.web.client.DefaultRestClient.readWithMessageConverters(DefaultRestClient.java:274) ~[spring-web-7.0.8.jar:7.0.8]
	at org.springframework.web.client.DefaultRestClient$DefaultResponseSpec.readBody(DefaultRestClient.java:931) ~[spring-web-7.0.8.jar:7.0.8]
	at org.springframework.web.client.DefaultRestClient$DefaultResponseSpec.lambda$toEntityInternal$0(DefaultRestClient.java:871) ~[spring-web-7.0.8.jar:7.0.8]
	at org.springframework.web.client.DefaultRestClient$DefaultRequestBodyUriSpec.exchangeInternal(DefaultRestClient.java:617) ~[spring-web-7.0.8.jar:7.0.8]
	at org.springframework.web.client.DefaultRestClient$DefaultRequestBodyUriSpec.exchange(DefaultRestClient.java:572) ~[spring-web-7.0.8.jar:7.0.8]
	at org.springframework.web.client.RestClient$RequestHeadersSpec.exchange(RestClient.java:747) ~[spring-web-7.0.8.jar:7.0.8]
	at org.springframework.web.client.DefaultRestClient$DefaultResponseSpec.executeAndExtract(DefaultRestClient.java:924) ~[spring-web-7.0.8.jar:7.0.8]
	at org.springframework.web.client.DefaultRestClient$DefaultResponseSpec.toEntityInternal(DefaultRestClient.java:870) ~[spring-web-7.0.8.jar:7.0.8]
	at org.springframework.web.client.DefaultRestClient$DefaultResponseSpec.toEntity(DefaultRestClient.java:859) ~[spring-web-7.0.8.jar:7.0.8]
	at org.springframework.cloud.netflix.eureka.http.RestClientEurekaHttpClient.sendHeartBeat(RestClientEurekaHttpClient.java:91) ~[spring-cloud-netflix-eureka-client-5.0.2.jar:5.0.2]
	at com.netflix.discovery.shared.transport.decorator.EurekaHttpClientDecorator$3.execute(EurekaHttpClientDecorator.java:92) ~[eureka-client-2.0.6.jar:2.0.6]
	at com.netflix.discovery.shared.transport.decorator.RedirectingEurekaHttpClient.executeOnNewServer(RedirectingEurekaHttpClient.java:120) ~[eureka-client-2.0.6.jar:2.0.6]
	at com.netflix.discovery.shared.transport.decorator.RedirectingEurekaHttpClient.execute(RedirectingEurekaHttpClient.java:79) ~[eureka-client-2.0.6.jar:2.0.6]
	at com.netflix.discovery.shared.transport.decorator.EurekaHttpClientDecorator.sendHeartBeat(EurekaHttpClientDecorator.java:89) ~[eureka-client-2.0.6.jar:2.0.6]
	at com.netflix.discovery.shared.transport.decorator.EurekaHttpClientDecorator$3.execute(EurekaHttpClientDecorator.java:92) ~[eureka-client-2.0.6.jar:2.0.6]
	at com.netflix.discovery.shared.transport.decorator.RetryableEurekaHttpClient.execute(RetryableEurekaHttpClient.java:120) ~[eureka-client-2.0.6.jar:2.0.6]
	at com.netflix.discovery.shared.transport.decorator.EurekaHttpClientDecorator.sendHeartBeat(EurekaHttpClientDecorator.java:89) ~[eureka-client-2.0.6.jar:2.0.6]
	at com.netflix.discovery.shared.transport.decorator.EurekaHttpClientDecorator$3.execute(EurekaHttpClientDecorator.java:92) ~[eureka-client-2.0.6.jar:2.0.6]
	at com.netflix.discovery.shared.transport.decorator.SessionedEurekaHttpClient.execute(SessionedEurekaHttpClient.java:76) ~[eureka-client-2.0.6.jar:2.0.6]
	at com.netflix.discovery.shared.transport.decorator.EurekaHttpClientDecorator.sendHeartBeat(EurekaHttpClientDecorator.java:89) ~[eureka-client-2.0.6.jar:2.0.6]
	at com.netflix.discovery.DiscoveryClient.renew(DiscoveryClient.java:860) ~[eureka-client-2.0.6.jar:2.0.6]
	at com.netflix.discovery.DiscoveryClient$HeartbeatThread.run(DiscoveryClient.java:1418) ~[eureka-client-2.0.6.jar:2.0.6]
	at java.base/java.util.concurrent.Executors$RunnableAdapter.call(Executors.java:545) ~[na:na]
	at java.base/java.util.concurrent.FutureTask.run(FutureTask.java:328) ~[na:na]
	at java.base/java.util.concurrent.ThreadPoolExecutor.runWorker(ThreadPoolExecutor.java:1090) ~[na:na]
	at java.base/java.util.concurrent.ThreadPoolExecutor$Worker.run(ThreadPoolExecutor.java:614) ~[na:na]
	at java.base/java.lang.Thread.run(Thread.java:1474) ~[na:na]
Caused by: org.springframework.http.converter.HttpMessageNotReadableException: JSON parse error: Root name ('timestamp') does not match expected ('instance') for type `com.netflix.appinfo.InstanceInfo`
	at org.springframework.http.converter.json.AbstractJackson2HttpMessageConverter.readJavaType(AbstractJackson2HttpMessageConverter.java:408) ~[spring-web-7.0.8.jar:7.0.8]
	at org.springframework.http.converter.json.AbstractJackson2HttpMessageConverter.read(AbstractJackson2HttpMessageConverter.java:356) ~[spring-web-7.0.8.jar:7.0.8]
	at org.springframework.web.client.DefaultRestClient.readWithMessageConverters(DefaultRestClient.java:237) ~[spring-web-7.0.8.jar:7.0.8]
	... 26 common frames omitted
Caused by: com.fasterxml.jackson.databind.exc.MismatchedInputException: Root name ('timestamp') does not match expected ('instance') for type `com.netflix.appinfo.InstanceInfo`
 at [Source: REDACTED (`StreamReadFeature.INCLUDE_SOURCE_IN_LOCATION` disabled); line: 1, column: 2] (through reference chain: com.netflix.appinfo.InstanceInfo["timestamp"])
	at com.fasterxml.jackson.databind.exc.MismatchedInputException.from(MismatchedInputException.java:76) ~[jackson-databind-2.21.4.jar:2.21.4]
	at com.fasterxml.jackson.databind.DeserializationContext.reportPropertyInputMismatch(DeserializationContext.java:1849) ~[jackson-databind-2.21.4.jar:2.21.4]
	at com.fasterxml.jackson.databind.DeserializationContext.reportPropertyInputMismatch(DeserializationContext.java:1865) ~[jackson-databind-2.21.4.jar:2.21.4]
	at com.fasterxml.jackson.databind.deser.DefaultDeserializationContext._unwrapAndDeserialize(DefaultDeserializationContext.java:367) ~[jackson-databind-2.21.4.jar:2.21.4]
	at com.fasterxml.jackson.databind.deser.DefaultDeserializationContext.readRootValue(DefaultDeserializationContext.java:339) ~[jackson-databind-2.21.4.jar:2.21.4]
	at com.fasterxml.jackson.databind.ObjectReader._bindAndClose(ObjectReader.java:2148) ~[jackson-databind-2.21.4.jar:2.21.4]
	at com.fasterxml.jackson.databind.ObjectReader.readValue(ObjectReader.java:1504) ~[jackson-databind-2.21.4.jar:2.21.4]
	at org.springframework.http.converter.json.AbstractJackson2HttpMessageConverter.readJavaType(AbstractJackson2HttpMessageConverter.java:397) ~[spring-web-7.0.8.jar:7.0.8]
	... 28 common frames omitted

2026-07-24T13:57:57.267+05:30  WARN 19840 --- [UserModule] [DiscoveryClient-HeartbeatExecutor-%d] c.n.d.s.t.d.RetryableEurekaHttpClient    : Request execution failed with message: Error while extracting response for type [com.netflix.appinfo.InstanceInfo] and content type [application/json]
2026-07-24T13:57:57.268+05:30 ERROR 19840 --- [UserModule] [DiscoveryClient-HeartbeatExecutor-%d] com.netflix.discovery.DiscoveryClient    : DiscoveryClient_USERMODULE/null - was unable to send heartbeat!

com.netflix.discovery.shared.transport.TransportException: Cannot execute request on any known server
	at com.netflix.discovery.shared.transport.decorator.RetryableEurekaHttpClient.execute(RetryableEurekaHttpClient.java:112) ~[eureka-client-2.0.6.jar:2.0.6]
	at com.netflix.discovery.shared.transport.decorator.EurekaHttpClientDecorator.sendHeartBeat(EurekaHttpClientDecorator.java:89) ~[eureka-client-2.0.6.jar:2.0.6]
	at com.netflix.discovery.shared.transport.decorator.EurekaHttpClientDecorator$3.execute(EurekaHttpClientDecorator.java:92) ~[eureka-client-2.0.6.jar:2.0.6]
	at com.netflix.discovery.shared.transport.decorator.SessionedEurekaHttpClient.execute(SessionedEurekaHttpClient.java:76) ~[eureka-client-2.0.6.jar:2.0.6]
	at com.netflix.discovery.shared.transport.decorator.EurekaHttpClientDecorator.sendHeartBeat(EurekaHttpClientDecorator.java:89) ~[eureka-client-2.0.6.jar:2.0.6]
	at com.netflix.discovery.DiscoveryClient.renew(DiscoveryClient.java:860) ~[eureka-client-2.0.6.jar:2.0.6]
	at com.netflix.discovery.DiscoveryClient$HeartbeatThread.run(DiscoveryClient.java:1418) ~[eureka-client-2.0.6.jar:2.0.6]
	at java.base/java.util.concurrent.Executors$RunnableAdapter.call(Executors.java:545) ~[na:na]
	at java.base/java.util.concurrent.FutureTask.run(FutureTask.java:328) ~[na:na]
	at java.base/java.util.concurrent.ThreadPoolExecutor.runWorker(ThreadPoolExecutor.java:1090) ~[na:na]
	at java.base/java.util.concurrent.ThreadPoolExecutor$Worker.run(ThreadPoolExecutor.java:614) ~[na:na]
	at java.base/java.lang.Thread.run(Thread.java:1474) ~[na:na]

2026-07-24T13:57:57.690+05:30  INFO 19840 --- [UserModule] [SpringApplicationShutdownHook] o.s.c.n.e.s.EurekaServiceRegistry        : Unregistering application USERMODULE with eureka with status DOWN
2026-07-24T13:57:57.691+05:30  INFO 19840 --- [UserModule] [SpringApplicationShutdownHook] com.netflix.discovery.DiscoveryClient    : Saw local status change event StatusChangeEvent [timestamp=1784881677691, current=DOWN, previous=UP]
2026-07-24T13:57:57.691+05:30  INFO 19840 --- [UserModule] [DiscoveryClient-InstanceInfoReplicator-%d] com.netflix.discovery.DiscoveryClient    : DiscoveryClient_USERMODULE/null: registering service...
2026-07-24T13:57:57.696+05:30  INFO 19840 --- [UserModule] [SpringApplicationShutdownHook] o.s.boot.tomcat.GracefulShutdown         : Commencing graceful shutdown. Waiting for active requests to complete
2026-07-24T13:57:57.701+05:30  WARN 19840 --- [UserModule] [DiscoveryClient-InstanceInfoReplicator-%d] c.n.d.s.t.d.RetryableEurekaHttpClient    : Request execution failure with status code 400; retrying on another server if available
2026-07-24T13:57:57.701+05:30  WARN 19840 --- [UserModule] [DiscoveryClient-InstanceInfoReplicator-%d] com.netflix.discovery.DiscoveryClient    : DiscoveryClient_USERMODULE/null - registration failed Cannot execute request on any known server

com.netflix.discovery.shared.transport.TransportException: Cannot execute request on any known server
	at com.netflix.discovery.shared.transport.decorator.RetryableEurekaHttpClient.execute(RetryableEurekaHttpClient.java:112) ~[eureka-client-2.0.6.jar:2.0.6]
	at com.netflix.discovery.shared.transport.decorator.EurekaHttpClientDecorator.register(EurekaHttpClientDecorator.java:56) ~[eureka-client-2.0.6.jar:2.0.6]
	at com.netflix.discovery.shared.transport.decorator.EurekaHttpClientDecorator$1.execute(EurekaHttpClientDecorator.java:59) ~[eureka-client-2.0.6.jar:2.0.6]
	at com.netflix.discovery.shared.transport.decorator.SessionedEurekaHttpClient.execute(SessionedEurekaHttpClient.java:76) ~[eureka-client-2.0.6.jar:2.0.6]
	at com.netflix.discovery.shared.transport.decorator.EurekaHttpClientDecorator.register(EurekaHttpClientDecorator.java:56) ~[eureka-client-2.0.6.jar:2.0.6]
	at com.netflix.discovery.DiscoveryClient.register(DiscoveryClient.java:843) ~[eureka-client-2.0.6.jar:2.0.6]
	at com.netflix.discovery.InstanceInfoReplicator.run(InstanceInfoReplicator.java:125) ~[eureka-client-2.0.6.jar:2.0.6]
	at com.netflix.discovery.InstanceInfoReplicator$2.run(InstanceInfoReplicator.java:105) ~[eureka-client-2.0.6.jar:2.0.6]
	at java.base/java.util.concurrent.Executors$RunnableAdapter.call(Executors.java:545) ~[na:na]
	at java.base/java.util.concurrent.FutureTask.run(FutureTask.java:328) ~[na:na]
	at java.base/java.util.concurrent.ScheduledThreadPoolExecutor$ScheduledFutureTask.run(ScheduledThreadPoolExecutor.java:309) ~[na:na]
	at java.base/java.util.concurrent.ThreadPoolExecutor.runWorker(ThreadPoolExecutor.java:1090) ~[na:na]
	at java.base/java.util.concurrent.ThreadPoolExecutor$Worker.run(ThreadPoolExecutor.java:614) ~[na:na]
	at java.base/java.lang.Thread.run(Thread.java:1474) ~[na:na]

2026-07-24T13:57:57.701+05:30  WARN 19840 --- [UserModule] [DiscoveryClient-InstanceInfoReplicator-%d] c.n.discovery.InstanceInfoReplicator     : There was a problem with the instance info replicator

com.netflix.discovery.shared.transport.TransportException: Cannot execute request on any known server
	at com.netflix.discovery.shared.transport.decorator.RetryableEurekaHttpClient.execute(RetryableEurekaHttpClient.java:112) ~[eureka-client-2.0.6.jar:2.0.6]
	at com.netflix.discovery.shared.transport.decorator.EurekaHttpClientDecorator.register(EurekaHttpClientDecorator.java:56) ~[eureka-client-2.0.6.jar:2.0.6]
	at com.netflix.discovery.shared.transport.decorator.EurekaHttpClientDecorator$1.execute(EurekaHttpClientDecorator.java:59) ~[eureka-client-2.0.6.jar:2.0.6]
	at com.netflix.discovery.shared.transport.decorator.SessionedEurekaHttpClient.execute(SessionedEurekaHttpClient.java:76) ~[eureka-client-2.0.6.jar:2.0.6]
	at com.netflix.discovery.shared.transport.decorator.EurekaHttpClientDecorator.register(EurekaHttpClientDecorator.java:56) ~[eureka-client-2.0.6.jar:2.0.6]
	at com.netflix.discovery.DiscoveryClient.register(DiscoveryClient.java:843) ~[eureka-client-2.0.6.jar:2.0.6]
	at com.netflix.discovery.InstanceInfoReplicator.run(InstanceInfoReplicator.java:125) ~[eureka-client-2.0.6.jar:2.0.6]
	at com.netflix.discovery.InstanceInfoReplicator$2.run(InstanceInfoReplicator.java:105) ~[eureka-client-2.0.6.jar:2.0.6]
	at java.base/java.util.concurrent.Executors$RunnableAdapter.call(Executors.java:545) ~[na:na]
	at java.base/java.util.concurrent.FutureTask.run(FutureTask.java:328) ~[na:na]
	at java.base/java.util.concurrent.ScheduledThreadPoolExecutor$ScheduledFutureTask.run(ScheduledThreadPoolExecutor.java:309) ~[na:na]
	at java.base/java.util.concurrent.ThreadPoolExecutor.runWorker(ThreadPoolExecutor.java:1090) ~[na:na]
	at java.base/java.util.concurrent.ThreadPoolExecutor$Worker.run(ThreadPoolExecutor.java:614) ~[na:na]
	at java.base/java.lang.Thread.run(Thread.java:1474) ~[na:na]

2026-07-24T13:57:57.701+05:30  INFO 19840 --- [UserModule] [tomcat-shutdown] o.s.boot.tomcat.GracefulShutdown         : Graceful shutdown complete
2026-07-24T13:57:57.711+05:30  INFO 19840 --- [UserModule] [SpringApplicationShutdownHook] o.s.a.r.l.SimpleMessageListenerContainer : Waiting for workers to finish.
2026-07-24T13:57:58.162+05:30  INFO 19840 --- [UserModule] [SpringApplicationShutdownHook] o.s.a.r.l.SimpleMessageListenerContainer : Successfully waited for workers to finish.
2026-07-24T13:57:58.162+05:30  INFO 19840 --- [UserModule] [SpringApplicationShutdownHook] o.s.i.a.i.AmqpInboundChannelAdapter      : stopped bean 'inbound.springCloudBus.anonymous.F2X77IUrTzS0yI-HAS3Gew'
2026-07-24T13:57:58.164+05:30  INFO 19840 --- [UserModule] [SpringApplicationShutdownHook] o.s.c.stream.binder.BinderErrorChannel   : Channel 'UserModule.rabbit-348155728.springCloudBusInput.errors' has 1 subscriber(s).
2026-07-24T13:57:58.165+05:30  INFO 19840 --- [UserModule] [SpringApplicationShutdownHook] o.s.c.stream.binder.BinderErrorChannel   : Channel 'UserModule.rabbit-348155728.springCloudBusInput.errors' has 0 subscriber(s).
2026-07-24T13:57:58.178+05:30  INFO 19840 --- [UserModule] [SpringApplicationShutdownHook] o.s.i.endpoint.EventDrivenConsumer       : Removing {logging-channel-adapter:_org.springframework.integration.errorLogger} as a subscriber to the 'errorChannel' channel
2026-07-24T13:57:58.178+05:30  INFO 19840 --- [UserModule] [SpringApplicationShutdownHook] o.s.i.channel.PublishSubscribeChannel    : Channel 'UserModule.errorChannel' has 0 subscriber(s).
2026-07-24T13:57:58.178+05:30  INFO 19840 --- [UserModule] [SpringApplicationShutdownHook] o.s.i.endpoint.EventDrivenConsumer       : stopped bean '_org.springframework.integration.errorLogger'
2026-07-24T13:57:58.192+05:30  INFO 19840 --- [UserModule] [SpringApplicationShutdownHook] com.netflix.discovery.DiscoveryClient    : Shutting down DiscoveryClient ...
2026-07-24T13:58:01.193+05:30  INFO 19840 --- [UserModule] [SpringApplicationShutdownHook] com.netflix.discovery.DiscoveryClient    : Unregistering ...
2026-07-24T13:58:01.205+05:30  INFO 19840 --- [UserModule] [SpringApplicationShutdownHook] com.netflix.discovery.DiscoveryClient    : DiscoveryClient_USERMODULE/null - deregister  status: 405
2026-07-24T13:58:01.205+05:30  INFO 19840 --- [UserModule] [SpringApplicationShutdownHook] com.netflix.discovery.DiscoveryClient    : Completed shut down of DiscoveryClient
2026-07-24T13:58:03.514+05:30  INFO 20835 --- [UserModule] [main] c.ecommerce.app.UserModuleApplication    : Starting UserModuleApplication using Java 25.0.3 with PID 20835 (/home/ishonpanda/Desktop/CAREER/PROJECTS/ECOMM/Ecomm-microservice/UserModule/target/classes started by ishonpanda in /home/ishonpanda/Desktop/CAREER/PROJECTS/ECOMM/Ecomm-microservice)
2026-07-24T13:58:03.516+05:30  INFO 20835 --- [UserModule] [main] c.ecommerce.app.UserModuleApplication    : The following 1 profile is active: "dev"
2026-07-24T13:58:03.543+05:30  INFO 20835 --- [UserModule] [main] o.s.c.c.c.ConfigServerConfigDataLoader   : Fetching config from server at : http://localhost:8888
2026-07-24T13:58:03.543+05:30  INFO 20835 --- [UserModule] [main] o.s.c.c.c.ConfigServerConfigDataLoader   : Located environment: name=UserModule, profiles=[default], label=null, version=null, state=null
2026-07-24T13:58:03.544+05:30  INFO 20835 --- [UserModule] [main] o.s.c.c.c.ConfigServerConfigDataLoader   : Fetching config from server at : http://localhost:8888
2026-07-24T13:58:03.544+05:30  INFO 20835 --- [UserModule] [main] o.s.c.c.c.ConfigServerConfigDataLoader   : Located environment: name=UserModule, profiles=[dev], label=null, version=null, state=null
2026-07-24T13:58:04.215+05:30  INFO 20835 --- [UserModule] [main] .s.d.r.c.RepositoryConfigurationDelegate : Bootstrapping Spring Data MongoDB repositories in DEFAULT mode.
2026-07-24T13:58:04.287+05:30  INFO 20835 --- [UserModule] [main] .s.d.r.c.RepositoryConfigurationDelegate : Finished Spring Data repository scanning in 68 ms. Found 2 MongoDB repository interfaces.
2026-07-24T13:58:04.491+05:30  INFO 20835 --- [UserModule] [main] faultConfiguringBeanFactoryPostProcessor : No bean named 'errorChannel' has been explicitly defined. Therefore, a default PublishSubscribeChannel will be created.
2026-07-24T13:58:04.495+05:30  INFO 20835 --- [UserModule] [main] faultConfiguringBeanFactoryPostProcessor : No bean named 'integrationHeaderChannelRegistry' has been explicitly defined. Therefore, a default DefaultHeaderChannelRegistry will be created.
2026-07-24T13:58:04.547+05:30  INFO 20835 --- [UserModule] [main] o.s.cloud.context.scope.GenericScope     : BeanFactory id=d4d7e6bb-50fb-3975-837f-968140aab5ab
2026-07-24T13:58:04.821+05:30  INFO 20835 --- [UserModule] [main] o.s.boot.tomcat.TomcatWebServer          : Tomcat initialized with port 8082 (http)
2026-07-24T13:58:04.832+05:30  INFO 20835 --- [UserModule] [main] o.apache.catalina.core.StandardService   : Starting service [Tomcat]
2026-07-24T13:58:04.832+05:30  INFO 20835 --- [UserModule] [main] o.apache.catalina.core.StandardEngine    : Starting Servlet engine: [Apache Tomcat/11.0.22]
2026-07-24T13:58:04.870+05:30  INFO 20835 --- [UserModule] [main] b.w.c.s.WebApplicationContextInitializer : Root WebApplicationContext: initialization completed in 1324 ms
2026-07-24T13:58:05.161+05:30  INFO 20835 --- [UserModule] [main] org.mongodb.driver.client                : MongoClient with metadata {"driver": {"name": "mongo-java-driver|spring-boot|sync", "version": "5.8.0"}, "os": {"type": "Linux", "name": "Linux", "architecture": "amd64", "version": "7.1.4-204.fc44.x86_64"}, "platform": "Java/Red Hat, Inc./25.0.3+9"} created with settings MongoClientSettings{readPreference=primary, writeConcern=WriteConcern{w=null, wTimeout=null ms, journal=null}, retryWrites=true, retryReads=true, readConcern=ReadConcern{level=null}, credential=null, transportSettings=null, commandListeners=[io.micrometer.core.instrument.binder.mongodb.MongoMetricsCommandListener@7865cc83], codecRegistry=ProvidersCodecRegistry{codecProviders=[ValueCodecProvider{}, BsonValueCodecProvider{}, DBRefCodecProvider{}, DBObjectCodecProvider{}, DocumentCodecProvider{}, CollectionCodecProvider{}, IterableCodecProvider{}, MapCodecProvider{}, GeoJsonCodecProvider{}, GridFSFileCodecProvider{}, Jsr310CodecProvider{}, JsonObjectCodecProvider{}, BsonCodecProvider{}, com.mongodb.client.model.mql.ExpressionCodecProvider@5cb76070, com.mongodb.Jep395RecordCodecProvider@3346e906, com.mongodb.KotlinCodecProvider@443ac5b8, EnumCodecProvider{}]}, loggerSettings=LoggerSettings{maxDocumentLength=1000}, clusterSettings={hosts=[localhost:27017], srvServiceName=mongodb, mode=SINGLE, requiredClusterType=UNKNOWN, requiredReplicaSetName='null', serverSelector='null', clusterListeners='[]', serverSelectionTimeout='30000 ms', localThreshold='15 ms'}, socketSettings=SocketSettings{connectTimeoutMS=10000, readTimeoutMS=0, receiveBufferSize=0, proxySettings=ProxySettings{host=null, port=null, username=null, password=null}}, heartbeatSocketSettings=SocketSettings{connectTimeoutMS=10000, readTimeoutMS=10000, receiveBufferSize=0, proxySettings=ProxySettings{host=null, port=null, username=null, password=null}}, connectionPoolSettings=ConnectionPoolSettings{maxSize=100, minSize=0, maxWaitTimeMS=120000, maxConnectionLifeTimeMS=0, maxConnectionIdleTimeMS=0, maintenanceInitialDelayMS=0, maintenanceFrequencyMS=60000, connectionPoolListeners=[io.micrometer.core.instrument.binder.mongodb.MongoMetricsConnectionPoolListener@126d0868], maxConnecting=2}, serverSettings=ServerSettings{heartbeatFrequencyMS=10000, minHeartbeatFrequencyMS=500, serverMonitoringMode=AUTO, serverListeners='[]', serverMonitorListeners='[]'}, sslSettings=SslSettings{enabled=false, invalidHostNameAllowed=false, context=null}, applicationName='null', compressorList=[], uuidRepresentation=UNSPECIFIED, serverApi=null, autoEncryptionSettings=null, dnsClient=null, inetAddressResolver=null, contextProvider=null, timeoutMS=null}
2026-07-24T13:58:05.171+05:30  INFO 20835 --- [UserModule] [cluster-6a63221545df0ff29cacc1b5-localhost:27017] org.mongodb.driver.cluster               : Monitor thread successfully connected to server with description ServerDescription{address=localhost:27017, type=STANDALONE, cryptd=false, state=CONNECTED, ok=true, minWireVersion=0, maxWireVersion=27, maxDocumentSize=16777216, logicalSessionTimeoutMinutes=30, roundTripTimeNanos=13455486, minRoundTripTimeNanos=0}
2026-07-24T13:58:05.907+05:30  INFO 20835 --- [UserModule] [main] o.s.c.s.m.DirectWithAttributesChannel    : Channel 'UserModule.springCloudBusInput' has 1 subscriber(s).
2026-07-24T13:58:06.330+05:30  INFO 20835 --- [UserModule] [main] DiscoveryClientOptionalArgsConfiguration : Eureka HTTP Client uses RestClient.
2026-07-24T13:58:06.359+05:30  WARN 20835 --- [UserModule] [main] iguration$LoadBalancerCaffeineWarnLogger : Spring Cloud LoadBalancer is currently working with the default cache. While this cache implementation is useful for development and tests, it's recommended to use Caffeine cache in production.You can switch to using Caffeine cache, by adding it and org.springframework.cache.caffeine.CaffeineCacheManager to the classpath.
2026-07-24T13:58:06.364+05:30  INFO 20835 --- [UserModule] [main] o.s.b.a.e.web.EndpointLinksResolver      : Exposing 5 endpoints beneath base path '/actuator'
2026-07-24T13:58:06.452+05:30  INFO 20835 --- [UserModule] [main] figuration$IntegrationJmxConfiguration$1 : Registering MessageChannel errorChannel
2026-07-24T13:58:06.457+05:30  INFO 20835 --- [UserModule] [main] figuration$IntegrationJmxConfiguration$1 : Registering MessageChannel springCloudBusInput
2026-07-24T13:58:06.460+05:30  INFO 20835 --- [UserModule] [main] figuration$IntegrationJmxConfiguration$1 : Registering MessageChannel nullChannel
2026-07-24T13:58:06.464+05:30  INFO 20835 --- [UserModule] [main] figuration$IntegrationJmxConfiguration$1 : Registering MessageHandler _org.springframework.integration.errorLogger
2026-07-24T13:58:06.479+05:30  INFO 20835 --- [UserModule] [main] o.s.i.endpoint.EventDrivenConsumer       : Adding {logging-channel-adapter:_org.springframework.integration.errorLogger} as a subscriber to the 'errorChannel' channel
2026-07-24T13:58:06.480+05:30  INFO 20835 --- [UserModule] [main] o.s.i.channel.PublishSubscribeChannel    : Channel 'UserModule.errorChannel' has 1 subscriber(s).
2026-07-24T13:58:06.480+05:30  INFO 20835 --- [UserModule] [main] o.s.i.endpoint.EventDrivenConsumer       : started bean '_org.springframework.integration.errorLogger'
2026-07-24T13:58:06.497+05:30  INFO 20835 --- [UserModule] [main] o.s.c.n.eureka.InstanceInfoFactory       : Setting initial instance status as: STARTING
2026-07-24T13:58:06.521+05:30  INFO 20835 --- [UserModule] [main] com.netflix.discovery.DiscoveryClient    : Initializing Eureka in region us-east-1
2026-07-24T13:58:06.525+05:30  INFO 20835 --- [UserModule] [main] c.n.d.s.r.aws.ConfigClusterResolver      : Resolving eureka endpoints via configuration
2026-07-24T13:58:06.534+05:30  INFO 20835 --- [UserModule] [main] com.netflix.discovery.DiscoveryClient    : Disable delta property : false
2026-07-24T13:58:06.534+05:30  INFO 20835 --- [UserModule] [main] com.netflix.discovery.DiscoveryClient    : Single vip registry refresh property : null
2026-07-24T13:58:06.534+05:30  INFO 20835 --- [UserModule] [main] com.netflix.discovery.DiscoveryClient    : Force full registry fetch : false
2026-07-24T13:58:06.534+05:30  INFO 20835 --- [UserModule] [main] com.netflix.discovery.DiscoveryClient    : Application is null : false
2026-07-24T13:58:06.534+05:30  INFO 20835 --- [UserModule] [main] com.netflix.discovery.DiscoveryClient    : Registered Applications size is zero : true
2026-07-24T13:58:06.535+05:30  INFO 20835 --- [UserModule] [main] com.netflix.discovery.DiscoveryClient    : Application version is -1: true
2026-07-24T13:58:06.535+05:30  INFO 20835 --- [UserModule] [main] com.netflix.discovery.DiscoveryClient    : Getting all instance registry info from the eureka server
2026-07-24T13:58:06.748+05:30  INFO 20835 --- [UserModule] [main] com.netflix.discovery.DiscoveryClient    : The response status is 200
2026-07-24T13:58:06.750+05:30  INFO 20835 --- [UserModule] [main] com.netflix.discovery.DiscoveryClient    : Starting heartbeat executor: renew interval is: 5
2026-07-24T13:58:06.751+05:30  INFO 20835 --- [UserModule] [main] c.n.discovery.InstanceInfoReplicator     : InstanceInfoReplicator onDemand update allowed rate per min is 4
2026-07-24T13:58:06.752+05:30  INFO 20835 --- [UserModule] [main] com.netflix.discovery.DiscoveryClient    : Discovery Client initialized at timestamp 1784881686752 with initial instances count: 1
2026-07-24T13:58:06.754+05:30  INFO 20835 --- [UserModule] [main] o.s.c.n.e.s.EurekaServiceRegistry        : Registering application USERMODULE with eureka with status UP
2026-07-24T13:58:06.755+05:30  INFO 20835 --- [UserModule] [main] com.netflix.discovery.DiscoveryClient    : Saw local status change event StatusChangeEvent [timestamp=1784881686755, current=UP, previous=STARTING]
2026-07-24T13:58:06.756+05:30  INFO 20835 --- [UserModule] [DiscoveryClient-InstanceInfoReplicator-%d] com.netflix.discovery.DiscoveryClient    : DiscoveryClient_USERMODULE/fedora:UserModule:8082: registering service...
2026-07-24T13:58:06.758+05:30  INFO 20835 --- [UserModule] [main] o.s.c.s.binder.DefaultBinderFactory      : Creating binder: rabbit
2026-07-24T13:58:06.758+05:30  INFO 20835 --- [UserModule] [main] o.s.c.s.binder.DefaultBinderFactory      : Constructing binder child context for rabbit
2026-07-24T13:58:06.787+05:30  INFO 20835 --- [UserModule] [DiscoveryClient-InstanceInfoReplicator-%d] com.netflix.discovery.DiscoveryClient    : DiscoveryClient_USERMODULE/fedora:UserModule:8082 - registration status: 204
2026-07-24T13:58:06.830+05:30  INFO 20835 --- [UserModule] [main] o.s.c.s.binder.DefaultBinderFactory      : Caching the binder: rabbit
2026-07-24T13:58:06.839+05:30  INFO 20835 --- [UserModule] [main] c.s.b.r.p.RabbitExchangeQueueProvisioner : declaring queue for inbound: springCloudBus.anonymous.P_9N2qQ4QGiAjlqo0PsriQ, bound to: springCloudBus
2026-07-24T13:58:06.842+05:30  INFO 20835 --- [UserModule] [main] o.s.a.r.c.CachingConnectionFactory       : Attempting to connect to: [localhost:5672]
2026-07-24T13:58:06.879+05:30  INFO 20835 --- [UserModule] [main] o.s.a.r.c.CachingConnectionFactory       : Created new connection: rabbitConnectionFactory#47f677a4:0/SimpleConnection@6ca6cc1c [delegate=amqp://guest@127.0.0.1:5672/, localPort=44612]
2026-07-24T13:58:06.920+05:30  INFO 20835 --- [UserModule] [main] o.s.c.stream.binder.BinderErrorChannel   : Channel 'rabbit-513145905.springCloudBusInput.errors' has 1 subscriber(s).
2026-07-24T13:58:06.921+05:30  INFO 20835 --- [UserModule] [main] o.s.c.stream.binder.BinderErrorChannel   : Channel 'rabbit-513145905.springCloudBusInput.errors' has 2 subscriber(s).
2026-07-24T13:58:06.935+05:30  INFO 20835 --- [UserModule] [main] o.s.i.a.i.AmqpInboundChannelAdapter      : started bean 'inbound.springCloudBus.anonymous.P_9N2qQ4QGiAjlqo0PsriQ'
2026-07-24T13:58:06.945+05:30  INFO 20835 --- [UserModule] [main] o.s.boot.tomcat.TomcatWebServer          : Tomcat started on port 8082 (http) with context path '/'
2026-07-24T13:58:06.946+05:30  INFO 20835 --- [UserModule] [main] .s.c.n.e.s.EurekaAutoServiceRegistration : Updating port to 8082
2026-07-24T13:58:06.973+05:30  INFO 20835 --- [UserModule] [main] figuration$IntegrationJmxConfiguration$1 : Registering MessageChannel rabbit-513145905.springCloudBusInput.errors
2026-07-24T13:58:06.992+05:30  INFO 20835 --- [UserModule] [main] c.ecommerce.app.UserModuleApplication    : Started UserModuleApplication in 4.274 seconds (process running for 4.997)
2026-07-24T13:58:07.229+05:30  INFO 20835 --- [UserModule] [RMI TCP Connection(4)-192.168.0.186] o.a.c.c.C.[Tomcat].[localhost].[/]       : Initializing Spring DispatcherServlet 'dispatcherServlet'
2026-07-24T13:58:07.230+05:30  INFO 20835 --- [UserModule] [RMI TCP Connection(4)-192.168.0.186] o.s.web.servlet.DispatcherServlet        : Initializing Servlet 'dispatcherServlet'
2026-07-24T13:58:07.233+05:30  INFO 20835 --- [UserModule] [RMI TCP Connection(4)-192.168.0.186] o.s.web.servlet.DispatcherServlet        : Completed initialization in 3 ms
2026-07-24T13:59:44.664+05:30  INFO 20835 --- [UserModule] [SpringApplicationShutdownHook] o.s.c.n.e.s.EurekaServiceRegistry        : Unregistering application USERMODULE with eureka with status DOWN
2026-07-24T13:59:44.665+05:30  INFO 20835 --- [UserModule] [SpringApplicationShutdownHook] com.netflix.discovery.DiscoveryClient    : Saw local status change event StatusChangeEvent [timestamp=1784881784665, current=DOWN, previous=UP]
2026-07-24T13:59:44.665+05:30  INFO 20835 --- [UserModule] [DiscoveryClient-InstanceInfoReplicator-%d] com.netflix.discovery.DiscoveryClient    : DiscoveryClient_USERMODULE/fedora:UserModule:8082: registering service...
2026-07-24T13:59:44.671+05:30  INFO 20835 --- [UserModule] [DiscoveryClient-InstanceInfoReplicator-%d] com.netflix.discovery.DiscoveryClient    : DiscoveryClient_USERMODULE/fedora:UserModule:8082 - registration status: 204
2026-07-24T13:59:44.672+05:30  INFO 20835 --- [UserModule] [SpringApplicationShutdownHook] o.s.boot.tomcat.GracefulShutdown         : Commencing graceful shutdown. Waiting for active requests to complete
2026-07-24T13:59:44.676+05:30  INFO 20835 --- [UserModule] [tomcat-shutdown] o.s.boot.tomcat.GracefulShutdown         : Graceful shutdown complete
2026-07-24T13:59:44.687+05:30  INFO 20835 --- [UserModule] [SpringApplicationShutdownHook] o.s.a.r.l.SimpleMessageListenerContainer : Waiting for workers to finish.
2026-07-24T13:59:44.954+05:30  INFO 20835 --- [UserModule] [SpringApplicationShutdownHook] o.s.a.r.l.SimpleMessageListenerContainer : Successfully waited for workers to finish.
2026-07-24T13:59:44.957+05:30  INFO 20835 --- [UserModule] [SpringApplicationShutdownHook] o.s.i.a.i.AmqpInboundChannelAdapter      : stopped bean 'inbound.springCloudBus.anonymous.P_9N2qQ4QGiAjlqo0PsriQ'
2026-07-24T13:59:44.960+05:30  INFO 20835 --- [UserModule] [SpringApplicationShutdownHook] o.s.c.stream.binder.BinderErrorChannel   : Channel 'UserModule.rabbit-513145905.springCloudBusInput.errors' has 1 subscriber(s).
2026-07-24T13:59:44.962+05:30  INFO 20835 --- [UserModule] [SpringApplicationShutdownHook] o.s.c.stream.binder.BinderErrorChannel   : Channel 'UserModule.rabbit-513145905.springCloudBusInput.errors' has 0 subscriber(s).
2026-07-24T13:59:44.978+05:30  INFO 20835 --- [UserModule] [SpringApplicationShutdownHook] o.s.i.endpoint.EventDrivenConsumer       : Removing {logging-channel-adapter:_org.springframework.integration.errorLogger} as a subscriber to the 'errorChannel' channel
2026-07-24T13:59:44.979+05:30  INFO 20835 --- [UserModule] [SpringApplicationShutdownHook] o.s.i.channel.PublishSubscribeChannel    : Channel 'UserModule.errorChannel' has 0 subscriber(s).
2026-07-24T13:59:44.979+05:30  INFO 20835 --- [UserModule] [SpringApplicationShutdownHook] o.s.i.endpoint.EventDrivenConsumer       : stopped bean '_org.springframework.integration.errorLogger'
2026-07-24T13:59:44.998+05:30  INFO 20835 --- [UserModule] [SpringApplicationShutdownHook] com.netflix.discovery.DiscoveryClient    : Shutting down DiscoveryClient ...
2026-07-24T13:59:46.906+05:30  INFO 20835 --- [UserModule] [DiscoveryClient-HeartbeatExecutor-%d] c.n.d.s.t.d.RedirectingEurekaHttpClient  : Request execution error. endpoint=DefaultEndpoint{ serviceUrl='http://localhost:8761/eureka/} exception=I/O error on PUT request for "http://localhost:8761/eureka/apps/USERMODULE/fedora:UserModule:8082": Connect to http://localhost:8761 failed: Connection refused

org.springframework.web.client.ResourceAccessException: I/O error on PUT request for "http://localhost:8761/eureka/apps/USERMODULE/fedora:UserModule:8082": Connect to http://localhost:8761 failed: Connection refused
	at org.springframework.web.client.DefaultRestClient$DefaultRequestBodyUriSpec.createResourceAccessException(DefaultRestClient.java:779) ~[spring-web-7.0.8.jar:7.0.8]
	at org.springframework.web.client.DefaultRestClient$DefaultRequestBodyUriSpec.exchangeInternal(DefaultRestClient.java:624) ~[spring-web-7.0.8.jar:7.0.8]
	at org.springframework.web.client.DefaultRestClient$DefaultRequestBodyUriSpec.exchange(DefaultRestClient.java:572) ~[spring-web-7.0.8.jar:7.0.8]
	at org.springframework.web.client.RestClient$RequestHeadersSpec.exchange(RestClient.java:747) ~[spring-web-7.0.8.jar:7.0.8]
	at org.springframework.web.client.DefaultRestClient$DefaultResponseSpec.executeAndExtract(DefaultRestClient.java:924) ~[spring-web-7.0.8.jar:7.0.8]
	at org.springframework.web.client.DefaultRestClient$DefaultResponseSpec.toEntityInternal(DefaultRestClient.java:870) ~[spring-web-7.0.8.jar:7.0.8]
	at org.springframework.web.client.DefaultRestClient$DefaultResponseSpec.toEntity(DefaultRestClient.java:859) ~[spring-web-7.0.8.jar:7.0.8]
	at org.springframework.cloud.netflix.eureka.http.RestClientEurekaHttpClient.sendHeartBeat(RestClientEurekaHttpClient.java:91) ~[spring-cloud-netflix-eureka-client-5.0.2.jar:5.0.2]
	at com.netflix.discovery.shared.transport.decorator.EurekaHttpClientDecorator$3.execute(EurekaHttpClientDecorator.java:92) ~[eureka-client-2.0.6.jar:2.0.6]
	at com.netflix.discovery.shared.transport.decorator.RedirectingEurekaHttpClient.execute(RedirectingEurekaHttpClient.java:90) ~[eureka-client-2.0.6.jar:2.0.6]
	at com.netflix.discovery.shared.transport.decorator.EurekaHttpClientDecorator.sendHeartBeat(EurekaHttpClientDecorator.java:89) ~[eureka-client-2.0.6.jar:2.0.6]
	at com.netflix.discovery.shared.transport.decorator.EurekaHttpClientDecorator$3.execute(EurekaHttpClientDecorator.java:92) ~[eureka-client-2.0.6.jar:2.0.6]
	at com.netflix.discovery.shared.transport.decorator.RetryableEurekaHttpClient.execute(RetryableEurekaHttpClient.java:120) ~[eureka-client-2.0.6.jar:2.0.6]
	at com.netflix.discovery.shared.transport.decorator.EurekaHttpClientDecorator.sendHeartBeat(EurekaHttpClientDecorator.java:89) ~[eureka-client-2.0.6.jar:2.0.6]
	at com.netflix.discovery.shared.transport.decorator.EurekaHttpClientDecorator$3.execute(EurekaHttpClientDecorator.java:92) ~[eureka-client-2.0.6.jar:2.0.6]
	at com.netflix.discovery.shared.transport.decorator.SessionedEurekaHttpClient.execute(SessionedEurekaHttpClient.java:76) ~[eureka-client-2.0.6.jar:2.0.6]
	at com.netflix.discovery.shared.transport.decorator.EurekaHttpClientDecorator.sendHeartBeat(EurekaHttpClientDecorator.java:89) ~[eureka-client-2.0.6.jar:2.0.6]
	at com.netflix.discovery.DiscoveryClient.renew(DiscoveryClient.java:860) ~[eureka-client-2.0.6.jar:2.0.6]
	at com.netflix.discovery.DiscoveryClient$HeartbeatThread.run(DiscoveryClient.java:1418) ~[eureka-client-2.0.6.jar:2.0.6]
	at java.base/java.util.concurrent.Executors$RunnableAdapter.call(Executors.java:545) ~[na:na]
	at java.base/java.util.concurrent.FutureTask.run(FutureTask.java:328) ~[na:na]
	at java.base/java.util.concurrent.ThreadPoolExecutor.runWorker(ThreadPoolExecutor.java:1090) ~[na:na]
	at java.base/java.util.concurrent.ThreadPoolExecutor$Worker.run(ThreadPoolExecutor.java:614) ~[na:na]
	at java.base/java.lang.Thread.run(Thread.java:1474) ~[na:na]
Caused by: org.apache.hc.client5.http.HttpHostConnectException: Connect to http://localhost:8761 failed: Connection refused
	at java.base/sun.nio.ch.Net.pollConnect(Native Method) ~[na:na]
	at java.base/sun.nio.ch.Net.pollConnectNow(Net.java:639) ~[na:na]
	at java.base/sun.nio.ch.NioSocketImpl.timedFinishConnect(NioSocketImpl.java:543) ~[na:na]
	at java.base/sun.nio.ch.NioSocketImpl.connect(NioSocketImpl.java:594) ~[na:na]
	at java.base/java.net.SocksSocketImpl.connect(SocksSocketImpl.java:284) ~[na:na]
	at java.base/java.net.Socket.connect(Socket.java:659) ~[na:na]
	at org.apache.hc.client5.http.impl.io.DefaultHttpClientConnectionOperator.connect(DefaultHttpClientConnectionOperator.java:219) ~[httpclient5-5.6.1.jar:5.6.1]
	at org.apache.hc.client5.http.impl.io.PoolingHttpClientConnectionManager.connect(PoolingHttpClientConnectionManager.java:547) ~[httpclient5-5.6.1.jar:5.6.1]
	at org.apache.hc.client5.http.impl.classic.InternalExecRuntime.connectEndpoint(InternalExecRuntime.java:164) ~[httpclient5-5.6.1.jar:5.6.1]
	at org.apache.hc.client5.http.impl.classic.InternalExecRuntime.connectEndpoint(InternalExecRuntime.java:174) ~[httpclient5-5.6.1.jar:5.6.1]
	at org.apache.hc.client5.http.impl.classic.ConnectExec.execute(ConnectExec.java:144) ~[httpclient5-5.6.1.jar:5.6.1]
	at org.apache.hc.client5.http.impl.classic.ExecChainElement.execute(ExecChainElement.java:51) ~[httpclient5-5.6.1.jar:5.6.1]
	at org.apache.hc.client5.http.impl.classic.ProtocolExec.execute(ProtocolExec.java:192) ~[httpclient5-5.6.1.jar:5.6.1]
	at org.apache.hc.client5.http.impl.classic.ExecChainElement.execute(ExecChainElement.java:51) ~[httpclient5-5.6.1.jar:5.6.1]
	at org.apache.hc.client5.http.impl.classic.ContentCompressionExec.execute(ContentCompressionExec.java:138) ~[httpclient5-5.6.1.jar:5.6.1]
	at org.apache.hc.client5.http.impl.classic.ExecChainElement.execute(ExecChainElement.java:51) ~[httpclient5-5.6.1.jar:5.6.1]
	at org.apache.hc.client5.http.impl.classic.HttpRequestRetryExec.execute(HttpRequestRetryExec.java:112) ~[httpclient5-5.6.1.jar:5.6.1]
	at org.apache.hc.client5.http.impl.classic.ExecChainElement.execute(ExecChainElement.java:51) ~[httpclient5-5.6.1.jar:5.6.1]
	at org.apache.hc.client5.http.impl.classic.RedirectExec.execute(RedirectExec.java:110) ~[httpclient5-5.6.1.jar:5.6.1]
	at org.apache.hc.client5.http.impl.classic.ExecChainElement.execute(ExecChainElement.java:51) ~[httpclient5-5.6.1.jar:5.6.1]
	at org.apache.hc.client5.http.impl.classic.InternalHttpClient.doExecute(InternalHttpClient.java:185) ~[httpclient5-5.6.1.jar:5.6.1]
	at org.apache.hc.client5.http.impl.classic.CloseableHttpClient.execute(CloseableHttpClient.java:87) ~[httpclient5-5.6.1.jar:5.6.1]
	at org.apache.hc.client5.http.impl.classic.CloseableHttpClient.execute(CloseableHttpClient.java:55) ~[httpclient5-5.6.1.jar:5.6.1]
	at org.apache.hc.client5.http.classic.HttpClient.executeOpen(HttpClient.java:183) ~[httpclient5-5.6.1.jar:5.6.1]
	at org.springframework.http.client.HttpComponentsClientHttpRequest.executeInternal(HttpComponentsClientHttpRequest.java:99) ~[spring-web-7.0.8.jar:7.0.8]
	at org.springframework.http.client.AbstractStreamingClientHttpRequest.executeInternal(AbstractStreamingClientHttpRequest.java:87) ~[spring-web-7.0.8.jar:7.0.8]
	at org.springframework.http.client.AbstractClientHttpRequest.execute(AbstractClientHttpRequest.java:80) ~[spring-web-7.0.8.jar:7.0.8]
	at org.springframework.http.client.AbstractBufferingClientHttpRequest.executeWithRequestAndBody(AbstractBufferingClientHttpRequest.java:89) ~[spring-web-7.0.8.jar:7.0.8]
	at org.springframework.http.client.InterceptingClientHttpRequest$EndOfChainRequestExecution.execute(InterceptingClientHttpRequest.java:102) ~[spring-web-7.0.8.jar:7.0.8]
	at org.springframework.cloud.netflix.eureka.http.RestClientTransportClientFactory.lambda$newClient$2(RestClientTransportClientFactory.java:98) ~[spring-cloud-netflix-eureka-client-5.0.2.jar:5.0.2]
	at org.springframework.http.client.ClientHttpRequestInterceptor.lambda$apply$0(ClientHttpRequestInterceptor.java:89) ~[spring-web-7.0.8.jar:7.0.8]
	at org.springframework.http.client.InterceptingClientHttpRequest.executeInternal(InterceptingClientHttpRequest.java:73) ~[spring-web-7.0.8.jar:7.0.8]
	at org.springframework.http.client.AbstractBufferingClientHttpRequest.executeInternal(AbstractBufferingClientHttpRequest.java:50) ~[spring-web-7.0.8.jar:7.0.8]
	at org.springframework.http.client.AbstractClientHttpRequest.execute(AbstractClientHttpRequest.java:80) ~[spring-web-7.0.8.jar:7.0.8]
	at org.springframework.web.client.DefaultRestClient$DefaultRequestBodyUriSpec.exchangeInternal(DefaultRestClient.java:614) ~[spring-web-7.0.8.jar:7.0.8]
	... 22 common frames omitted

2026-07-24T13:59:46.912+05:30  WARN 20835 --- [UserModule] [DiscoveryClient-HeartbeatExecutor-%d] c.n.d.s.t.d.RetryableEurekaHttpClient    : Request execution failed with message: I/O error on PUT request for "http://localhost:8761/eureka/apps/USERMODULE/fedora:UserModule:8082": Connect to http://localhost:8761 failed: Connection refused
2026-07-24T13:59:46.918+05:30  INFO 20835 --- [UserModule] [DiscoveryClient-HeartbeatExecutor-%d] c.n.d.s.t.d.RedirectingEurekaHttpClient  : Request execution error. endpoint=DefaultEndpoint{ serviceUrl='http://localhost:8761/eureka/}, exception=I/O error on PUT request for "http://localhost:8761/eureka/apps/USERMODULE/fedora:UserModule:8082": Connect to http://localhost:8761 failed: Connection refused

org.springframework.web.client.ResourceAccessException: I/O error on PUT request for "http://localhost:8761/eureka/apps/USERMODULE/fedora:UserModule:8082": Connect to http://localhost:8761 failed: Connection refused
	at org.springframework.web.client.DefaultRestClient$DefaultRequestBodyUriSpec.createResourceAccessException(DefaultRestClient.java:779) ~[spring-web-7.0.8.jar:7.0.8]
	at org.springframework.web.client.DefaultRestClient$DefaultRequestBodyUriSpec.exchangeInternal(DefaultRestClient.java:624) ~[spring-web-7.0.8.jar:7.0.8]
	at org.springframework.web.client.DefaultRestClient$DefaultRequestBodyUriSpec.exchange(DefaultRestClient.java:572) ~[spring-web-7.0.8.jar:7.0.8]
	at org.springframework.web.client.RestClient$RequestHeadersSpec.exchange(RestClient.java:747) ~[spring-web-7.0.8.jar:7.0.8]
	at org.springframework.web.client.DefaultRestClient$DefaultResponseSpec.executeAndExtract(DefaultRestClient.java:924) ~[spring-web-7.0.8.jar:7.0.8]
	at org.springframework.web.client.DefaultRestClient$DefaultResponseSpec.toEntityInternal(DefaultRestClient.java:870) ~[spring-web-7.0.8.jar:7.0.8]
	at org.springframework.web.client.DefaultRestClient$DefaultResponseSpec.toEntity(DefaultRestClient.java:859) ~[spring-web-7.0.8.jar:7.0.8]
	at org.springframework.cloud.netflix.eureka.http.RestClientEurekaHttpClient.sendHeartBeat(RestClientEurekaHttpClient.java:91) ~[spring-cloud-netflix-eureka-client-5.0.2.jar:5.0.2]
	at com.netflix.discovery.shared.transport.decorator.EurekaHttpClientDecorator$3.execute(EurekaHttpClientDecorator.java:92) ~[eureka-client-2.0.6.jar:2.0.6]
	at com.netflix.discovery.shared.transport.decorator.RedirectingEurekaHttpClient.executeOnNewServer(RedirectingEurekaHttpClient.java:120) ~[eureka-client-2.0.6.jar:2.0.6]
	at com.netflix.discovery.shared.transport.decorator.RedirectingEurekaHttpClient.execute(RedirectingEurekaHttpClient.java:79) ~[eureka-client-2.0.6.jar:2.0.6]
	at com.netflix.discovery.shared.transport.decorator.EurekaHttpClientDecorator.sendHeartBeat(EurekaHttpClientDecorator.java:89) ~[eureka-client-2.0.6.jar:2.0.6]
	at com.netflix.discovery.shared.transport.decorator.EurekaHttpClientDecorator$3.execute(EurekaHttpClientDecorator.java:92) ~[eureka-client-2.0.6.jar:2.0.6]
	at com.netflix.discovery.shared.transport.decorator.RetryableEurekaHttpClient.execute(RetryableEurekaHttpClient.java:120) ~[eureka-client-2.0.6.jar:2.0.6]
	at com.netflix.discovery.shared.transport.decorator.EurekaHttpClientDecorator.sendHeartBeat(EurekaHttpClientDecorator.java:89) ~[eureka-client-2.0.6.jar:2.0.6]
	at com.netflix.discovery.shared.transport.decorator.EurekaHttpClientDecorator$3.execute(EurekaHttpClientDecorator.java:92) ~[eureka-client-2.0.6.jar:2.0.6]
	at com.netflix.discovery.shared.transport.decorator.SessionedEurekaHttpClient.execute(SessionedEurekaHttpClient.java:76) ~[eureka-client-2.0.6.jar:2.0.6]
	at com.netflix.discovery.shared.transport.decorator.EurekaHttpClientDecorator.sendHeartBeat(EurekaHttpClientDecorator.java:89) ~[eureka-client-2.0.6.jar:2.0.6]
	at com.netflix.discovery.DiscoveryClient.renew(DiscoveryClient.java:860) ~[eureka-client-2.0.6.jar:2.0.6]
	at com.netflix.discovery.DiscoveryClient$HeartbeatThread.run(DiscoveryClient.java:1418) ~[eureka-client-2.0.6.jar:2.0.6]
	at java.base/java.util.concurrent.Executors$RunnableAdapter.call(Executors.java:545) ~[na:na]
	at java.base/java.util.concurrent.FutureTask.run(FutureTask.java:328) ~[na:na]
	at java.base/java.util.concurrent.ThreadPoolExecutor.runWorker(ThreadPoolExecutor.java:1090) ~[na:na]
	at java.base/java.util.concurrent.ThreadPoolExecutor$Worker.run(ThreadPoolExecutor.java:614) ~[na:na]
	at java.base/java.lang.Thread.run(Thread.java:1474) ~[na:na]
Caused by: org.apache.hc.client5.http.HttpHostConnectException: Connect to http://localhost:8761 failed: Connection refused
	at java.base/sun.nio.ch.Net.pollConnect(Native Method) ~[na:na]
	at java.base/sun.nio.ch.Net.pollConnectNow(Net.java:639) ~[na:na]
	at java.base/sun.nio.ch.NioSocketImpl.timedFinishConnect(NioSocketImpl.java:543) ~[na:na]
	at java.base/sun.nio.ch.NioSocketImpl.connect(NioSocketImpl.java:594) ~[na:na]
	at java.base/java.net.SocksSocketImpl.connect(SocksSocketImpl.java:284) ~[na:na]
	at java.base/java.net.Socket.connect(Socket.java:659) ~[na:na]
	at org.apache.hc.client5.http.impl.io.DefaultHttpClientConnectionOperator.connect(DefaultHttpClientConnectionOperator.java:219) ~[httpclient5-5.6.1.jar:5.6.1]
	at org.apache.hc.client5.http.impl.io.PoolingHttpClientConnectionManager.connect(PoolingHttpClientConnectionManager.java:547) ~[httpclient5-5.6.1.jar:5.6.1]
	at org.apache.hc.client5.http.impl.classic.InternalExecRuntime.connectEndpoint(InternalExecRuntime.java:164) ~[httpclient5-5.6.1.jar:5.6.1]
	at org.apache.hc.client5.http.impl.classic.InternalExecRuntime.connectEndpoint(InternalExecRuntime.java:174) ~[httpclient5-5.6.1.jar:5.6.1]
	at org.apache.hc.client5.http.impl.classic.ConnectExec.execute(ConnectExec.java:144) ~[httpclient5-5.6.1.jar:5.6.1]
	at org.apache.hc.client5.http.impl.classic.ExecChainElement.execute(ExecChainElement.java:51) ~[httpclient5-5.6.1.jar:5.6.1]
	at org.apache.hc.client5.http.impl.classic.ProtocolExec.execute(ProtocolExec.java:192) ~[httpclient5-5.6.1.jar:5.6.1]
	at org.apache.hc.client5.http.impl.classic.ExecChainElement.execute(ExecChainElement.java:51) ~[httpclient5-5.6.1.jar:5.6.1]
	at org.apache.hc.client5.http.impl.classic.ContentCompressionExec.execute(ContentCompressionExec.java:138) ~[httpclient5-5.6.1.jar:5.6.1]
	at org.apache.hc.client5.http.impl.classic.ExecChainElement.execute(ExecChainElement.java:51) ~[httpclient5-5.6.1.jar:5.6.1]
	at org.apache.hc.client5.http.impl.classic.HttpRequestRetryExec.execute(HttpRequestRetryExec.java:112) ~[httpclient5-5.6.1.jar:5.6.1]
	at org.apache.hc.client5.http.impl.classic.ExecChainElement.execute(ExecChainElement.java:51) ~[httpclient5-5.6.1.jar:5.6.1]
	at org.apache.hc.client5.http.impl.classic.RedirectExec.execute(RedirectExec.java:110) ~[httpclient5-5.6.1.jar:5.6.1]
	at org.apache.hc.client5.http.impl.classic.ExecChainElement.execute(ExecChainElement.java:51) ~[httpclient5-5.6.1.jar:5.6.1]
	at org.apache.hc.client5.http.impl.classic.InternalHttpClient.doExecute(InternalHttpClient.java:185) ~[httpclient5-5.6.1.jar:5.6.1]
	at org.apache.hc.client5.http.impl.classic.CloseableHttpClient.execute(CloseableHttpClient.java:87) ~[httpclient5-5.6.1.jar:5.6.1]
	at org.apache.hc.client5.http.impl.classic.CloseableHttpClient.execute(CloseableHttpClient.java:55) ~[httpclient5-5.6.1.jar:5.6.1]
	at org.apache.hc.client5.http.classic.HttpClient.executeOpen(HttpClient.java:183) ~[httpclient5-5.6.1.jar:5.6.1]
	at org.springframework.http.client.HttpComponentsClientHttpRequest.executeInternal(HttpComponentsClientHttpRequest.java:99) ~[spring-web-7.0.8.jar:7.0.8]
	at org.springframework.http.client.AbstractStreamingClientHttpRequest.executeInternal(AbstractStreamingClientHttpRequest.java:87) ~[spring-web-7.0.8.jar:7.0.8]
	at org.springframework.http.client.AbstractClientHttpRequest.execute(AbstractClientHttpRequest.java:80) ~[spring-web-7.0.8.jar:7.0.8]
	at org.springframework.http.client.AbstractBufferingClientHttpRequest.executeWithRequestAndBody(AbstractBufferingClientHttpRequest.java:89) ~[spring-web-7.0.8.jar:7.0.8]
	at org.springframework.http.client.InterceptingClientHttpRequest$EndOfChainRequestExecution.execute(InterceptingClientHttpRequest.java:102) ~[spring-web-7.0.8.jar:7.0.8]
	at org.springframework.cloud.netflix.eureka.http.RestClientTransportClientFactory.lambda$newClient$2(RestClientTransportClientFactory.java:98) ~[spring-cloud-netflix-eureka-client-5.0.2.jar:5.0.2]
	at org.springframework.http.client.ClientHttpRequestInterceptor.lambda$apply$0(ClientHttpRequestInterceptor.java:89) ~[spring-web-7.0.8.jar:7.0.8]
	at org.springframework.http.client.InterceptingClientHttpRequest.executeInternal(InterceptingClientHttpRequest.java:73) ~[spring-web-7.0.8.jar:7.0.8]
	at org.springframework.http.client.AbstractBufferingClientHttpRequest.executeInternal(AbstractBufferingClientHttpRequest.java:50) ~[spring-web-7.0.8.jar:7.0.8]
	at org.springframework.http.client.AbstractClientHttpRequest.execute(AbstractClientHttpRequest.java:80) ~[spring-web-7.0.8.jar:7.0.8]
	at org.springframework.web.client.DefaultRestClient$DefaultRequestBodyUriSpec.exchangeInternal(DefaultRestClient.java:614) ~[spring-web-7.0.8.jar:7.0.8]
	... 23 common frames omitted

2026-07-24T13:59:46.919+05:30  WARN 20835 --- [UserModule] [DiscoveryClient-HeartbeatExecutor-%d] c.n.d.s.t.d.RetryableEurekaHttpClient    : Request execution failed with message: I/O error on PUT request for "http://localhost:8761/eureka/apps/USERMODULE/fedora:UserModule:8082": Connect to http://localhost:8761 failed: Connection refused
2026-07-24T13:59:46.919+05:30 ERROR 20835 --- [UserModule] [DiscoveryClient-HeartbeatExecutor-%d] com.netflix.discovery.DiscoveryClient    : DiscoveryClient_USERMODULE/fedora:UserModule:8082 - was unable to send heartbeat!

com.netflix.discovery.shared.transport.TransportException: Cannot execute request on any known server
	at com.netflix.discovery.shared.transport.decorator.RetryableEurekaHttpClient.execute(RetryableEurekaHttpClient.java:112) ~[eureka-client-2.0.6.jar:2.0.6]
	at com.netflix.discovery.shared.transport.decorator.EurekaHttpClientDecorator.sendHeartBeat(EurekaHttpClientDecorator.java:89) ~[eureka-client-2.0.6.jar:2.0.6]
	at com.netflix.discovery.shared.transport.decorator.EurekaHttpClientDecorator$3.execute(EurekaHttpClientDecorator.java:92) ~[eureka-client-2.0.6.jar:2.0.6]
	at com.netflix.discovery.shared.transport.decorator.SessionedEurekaHttpClient.execute(SessionedEurekaHttpClient.java:76) ~[eureka-client-2.0.6.jar:2.0.6]
	at com.netflix.discovery.shared.transport.decorator.EurekaHttpClientDecorator.sendHeartBeat(EurekaHttpClientDecorator.java:89) ~[eureka-client-2.0.6.jar:2.0.6]
	at com.netflix.discovery.DiscoveryClient.renew(DiscoveryClient.java:860) ~[eureka-client-2.0.6.jar:2.0.6]
	at com.netflix.discovery.DiscoveryClient$HeartbeatThread.run(DiscoveryClient.java:1418) ~[eureka-client-2.0.6.jar:2.0.6]
	at java.base/java.util.concurrent.Executors$RunnableAdapter.call(Executors.java:545) ~[na:na]
	at java.base/java.util.concurrent.FutureTask.run(FutureTask.java:328) ~[na:na]
	at java.base/java.util.concurrent.ThreadPoolExecutor.runWorker(ThreadPoolExecutor.java:1090) ~[na:na]
	at java.base/java.util.concurrent.ThreadPoolExecutor$Worker.run(ThreadPoolExecutor.java:614) ~[na:na]
	at java.base/java.lang.Thread.run(Thread.java:1474) ~[na:na]

2026-07-24T13:59:47.998+05:30  INFO 20835 --- [UserModule] [SpringApplicationShutdownHook] com.netflix.discovery.DiscoveryClient    : Unregistering ...
2026-07-24T13:59:48.010+05:30  INFO 20835 --- [UserModule] [SpringApplicationShutdownHook] c.n.d.s.t.d.RedirectingEurekaHttpClient  : Request execution error. endpoint=DefaultEndpoint{ serviceUrl='http://localhost:8761/eureka/}, exception=I/O error on DELETE request for "http://localhost:8761/eureka/apps/USERMODULE/fedora:UserModule:8082": Connect to http://localhost:8761 failed: Connection refused

org.springframework.web.client.ResourceAccessException: I/O error on DELETE request for "http://localhost:8761/eureka/apps/USERMODULE/fedora:UserModule:8082": Connect to http://localhost:8761 failed: Connection refused
	at org.springframework.web.client.DefaultRestClient$DefaultRequestBodyUriSpec.createResourceAccessException(DefaultRestClient.java:779) ~[spring-web-7.0.8.jar:7.0.8]
	at org.springframework.web.client.DefaultRestClient$DefaultRequestBodyUriSpec.exchangeInternal(DefaultRestClient.java:624) ~[spring-web-7.0.8.jar:7.0.8]
	at org.springframework.web.client.DefaultRestClient$DefaultRequestBodyUriSpec.exchange(DefaultRestClient.java:572) ~[spring-web-7.0.8.jar:7.0.8]
	at org.springframework.web.client.RestClient$RequestHeadersSpec.exchange(RestClient.java:747) ~[spring-web-7.0.8.jar:7.0.8]
	at org.springframework.web.client.DefaultRestClient$DefaultResponseSpec.executeAndExtract(DefaultRestClient.java:924) ~[spring-web-7.0.8.jar:7.0.8]
	at org.springframework.web.client.DefaultRestClient$DefaultResponseSpec.toBodilessEntity(DefaultRestClient.java:888) ~[spring-web-7.0.8.jar:7.0.8]
	at org.springframework.cloud.netflix.eureka.http.RestClientEurekaHttpClient.cancel(RestClientEurekaHttpClient.java:73) ~[spring-cloud-netflix-eureka-client-5.0.2.jar:5.0.2]
	at com.netflix.discovery.shared.transport.decorator.EurekaHttpClientDecorator$2.execute(EurekaHttpClientDecorator.java:74) ~[eureka-client-2.0.6.jar:2.0.6]
	at com.netflix.discovery.shared.transport.decorator.RedirectingEurekaHttpClient.executeOnNewServer(RedirectingEurekaHttpClient.java:120) ~[eureka-client-2.0.6.jar:2.0.6]
	at com.netflix.discovery.shared.transport.decorator.RedirectingEurekaHttpClient.execute(RedirectingEurekaHttpClient.java:79) ~[eureka-client-2.0.6.jar:2.0.6]
	at com.netflix.discovery.shared.transport.decorator.EurekaHttpClientDecorator.cancel(EurekaHttpClientDecorator.java:71) ~[eureka-client-2.0.6.jar:2.0.6]
	at com.netflix.discovery.shared.transport.decorator.EurekaHttpClientDecorator$2.execute(EurekaHttpClientDecorator.java:74) ~[eureka-client-2.0.6.jar:2.0.6]
	at com.netflix.discovery.shared.transport.decorator.RetryableEurekaHttpClient.execute(RetryableEurekaHttpClient.java:120) ~[eureka-client-2.0.6.jar:2.0.6]
	at com.netflix.discovery.shared.transport.decorator.EurekaHttpClientDecorator.cancel(EurekaHttpClientDecorator.java:71) ~[eureka-client-2.0.6.jar:2.0.6]
	at com.netflix.discovery.shared.transport.decorator.EurekaHttpClientDecorator$2.execute(EurekaHttpClientDecorator.java:74) ~[eureka-client-2.0.6.jar:2.0.6]
	at com.netflix.discovery.shared.transport.decorator.SessionedEurekaHttpClient.execute(SessionedEurekaHttpClient.java:76) ~[eureka-client-2.0.6.jar:2.0.6]
	at com.netflix.discovery.shared.transport.decorator.EurekaHttpClientDecorator.cancel(EurekaHttpClientDecorator.java:71) ~[eureka-client-2.0.6.jar:2.0.6]
	at com.netflix.discovery.DiscoveryClient.unregister(DiscoveryClient.java:934) ~[eureka-client-2.0.6.jar:2.0.6]
	at com.netflix.discovery.DiscoveryClient.shutdown(DiscoveryClient.java:915) ~[eureka-client-2.0.6.jar:2.0.6]
	at java.base/jdk.internal.reflect.DirectMethodHandleAccessor.invoke(DirectMethodHandleAccessor.java:104) ~[na:na]
	at java.base/java.lang.reflect.Method.invoke(Method.java:565) ~[na:na]
	at org.springframework.beans.factory.annotation.InitDestroyAnnotationBeanPostProcessor$LifecycleMethod.invoke(InitDestroyAnnotationBeanPostProcessor.java:453) ~[spring-beans-7.0.8.jar:7.0.8]
	at org.springframework.beans.factory.annotation.InitDestroyAnnotationBeanPostProcessor$LifecycleMetadata.invokeDestroyMethods(InitDestroyAnnotationBeanPostProcessor.java:411) ~[spring-beans-7.0.8.jar:7.0.8]
	at org.springframework.beans.factory.annotation.InitDestroyAnnotationBeanPostProcessor.postProcessBeforeDestruction(InitDestroyAnnotationBeanPostProcessor.java:237) ~[spring-beans-7.0.8.jar:7.0.8]
	at org.springframework.beans.factory.support.DisposableBeanAdapter.destroy(DisposableBeanAdapter.java:200) ~[spring-beans-7.0.8.jar:7.0.8]
	at org.springframework.beans.factory.support.DisposableBeanAdapter.run(DisposableBeanAdapter.java:193) ~[spring-beans-7.0.8.jar:7.0.8]
	at org.springframework.cloud.context.scope.GenericScope$BeanLifecycleWrapper.destroy(GenericScope.java:387) ~[spring-cloud-context-5.0.2.jar:5.0.2]
	at org.springframework.cloud.context.scope.GenericScope.destroy(GenericScope.java:134) ~[spring-cloud-context-5.0.2.jar:5.0.2]
	at org.springframework.beans.factory.support.DisposableBeanAdapter.destroy(DisposableBeanAdapter.java:209) ~[spring-beans-7.0.8.jar:7.0.8]
	at org.springframework.beans.factory.support.DefaultSingletonBeanRegistry.destroyBean(DefaultSingletonBeanRegistry.java:795) ~[spring-beans-7.0.8.jar:7.0.8]
	at org.springframework.beans.factory.support.DefaultSingletonBeanRegistry.destroySingleton(DefaultSingletonBeanRegistry.java:745) ~[spring-beans-7.0.8.jar:7.0.8]
	at org.springframework.beans.factory.support.DefaultListableBeanFactory.destroySingleton(DefaultListableBeanFactory.java:1507) ~[spring-beans-7.0.8.jar:7.0.8]
	at org.springframework.beans.factory.support.DefaultSingletonBeanRegistry.destroySingletons(DefaultSingletonBeanRegistry.java:704) ~[spring-beans-7.0.8.jar:7.0.8]
	at org.springframework.beans.factory.support.DefaultListableBeanFactory.destroySingletons(DefaultListableBeanFactory.java:1500) ~[spring-beans-7.0.8.jar:7.0.8]
	at org.springframework.context.support.AbstractApplicationContext.destroyBeans(AbstractApplicationContext.java:1246) ~[spring-context-7.0.8.jar:7.0.8]
	at org.springframework.context.support.AbstractApplicationContext.doClose(AbstractApplicationContext.java:1207) ~[spring-context-7.0.8.jar:7.0.8]
	at org.springframework.boot.web.server.servlet.context.ServletWebServerApplicationContext.doClose(ServletWebServerApplicationContext.java:176) ~[spring-boot-web-server-4.1.0.jar:4.1.0]
	at org.springframework.context.support.AbstractApplicationContext.close(AbstractApplicationContext.java:1153) ~[spring-context-7.0.8.jar:7.0.8]
	at org.springframework.boot.SpringApplicationShutdownHook.closeAndWait(SpringApplicationShutdownHook.java:147) ~[spring-boot-4.1.0.jar:4.1.0]
	at java.base/java.lang.Iterable.forEach(Iterable.java:75) ~[na:na]
	at org.springframework.boot.SpringApplicationShutdownHook.run(SpringApplicationShutdownHook.java:116) ~[spring-boot-4.1.0.jar:4.1.0]
	at java.base/java.lang.Thread.run(Thread.java:1474) ~[na:na]
Caused by: org.apache.hc.client5.http.HttpHostConnectException: Connect to http://localhost:8761 failed: Connection refused
	at java.base/sun.nio.ch.Net.pollConnect(Native Method) ~[na:na]
	at java.base/sun.nio.ch.Net.pollConnectNow(Net.java:639) ~[na:na]
	at java.base/sun.nio.ch.NioSocketImpl.timedFinishConnect(NioSocketImpl.java:543) ~[na:na]
	at java.base/sun.nio.ch.NioSocketImpl.connect(NioSocketImpl.java:594) ~[na:na]
	at java.base/java.net.SocksSocketImpl.connect(SocksSocketImpl.java:284) ~[na:na]
	at java.base/java.net.Socket.connect(Socket.java:659) ~[na:na]
	at org.apache.hc.client5.http.impl.io.DefaultHttpClientConnectionOperator.connect(DefaultHttpClientConnectionOperator.java:219) ~[httpclient5-5.6.1.jar:5.6.1]
	at org.apache.hc.client5.http.impl.io.PoolingHttpClientConnectionManager.connect(PoolingHttpClientConnectionManager.java:547) ~[httpclient5-5.6.1.jar:5.6.1]
	at org.apache.hc.client5.http.impl.classic.InternalExecRuntime.connectEndpoint(InternalExecRuntime.java:164) ~[httpclient5-5.6.1.jar:5.6.1]
	at org.apache.hc.client5.http.impl.classic.InternalExecRuntime.connectEndpoint(InternalExecRuntime.java:174) ~[httpclient5-5.6.1.jar:5.6.1]
	at org.apache.hc.client5.http.impl.classic.ConnectExec.execute(ConnectExec.java:144) ~[httpclient5-5.6.1.jar:5.6.1]
	at org.apache.hc.client5.http.impl.classic.ExecChainElement.execute(ExecChainElement.java:51) ~[httpclient5-5.6.1.jar:5.6.1]
	at org.apache.hc.client5.http.impl.classic.ProtocolExec.execute(ProtocolExec.java:192) ~[httpclient5-5.6.1.jar:5.6.1]
	at org.apache.hc.client5.http.impl.classic.ExecChainElement.execute(ExecChainElement.java:51) ~[httpclient5-5.6.1.jar:5.6.1]
	at org.apache.hc.client5.http.impl.classic.ContentCompressionExec.execute(ContentCompressionExec.java:138) ~[httpclient5-5.6.1.jar:5.6.1]
	at org.apache.hc.client5.http.impl.classic.ExecChainElement.execute(ExecChainElement.java:51) ~[httpclient5-5.6.1.jar:5.6.1]
	at org.apache.hc.client5.http.impl.classic.HttpRequestRetryExec.execute(HttpRequestRetryExec.java:112) ~[httpclient5-5.6.1.jar:5.6.1]
	at org.apache.hc.client5.http.impl.classic.ExecChainElement.execute(ExecChainElement.java:51) ~[httpclient5-5.6.1.jar:5.6.1]
	at org.apache.hc.client5.http.impl.classic.RedirectExec.execute(RedirectExec.java:110) ~[httpclient5-5.6.1.jar:5.6.1]
	at org.apache.hc.client5.http.impl.classic.ExecChainElement.execute(ExecChainElement.java:51) ~[httpclient5-5.6.1.jar:5.6.1]
	at org.apache.hc.client5.http.impl.classic.InternalHttpClient.doExecute(InternalHttpClient.java:185) ~[httpclient5-5.6.1.jar:5.6.1]
	at org.apache.hc.client5.http.impl.classic.CloseableHttpClient.execute(CloseableHttpClient.java:87) ~[httpclient5-5.6.1.jar:5.6.1]
	at org.apache.hc.client5.http.impl.classic.CloseableHttpClient.execute(CloseableHttpClient.java:55) ~[httpclient5-5.6.1.jar:5.6.1]
	at org.apache.hc.client5.http.classic.HttpClient.executeOpen(HttpClient.java:183) ~[httpclient5-5.6.1.jar:5.6.1]
	at org.springframework.http.client.HttpComponentsClientHttpRequest.executeInternal(HttpComponentsClientHttpRequest.java:99) ~[spring-web-7.0.8.jar:7.0.8]
	at org.springframework.http.client.AbstractStreamingClientHttpRequest.executeInternal(AbstractStreamingClientHttpRequest.java:87) ~[spring-web-7.0.8.jar:7.0.8]
	at org.springframework.http.client.AbstractClientHttpRequest.execute(AbstractClientHttpRequest.java:80) ~[spring-web-7.0.8.jar:7.0.8]
	at org.springframework.http.client.AbstractBufferingClientHttpRequest.executeWithRequestAndBody(AbstractBufferingClientHttpRequest.java:89) ~[spring-web-7.0.8.jar:7.0.8]
	at org.springframework.http.client.InterceptingClientHttpRequest$EndOfChainRequestExecution.execute(InterceptingClientHttpRequest.java:102) ~[spring-web-7.0.8.jar:7.0.8]
	at org.springframework.cloud.netflix.eureka.http.RestClientTransportClientFactory.lambda$newClient$2(RestClientTransportClientFactory.java:98) ~[spring-cloud-netflix-eureka-client-5.0.2.jar:5.0.2]
	at org.springframework.http.client.ClientHttpRequestInterceptor.lambda$apply$0(ClientHttpRequestInterceptor.java:89) ~[spring-web-7.0.8.jar:7.0.8]
	at org.springframework.http.client.InterceptingClientHttpRequest.executeInternal(InterceptingClientHttpRequest.java:73) ~[spring-web-7.0.8.jar:7.0.8]
	at org.springframework.http.client.AbstractBufferingClientHttpRequest.executeInternal(AbstractBufferingClientHttpRequest.java:50) ~[spring-web-7.0.8.jar:7.0.8]
	at org.springframework.http.client.AbstractClientHttpRequest.execute(AbstractClientHttpRequest.java:80) ~[spring-web-7.0.8.jar:7.0.8]
	at org.springframework.web.client.DefaultRestClient$DefaultRequestBodyUriSpec.exchangeInternal(DefaultRestClient.java:614) ~[spring-web-7.0.8.jar:7.0.8]
	... 40 common frames omitted

2026-07-24T13:59:48.012+05:30  WARN 20835 --- [UserModule] [SpringApplicationShutdownHook] c.n.d.s.t.d.RetryableEurekaHttpClient    : Request execution failed with message: I/O error on DELETE request for "http://localhost:8761/eureka/apps/USERMODULE/fedora:UserModule:8082": Connect to http://localhost:8761 failed: Connection refused
2026-07-24T13:59:48.013+05:30 ERROR 20835 --- [UserModule] [SpringApplicationShutdownHook] com.netflix.discovery.DiscoveryClient    : DiscoveryClient_USERMODULE/fedora:UserModule:8082 - de-registration failedCannot execute request on any known server

com.netflix.discovery.shared.transport.TransportException: Cannot execute request on any known server
	at com.netflix.discovery.shared.transport.decorator.RetryableEurekaHttpClient.execute(RetryableEurekaHttpClient.java:112) ~[eureka-client-2.0.6.jar:2.0.6]
	at com.netflix.discovery.shared.transport.decorator.EurekaHttpClientDecorator.cancel(EurekaHttpClientDecorator.java:71) ~[eureka-client-2.0.6.jar:2.0.6]
	at com.netflix.discovery.shared.transport.decorator.EurekaHttpClientDecorator$2.execute(EurekaHttpClientDecorator.java:74) ~[eureka-client-2.0.6.jar:2.0.6]
	at com.netflix.discovery.shared.transport.decorator.SessionedEurekaHttpClient.execute(SessionedEurekaHttpClient.java:76) ~[eureka-client-2.0.6.jar:2.0.6]
	at com.netflix.discovery.shared.transport.decorator.EurekaHttpClientDecorator.cancel(EurekaHttpClientDecorator.java:71) ~[eureka-client-2.0.6.jar:2.0.6]
	at com.netflix.discovery.DiscoveryClient.unregister(DiscoveryClient.java:934) ~[eureka-client-2.0.6.jar:2.0.6]
	at com.netflix.discovery.DiscoveryClient.shutdown(DiscoveryClient.java:915) ~[eureka-client-2.0.6.jar:2.0.6]
	at java.base/jdk.internal.reflect.DirectMethodHandleAccessor.invoke(DirectMethodHandleAccessor.java:104) ~[na:na]
	at java.base/java.lang.reflect.Method.invoke(Method.java:565) ~[na:na]
	at org.springframework.beans.factory.annotation.InitDestroyAnnotationBeanPostProcessor$LifecycleMethod.invoke(InitDestroyAnnotationBeanPostProcessor.java:453) ~[spring-beans-7.0.8.jar:7.0.8]
	at org.springframework.beans.factory.annotation.InitDestroyAnnotationBeanPostProcessor$LifecycleMetadata.invokeDestroyMethods(InitDestroyAnnotationBeanPostProcessor.java:411) ~[spring-beans-7.0.8.jar:7.0.8]
	at org.springframework.beans.factory.annotation.InitDestroyAnnotationBeanPostProcessor.postProcessBeforeDestruction(InitDestroyAnnotationBeanPostProcessor.java:237) ~[spring-beans-7.0.8.jar:7.0.8]
	at org.springframework.beans.factory.support.DisposableBeanAdapter.destroy(DisposableBeanAdapter.java:200) ~[spring-beans-7.0.8.jar:7.0.8]
	at org.springframework.beans.factory.support.DisposableBeanAdapter.run(DisposableBeanAdapter.java:193) ~[spring-beans-7.0.8.jar:7.0.8]
	at org.springframework.cloud.context.scope.GenericScope$BeanLifecycleWrapper.destroy(GenericScope.java:387) ~[spring-cloud-context-5.0.2.jar:5.0.2]
	at org.springframework.cloud.context.scope.GenericScope.destroy(GenericScope.java:134) ~[spring-cloud-context-5.0.2.jar:5.0.2]
	at org.springframework.beans.factory.support.DisposableBeanAdapter.destroy(DisposableBeanAdapter.java:209) ~[spring-beans-7.0.8.jar:7.0.8]
	at org.springframework.beans.factory.support.DefaultSingletonBeanRegistry.destroyBean(DefaultSingletonBeanRegistry.java:795) ~[spring-beans-7.0.8.jar:7.0.8]
	at org.springframework.beans.factory.support.DefaultSingletonBeanRegistry.destroySingleton(DefaultSingletonBeanRegistry.java:745) ~[spring-beans-7.0.8.jar:7.0.8]
	at org.springframework.beans.factory.support.DefaultListableBeanFactory.destroySingleton(DefaultListableBeanFactory.java:1507) ~[spring-beans-7.0.8.jar:7.0.8]
	at org.springframework.beans.factory.support.DefaultSingletonBeanRegistry.destroySingletons(DefaultSingletonBeanRegistry.java:704) ~[spring-beans-7.0.8.jar:7.0.8]
	at org.springframework.beans.factory.support.DefaultListableBeanFactory.destroySingletons(DefaultListableBeanFactory.java:1500) ~[spring-beans-7.0.8.jar:7.0.8]
	at org.springframework.context.support.AbstractApplicationContext.destroyBeans(AbstractApplicationContext.java:1246) ~[spring-context-7.0.8.jar:7.0.8]
	at org.springframework.context.support.AbstractApplicationContext.doClose(AbstractApplicationContext.java:1207) ~[spring-context-7.0.8.jar:7.0.8]
	at org.springframework.boot.web.server.servlet.context.ServletWebServerApplicationContext.doClose(ServletWebServerApplicationContext.java:176) ~[spring-boot-web-server-4.1.0.jar:4.1.0]
	at org.springframework.context.support.AbstractApplicationContext.close(AbstractApplicationContext.java:1153) ~[spring-context-7.0.8.jar:7.0.8]
	at org.springframework.boot.SpringApplicationShutdownHook.closeAndWait(SpringApplicationShutdownHook.java:147) ~[spring-boot-4.1.0.jar:4.1.0]
	at java.base/java.lang.Iterable.forEach(Iterable.java:75) ~[na:na]
	at org.springframework.boot.SpringApplicationShutdownHook.run(SpringApplicationShutdownHook.java:116) ~[spring-boot-4.1.0.jar:4.1.0]
	at java.base/java.lang.Thread.run(Thread.java:1474) ~[na:na]

2026-07-24T13:59:48.014+05:30  INFO 20835 --- [UserModule] [SpringApplicationShutdownHook] com.netflix.discovery.DiscoveryClient    : Completed shut down of DiscoveryClient
